LGA_CODE_2016,Canada_Before_1946,Canada_1946_1955,Canada_1956_1965,Canada_1966_1975,Canada_1976_1985,Canada_1986_1995,Canada_1996_2005,Canada_2006_2010,Canada_2011,Canada_2012,Canada_2013,Canada_2014,Canada_2015,Canada_2016,Canada_Yr_arrival_NS,Canada_Tot,China_exc_SARs_Taiw_Bef_1946,China_exc_SARs_Taiwan_46_55,China_exc_SARs_Taiwan_56_65,China_exc_SARs_Taiwan_66_75,China_exc_SARs_Taiwan_76_85,China_exc_SARs_Taiwan_86_95,China_exc_SARs_Taiwan_96_05,China_exc_SARs_Taiwan_06_10,China_exc_SARs_Taiwan_2011,China_exc_SARs_Taiwan_2012,China_exc_SARs_Taiwan_2013,China_exc_SARs_Taiwan_2014,China_exc_SARs_Taiwan_2015,China_exc_SARs_Taiwan_2016,China_exc_SARs_Tawan_arr_ns,China_exc_SARs_Taiwan_Tot,Croatia_Before_1946,Croatia_1946_1955,Croatia_1956_1965,Croatia_1966_1975,Croatia_1976_1985,Croatia_1986_1995,Croatia_1996_2005,Croatia_2006_2010,Croatia_2011,Croatia_2012,Croatia_2013,Croatia_2014,Croatia_2015,Croatia_2016,Croatia_Yr_arrival_NS,Croatia_Tot,Egypt_Before_1946,Egypt_1946_1955,Egypt_1956_1965,Egypt_1966_1975,Egypt_1976_1985,Egypt_1986_1995,Egypt_1996_2005,Egypt_2006_2010,Egypt_2011,Egypt_2012,Egypt_2013,Egypt_2014,Egypt_2015,Egypt_2016,Egypt_Yr_arrival_NS,Egypt_Tot,Fiji_Before_1946,Fiji_1946_1955,Fiji_1956_1965,Fiji_1966_1975,Fiji_1976_1985,Fiji_1986_1995,Fiji_1996_2005,Fiji_2006_2010,Fiji_2011,Fiji_2012,Fiji_2013,Fiji_2014,Fiji_2015,Fiji_2016,Fiji_Yr_arrival_NS,Fiji_Tot,Germany_Before_1946,Germany_1946_1955,Germany_1956_1965,Germany_1966_1975,Germany_1976_1985,Germany_1986_1995,Germany_1996_2005,Germany_2006_2010,Germany_2011,Germany_2012,Germany_2013,Germany_2014,Germany_2015,Germany_2016,Germany_Yr_arrival_NS,Germany_Tot,Greece_Before_1946,Greece_1946_1955,Greece_1956_1965,Greece_1966_1975,Greece_1976_1985,Greece_1986_1995,Greece_1996_2005,Greece_2006_2010,Greece_2011,Greece_2012,Greece_2013,Greece_2014,Greece_2015,Greece_2016,Greece_Yr_arrival_NS,Greece_Tot,Hng_Kng_SAR_China_Bfre_1946,Hng_Kng_SAR_China_1946_1955,Hng_Kng_SAR_China_1956_1965,Hng_Kng_SAR_China_1966_1975,Hng_Kng_SAR_China_1976_1985,Hng_Kng_SAR_China_1986_1995,Hng_Kng_SAR_China_1996_2005,Hng_Kng_SAR_China_2006_2010,Hong_Kong_SAR_China_2011,Hong_Kong_SAR_China_2012,Hong_Kong_SAR_China_2013,Hong_Kong_SAR_China_2014,Hong_Kong_SAR_China_2015,Hong_Kong_SAR_China_2016,Hng_Kng_SAR_Chna_arrival_ns,Hong_Kong_SAR_China_Tot,India_Before_1946,India_1946_1955,India_1956_1965,India_1966_1975,India_1976_1985,India_1986_1995,India_1996_2005,India_2006_2010,India_2011,India_2012,India_2013,India_2014,India_2015,India_2016,India_Yr_arrival_NS,India_Tot,Indonesia_Before_1946,Indonesia_1946_1955,Indonesia_1956_1965,Indonesia_1966_1975,Indonesia_1976_1985,Indonesia_1986_1995,Indonesia_1996_2005,Indonesia_2006_2010,Indonesia_2011,Indonesia_2012,Indonesia_2013,Indonesia_2014,Indonesia_2015,Indonesia_2016,Indonesia_Yr_arrival_ns,Indonesia_Tot,Iran_Before_1946,Iran_1946_1955,Iran_1956_1965,Iran_1966_1975,Iran_1976_1985,Iran_1986_1995,Iran_1996_2005,Iran_2006_2010,Iran_2011,Iran_2012,Iran_2013,Iran_2014,Iran_2015,Iran_2016,Iran_Yr_arrival_NS,Iran_Tot,Iraq_Before_1946,Iraq_1946_1955,Iraq_1956_1965,Iraq_1966_1975,Iraq_1976_1985,Iraq_1986_1995,Iraq_1996_2005,Iraq_2006_2010,Iraq_2011,Iraq_2012,Iraq_2013,Iraq_2014,Iraq_2015,Iraq_2016,Iraq_Yr_arrival_NS,Iraq_Tot,Ireland_Before_1946,Ireland_1946_1955,Ireland_1956_1965,Ireland_1966_1975,Ireland_1976_1985,Ireland_1986_1995,Ireland_1996_2005,Ireland_2006_2010
LGA30250,0,0,0,0,0,0,0,0,0,0,0,0,0,0,0,0,0,0,0,0,0,0,0,0,0,0,0,0,0,0,0,0,0,0,0,0,0,0,0,0,0,0,0,0,0,0,0,0,0,0,0,0,0,0,0,0,0,0,0,0,0,0,0,0,0,0,0,0,0,5,0,0,0,0,0,0,0,0,0,6,0,0,0,0,0,0,0,0,0,0,0,0,0,0,0,0,0,0,0,0,0,0,0,0,0,0,0,0,0,0,0,0,0,0,0,0,0,0,0,0,0,0,0,0,0,0,0,0,0,0,0,0,0,0,0,0,0,0,0,0,0,0,0,0,0,0,0,0,0,0,0,0,0,0,0,0,0,0,0,0,0,0,0,0,0,0,0,0,0,0,0,0,0,0,0,0,0,0,0,0,0,0,0,0,0,0,0,0,0,0,0,0,0,0,0,0,0,0,0,0
LGA30300,0,0,0,0,0,0,0,0,0,0,0,0,0,0,0,0,0,0,0,0,0,0,0,0,0,0,0,0,0,0,0,4,0,0,0,0,0,0,0,0,0,0,0,0,0,0,0,0,0,0,0,0,0,0,0,0,0,0,0,0,0,0,0,0,0,0,0,0,0,0,0,0,0,0,0,0,0,0,0,0,0,3,0,0,0,3,0,3,0,0,0,0,0,0,0,6,0,0,0,0,0,0,0,0,0,0,0,0,0,0,0,0,0,0,0,0,0,0,0,0,0,0,0,0,0,0,0,4,0,0,0,0,0,0,0,0,0,0,3,0,0,0,0,9,0,0,0,0,0,0,0,0,0,0,0,0,3,0,0,3,0,0,0,0,0,0,0,0,0,0,0,0,0,0,0,3,0,0,0,0,0,0,0,0,0,0,0,0,0,0,0,0,0,0,0,0,0,0,0,3
LGA30370,0,0,0,0,0,4,3,5,3,0,0,0,4,0,0,19,3,0,0,0,0,0,3,4,0,0,0,0,25,13,4,42,0,0,3,0,0,0,0,0,0,0,0,0,0,0,0,5,0,0,0,0,0,0,0,0,0,0,0,0,0,0,0,0,0,0,0,0,0,0,0,5,0,3,3,0,0,0,0,15,0,0,3,0,0,0,0,0,0,0,0,0,0,0,0,15,0,0,0,0,0,0,0,0,0,0,0,0,0,0,0,0,0,0,0,0,0,0,0,0,0,0,0,0,3,0,0,5,0,0,0,0,0,0,0,22,4,0,0,8,0,8,0,38,0,0,0,0,0,0,0,0,0,3,0,0,0,0,0,3,0,0,0,0,0,0,0,0,0,0,0,0,0,3,0,3,0,0,0,0,0,0,0,0,0,0,0,0,0,0,0,0,0,0,0,0,0,0,0,3
LGA30410,0,0,0,0,0,0,0,0,0,0,0,0,0,0,0,3,0,0,0,0,0,0,0,0,0,0,0,0,0,0,0,0,0,0,0,0,0,0,0,0,0,0,0,0,0,0,0,0,0,0,0,0,0,0,0,0,0,0,0,0,0,0,0,0,0,0,0,0,0,0,0,0,0,0,0,0,0,0,0,0,0,0,3,0,0,0,0,0,0,0,0,0,0,0,0,7,0,0,0,0,0,0,0,0,0,0,0,0,0,0,0,0,0,0,0,0,0,0,0,0,0,0,0,0,0,0,0,0,0,0,0,0,0,0,3,0,0,0,0,0,0,0,0,3,0,0,0,0,0,0,0,0,0,0,0,0,0,0,0,0,0,0,0,0,0,0,0,0,0,0,0,0,0,0,0,0,0,0,0,0,0,0,0,0,0,0,0,0,0,0,0,0,0,0,0,0,0,0,0,0
LGA30450,0,0,0,0,0,0,0,0,0,0,0,0,0,0,0,0,0,0,0,0,0,0,0,0,0,0,0,0,0,0,0,0,0,0,0,0,0,0,0,0,0,0,0,0,0,0,0,0,0,0,0,0,0,0,0,0,0,0,0,0,0,0,0,0,0,0,0,0,0,0,0,0,0,0,0,0,0,0,0,0,0,0,0,0,0,0,0,0,0,0,0,0,0,0,0,0,0,0,0,0,0,0,0,0,0,0,0,0,0,0,0,0,0,0,0,0,0,0,0,0,0,0,0,0,0,0,0,0,0,0,0,0,0,0,0,0,0,0,0,0,0,0,0,0,0,0,0,0,0,0,0,0,0,0,0,0,0,0,0,0,0,0,0,0,0,0,0,0,0,0,0,0,0,0,0,0,0,0,0,0,0,0,0,0,0,0,0,0,0,0,0,0,0,0,0,0,0,0,0,0
LGA30760,0,0,0,0,0,0,0,0,0,0,0,0,0,0,0,0,0,0,0,0,0,0,0,0,0,0,0,0,0,0,0,0,0,0,0,0,0,0,0,0,0,0,0,0,0,0,0,0,0,0,0,0,0,0,0,0,0,0,0,0,0,0,0,0,0,0,0,0,0,3,0,0,0,0,3,0,0,0,0,5,0,0,0,0,0,0,0,0,0,0,0,0,0,0,0,0,0,0,0,0,0,0,0,0,0,0,0,0,0,0,0,0,0,0,0,0,0,0,0,0,0,0,0,0,0,0,0,0,0,0,0,0,0,0,0,6,0,0,0,0,0,0,0,5,0,0,0,0,0,0,0,0,0,0,0,0,0,0,0,0,0,0,0,0,0,0,0,0,0,0,0,0,0,0,0,0,0,0,0,0,0,0,0,0,0,0,0,0,0,0,0,0,0,0,0,0,0,0,0,0
LGA30900,0,0,0,0,0,0,0,0,0,0,0,0,0,0,0,0,0,0,0,0,0,0,0,0,0,0,0,0,0,0,0,0,0,0,0,0,0,0,0,0,0,0,0,0,0,0,0,0,0,0,0,0,0,0,0,0,0,0,0,0,0,0,0,0,0,0,0,0,0,0,0,0,0,0,0,0,0,0,0,0,0,0,0,0,0,0,0,0,0,0,0,0,0,0,0,0,0,0,0,0,0,0,0,0,0,0,0,0,0,0,0,0,0,0,0,0,0,0,0,0,0,0,0,0,0,0,0,0,0,0,0,0,0,0,0,0,0,0,0,0,0,0,0,0,0,0,0,0,0,0,0,0,0,0,0,0,0,0,0,0,0,0,0,0,0,0,0,0,0,0,0,0,0,0,0,0,0,0,0,0,0,0,0,0,0,0,0,0,0,0,0,0,0,0,0,0,0,0,0,0
LGA31000,6,21,70,294,325,405,610,578,175,166,157,218,219,121,86,3445,25,128,289,174,473,2253,5313,7552,1608,1836,2340,2917,3404,2331,1471,32113,0,20,151,315,46,129,212,20,7,3,11,3,4,0,36,973,0,50,91,65,23,82,132,109,19,40,46,33,33,43,29,805,4,15,58,209,499,1762,1296,667,123,111,112,93,80,64,113,5209,9,995,391,364,438,380,606,595,109,106,92,95,139,90,146,4552,33,349,647,332,82,60,64,31,16,39,17,14,16,3,107,1804,13,24,62,215,613,1931,1385,789,183,276,299,333,380,231,203,6931,9,101,108,569,435,1171,3198,10026,1184,1351,1977,2694,2447,1598,816,27666,4,69,111,110,195,381,837,509,122,114,146,140,316,221,75,3359,0,15,11,23,135,272,453,921,487,517,589,207,201,108,103,4037,0,0,3,10,20,65,278,307,92,53,88,101,28,127,29,1204,13,101,152,359,332,586,578,1004
LGA31750,0,0,0,0,0,0,0,0,0,0,0,0,0,0,0,0,0,0,0,0,0,0,0,0,0,0,0,0,0,0,0,0,0,0,0,0,0,0,0,0,0,0,0,0,0,0,0,0,0,0,0,0,0,0,0,0,0,0,0,0,0,0,0,0,0,0,0,0,0,0,0,0,0,0,0,0,0,0,0,0,0,0,0,0,0,0,0,0,0,0,0,0,0,0,0,0,0,0,0,0,0,0,0,0,0,0,0,0,0,0,0,0,0,0,0,0,0,0,0,0,0,0,0,0,0,0,0,0,0,0,0,0,0,0,0,0,0,0,0,0,0,0,0,0,0,0,0,0,0,0,0,0,0,0,0,0,0,0,0,0,0,0,0,0,0,0,0,0,0,0,0,0,0,0,0,0,0,0,0,0,0,0,0,0,0,0,0,0,0,0,0,0,0,0,0,0,4,0,0,0
LGA31820,0,4,6,23,8,15,19,22,0,11,9,4,3,0,8,136,0,8,6,0,0,8,13,24,7,9,9,13,8,12,12,126,0,0,16,18,3,0,0,0,0,0,0,0,0,0,0,43,0,0,3,3,0,0,3,3,0,0,3,0,0,0,0,19,0,3,4,7,7,16,23,22,4,3,6,0,5,0,6,103,0,101,91,66,43,30,21,25,3,0,3,6,3,3,9,409,0,3,4,3,0,0,0,0,0,0,0,0,0,0,0,11,0,0,0,10,0,5,9,4,0,9,4,7,18,16,11,83,0,13,4,11,5,3,24,102,17,15,33,17,21,13,4,284,3,8,8,7,0,5,9,7,0,3,3,0,0,0,3,63,0,0,0,3,0,0,0,9,0,7,0,0,0,0,0,16,0,0,0,3,0,3,0,0,0,0,0,3,9,0,0,17,0,10,14,32,14,9,12,10
LGA31900,0,0,0,3,0,0,0,0,0,0,0,0,0,0,0,8,0,0,0,0,0,0,0,0,0,0,0,0,0,0,0,11,0,0,3,0,0,0,0,0,0,0,0,0,0,0,0,4,0,0,0,0,0,0,0,0,0,0,0,0,0,0,0,0,0,0,0,3,3,3,0,0,0,0,0,0,0,0,0,13,0,20,3,0,3,0,0,3,3,0,0,4,0,0,0,43,0,3,11,0,0,0,0,0,0,0,0,0,0,0,0,20,0,0,0,0,0,0,3,0,0,0,0,0,0,0,9,18,0,0,0,0,0,0,6,15,0,3,3,0,7,3,0,28,0,0,0,0,0,0,3,0,0,0,0,0,0,0,0,4,0,0,0,0,0,0,0,0,0,0,0,0,0,0,3,3,0,0,0,0,0,0,0,0,0,0,0,0,0,0,0,0,0,3,0,0,0,0,0,0
LGA31950,0,0,0,0,0,0,0,0,0,0,0,0,0,0,0,0,0,0,0,0,0,0,0,0,0,0,0,0,0,0,0,0,0,0,0,0,0,0,0,0,0,0,0,0,0,0,0,0,0,0,0,0,0,0,0,0,0,0,0,0,0,0,0,0,0,0,0,0,0,0,0,0,0,0,0,0,0,0,0,0,0,0,0,0,0,0,0,0,0,0,0,0,0,0,0,0,0,0,0,0,0,0,0,0,0,0,0,0,0,0,0,0,0,0,0,0,0,0,0,0,0,0,0,0,0,0,0,0,0,0,0,0,0,0,0,0,0,0,0,0,0,0,0,0,0,0,0,0,0,0,0,0,0,0,0,0,0,0,0,0,0,0,0,0,0,0,0,0,0,0,0,0,0,0,0,0,0,0,0,0,0,0,0,0,0,0,0,0,0,0,0,0,0,0,0,0,0,0,0,0
LGA32080,0,6,11,68,50,58,93,95,15,18,29,19,14,22,11,522,4,4,9,4,16,63,130,210,52,62,50,53,60,24,43,789,0,3,49,37,6,7,3,3,0,0,0,0,0,0,5,113,0,3,11,4,5,7,13,7,0,0,0,3,4,0,0,60,3,0,11,22,33,30,56,61,3,0,13,0,16,0,4,246,0,140,132,112,109,112,158,146,17,12,6,17,22,10,29,1024,0,10,16,14,7,0,3,0,0,0,0,0,0,0,0,58,0,5,10,10,30,37,40,24,15,4,15,10,6,3,5,223,0,9,22,33,26,75,99,565,58,72,86,119,93,59,58,1374,4,9,17,29,33,29,62,47,9,13,7,4,15,15,6,315,0,0,0,3,7,19,8,9,3,9,0,3,4,0,0,66,0,0,0,0,0,0,0,3,0,0,7,4,0,0,0,21,0,8,23,51,23,68,51,50
LGA32250,0,0,0,0,0,0,0,0,0,0,0,0,0,0,0,3,0,0,0,0,0,0,0,0,0,0,0,0,0,0,0,0,0,0,0,0,0,0,0,0,0,0,0,0,0,0,0,0,0,0,0,0,0,0,0,0,0,0,0,0,0,0,0,0,0,0,0,0,0,0,0,0,0,0,0,0,0,0,0,0,0,4,3,0,0,0,0,0,0,0,0,0,0,0,0,8,0,0,0,0,0,0,0,0,0,0,0,0,0,0,0,0,0,0,0,0,0,0,0,0,0,0,0,3,0,0,0,3,0,0,0,0,0,0,0,5,0,0,0,0,0,0,0,10,0,0,0,0,0,0,0,0,0,0,0,0,0,0,3,4,0,0,0,0,0,0,0,0,0,0,0,0,0,0,0,0,0,0,0,0,0,0,0,0,0,0,0,0,0,0,0,0,0,0,0,0,0,3,0,0
LGA32260,0,0,0,6,3,7,7,3,0,3,0,0,0,0,0,37,0,3,0,0,0,0,3,7,0,0,4,0,0,0,4,35,0,3,10,0,0,0,0,0,0,0,0,0,0,0,0,19,0,0,0,0,0,0,0,0,0,0,0,0,0,0,0,3,0,0,0,4,3,4,8,9,0,0,0,0,0,0,0,34,0,20,26,15,9,9,4,8,0,3,0,4,4,3,7,101,0,5,14,0,0,0,0,0,0,0,0,0,0,0,3,22,0,0,0,0,3,0,0,0,0,0,0,0,3,0,3,12,0,0,4,7,13,28,30,268,13,27,45,60,59,23,28,597,0,4,4,0,0,0,3,0,0,0,0,0,0,0,3,19,0,0,0,0,0,0,0,0,0,0,0,0,0,0,0,0,0,0,0,0,0,0,0,0,0,0,0,0,0,0,0,0,0,0,7,9,0,3,0,8
LGA32270,0,0,0,3,3,4,5,5,0,0,0,0,0,3,3,39,0,0,0,0,3,0,8,10,0,0,3,16,0,0,7,51,0,0,0,3,0,0,0,0,0,0,0,0,0,0,0,5,0,0,0,0,0,0,0,0,0,0,0,0,0,0,0,0,0,0,0,3,0,7,15,7,4,6,0,0,0,0,0,30,0,11,13,5,3,3,3,4,0,0,0,0,3,0,3,52,0,0,0,3,0,0,0,0,0,0,0,0,0,0,0,4,0,0,0,0,0,0,0,0,0,3,0,3,0,0,4,11,0,0,0,0,0,0,13,64,7,8,9,11,4,3,4,128,0,3,0,0,0,0,4,9,0,0,0,3,0,0,4,25,0,0,0,0,0,0,0,0,0,0,0,0,0,0,0,0,0,0,0,0,0,0,0,0,0,0,0,0,0,0,0,0,0,0,0,5,0,3,0,7
LGA32310,0,0,0,0,3,4,3,3,0,0,0,0,0,0,3,15,0,0,0,0,0,0,0,0,0,0,0,0,0,0,0,0,0,0,0,0,0,0,0,0,0,0,0,0,0,0,0,0,0,0,0,0,0,0,0,0,0,0,0,0,0,0,0,0,0,0,0,0,0,0,0,0,0,0,0,0,0,0,0,3,0,3,5,4,4,0,0,0,0,0,0,0,0,0,3,24,0,0,0,0,0,0,0,0,0,0,0,0,0,0,0,0,0,0,0,0,0,0,0,0,0,0,0,0,0,0,0,0,0,0,0,0,0,0,0,3,3,0,0,0,0,0,0,10,0,0,0,0,0,0,0,0,0,0,0,0,0,0,0,5,0,0,0,0,0,0,0,0,0,0,0,4,0,0,0,4,0,0,0,0,0,0,0,0,0,0,0,0,0,0,0,0,0,0,0,0,0,0,0,0
LGA32330,0,0,0,0,0,0,0,0,0,0,0,0,0,0,0,0,0,0,0,0,0,0,0,0,0,0,0,0,0,0,0,0,0,0,0,0,0,0,0,0,0,0,0,0,0,0,0,0,0,0,0,0,0,0,0,0,0,0,0,0,0,0,0,0,0,0,0,0,0,0,0,0,0,0,0,0,0,0,0,0,0,0,0,0,0,0,0,0,0,0,0,0,0,0,0,0,0,0,0,0,0,0,0,0,0,0,0,0,0,0,0,0,0,0,0,0,0,0,0,0,0,0,0,0,0,0,0,0,0,0,0,0,0,0,0,0,0,0,0,0,0,0,0,0,0,0,0,0,0,0,0,0,0,0,0,0,0,0,0,0,0,0,0,0,0,0,0,0,0,0,0,0,0,0,0,0,0,0,0,0,0,0,0,0,0,0,0,0,0,0,0,0,0,0,0,0,0,0,0,0
LGA32450,0,0,0,0,0,0,0,0,0,0,0,0,0,0,0,0,0,0,0,0,0,0,0,5,0,0,0,0,3,0,0,12,0,0,0,0,0,0,0,0,0,0,0,0,0,0,0,0,0,0,0,0,0,0,0,0,0,0,0,0,0,0,0,0,0,0,0,0,0,0,0,0,0,0,0,0,0,0,0,0,0,0,0,0,0,3,0,4,0,0,0,0,0,0,0,9,0,0,0,0,0,0,0,0,0,0,0,0,0,0,0,0,0,0,0,0,0,0,0,0,0,0,0,0,0,0,0,0,0,0,0,0,0,0,0,9,0,0,3,0,0,0,0,13,0,0,0,0,0,0,0,0,0,0,0,0,0,0,0,0,0,0,0,0,0,0,0,0,0,0,0,0,0,0,0,0,0,0,0,0,0,0,0,0,0,0,0,0,0,0,0,0,0,0,0,0,0,0,0,3
LGA32500,0,0,0,0,0,0,0,0,0,0,0,0,0,0,0,3,0,0,0,0,0,0,0,3,0,0,0,0,0,0,0,0,0,0,0,0,0,0,0,0,0,0,0,0,0,0,0,0,0,0,0,0,0,0,0,0,0,0,0,0,0,0,0,0,0,0,0,0,0,0,0,3,0,0,0,0,0,0,0,3,0,10,3,0,0,3,6,0,0,0,0,0,0,3,5,35,0,0,0,0,0,0,0,0,0,0,0,0,0,0,0,0,0,0,0,0,0,0,0,0,0,0,0,0,0,0,0,0,0,0,0,0,0,0,0,8,0,0,0,0,0,0,0,8,0,0,0,0,0,0,3,5,0,0,0,0,0,0,0,5,0,0,0,0,0,0,0,0,0,0,0,0,0,0,0,0,0,0,0,0,0,0,0,0,0,0,0,0,0,0,0,0,0,0,0,0,0,0,0,0
LGA32600,0,0,0,0,0,0,0,0,0,0,0,0,0,0,0,0,0,0,0,0,0,0,0,0,0,0,0,0,0,0,0,0,0,0,0,0,0,0,0,0,0,0,0,0,0,0,0,0,0,0,0,0,0,0,0,0,0,0,0,0,0,0,0,0,0,0,0,0,0,0,0,0,0,0,0,0,0,0,0,0,0,0,0,0,0,0,0,0,0,0,0,0,0,0,0,0,0,0,0,0,0,0,0,0,0,0,0,0,0,0,0,0,0,0,0,0,0,0,0,0,0,0,0,0,0,0,0,0,0,0,0,0,0,0,0,0,0,0,0,0,0,0,0,0,0,0,0,0,0,0,0,0,0,0,0,0,0,0,0,0,0,0,0,0,0,0,0,0,0,0,0,0,0,0,0,0,0,0,0,0,0,0,0,0,0,0,0,0,0,0,0,0,0,0,0,0,0,0,0,0
LGA32750,0,0,0,0,0,0,0,0,0,0,0,0,0,0,0,0,0,0,0,0,0,0,0,0,0,0,0,0,0,0,0,0,0,0,0,0,0,0,0,0,0,0,0,0,0,0,0,0,0,0,0,0,0,0,0,0,0,0,0,0,0,0,0,0,0,0,0,0,0,0,0,0,0,0,0,0,0,0,0,0,0,0,0,0,0,0,0,0,0,0,0,0,0,0,0,0,0,0,0,0,0,0,0,0,0,0,0,0,0,0,0,0,0,0,0,0,0,0,0,0,0,0,0,0,0,0,0,0,0,0,0,0,0,0,0,0,0,0,0,0,0,0,0,0,0,0,0,0,0,0,0,0,0,0,0,0,0,0,0,0,0,0,0,0,0,0,0,0,0,0,0,0,0,0,0,0,0,0,0,0,0,0,0,0,0,0,0,0,0,0,0,0,0,0,0,0,0,0,0,0
LGA32770,0,0,0,0,0,0,0,0,0,0,0,0,0,0,0,0,0,0,0,0,0,0,0,0,0,0,0,0,0,0,0,0,0,0,0,0,0,0,0,0,0,0,0,0,0,0,0,0,0,0,0,0,0,0,0,0,0,0,0,0,0,0,0,0,0,0,0,0,0,0,0,0,0,0,0,0,0,0,0,7,0,0,0,0,0,0,0,0,0,0,0,0,0,0,0,0,0,0,0,0,0,0,0,0,0,0,0,0,0,0,0,0,0,0,0,0,0,0,0,0,0,0,0,0,0,0,0,0,0,0,0,0,0,0,0,6,0,0,0,0,0,0,0,8,0,0,0,0,0,0,0,0,0,0,0,0,0,0,0,0,0,0,0,0,0,0,0,0,0,0,0,0,0,0,0,0,0,0,0,0,0,0,0,0,0,0,0,0,0,0,0,0,0,0,0,0,0,0,0,0
LGA32810,0,0,3,13,0,0,13,4,5,3,0,0,3,0,4,44,3,0,0,0,3,0,3,4,3,0,0,4,3,0,0,21,0,0,3,0,0,0,0,3,0,0,0,0,0,0,0,8,0,0,0,0,0,0,0,0,0,0,0,0,0,0,0,8,0,0,0,0,0,0,0,0,0,0,0,0,0,0,0,10,0,10,18,10,15,18,31,11,5,0,0,3,4,3,6,132,0,0,3,0,0,0,0,0,0,0,0,0,0,0,0,5,0,0,0,0,3,3,5,3,0,0,0,0,0,0,3,21,0,0,0,3,0,0,0,9,3,5,3,0,0,3,0,29,0,0,0,0,0,0,0,0,0,0,0,0,0,0,3,8,0,0,0,3,0,0,0,0,0,0,0,0,0,0,0,3,0,0,0,0,0,0,0,0,0,0,0,0,0,0,0,0,0,0,3,3,4,5,7,13
LGA33100,0,0,0,0,0,0,0,0,0,0,0,0,0,0,0,0,0,0,0,0,0,0,0,0,0,0,0,0,0,0,0,0,0,0,0,0,0,0,0,0,0,0,0,0,0,0,0,0,0,0,0,0,0,0,0,0,0,0,0,0,0,0,0,0,0,0,0,0,0,0,0,0,0,0,0,0,0,0,0,0,0,0,0,0,0,0,0,0,0,0,0,0,0,0,0,0,0,0,0,0,0,0,0,0,0,0,0,0,0,0,0,0,0,0,0,0,0,0,0,0,0,0,0,0,0,0,0,0,0,0,0,0,0,0,0,0,0,0,0,0,0,0,0,0,0,0,0,0,0,0,0,0,0,0,0,0,0,0,0,0,0,0,0,0,0,0,0,0,0,4,0,0,0,0,0,4,0,0,0,0,0,0,0,0,0,0,0,0,0,0,0,0,0,0,0,0,0,0,0,0
LGA33200,0,0,0,0,0,0,0,0,0,0,0,0,0,0,0,0,0,0,0,0,0,0,0,0,0,0,0,0,0,0,0,0,0,0,0,0,0,0,0,0,0,0,0,0,0,0,0,0,0,0,0,0,0,0,0,0,0,0,0,0,0,0,0,0,0,0,0,0,0,0,0,0,0,0,0,0,0,0,0,0,0,0,0,0,0,0,0,0,0,0,0,0,0,0,0,3,0,0,0,0,0,0,0,0,0,0,0,0,0,0,0,0,0,0,0,0,0,0,0,0,0,0,0,0,0,0,0,4,0,0,0,0,0,0,0,0,0,3,0,0,0,0,0,3,0,0,0,0,0,0,0,0,0,0,0,0,0,0,0,0,0,0,0,0,0,0,0,0,0,0,0,0,0,0,0,0,0,0,0,0,0,0,0,0,0,0,0,0,0,0,0,0,0,0,0,0,0,0,0,0
LGA33220,0,3,12,35,18,21,23,17,4,3,0,4,0,0,0,148,3,3,5,0,3,8,24,36,11,9,3,6,6,0,4,117,0,3,19,18,0,0,3,0,0,0,0,0,0,0,0,43,0,3,10,7,0,5,7,6,0,3,0,3,0,0,0,38,0,3,0,12,6,29,18,17,0,7,4,0,0,3,8,112,3,178,150,126,85,41,32,20,0,3,0,3,4,0,25,658,0,3,3,3,0,0,0,0,0,0,0,0,0,0,3,19,0,0,0,0,6,6,4,0,0,0,3,4,0,4,0,38,0,4,7,19,6,5,35,84,11,12,8,19,15,13,6,241,0,13,12,16,3,3,17,3,0,3,3,0,4,0,10,84,0,0,0,0,0,0,3,0,0,3,3,3,0,0,0,16,0,0,0,0,0,0,0,0,0,0,0,0,3,0,0,3,0,5,22,42,10,18,11,11
LGA33360,0,0,3,3,4,8,12,13,7,3,3,0,0,0,3,66,0,0,15,0,0,3,21,45,8,8,14,7,4,4,7,133,0,0,8,10,0,3,0,0,0,0,4,0,0,0,0,30,0,0,0,3,0,0,0,0,8,3,8,16,15,3,9,52,0,0,0,5,13,14,20,16,11,13,11,3,8,0,3,110,0,27,43,27,27,11,14,7,3,3,0,9,0,0,9,177,0,3,3,12,0,0,3,0,0,5,0,0,0,0,0,25,0,0,0,0,0,0,0,0,0,0,0,0,0,0,0,11,0,0,0,3,0,6,32,199,38,43,36,56,32,16,12,472,0,0,0,3,3,0,11,11,9,8,3,4,3,0,3,55,0,0,0,0,3,3,0,9,6,7,3,3,4,0,0,39,0,0,0,0,0,0,0,10,0,11,0,0,0,0,0,24,0,0,10,9,8,11,11,19
LGA33430,3,6,44,154,154,208,347,302,69,81,70,101,132,104,44,1833,8,41,57,34,109,524,1217,1589,266,386,565,711,734,339,379,6957,0,33,205,292,44,112,130,21,7,0,3,0,0,3,33,871,0,81,147,115,36,87,43,61,11,8,17,9,4,7,15,626,3,10,21,72,118,190,192,169,14,20,14,25,33,9,28,927,7,654,516,324,369,218,320,184,25,25,35,30,33,29,94,2860,3,88,176,134,24,29,22,17,11,10,3,4,4,3,21,544,0,6,24,60,155,310,281,127,29,49,71,110,80,51,92,1451,0,64,43,144,68,187,493,1535,140,168,269,428,262,195,139,4144,3,33,49,49,87,125,270,117,28,36,41,36,37,20,32,961,0,4,3,18,84,115,108,184,55,78,65,65,43,21,9,839,0,3,3,21,11,25,69,61,9,4,26,23,10,3,10,279,0,42,80,201,122,157,204,243
LGA33610,0,0,0,0,0,0,0,3,0,0,0,0,3,0,3,15,0,0,0,0,0,0,0,7,0,0,0,0,0,0,0,4,0,0,0,0,0,0,0,0,0,0,0,0,0,0,0,0,0,0,0,0,0,0,0,0,3,0,0,0,0,0,0,4,0,0,0,0,0,3,0,0,0,0,0,0,0,0,0,4,0,0,3,4,4,0,0,0,0,0,0,0,0,0,0,18,0,0,0,0,0,0,0,0,0,0,0,0,0,0,0,0,0,0,0,0,0,0,0,0,0,0,3,0,0,0,3,9,0,0,0,0,0,0,0,19,0,0,3,0,0,0,0,31,0,0,0,0,0,0,0,0,0,0,0,0,0,0,0,4,0,0,0,0,0,0,0,0,0,0,0,0,0,0,0,0,0,0,0,0,0,0,0,0,0,0,0,0,0,0,0,0,0,0,0,0,0,4,0,0
LGA33620,0,0,4,22,15,10,7,4,0,5,0,0,3,0,0,69,0,4,6,3,0,0,9,10,3,3,0,0,0,0,3,32,0,0,8,10,0,0,0,0,0,0,0,0,0,0,0,25,0,0,5,0,3,0,0,0,0,0,0,0,0,0,0,9,0,0,0,3,10,6,9,0,0,0,0,0,0,0,0,35,0,58,57,48,30,21,14,13,0,0,0,0,3,0,5,250,0,0,4,0,0,0,0,0,0,0,0,0,0,0,0,3,0,0,0,0,3,0,0,0,0,0,0,0,0,0,0,4,0,3,0,8,3,3,4,33,5,3,3,0,0,3,0,67,0,6,4,0,0,7,3,8,0,0,4,0,0,0,3,32,0,0,0,0,4,0,0,0,0,0,0,0,0,0,0,3,0,0,0,0,0,0,0,0,0,0,0,4,0,0,0,3,0,0,4,8,3,0,4,9
LGA33800,0,0,0,9,3,3,0,0,0,0,0,0,0,0,0,19,0,0,0,0,0,3,0,0,0,0,0,0,0,0,0,7,0,0,0,0,0,0,0,0,0,0,0,0,0,0,0,7,0,0,0,0,0,0,0,0,0,0,0,0,0,0,0,0,0,0,4,3,3,0,0,3,0,0,0,0,3,0,0,20,0,20,10,3,0,3,0,0,0,0,0,0,0,0,0,34,0,0,0,0,0,0,0,0,0,0,0,0,0,0,0,3,0,0,0,0,3,0,0,0,0,0,0,0,0,0,0,5,0,0,3,0,0,4,0,10,0,4,4,0,3,0,0,28,0,3,0,0,0,0,0,0,0,0,0,0,0,0,0,5,0,0,0,0,0,0,0,0,0,0,0,0,0,0,0,0,0,0,0,0,0,0,0,0,0,0,0,0,0,0,0,0,0,0,0,3,0,0,0,0
LGA33830,0,0,0,0,0,0,0,0,0,0,0,0,0,0,0,0,0,0,0,0,0,0,0,0,0,0,0,0,0,0,0,0,0,0,0,0,0,0,0,0,0,0,0,0,0,0,0,0,0,0,0,0,0,0,0,0,0,0,0,0,0,0,0,0,0,0,0,0,0,0,0,0,0,0,0,0,0,0,0,0,0,0,0,0,0,0,0,0,0,0,0,0,0,0,0,0,0,0,0,0,0,0,0,0,0,0,0,0,0,0,0,0,0,0,0,0,0,0,0,0,0,0,0,0,0,0,0,0,0,0,0,0,0,0,0,0,0,0,0,0,0,0,0,0,0,0,0,0,0,0,0,0,0,0,0,0,0,0,0,0,0,0,0,0,0,0,0,0,0,0,0,0,0,0,0,0,0,0,0,0,0,0,0,0,0,0,0,0,0,0,0,0,0,0,0,0,0,0,0,0
LGA33960,0,0,9,30,21,16,42,32,11,12,12,4,4,6,12,209,0,6,6,0,7,21,116,221,19,42,51,37,33,23,28,619,0,4,14,42,0,6,18,4,0,0,0,0,0,0,0,85,0,3,3,4,0,5,30,16,0,6,3,3,0,0,3,75,0,3,7,16,63,149,213,145,24,20,25,24,28,8,22,744,5,156,105,89,83,40,60,43,3,3,5,0,0,7,18,611,0,10,8,13,0,4,3,0,0,0,0,0,0,0,3,39,0,3,3,12,16,21,34,28,0,6,11,3,10,8,8,146,0,4,11,35,28,40,315,857,114,93,83,121,67,43,51,1858,0,8,22,21,19,17,56,39,7,0,4,3,4,3,8,212,0,0,0,4,7,15,30,54,17,30,24,3,3,0,3,192,0,0,0,0,0,5,19,12,0,3,6,3,0,0,0,47,3,4,20,60,32,31,27,58
LGA33980,0,0,0,6,0,0,3,4,0,0,0,3,5,0,0,22,0,0,0,0,3,0,0,13,3,0,3,4,0,4,0,29,0,0,0,0,0,0,0,0,0,0,0,0,0,0,0,0,0,0,0,0,0,0,0,0,0,0,0,0,0,0,0,3,0,0,0,0,0,3,0,3,0,0,0,0,0,0,0,9,0,4,3,7,3,0,0,4,0,3,0,0,0,0,0,30,0,0,0,0,0,0,0,0,0,0,0,0,0,0,0,0,0,0,0,0,3,0,0,0,0,0,0,0,0,0,0,3,0,0,0,0,0,0,12,47,3,10,6,11,3,4,4,96,0,0,3,0,0,0,3,10,15,4,0,0,0,0,0,37,0,0,0,0,0,0,0,0,0,3,0,0,0,0,0,3,0,0,0,0,0,0,0,0,0,0,0,0,0,0,0,0,0,0,0,3,3,3,0,5
LGA34420,0,0,0,0,0,0,0,0,0,0,0,0,0,0,0,0,0,0,0,0,0,0,0,0,0,0,0,0,0,0,0,0,0,0,0,0,0,0,0,0,0,0,0,0,0,0,0,0,0,0,0,0,0,0,0,0,0,0,0,0,0,0,0,0,0,0,0,0,0,0,0,0,0,0,0,0,0,0,0,0,0,0,0,0,0,0,0,0,0,0,0,0,0,0,0,0,0,0,0,0,0,0,0,0,0,0,0,0,0,0,0,0,0,0,0,0,0,0,0,0,0,0,0,0,0,0,0,0,0,0,0,0,0,0,0,0,0,0,0,0,0,0,0,0,0,0,0,0,0,0,0,0,0,0,0,0,0,0,0,0,0,0,0,0,0,0,0,0,0,0,0,0,0,0,0,0,0,0,0,0,0,0,0,0,0,0,0,0,0,0,0,0,0,0,0,0,0,0,0,0
LGA34530,0,0,5,10,11,11,3,5,0,3,3,0,0,0,0,56,0,0,0,0,0,0,3,8,0,0,0,5,0,0,3,28,0,0,3,3,7,0,0,0,0,0,0,0,0,0,0,10,0,0,0,0,0,0,0,0,0,0,0,0,0,0,0,3,0,0,0,3,6,9,0,3,0,0,3,0,0,0,0,27,0,19,16,21,15,5,25,10,0,3,0,3,0,0,7,134,0,3,3,0,0,0,0,0,0,0,0,0,0,0,0,3,0,0,0,0,0,3,0,0,0,0,0,0,0,0,0,7,0,3,3,3,0,5,3,16,3,3,0,4,0,0,3,50,0,3,3,0,0,0,3,3,0,0,0,3,0,0,0,18,0,0,0,0,0,0,0,3,0,3,0,0,0,0,0,10,0,0,0,0,0,0,0,0,0,0,0,0,0,0,0,0,0,0,3,10,5,6,6,10
LGA34570,0,0,0,0,0,0,0,0,0,0,0,0,0,0,0,0,0,0,0,0,0,0,0,0,0,0,0,0,0,0,0,0,0,0,0,0,0,0,0,0,0,0,0,0,0,0,0,0,0,0,0,0,0,0,0,0,0,0,0,0,0,0,0,0,0,0,0,0,0,0,0,0,0,0,0,0,0,0,0,0,0,0,0,0,0,0,0,0,0,0,0,0,0,0,0,0,0,0,0,0,0,0,0,0,0,0,0,0,0,0,0,0,0,0,0,0,0,0,0,0,0,0,0,0,0,0,0,0,0,0,0,0,0,0,0,0,0,0,0,0,0,0,0,0,0,0,0,0,0,0,0,0,0,0,0,0,0,0,0,0,0,0,0,0,0,0,0,0,0,0,0,0,0,0,0,0,0,0,0,0,0,0,0,0,0,0,0,0,0,0,0,0,0,0,0,0,0,0,0,0
LGA34580,0,3,3,7,3,0,4,6,0,3,3,0,8,5,3,48,0,0,3,0,0,0,5,5,5,5,6,18,23,26,12,101,0,0,6,7,0,0,0,0,0,0,0,0,0,0,0,11,0,0,0,0,0,0,3,0,0,0,3,0,0,0,0,7,0,3,3,0,3,4,4,8,0,0,0,0,0,0,3,28,0,28,26,25,28,8,10,10,0,0,0,0,0,0,12,150,0,0,0,0,0,0,0,0,0,0,0,0,0,0,3,7,0,0,0,3,3,4,3,5,5,7,3,6,10,4,8,64,0,0,3,4,0,3,5,62,3,5,19,34,27,9,14,181,0,4,3,4,0,0,3,10,0,0,3,11,10,13,3,66,0,0,0,0,3,0,0,0,0,0,0,0,0,0,3,12,0,0,0,0,0,0,3,5,3,0,0,5,0,0,9,29,0,3,8,15,0,0,21,12
LGA34590,0,9,9,53,47,74,57,53,3,7,11,8,10,3,14,358,9,19,66,20,43,156,387,504,75,82,91,100,93,78,98,1811,0,3,70,202,20,59,122,4,0,4,0,5,0,0,15,508,0,11,19,20,3,21,40,25,3,9,3,5,4,0,9,179,3,7,14,55,141,444,470,345,45,57,56,52,38,12,44,1784,0,296,213,184,199,71,116,58,5,10,9,7,7,4,40,1203,4,20,52,31,17,11,14,3,3,0,0,0,0,0,3,158,0,3,7,21,54,162,119,71,13,13,13,11,23,12,18,540,3,22,19,84,52,84,294,1214,79,110,212,239,165,102,80,2748,3,14,39,26,51,56,124,81,17,11,24,14,13,3,13,490,0,0,3,0,14,15,44,75,21,82,195,64,21,13,13,542,0,0,0,3,0,16,103,132,22,18,89,22,7,123,42,589,0,14,40,123,82,88,61,99
LGA34710,0,0,0,0,0,0,0,0,0,0,0,0,0,0,0,7,0,0,0,0,0,3,0,0,0,0,0,0,3,0,0,6,0,0,0,0,0,0,0,0,0,0,0,0,0,0,0,0,0,0,0,0,0,0,0,0,0,0,0,0,0,0,0,0,0,0,0,0,0,0,0,0,0,0,0,0,0,0,0,3,0,3,0,0,0,0,0,0,0,0,0,0,0,0,3,5,0,0,0,0,0,0,0,0,0,0,0,0,0,0,0,0,0,0,0,0,0,0,0,0,0,0,0,0,0,0,0,0,0,0,0,0,0,0,0,7,3,0,0,0,0,0,0,11,0,0,0,0,0,0,0,0,0,0,0,0,0,0,0,0,0,0,0,0,0,0,0,0,0,0,0,0,0,0,0,0,0,0,0,0,0,0,0,0,0,0,0,0,0,0,0,4,0,0,0,0,3,4,0,0
LGA34770,0,0,4,18,19,18,18,34,17,8,5,3,6,0,3,158,0,3,3,0,3,11,36,100,7,16,7,6,21,11,13,234,0,0,8,3,0,0,6,0,0,0,0,0,3,0,0,23,0,0,0,0,0,0,0,0,0,0,0,0,0,0,0,6,0,0,5,6,10,20,27,44,7,22,13,4,7,4,5,171,0,70,65,41,24,18,26,39,5,3,3,4,3,0,3,313,0,3,0,8,0,0,0,0,0,0,0,0,0,0,0,12,0,0,0,3,0,6,4,9,0,0,0,0,3,0,0,32,0,0,3,5,0,9,59,305,29,51,29,44,26,13,14,589,0,0,7,0,6,3,14,26,0,9,11,3,0,0,0,81,0,0,0,0,3,0,3,0,3,4,0,0,3,0,0,18,0,0,0,0,0,0,0,0,0,0,0,0,0,0,0,4,0,9,15,15,11,18,21,30
LGA34800,0,0,0,0,0,0,0,0,0,0,0,0,0,0,0,0,0,0,0,0,0,0,0,0,0,0,0,0,0,0,0,0,0,0,0,0,0,0,0,0,0,0,0,0,0,0,0,0,0,0,0,0,0,0,0,0,0,0,0,0,0,0,0,0,0,0,0,0,0,0,0,0,0,0,0,0,0,0,0,0,0,0,0,0,0,0,0,0,0,0,0,0,0,0,0,0,0,0,0,0,0,0,0,0,0,0,0,0,0,0,0,0,0,0,0,0,0,0,0,0,0,0,0,0,0,0,0,0,0,0,0,0,0,0,0,3,0,0,0,3,0,0,0,3,0,0,0,0,0,0,0,0,0,0,0,0,0,0,0,0,0,0,0,0,0,0,0,0,0,0,0,0,0,0,0,0,0,0,0,0,0,0,0,0,0,0,0,0,0,0,0,0,0,0,0,0,0,0,0,0
LGA34830,0,0,0,0,0,0,0,0,0,0,0,0,0,0,0,0,0,0,0,0,0,0,0,0,0,0,0,0,0,0,0,0,0,0,0,0,0,0,0,0,0,0,0,0,0,0,0,0,0,0,0,0,0,0,0,0,0,0,0,0,0,0,0,0,0,0,0,0,0,0,0,0,0,0,0,0,0,0,0,0,0,0,0,0,0,0,0,0,0,0,0,0,0,0,0,0,0,0,0,0,0,0,0,0,0,0,0,0,0,0,0,0,0,0,0,0,0,0,0,0,0,0,0,0,0,0,0,0,0,0,0,0,0,0,0,0,0,0,0,0,0,0,0,0,0,0,0,0,0,0,0,0,0,0,0,0,0,0,0,0,0,0,0,0,0,0,0,0,0,0,0,0,0,0,0,0,0,0,0,0,0,0,0,0,0,0,0,0,0,0,0,0,0,0,0,0,0,0,0,0
LGA34860,0,0,0,0,0,0,0,0,0,0,0,6,0,0,0,15,0,0,0,0,0,0,0,16,0,4,0,0,0,0,0,21,0,0,0,0,0,0,0,0,0,0,0,0,0,0,0,0,0,0,0,0,0,0,0,0,0,0,0,0,0,0,0,0,0,0,0,0,0,0,0,0,0,0,3,0,0,0,0,7,0,0,0,0,0,0,3,0,0,3,0,0,0,0,0,14,0,0,0,0,0,0,0,0,0,0,0,0,0,0,0,0,0,0,0,0,0,0,0,6,0,0,0,0,0,0,0,6,0,0,0,0,0,0,0,55,0,5,4,8,12,0,12,92,0,0,0,0,3,0,0,4,0,0,0,0,0,0,0,6,0,0,0,0,0,0,0,0,0,0,0,0,0,0,0,0,0,0,0,0,0,0,0,0,0,0,0,0,0,0,0,0,0,0,0,0,0,0,5,0
LGA34880,0,0,3,4,6,10,4,3,0,0,0,0,0,0,6,43,0,0,0,0,0,0,4,6,0,0,3,4,0,0,3,27,0,3,34,11,4,3,0,0,0,0,0,0,0,0,0,55,0,0,0,0,0,0,0,0,0,0,0,0,0,0,0,0,0,0,0,0,0,6,0,3,0,3,0,0,3,0,0,17,0,15,21,29,45,34,18,7,3,0,0,5,0,0,3,190,0,4,10,3,0,0,0,0,0,0,0,0,0,0,0,21,0,0,0,0,0,0,0,0,0,0,3,0,0,0,3,5,0,4,4,4,8,9,7,22,3,3,3,4,3,0,0,72,0,0,12,4,4,3,6,3,0,0,0,0,0,0,0,32,0,0,0,0,3,0,0,0,0,0,0,0,0,0,0,6,0,0,0,0,0,0,0,0,0,0,0,0,0,0,0,0,0,3,4,7,4,5,3,4
LGA35010,3,6,25,103,85,101,154,155,37,17,14,18,17,12,18,765,5,14,31,8,23,86,175,326,45,73,68,62,79,56,47,1106,0,7,45,86,11,23,15,8,0,0,0,0,0,0,8,201,0,21,21,15,6,6,23,31,4,5,4,0,3,0,14,165,0,4,17,58,127,360,364,230,69,33,31,19,23,12,33,1381,3,401,259,212,229,125,202,179,18,22,21,20,10,7,35,1736,0,21,34,27,6,9,4,3,0,12,3,0,0,0,6,137,0,5,18,31,34,51,55,25,7,12,11,19,37,22,32,361,3,31,22,121,54,88,304,994,91,96,127,143,104,59,83,2318,0,26,39,32,29,34,95,63,9,11,8,6,18,3,8,380,0,0,0,10,13,20,31,61,23,33,12,3,4,0,0,200,0,0,0,4,11,8,34,21,3,7,0,0,0,57,3,145,3,30,51,169,105,118,168,225
LGA35250,0,0,0,0,0,0,0,0,0,0,0,0,0,0,0,0,0,0,0,0,0,0,0,0,0,0,0,0,0,0,0,0,0,0,0,0,0,0,0,0,0,0,0,0,0,0,0,0,0,0,0,0,0,0,0,0,0,0,0,0,0,0,0,0,0,0,0,0,0,0,0,0,0,0,0,0,0,0,0,3,0,0,0,0,0,0,0,3,0,0,0,0,0,0,0,3,0,0,0,0,0,0,0,0,0,0,0,0,0,0,0,0,0,0,0,0,0,0,0,0,0,0,0,0,0,0,0,0,0,0,0,0,0,0,0,0,0,0,0,0,0,0,0,5,0,0,0,0,0,0,0,0,0,0,0,0,0,0,0,0,0,0,0,0,0,0,0,0,0,0,0,0,0,0,0,0,0,0,0,0,0,0,0,0,0,0,0,0,0,0,0,0,0,0,0,0,0,0,0,0
LGA35300,0,0,0,0,4,0,3,3,0,3,4,0,3,0,3,26,0,0,0,0,0,0,4,12,0,6,5,4,0,0,0,34,0,0,0,3,0,0,0,0,0,0,0,0,0,0,0,3,0,0,0,0,0,0,0,3,0,0,0,0,0,0,0,3,0,0,0,3,3,13,14,31,4,8,8,10,4,0,0,99,0,13,9,6,4,4,3,6,0,0,0,3,0,0,0,56,0,0,0,0,3,0,0,0,0,0,0,0,0,0,0,3,0,0,0,0,0,0,0,0,0,0,0,0,0,0,0,5,0,0,0,5,0,0,19,65,14,8,12,6,9,6,6,157,0,0,0,0,0,3,10,5,0,4,0,0,0,0,0,24,0,0,0,0,0,0,0,0,0,0,0,0,0,0,0,0,0,0,0,0,0,0,0,0,0,0,0,0,0,0,0,0,0,0,0,13,0,3,7,3
LGA35600,0,0,0,0,0,0,0,0,0,0,0,0,0,0,0,0,0,0,0,0,0,0,0,0,0,0,0,0,0,0,0,3,0,0,0,0,0,0,0,0,0,0,0,0,0,0,0,0,0,0,0,0,0,0,0,0,0,0,0,0,0,0,0,0,0,0,0,0,0,0,0,0,0,0,0,0,0,0,0,0,0,0,0,0,0,3,0,0,0,0,0,0,0,0,0,5,0,0,0,0,0,0,0,0,0,0,0,0,0,0,0,0,0,0,0,0,0,0,0,0,0,0,0,0,0,0,0,0,0,0,0,0,0,0,0,5,0,0,0,0,0,0,0,5,0,0,0,0,0,0,0,0,0,0,0,0,0,0,0,0,0,0,0,0,0,0,0,0,0,0,0,0,0,0,0,0,0,0,0,0,0,0,0,0,0,0,0,0,0,0,0,0,0,0,0,0,0,0,0,0
LGA35670,0,0,0,0,0,0,0,0,0,0,0,0,0,0,0,0,0,0,0,0,0,0,0,0,0,0,0,0,0,0,0,0,0,0,0,0,0,0,0,0,0,0,0,0,0,0,0,0,0,0,0,0,0,0,0,0,0,0,0,0,0,0,0,0,0,0,0,0,0,0,0,3,0,0,0,0,0,0,0,3,0,0,0,0,0,0,0,0,0,0,0,0,0,0,0,0,0,0,0,0,0,0,0,0,0,0,0,0,0,0,0,0,0,0,0,0,0,0,0,0,0,0,0,0,0,0,0,0,0,0,0,0,0,0,0,0,0,0,0,0,0,0,0,0,0,0,0,0,0,0,0,0,0,0,0,0,0,0,0,0,0,0,0,0,0,0,0,0,0,0,0,0,0,0,0,0,0,0,0,0,0,0,0,0,0,0,0,0,0,0,0,0,0,0,0,0,0,0,0,0
LGA35740,0,3,6,27,13,25,31,24,5,15,3,8,8,0,6,177,0,4,0,0,7,0,12,15,7,4,4,8,4,3,4,67,0,0,5,14,0,5,0,0,0,0,0,0,0,0,0,21,0,8,3,4,0,0,0,0,0,0,0,0,0,0,0,18,0,0,3,8,5,10,3,3,3,3,0,0,0,0,4,42,0,77,79,59,60,51,77,36,0,7,12,0,0,7,17,485,0,5,10,7,0,3,0,0,0,0,0,0,0,0,0,31,0,0,5,4,5,7,5,5,0,0,0,0,3,0,0,35,0,4,6,19,4,15,13,39,4,11,9,4,0,11,3,146,0,8,4,0,9,5,9,14,0,4,3,0,4,7,3,68,0,0,0,0,0,0,0,0,0,0,0,0,0,0,0,3,0,0,0,0,0,0,0,0,0,0,0,0,0,0,0,0,0,7,7,20,19,8,16,16
LGA35760,0,0,0,0,0,3,0,0,0,0,0,0,3,0,0,7,0,0,0,0,0,0,0,0,0,0,0,0,0,0,0,4,0,0,0,0,0,0,0,0,0,0,0,0,0,0,0,0,0,0,0,0,0,0,0,0,0,0,0,0,0,0,0,0,0,0,0,0,0,0,0,0,0,0,0,0,0,0,0,5,0,7,9,3,3,0,0,0,0,0,0,0,0,0,0,36,0,0,0,0,0,0,0,0,0,0,0,0,0,0,0,0,0,0,0,0,0,0,0,0,0,0,0,0,0,0,0,3,0,0,0,0,0,0,0,3,0,0,0,0,0,0,0,6,0,0,0,0,0,0,0,0,0,0,0,0,0,0,0,3,0,0,0,0,0,0,0,0,0,0,0,0,0,0,0,0,0,0,0,0,0,0,0,0,0,0,0,0,0,0,0,0,0,3,0,7,0,0,0,3
LGA35780,0,0,0,0,0,0,0,0,0,0,0,0,0,0,0,0,0,0,0,0,0,0,0,0,0,0,0,0,0,0,0,0,0,0,0,0,0,0,0,0,0,0,0,0,0,0,0,0,0,0,0,0,0,0,0,0,0,0,0,0,0,0,0,0,0,0,0,0,0,0,0,0,0,0,0,0,0,0,0,6,0,0,0,0,0,0,0,0,0,0,0,0,0,0,0,5,0,0,0,0,0,0,0,0,0,0,0,0,0,0,0,0,0,0,0,0,0,0,0,0,0,0,0,0,0,0,0,0,0,0,0,0,0,0,0,0,0,0,0,0,0,0,0,0,0,0,0,0,0,0,0,0,0,0,0,0,0,0,0,0,0,0,0,0,0,0,0,0,0,0,0,0,0,0,0,0,0,0,0,0,0,0,0,0,0,0,0,0,0,0,0,0,0,0,0,0,0,0,0,0
LGA35790,0,0,0,0,0,0,0,0,0,0,0,0,0,0,0,0,0,0,0,0,0,0,0,0,0,0,0,0,0,0,0,0,0,0,0,0,0,0,0,0,0,0,0,0,0,0,0,0,0,0,0,0,0,0,0,0,0,0,0,0,0,0,0,0,0,0,0,0,0,3,0,0,0,3,0,0,0,0,0,11,0,0,0,0,0,0,0,0,0,0,0,0,0,0,0,0,0,0,0,0,0,0,0,0,0,0,0,0,0,0,0,0,0,0,0,0,0,0,0,0,0,0,0,0,0,0,0,0,0,0,0,0,0,0,0,0,0,0,0,0,0,0,0,0,0,0,0,0,0,0,0,0,0,0,0,0,0,0,0,0,0,0,0,0,0,0,0,0,0,0,0,0,0,0,0,0,0,0,0,0,0,0,0,0,0,0,0,0,0,0,0,0,0,0,0,0,0,0,0,0
LGA35800,0,0,0,0,0,0,0,0,0,0,0,0,0,0,0,0,0,0,0,0,0,0,0,0,0,0,0,0,0,0,0,0,0,0,0,0,0,0,0,0,0,0,0,0,0,0,0,0,0,0,0,0,0,0,0,0,0,0,0,0,0,0,0,0,0,0,0,0,0,0,0,0,0,0,0,0,0,0,0,0,0,0,3,0,0,0,0,0,0,0,0,0,0,0,0,9,0,0,0,0,0,0,0,0,0,0,0,0,0,0,0,0,0,0,0,0,0,0,0,0,0,0,0,0,0,0,0,0,0,0,0,0,0,0,0,3,0,0,0,0,0,0,0,3,0,0,0,0,0,0,0,0,0,0,0,0,0,0,0,3,0,0,0,0,0,0,0,0,0,0,0,0,0,0,0,0,0,0,0,0,0,0,0,0,0,0,0,0,0,0,0,0,0,0,0,0,0,0,0,0
LGA36070,0,0,0,0,0,0,0,0,0,0,0,0,0,0,0,0,0,0,0,0,0,0,0,0,0,0,0,0,0,0,0,0,0,0,0,0,0,0,0,0,0,0,0,0,0,0,0,0,0,0,0,0,0,0,0,0,0,0,0,0,0,0,0,0,0,0,0,0,0,0,0,0,0,0,0,0,0,0,0,0,0,0,0,0,0,0,0,0,0,0,0,0,0,0,0,0,0,0,0,0,0,0,0,0,0,0,0,0,0,0,0,0,0,0,0,0,0,0,0,0,0,0,0,0,0,0,0,0,0,0,0,0,0,0,0,0,0,0,0,0,0,0,0,0,0,0,0,0,0,0,0,0,0,0,0,0,0,0,0,0,0,0,0,0,0,0,0,0,0,0,0,0,0,0,0,0,0,0,0,0,0,0,0,0,0,0,0,0,0,0,0,0,0,0,0,0,0,0,0,0
LGA36150,0,0,0,0,0,0,0,0,0,0,0,0,0,0,0,0,0,0,0,0,0,0,0,0,0,0,0,0,0,0,0,0,0,0,0,0,0,0,0,0,0,0,0,0,0,0,0,0,0,0,0,0,0,0,0,0,0,0,0,0,0,0,0,0,0,0,0,0,0,0,0,0,0,0,0,0,0,0,0,0,0,0,0,0,0,0,0,0,0,0,0,0,0,0,0,0,0,0,0,0,0,0,0,0,0,0,0,0,0,0,0,0,0,0,0,0,0,0,0,0,0,0,0,0,0,0,0,0,0,0,0,0,0,0,0,0,0,0,0,0,0,0,0,0,0,0,0,0,0,0,0,0,0,0,0,0,0,0,0,0,0,0,0,0,0,0,0,0,0,0,0,0,0,0,0,0,0,0,0,0,0,0,0,0,0,0,0,0,0,0,0,0,0,0,0,0,0,0,0,0
LGA36250,5,0,18,42,34,63,73,29,4,11,11,3,3,0,5,307,3,11,29,7,8,45,110,104,9,32,26,19,32,16,14,467,0,4,28,72,6,9,20,7,0,3,0,0,0,0,3,156,0,7,10,13,0,9,6,9,0,0,0,0,0,0,0,63,0,0,7,23,33,78,75,41,7,3,10,3,4,4,3,296,0,195,103,85,112,53,71,58,9,3,6,4,7,3,19,734,0,14,31,25,10,4,5,0,0,0,3,6,0,0,0,92,0,5,0,17,21,31,17,18,5,7,0,3,0,0,3,133,0,15,14,40,20,45,104,249,33,21,26,41,21,14,32,676,0,25,13,13,18,6,51,8,0,4,0,0,0,8,4,163,0,3,0,0,11,21,16,8,3,10,6,0,0,0,0,73,0,0,0,0,0,0,9,0,0,0,4,7,0,0,0,22,5,15,23,59,41,54,61,79
LGA36300,0,0,0,0,0,0,0,0,0,0,0,0,0,0,0,3,0,0,0,0,0,0,0,0,0,0,0,0,0,0,0,0,0,0,0,0,0,0,0,0,0,0,0,0,0,0,0,0,0,0,0,0,0,0,0,0,0,0,0,0,0,0,0,0,0,0,0,0,0,0,0,4,0,0,0,0,0,0,0,4,0,0,0,0,0,0,0,0,0,0,0,0,0,0,0,0,0,0,0,0,0,0,0,0,0,0,0,0,0,0,0,0,0,0,0,0,0,0,0,0,0,0,0,0,0,0,0,0,0,0,0,0,0,0,0,0,0,0,0,0,0,0,0,0,0,0,0,0,0,0,0,0,0,0,0,0,0,0,0,0,0,0,0,0,0,0,0,0,0,0,0,0,0,0,0,0,0,0,0,0,0,0,0,0,0,0,0,0,0,0,0,0,0,0,0,0,0,0,0,0
LGA36370,0,0,4,4,3,3,12,14,6,4,0,0,5,0,3,62,0,0,0,0,5,6,28,46,12,20,11,8,27,4,12,176,0,0,5,0,0,0,0,0,0,0,0,0,0,0,0,10,0,0,0,0,0,0,0,5,0,0,0,0,0,0,0,11,0,0,0,9,6,22,31,19,0,3,0,0,3,3,9,103,0,32,19,25,18,3,15,12,0,3,3,0,0,3,6,149,0,0,3,0,3,0,0,0,0,0,0,0,3,0,0,13,0,0,3,3,3,13,3,16,0,0,0,0,0,0,0,42,0,0,0,0,7,7,57,220,27,33,21,22,38,19,17,469,0,3,0,0,3,5,11,7,0,0,0,0,0,0,0,39,0,0,0,0,4,3,5,8,4,0,4,0,0,0,0,35,0,0,0,0,0,0,0,4,3,0,0,0,0,0,0,8,0,3,0,17,3,7,3,7
LGA36510,0,0,3,20,10,18,10,9,0,3,9,4,0,0,0,78,0,0,3,0,0,4,4,12,3,3,3,0,0,0,0,34,0,0,0,3,0,5,0,0,0,0,0,0,0,0,0,12,0,0,0,3,0,0,3,0,0,0,0,0,0,0,0,10,0,0,3,3,3,4,4,10,6,0,0,0,0,0,0,28,0,46,39,25,41,12,33,9,0,0,3,3,3,0,4,226,0,0,0,0,0,0,0,0,0,0,0,0,0,0,0,4,0,0,0,0,4,0,0,3,0,3,0,0,0,0,0,12,0,3,7,9,0,4,3,27,3,0,0,3,3,0,3,75,0,6,5,4,0,0,7,9,0,0,0,0,0,0,0,30,0,0,0,0,4,0,0,0,0,0,3,0,0,0,0,4,0,0,0,0,0,0,0,0,0,0,0,0,0,0,0,5,3,0,0,12,4,5,5,8
LGA36580,0,0,3,7,3,0,7,4,0,0,0,0,0,0,0,30,0,0,8,0,0,0,3,11,0,0,0,0,0,0,0,30,0,0,0,6,0,0,0,0,0,0,0,0,0,0,0,12,0,0,3,0,0,0,0,0,0,0,0,0,0,0,0,5,0,0,0,0,0,5,4,0,0,0,0,0,0,0,0,12,0,25,16,28,26,11,10,0,0,0,0,0,0,7,0,123,0,0,0,0,0,0,0,0,0,0,0,0,0,0,0,0,0,0,0,0,0,0,0,0,0,0,0,0,0,0,0,4,0,3,3,3,0,0,0,8,0,3,0,0,0,0,3,27,0,0,0,0,0,0,0,3,0,0,0,0,0,0,3,14,0,0,0,0,0,0,0,0,0,0,0,3,0,0,0,3,0,0,0,0,0,0,0,0,0,0,0,0,0,0,0,0,0,0,5,4,5,3,0,0
LGA36630,0,0,3,5,0,4,3,3,0,0,0,0,0,0,0,27,0,0,3,0,0,5,3,7,7,0,0,0,3,0,0,32,0,0,4,0,0,0,0,0,0,0,0,0,0,0,0,5,0,0,0,0,0,0,0,0,0,0,0,0,0,0,0,5,0,0,3,3,0,3,7,4,0,3,0,0,0,0,0,20,0,39,28,25,27,12,6,4,0,0,0,0,0,0,0,154,0,0,0,3,0,0,0,0,0,0,0,0,0,0,0,4,0,0,0,0,0,0,0,0,0,0,0,0,0,0,0,4,0,0,0,4,0,3,9,7,0,0,3,8,0,0,4,39,0,0,0,3,0,0,0,0,0,0,0,0,0,0,3,11,0,0,0,3,0,0,0,0,0,0,0,0,0,0,0,3,0,0,0,0,0,0,0,0,0,0,0,0,0,0,0,0,0,0,0,9,3,7,3,0
LGA36660,0,0,3,11,5,4,11,3,0,3,0,0,0,0,0,37,0,0,3,0,3,5,12,10,0,0,5,4,3,3,6,53,0,0,8,25,5,3,0,0,0,0,0,0,0,0,0,37,0,0,0,0,0,0,0,0,0,0,0,0,0,0,0,3,0,0,0,0,8,10,15,0,0,0,0,5,0,0,0,38,0,30,23,20,30,5,11,6,0,0,0,0,0,0,4,124,0,0,0,0,0,0,0,0,0,0,0,0,0,0,4,5,0,0,0,0,0,0,0,0,0,0,3,3,0,0,0,7,0,0,5,0,3,0,3,28,0,7,3,0,0,3,4,62,0,3,0,0,3,0,3,0,0,0,0,0,0,0,0,10,0,0,0,0,0,0,3,0,0,0,0,0,0,0,0,3,0,0,0,0,0,0,0,0,0,0,0,0,0,0,0,0,0,0,6,13,9,5,5,6
LGA36720,7,3,42,132,104,126,159,182,55,65,51,45,25,18,23,1035,9,13,18,8,20,45,64,127,37,23,33,33,45,26,25,516,0,3,59,55,5,12,9,3,0,0,0,0,0,3,7,151,0,23,28,16,0,3,12,11,3,0,10,5,3,0,4,109,0,14,16,35,37,52,70,29,7,9,0,7,3,0,5,295,0,353,313,214,260,140,197,146,13,27,25,23,21,29,60,1816,0,15,27,22,4,0,9,0,0,7,3,5,0,0,3,99,0,3,3,24,25,30,26,20,16,12,8,8,13,9,13,199,0,29,29,75,17,26,77,540,35,64,114,113,92,46,46,1297,3,24,40,16,25,16,64,45,5,13,5,10,23,3,8,307,0,0,0,5,5,6,11,20,11,8,11,0,7,3,0,99,0,0,0,4,0,0,0,0,0,3,0,0,0,3,0,14,8,19,48,125,67,77,82,126
LGA36820,0,0,6,16,5,0,5,0,0,0,3,0,0,0,3,39,0,0,0,0,0,0,3,5,0,0,7,0,0,0,0,19,0,0,5,6,0,0,0,0,0,0,0,0,0,0,0,10,0,0,0,0,0,0,0,0,0,0,0,0,0,0,0,3,0,0,0,0,0,0,0,0,0,0,0,0,0,0,0,3,0,31,41,40,18,16,24,9,0,0,0,3,3,3,12,203,0,0,0,0,0,0,0,0,0,0,0,0,0,0,0,4,0,0,0,0,0,0,0,0,0,0,0,0,3,0,0,4,0,3,0,5,0,0,3,16,3,3,4,0,3,0,0,42,0,4,3,7,0,0,0,0,0,0,3,0,0,0,5,28,0,0,0,0,0,0,0,0,0,0,0,0,0,0,0,4,0,0,0,0,0,0,0,0,0,0,0,0,0,0,0,0,0,3,6,11,5,3,5,4
LGA36910,3,0,20,31,18,32,35,36,10,7,24,10,9,0,5,242,0,4,0,3,14,24,99,185,29,28,33,36,43,42,30,572,0,0,9,17,3,0,3,0,0,0,0,0,0,0,0,28,0,0,0,0,0,6,17,14,3,4,8,3,0,3,0,57,3,0,4,3,12,32,53,56,4,5,10,3,0,0,3,192,0,99,66,53,43,34,30,34,3,8,8,0,4,3,15,405,0,4,0,8,0,0,0,0,0,0,3,0,0,0,0,21,3,0,3,6,14,22,20,14,3,0,0,4,4,0,0,93,3,7,16,19,15,18,76,418,53,52,104,112,195,156,37,1267,0,7,4,0,9,6,13,11,7,3,0,0,5,3,4,81,0,0,0,7,10,10,16,19,0,9,37,20,14,0,0,130,0,0,0,3,0,0,3,35,17,22,91,101,67,0,0,346,0,10,17,31,16,30,21,18
LGA36950,0,0,0,0,0,0,0,0,0,0,0,0,0,0,0,0,0,0,0,0,0,0,0,0,0,0,0,0,0,0,0,0,0,0,0,0,0,0,0,0,0,0,0,0,0,0,0,0,0,0,0,0,0,0,0,0,0,0,0,0,0,0,0,0,0,0,0,0,3,0,0,0,0,0,0,0,0,0,0,6,0,0,3,0,0,0,0,0,0,0,0,0,0,0,0,3,0,0,0,0,0,0,0,0,0,0,0,0,0,0,0,0,0,0,0,0,0,0,0,0,0,0,0,0,0,0,0,0,0,0,0,0,0,0,0,5,0,0,0,0,0,0,0,17,0,0,0,0,0,0,0,0,0,0,0,0,0,0,0,0,0,0,0,0,0,0,0,0,0,0,0,0,0,0,0,0,0,0,0,0,0,0,0,0,0,0,0,0,0,0,0,0,0,0,0,0,0,0,0,0
LGA36960,0,0,0,0,0,0,0,0,0,0,0,0,0,0,0,0,0,0,0,0,0,0,0,0,0,0,0,0,0,0,0,0,0,0,0,0,0,0,0,0,0,0,0,0,0,0,0,0,0,0,0,0,0,0,0,0,0,0,0,0,0,0,0,0,0,0,0,0,0,0,0,0,0,0,0,0,0,0,0,0,0,0,0,0,0,0,0,0,0,0,0,0,0,0,0,0,0,0,0,0,0,0,0,0,0,0,0,0,0,0,0,0,0,0,0,0,0,0,0,0,0,0,0,0,0,0,0,0,0,0,0,0,0,0,0,0,0,0,0,0,0,0,0,0,0,0,0,0,0,0,0,0,0,0,0,0,0,0,0,0,0,0,0,0,0,0,0,0,0,0,0,0,0,0,0,0,0,0,0,0,0,0,0,0,0,0,0,0,0,0,0,0,0,0,0,0,0,0,0,0
LGA37010,0,0,13,48,37,41,73,88,20,22,23,20,20,20,5,432,4,5,19,18,15,36,62,127,15,19,28,23,37,29,20,455,0,3,11,15,5,3,3,3,0,0,0,0,0,0,0,37,0,3,6,0,0,10,7,12,3,4,10,3,7,0,0,64,3,0,3,21,30,55,73,58,7,0,0,17,9,8,3,289,0,131,92,87,67,66,66,99,16,8,14,12,8,14,31,712,0,14,35,26,4,7,6,8,0,6,0,0,0,0,7,105,0,3,4,9,6,27,19,23,5,3,7,9,10,16,4,142,0,4,9,31,18,39,168,561,100,84,58,110,68,43,32,1332,0,9,11,11,7,21,21,49,3,4,12,3,21,8,3,179,0,0,0,0,3,6,9,15,9,13,4,11,4,5,3,83,0,0,4,0,0,0,14,11,0,0,19,13,3,0,0,65,0,16,10,36,31,35,41,56
LGA37300,0,0,0,0,0,0,0,0,3,0,0,0,3,0,0,10,0,0,0,0,0,0,0,3,0,0,0,0,0,0,0,3,0,0,0,0,0,0,0,0,0,0,0,0,0,0,0,0,0,0,0,0,0,0,0,0,0,0,0,0,0,0,0,0,0,0,0,0,5,4,4,0,0,0,0,0,0,0,0,17,0,0,0,0,0,3,0,0,0,0,0,0,0,0,0,8,0,0,0,0,0,0,0,0,0,0,0,0,0,0,0,0,0,0,0,0,0,0,0,0,0,0,0,0,0,0,0,0,0,0,0,0,0,0,0,4,3,0,0,0,0,0,0,10,0,0,0,0,0,0,0,0,0,0,0,0,0,0,0,0,0,0,0,0,0,0,0,0,0,0,0,0,0,0,0,0,0,0,0,0,0,0,0,0,0,0,0,0,0,0,0,0,0,0,0,0,0,3,0,0
LGA37310,0,0,0,3,0,3,13,3,0,0,0,3,0,0,0,24,0,0,0,0,0,3,7,3,0,0,4,3,3,3,0,17,0,0,3,5,0,0,0,0,0,0,0,0,0,0,0,10,0,0,0,0,0,0,0,0,0,0,0,0,0,3,0,3,0,0,0,5,0,0,3,13,0,8,0,0,0,0,0,38,0,15,17,4,11,3,0,10,0,0,3,0,0,0,0,60,0,0,3,0,0,0,0,0,0,0,0,0,0,0,0,4,0,0,0,0,4,3,0,0,0,0,0,0,0,0,0,4,0,4,0,0,0,0,4,74,3,11,10,15,6,7,4,141,0,0,0,0,0,0,3,3,0,0,0,0,0,0,0,12,0,0,0,0,0,0,0,0,0,3,0,0,0,0,0,6,0,0,0,0,0,0,0,0,0,0,0,0,0,0,0,4,0,3,0,4,0,6,5,16
LGA37340,0,0,3,10,6,7,10,11,3,9,3,5,7,3,9,87,0,0,3,0,0,3,4,12,4,3,11,9,4,8,13,76,0,0,0,5,0,0,0,0,0,0,0,0,0,0,0,8,0,0,0,0,0,0,0,0,0,0,0,0,0,0,0,3,0,0,0,4,3,8,0,0,0,3,3,0,0,0,4,25,0,35,31,14,15,3,22,14,0,4,0,4,6,6,5,166,0,0,3,3,3,0,0,0,0,0,0,0,0,0,0,14,0,0,0,0,0,3,3,3,0,0,6,6,7,0,7,39,0,0,3,3,0,3,3,34,6,7,16,13,3,3,3,99,0,0,0,0,0,0,4,13,3,0,0,3,9,0,0,34,0,0,0,0,0,0,0,0,0,0,3,0,0,0,0,3,0,0,0,0,0,0,0,0,0,0,0,0,0,0,0,0,0,0,3,5,3,0,9,15
LGA37400,0,0,0,0,0,0,0,0,0,0,0,0,0,0,0,0,0,0,0,0,0,0,0,0,0,0,0,0,0,0,0,0,0,0,4,0,0,0,0,0,0,0,0,0,0,0,0,3,0,0,0,0,0,0,0,0,0,0,0,0,0,0,0,0,0,0,0,0,0,0,0,0,0,0,0,0,0,0,0,0,0,0,3,0,0,0,0,0,0,0,0,0,0,0,0,6,0,0,0,0,0,0,0,0,0,0,0,0,0,0,0,0,0,0,0,0,0,0,0,0,0,0,0,0,0,0,0,0,0,0,0,0,0,0,0,0,0,0,0,0,0,0,0,0,0,0,0,0,0,0,0,0,0,0,0,0,0,0,0,0,0,0,0,0,0,0,0,0,0,0,0,0,0,0,0,0,0,0,0,0,0,0,0,0,0,0,0,0,0,0,0,0,0,0,0,0,0,0,0,0
LGA37550,0,0,0,0,0,0,0,0,0,0,0,0,0,0,0,0,0,0,0,0,0,0,0,0,0,0,0,0,0,0,0,0,0,0,0,0,0,0,0,0,0,0,0,0,0,0,0,0,0,0,0,0,0,0,0,0,0,0,0,0,0,0,0,0,0,0,0,0,0,0,0,0,0,0,0,0,0,0,0,0,0,0,0,0,0,0,0,0,0,0,0,0,0,0,0,4,0,0,0,0,0,0,0,0,0,0,0,0,0,0,0,0,0,0,0,0,0,0,0,0,0,0,0,0,0,0,0,0,0,0,0,0,0,0,0,0,0,0,0,0,0,0,0,0,0,0,0,0,0,0,0,0,0,0,0,0,0,0,0,0,0,0,0,0,0,0,0,0,0,0,0,0,0,0,0,0,0,0,0,0,0,0,0,0,0,0,0,0,0,0,0,0,0,0,0,0,0,0,0,0
LGA37570,0,0,0,0,0,0,0,0,0,0,0,0,0,0,0,0,0,0,0,0,0,0,0,0,0,0,0,0,0,0,0,0,0,0,0,0,0,0,0,0,0,0,0,0,0,0,0,0,0,0,0,0,0,0,0,0,0,0,0,0,0,0,0,0,0,0,0,0,0,0,0,0,0,0,0,0,0,0,0,0,0,0,0,0,0,0,0,0,0,0,0,0,0,0,0,0,0,0,0,0,0,0,0,0,0,0,0,0,0,0,0,0,0,0,0,0,0,0,0,0,0,0,0,0,0,0,0,0,0,0,0,0,0,0,0,0,0,0,0,0,0,0,0,0,0,0,0,0,0,0,0,0,0,0,0,0,0,0,0,0,0,0,0,0,0,0,0,0,0,0,0,0,0,0,0,0,0,0,0,0,0,0,0,0,0,0,0,0,0,0,0,0,0,0,0,0,0,0,0,0
LGA37600,0,0,0,0,0,0,0,0,0,0,0,0,0,0,0,0,0,0,0,0,0,0,0,0,0,0,0,0,0,0,0,0,0,0,0,0,0,0,0,0,0,0,0,0,0,0,0,0,0,0,0,0,0,0,0,0,0,0,0,0,0,0,0,0,0,0,0,0,0,0,0,0,0,0,0,0,0,0,0,0,0,0,0,0,0,0,0,0,0,0,0,0,0,0,0,0,0,0,0,0,0,0,0,0,0,0,0,0,0,0,0,0,0,0,0,0,0,0,0,0,0,0,0,0,0,0,0,0,0,0,0,0,0,0,0,0,0,0,0,0,0,0,0,0,0,0,0,0,0,0,0,0,0,0,0,0,0,0,0,0,0,0,0,0,0,0,0,0,0,0,0,0,0,0,0,0,0,0,0,0,0,0,0,0,0,0,0,0,0,0,0,0,0,0,0,0,0,0,0,0
LGA39499,0,0,0,6,0,3,3,6,3,0,0,0,20,14,6,58,0,0,0,0,0,4,3,9,0,4,5,11,16,25,20,103,0,0,0,0,0,0,0,0,0,0,0,0,0,0,0,3,0,0,0,0,0,0,0,0,0,0,0,0,0,0,0,3,0,0,0,0,0,8,3,0,0,0,0,0,0,0,3,14,0,10,13,6,3,3,3,0,0,0,0,5,13,22,7,97,0,0,3,0,0,0,0,0,0,0,0,0,0,0,0,7,0,0,0,0,0,0,0,0,0,0,0,10,4,0,0,17,0,3,3,0,3,3,9,7,0,0,0,6,3,15,3,62,0,0,0,0,0,0,3,0,0,0,3,0,0,3,4,24,0,0,0,0,0,0,0,0,0,0,0,0,4,0,0,8,0,0,0,0,0,0,0,0,0,0,0,0,0,10,0,10,0,0,0,3,0,3,0,3
LGA39799,0,0,0,0,0,0,0,0,0,0,0,0,0,0,0,0,0,0,0,0,0,0,0,0,0,0,0,0,0,0,0,0,0,0,0,0,0,0,0,0,0,0,0,0,0,0,0,0,0,0,0,0,0,0,0,0,0,0,0,0,0,0,0,0,0,0,0,0,0,0,0,0,0,0,0,0,0,0,0,0,0,0,0,0,0,0,0,0,0,0,0,0,0,0,0,0,0,0,0,0,0,0,0,0,0,0,0,0,0,0,0,0,0,0,0,0,0,0,0,0,0,0,0,0,0,0,0,0,0,0,0,0,0,0,0,0,0,0,0,0,0,0,0,0,0,0,0,0,0,0,0,0,0,0,0,0,0,0,0,0,0,0,0,0,0,0,0,0,0,0,0,0,0,0,0,0,0,0,0,0,0,0,0,0,0,0,0,0,0,0,0,0,0,0,0,0,0,0,0,0
