LGA_CODE_2016,F_ID_NS_0,F_ID_NS_1_15,F_ID_NS_16_24,F_ID_NS_25_34,F_ID_NS_35_39,F_ID_NS_40,F_ID_NS_41_48,F_ID_NS_49over,F_ID_NS_hours_NS,F_ID_NS_Tot,F_Tot_0,F_Tot_1_15,F_Tot_16_24,F_Tot_25_34,F_Tot_35_39,F_Tot_40,F_Tot_41_48,F_Tot_49over,F_Tot_hours_NS,F_Tot_Tot,P_AgriForestFish_0,P_AgriForestFish_1_15,P_AgriForestFish_16_24,P_AgriForestFish_25_34,P_AgriForestFish_35_39,P_AgriForestFish_40,P_AgriForestFish_41_48,P_AgriForestFish_49over,P_AgriForestFish_hours_NS,P_AgriForestFish_Tot,P_Min_0,P_Min_1_15,P_Min_16_24,P_Min_25_34,P_Min_35_39,P_Min_40,P_Min_41_48,P_Min_49over,P_Min_hours_NS,P_Min_Tot,P_Mnfg_0,P_Mnfg_1_15,P_Mnfg_16_24,P_Mnfg_25_34,P_Mnfg_35_39,P_Mnfg_40,P_Mnfg_41_48,P_Mnfg_49over,P_Mnfg_hours_NS,P_Mnfg_Tot,P_EGW_WS_0,P_EGW_WS_1_15,P_EGW_WS_16_24,P_EGW_WS_25_34,P_EGW_WS_35_39,P_EGW_WS_40,P_EGW_WS_41_48,P_EGW_WS_49over,P_EGW_WS_hours_NS,P_EGW_WS_Tot,P_Cnstn_0,P_Cnstn_1_15,P_Cnstn_16_24,P_Cnstn_25_34,P_Cnstn_35_39,P_Cnstn_40,P_Cnstn_41_48,P_Cnstn_49over,P_Cnstn_hours_NS,P_Cnstn_Tot,P_WTrade_0,P_WTrade_1_15,P_WTrade_16_24,P_WTrade_25_34,P_WTrade_35_39,P_WTrade_40,P_WTrade_41_48,P_WTrade_49over,P_WTrade_hours_NS,P_WTrade_Tot,P_RTrade_0,P_RTrade_1_15,P_RTrade_16_24,P_RTrade_25_34,P_RTrade_35_39,P_RTrade_40,P_RTrade_41_48,P_RTrade_49over,P_RTrade_hours_NS,P_RTrade_Tot,P_AccomFoodS_0,P_AccomFoodS_1_15,P_AccomFoodS_16_24,P_AccomFoodS_25_34,P_AccomFoodS_35_39,P_AccomFoodS_40,P_AccomFoodS_41_48,P_AccomFoodS_49over,P_AccomFoodS_hours_NS,P_AccomFoodS_Tot,P_TransPostWhse_0,P_TransPostWhse_1_15,P_TransPostWhse_16_24,P_TransPostWhse_25_34,P_TransPostWhse_35_39,P_TransPostWhse_40,P_TransPostWhse_41_48,P_TransPostWhse_49over,P_TransPostWhse_hours_NS,P_TransPostWhse_Tot,P_InfoMedTelecom_0,P_InfoMedTelecom_1_15,P_InfoMedTelecom_16_24,P_InfoMedTelecom_25_34,P_InfoMedTelecom_35_39,P_InfoMedTelecom_40,P_InfoMedTelecom_41_48,P_InfoMedTelecom_49over,P_InfoMedTelecom_hours_NS,P_InfoMedTelecom_Tot,P_FinInsurS_0,P_FinInsurS_1_15,P_FinInsurS_16_24,P_FinInsurS_25_34,P_FinInsurS_35_39,P_FinInsurS_40,P_FinInsurS_41_48,P_FinInsurS_49over,P_FinInsurS_hours_NS,P_FinInsurS_Tot,P_RentHirREserv_0,P_RentHirREserv_1_15,P_RentHirREserv_16_24,P_RentHirREserv_25_34,P_RentHirREserv_35_39,P_RentHirREserv_40,P_RentHirREserv_41_48,P_RentHirREserv_49over,P_RentHirREserv_hours_NS,P_RentHirREserv_Tot,P_ProScieTechServ_0,P_ProScieTechServ_1_15,P_ProScieTechServ_16_24,P_ProScieTechServ_25_34,P_ProScieTechServ_35_39,P_ProScieTechServ_40,P_ProScieTechServ_41_48,P_ProScieTechServ_49over,P_ProScieTechServ_hours_NS,P_ProScieTechServ_Tot,P_AdminSupServ_0,P_AdminSupServ_1_15,P_AdminSupServ_16_24,P_AdminSupServ_25_34,P_AdminSupServ_35_39,P_AdminSupServ_40,P_AdminSupServ_41_48,P_AdminSupServ_49over,P_AdminSupServ_hours_NS,P_AdminSupServ_Tot,P_PubAdmiSafety_0,P_PubAdmiSafety_1_15,P_PubAdmiSafety_16_24,P_PubAdmiSafety_25_34,P_PubAdmiSafety_35_39,P_PubAdmiSafety_40,P_PubAdmiSafety_41_48,P_PubAdmiSafety_49over,P_PubAdmiSafety_hours_NS,P_PubAdmiSafety_Tot,P_EducTrain_0,P_EducTrain_1_15,P_EducTrain_16_24,P_EducTrain_25_34,P_EducTrain_35_39,P_EducTrain_40,P_EducTrain_41_48,P_EducTrain_49over,P_EducTrain_hours_NS,P_EducTrain_Tot,P_HealthCareSocA_0,P_HealthCareSocA_1_15,P_HealthCareSocA_16_24,P_HealthCareSocA_25_34,P_HealthCareSocA_35_39,P_HealthCareSocA_40,P_HealthCareSocA_41_48,P_HealthCareSocA_49over,P_HealthCareSocA_hours_NS,P_HealthCareSocA_Tot,P_ArtRecServ_0,P_ArtRecServ_1_15,P_ArtRecServ_16_24,P_ArtRecServ_25_34,P_ArtRecServ_35_39,P_ArtRecServ_40,P_ArtRecServ_41_48,P_ArtRecServ_49over,P_ArtRecServ_hours_NS,P_ArtRecServ_Tot
LGA30250,0,0,0,0,0,0,0,0,3,7,3,12,7,19,27,15,3,19,4,97,0,0,0,0,0,0,0,0,3,4,0,0,0,3,0,0,0,3,0,6,0,0,0,0,0,0,0,3,0,3,0,0,0,0,0,0,0,0,0,0,3,0,0,0,3,0,0,7,0,15,0,0,0,0,0,0,0,0,0,0,0,0,0,7,3,3,0,0,0,17,0,0,0,0,0,0,0,0,0,0,0,0,0,0,0,0,0,0,0,3,0,0,0,0,0,0,0,0,0,0,0,0,0,0,0,0,0,0,0,0,0,0,0,0,0,0,0,0,0,0,0,0,0,0,0,0,0,0,0,0,0,0,0,0,3,0,0,0,0,6,0,5,3,4,29,17,0,7,0,67,0,0,0,7,5,3,0,6,0,31,0,0,0,0,14,6,0,6,0,24,0,0,0,5,4,0,0,0,0,9
LGA30300,0,3,4,3,10,5,0,6,10,41,38,162,132,167,137,130,46,156,22,993,23,50,33,42,44,102,38,400,16,756,0,0,0,0,0,0,0,6,0,13,0,4,3,5,5,3,6,15,0,34,0,0,0,3,3,6,4,0,0,20,3,9,6,12,18,12,4,42,0,110,0,5,3,6,8,10,12,29,3,69,4,33,20,37,36,19,12,18,8,188,3,14,16,12,4,6,4,23,3,83,0,8,11,4,7,12,5,17,4,63,0,0,0,0,0,0,0,0,0,3,3,0,4,3,0,6,4,0,0,16,0,0,0,0,3,0,0,0,0,9,0,3,6,7,4,6,0,9,0,36,0,10,6,6,3,5,0,0,0,38,5,7,3,9,39,30,15,11,0,125,10,30,24,47,15,16,20,29,0,184,13,20,30,38,51,44,9,22,3,237,0,0,0,0,0,0,0,0,0,6
LGA30370,3,12,10,3,14,13,4,8,24,95,128,453,390,501,428,391,222,540,66,3115,28,104,60,72,58,186,81,809,24,1414,65,17,21,21,74,96,210,548,15,1069,22,33,11,16,166,103,64,82,13,512,12,12,7,14,98,60,54,99,7,354,20,21,12,21,47,58,45,135,15,370,8,7,12,17,42,27,16,41,0,166,19,104,81,84,85,52,37,53,7,525,15,90,41,45,33,25,19,47,9,314,12,25,14,18,22,23,18,72,3,202,3,3,0,0,8,0,0,3,0,24,6,3,12,9,15,8,8,5,0,62,0,11,3,0,10,7,4,17,0,54,5,14,15,19,25,21,12,35,0,143,3,24,12,22,36,26,20,37,3,184,16,16,21,22,78,75,56,27,6,318,22,56,53,102,63,57,49,89,3,491,25,41,84,113,82,62,19,44,3,469,3,8,3,0,3,9,4,3,0,25
LGA30410,0,3,4,0,3,4,3,7,5,34,30,79,66,106,90,87,45,172,14,682,11,20,4,27,12,70,27,291,9,461,0,0,0,0,0,7,4,14,0,18,0,0,0,5,5,3,3,3,0,23,0,3,0,0,9,10,5,4,0,25,0,3,0,0,32,37,16,33,0,121,0,0,3,0,0,0,4,3,0,13,0,10,10,12,12,7,13,14,0,74,6,11,4,8,0,0,4,18,0,51,0,7,3,0,19,23,9,21,4,87,0,6,0,3,0,0,0,0,0,11,0,0,0,0,0,0,0,0,0,3,0,0,0,0,0,0,0,4,0,8,0,3,3,3,22,3,4,11,0,52,5,8,3,0,5,9,0,5,0,28,3,3,3,8,48,27,15,9,0,126,7,15,8,37,14,9,9,26,0,113,10,6,17,21,19,29,12,13,0,136,0,0,0,0,0,3,3,4,0,16
LGA30450,0,0,0,0,0,0,0,0,0,0,0,3,3,4,10,10,4,32,0,72,7,4,0,0,0,10,3,42,0,68,0,0,0,0,0,0,0,0,0,0,0,0,0,0,0,0,0,0,0,3,0,0,0,0,0,0,0,0,0,3,0,0,0,0,0,0,0,6,0,5,0,0,0,0,0,0,0,0,0,0,0,0,0,0,0,0,0,4,0,9,0,0,0,0,0,0,0,9,0,13,0,0,0,0,0,0,0,0,0,7,0,0,0,0,0,0,0,0,0,0,0,0,0,0,0,0,0,0,0,0,0,0,0,0,0,0,0,0,0,0,0,0,0,0,0,0,0,0,0,3,0,0,0,0,0,0,0,0,0,0,3,0,3,0,8,19,5,15,0,52,0,3,0,0,0,0,3,4,0,8,0,0,0,0,4,0,0,0,0,4,0,0,0,0,0,0,0,0,0,0
LGA30760,0,0,3,0,0,0,0,3,3,17,27,49,45,71,56,59,21,96,17,446,14,0,9,11,12,48,16,176,11,296,0,0,0,0,0,0,0,4,0,8,0,3,5,3,0,0,0,7,0,15,0,0,0,0,5,0,0,0,0,9,5,0,0,4,7,17,8,20,0,53,0,0,0,4,3,8,0,9,0,30,4,14,6,14,9,5,6,9,0,77,0,6,5,12,3,0,0,17,3,41,0,8,3,7,4,5,0,15,0,39,0,0,0,0,0,0,0,0,0,0,0,3,0,0,0,0,0,0,0,4,0,0,0,0,0,0,0,7,0,8,0,3,0,0,3,0,0,0,0,13,0,3,3,0,0,5,0,0,0,13,3,3,5,3,38,25,16,6,5,104,10,6,6,11,13,9,4,13,0,67,6,5,15,20,10,17,0,9,3,86,0,0,0,0,0,0,3,0,0,3
LGA30900,0,0,0,0,0,0,0,0,0,0,4,5,3,5,15,6,10,39,4,94,3,0,0,0,6,8,10,82,0,108,0,0,0,0,0,0,0,0,0,3,0,0,0,0,0,0,0,0,0,0,0,0,0,0,0,3,0,0,0,3,0,0,0,0,0,0,0,13,0,13,0,0,0,0,0,0,0,0,0,0,0,0,0,0,0,4,3,6,0,10,0,0,0,3,0,0,0,0,0,3,0,0,0,0,0,0,0,3,0,3,0,0,0,0,0,0,0,0,0,0,0,0,0,0,0,0,0,0,0,0,0,0,0,0,0,0,0,0,0,0,0,0,0,0,0,0,0,0,0,0,0,0,0,0,0,0,0,0,0,0,0,3,3,0,17,4,0,8,3,38,0,4,0,11,4,0,0,3,0,18,0,0,0,0,0,0,0,0,0,3,0,0,0,0,0,0,0,0,0,0
LGA31000,264,1275,960,900,1260,1180,350,609,1636,8437,11193,40138,37662,39744,55238,43310,20318,25258,3734,276593,50,248,245,235,302,428,210,484,27,2232,370,134,201,245,938,1818,1098,2687,47,7537,569,1453,1472,1848,7639,6550,3912,4663,211,28312,181,109,218,302,1116,1954,794,1113,26,5818,777,1784,1955,2594,4894,10048,5128,10817,399,38406,274,761,874,1057,3582,3829,2020,2891,90,15378,1274,10936,7212,6509,8435,5624,3408,5115,485,49001,975,11963,7511,5406,4832,3559,2312,4326,562,41446,1006,1251,1993,2787,6174,5720,3368,5230,338,27869,253,710,627,786,2376,2073,1044,1553,56,9474,731,793,1368,1680,5533,5677,2561,3909,115,22356,264,1102,951,1132,2073,2714,1348,3152,86,12823,1495,4346,4348,4709,9552,15515,6941,12480,323,59693,521,2954,3492,2349,3483,3342,1537,2430,177,20281,2135,1418,2333,3066,13328,10049,5301,4607,295,42528,2037,9334,6497,7678,10054,8903,4911,8551,425,58395,3452,7385,10630,13116,17343,12796,5257,7176,622,77779,331,2123,1157,1249,1533,1545,712,1247,110,9998
LGA31750,0,0,0,0,0,0,0,3,0,4,4,3,8,15,16,9,3,33,3,94,3,3,3,3,3,9,0,37,3,65,0,0,0,0,0,0,0,6,0,10,0,0,0,0,0,0,0,0,0,3,0,0,0,0,0,0,0,0,0,0,0,0,0,0,0,0,3,13,0,20,0,0,0,0,0,0,0,0,0,0,0,0,0,0,0,0,0,3,0,8,0,0,0,0,3,0,0,10,0,16,0,0,0,0,0,0,4,3,0,4,0,0,0,0,0,0,0,0,0,0,0,0,0,0,0,0,0,0,0,0,0,0,0,0,0,0,0,0,0,0,0,0,0,0,0,0,0,0,0,0,0,0,0,0,0,0,0,0,0,0,3,0,0,4,19,11,9,7,3,58,0,0,0,7,0,0,0,3,0,7,0,0,0,0,0,0,0,3,0,3,0,0,3,0,0,0,0,0,0,3
LGA31820,31,80,60,60,54,40,26,30,140,520,645,2591,2348,3226,3195,1784,980,1457,310,16534,70,258,234,401,390,548,334,1034,66,3332,74,10,23,13,40,32,97,393,15,695,46,112,110,166,429,537,364,404,12,2183,9,15,6,27,122,63,33,57,5,334,72,160,133,242,425,575,316,609,38,2563,15,47,42,57,140,134,91,140,9,682,123,825,503,642,727,332,264,431,37,3887,47,697,359,405,200,153,115,324,42,2345,49,116,96,127,171,178,125,381,23,1268,12,37,13,31,61,40,31,32,0,260,32,27,47,55,152,88,45,74,3,516,8,54,46,53,119,57,53,95,4,486,31,153,99,132,206,218,99,200,5,1144,33,246,167,154,161,142,60,120,11,1088,79,86,91,111,647,309,168,150,16,1649,104,376,363,665,425,340,268,440,32,3018,276,365,733,1180,1401,774,311,441,60,5533,14,83,25,35,41,26,19,41,3,283
LGA31900,5,28,9,6,12,5,6,8,43,120,136,585,505,646,599,429,230,344,77,3556,41,99,77,89,130,261,157,789,33,1674,16,3,3,5,9,5,29,120,7,193,16,29,24,44,202,276,191,159,13,951,5,4,3,6,21,41,17,15,0,124,11,32,21,41,65,80,47,95,12,398,0,11,3,11,23,34,17,22,0,115,26,148,75,115,127,83,62,84,5,720,14,139,57,56,38,24,13,50,4,388,9,25,17,9,29,34,26,74,5,228,0,8,0,6,5,0,3,4,0,26,5,4,10,24,34,17,13,14,3,118,0,8,3,4,11,10,11,14,0,68,11,22,30,29,63,36,24,42,3,259,3,41,38,43,27,17,8,19,7,198,20,23,20,30,148,60,29,40,3,370,26,79,100,131,63,57,42,100,6,598,35,77,111,173,154,108,45,42,10,755,0,18,9,4,0,0,0,4,0,38
LGA31950,0,0,0,0,0,0,0,0,3,0,3,6,3,7,9,14,6,20,3,64,0,0,0,0,0,9,0,22,0,26,0,0,0,0,0,0,0,0,0,0,0,0,0,0,0,0,0,0,0,0,0,0,0,0,0,0,0,0,0,0,0,0,0,0,5,3,0,3,0,5,0,0,0,0,0,0,0,0,0,0,0,0,0,0,0,0,4,0,0,11,0,0,0,0,0,4,3,4,3,17,0,0,0,0,3,0,0,0,0,8,0,0,0,0,0,0,0,0,0,0,0,0,0,0,0,0,0,0,0,0,0,0,0,0,0,0,0,0,0,0,0,0,0,0,0,0,0,3,0,3,0,0,0,0,0,3,0,0,0,7,3,4,0,0,8,11,3,5,0,37,4,0,0,0,0,3,0,0,0,10,0,0,0,0,0,0,0,3,0,3,0,0,0,0,0,0,3,0,0,3
LGA32080,44,157,116,117,135,119,57,79,276,1091,1415,4566,4429,6540,8042,4846,2389,3189,593,36009,40,115,94,116,163,215,64,348,21,1175,122,9,28,17,45,75,78,651,19,1051,52,147,113,196,609,676,358,515,25,2700,14,8,15,28,137,227,104,109,6,663,172,307,303,525,915,1395,815,1408,62,5901,35,79,82,150,438,378,234,301,13,1705,214,1426,927,1280,1632,824,594,738,56,7690,169,1351,955,1335,1178,727,536,914,97,7273,195,241,311,519,915,811,594,936,58,4590,18,42,34,89,128,108,72,98,3,591,46,70,87,133,240,222,116,169,7,1085,34,111,98,127,315,295,172,289,14,1456,86,322,259,371,665,695,353,614,19,3392,82,392,321,511,656,463,247,372,57,3099,344,186,238,368,1818,1287,710,782,65,5796,236,726,701,1204,1182,904,553,938,51,6503,511,696,1202,2030,2718,1702,618,872,100,10445,38,244,154,199,324,188,124,151,16,1440
LGA32250,0,4,0,3,3,0,0,5,6,17,7,30,20,47,75,54,28,89,17,371,0,7,0,5,4,21,11,92,0,149,0,0,0,0,0,0,0,0,0,4,0,0,0,0,0,0,0,3,0,9,0,0,0,0,3,5,0,3,0,12,4,0,4,3,13,9,3,30,0,67,0,0,0,3,0,3,0,9,0,14,0,5,0,9,5,10,14,10,0,53,3,10,6,6,12,3,11,18,8,66,0,0,5,3,11,6,7,14,0,44,0,0,0,0,0,0,0,0,0,3,0,0,0,0,0,0,0,0,0,3,0,0,0,0,0,0,0,3,0,4,0,0,0,0,0,0,0,0,0,3,0,4,0,6,9,0,0,3,0,28,7,5,3,9,30,17,22,23,6,118,0,9,4,21,4,15,6,12,0,75,3,3,8,5,26,19,3,12,0,82,0,0,0,0,0,0,0,0,0,4
LGA32260,12,37,31,41,37,14,9,8,52,237,231,824,804,1093,1047,617,296,564,124,5595,66,150,240,340,586,447,163,601,55,2634,20,3,0,3,9,15,13,140,0,213,17,35,35,39,164,291,137,207,17,943,6,3,5,5,37,31,23,14,0,132,26,56,69,78,110,146,75,186,14,758,3,19,13,20,38,43,13,38,3,187,33,227,127,172,214,98,80,115,10,1082,26,194,90,121,80,63,45,122,11,759,25,27,48,49,75,67,57,169,5,515,4,6,5,8,10,3,0,19,0,54,7,13,15,22,26,20,13,10,0,129,3,13,16,11,27,23,10,18,3,124,13,47,36,43,58,42,22,67,0,329,9,63,44,57,68,43,14,39,7,354,27,22,24,48,198,106,96,76,11,608,39,112,129,226,106,100,73,160,10,959,63,87,164,252,252,162,48,78,18,1114,0,25,12,22,28,26,11,8,0,134
LGA32270,9,29,28,26,17,12,6,14,45,191,287,916,748,834,834,650,435,955,109,5772,46,92,65,78,74,203,108,1032,27,1719,163,62,63,72,239,236,663,1720,55,3269,7,26,9,12,53,40,36,114,3,299,7,3,7,0,23,29,23,50,0,142,20,40,34,44,79,131,83,246,12,702,16,12,14,15,38,53,53,110,0,318,42,258,130,158,181,96,76,133,7,1086,40,218,121,126,92,52,43,148,17,847,29,34,45,42,87,113,59,149,7,568,0,6,3,3,16,3,8,8,0,53,8,14,15,17,17,27,16,20,0,122,7,14,12,15,46,30,20,69,4,214,15,44,19,24,46,56,44,73,10,328,11,92,41,54,40,31,24,82,4,383,32,25,32,26,173,113,66,76,9,551,50,123,143,215,140,134,77,173,6,1062,51,83,112,125,129,100,36,63,10,706,3,13,16,7,14,5,3,4,0,70
LGA32310,3,13,4,16,9,3,3,11,15,71,107,307,265,374,368,281,130,395,44,2264,16,34,20,23,27,87,29,315,14,569,26,8,4,12,18,21,72,273,3,438,3,8,5,14,24,20,14,36,8,134,0,3,0,0,5,10,3,6,0,29,14,15,6,22,39,55,26,91,11,265,0,3,9,10,10,16,10,27,0,84,10,85,47,65,88,39,37,61,12,445,16,76,51,40,22,24,10,40,3,274,3,17,14,21,20,27,14,60,6,172,0,3,0,0,10,0,3,10,0,22,3,7,7,5,10,4,5,3,3,41,0,0,0,6,8,8,5,12,0,46,3,12,8,13,17,13,0,19,0,89,3,22,13,19,20,11,3,21,0,104,23,13,26,23,96,53,24,34,0,298,28,58,55,115,100,78,52,132,9,623,35,34,71,101,109,109,18,47,8,536,0,6,3,6,8,3,6,4,0,40
LGA32330,0,0,0,0,0,0,0,0,0,0,3,14,8,8,26,9,0,4,0,67,0,0,0,0,0,0,0,0,0,0,0,0,0,0,0,0,0,0,0,0,0,0,0,0,0,0,0,0,0,0,0,0,0,0,0,0,0,0,0,0,0,0,0,0,0,0,0,0,0,0,0,0,0,0,0,0,0,0,0,0,0,0,0,0,0,0,0,0,0,0,0,0,0,0,0,0,0,0,0,0,0,0,0,0,0,0,0,0,0,0,0,0,0,0,0,0,0,0,0,0,0,3,0,0,0,0,0,0,0,3,0,0,0,0,0,0,0,0,0,0,0,0,0,0,0,0,0,0,0,0,0,0,0,0,0,0,0,0,0,0,0,0,0,0,21,4,4,8,0,40,0,3,4,13,3,3,0,0,0,29,0,3,0,3,17,3,0,4,0,29,0,0,0,0,0,0,0,0,0,0
LGA32450,0,0,0,3,3,0,0,0,3,19,23,49,45,68,89,114,35,146,8,584,6,8,5,7,6,29,8,105,4,175,15,7,3,3,11,17,31,299,6,388,0,0,0,0,0,12,5,10,0,28,0,0,0,0,0,0,0,3,0,6,3,0,3,3,8,15,12,59,4,106,3,0,0,5,4,4,0,6,0,19,0,12,5,7,19,13,5,18,0,83,0,6,7,4,0,5,6,34,0,63,9,3,3,11,22,47,18,46,4,151,0,0,0,0,0,0,0,3,0,7,0,0,0,0,3,4,3,0,0,13,3,0,0,0,0,0,0,3,0,7,0,0,3,3,0,4,0,6,0,14,0,4,5,4,5,3,0,12,0,36,5,4,3,16,41,36,17,15,0,141,0,7,10,21,13,19,6,17,0,99,9,8,9,6,13,22,0,13,0,72,0,0,0,0,0,3,0,0,0,8
LGA32500,0,3,3,5,3,4,3,6,8,32,22,80,73,139,152,100,61,143,27,790,10,3,16,6,32,24,19,104,10,231,3,0,0,0,3,3,0,8,0,22,0,5,0,0,3,3,0,3,0,15,0,0,0,4,6,3,0,4,0,22,9,10,12,18,15,29,14,66,6,185,0,0,3,3,0,0,0,0,0,6,0,11,13,25,18,11,11,19,0,120,0,20,14,27,30,24,20,61,0,205,3,10,4,4,0,8,3,13,0,47,0,0,0,0,0,0,0,0,0,3,0,0,3,0,0,0,0,0,0,5,0,3,0,0,0,0,0,4,0,6,0,4,3,6,8,3,4,5,0,38,6,14,10,6,12,5,0,7,0,62,8,9,0,18,56,43,24,16,3,176,3,12,15,44,22,18,13,32,3,154,8,10,18,40,43,51,6,22,3,195,0,4,6,3,16,8,10,5,0,52
LGA32600,0,0,0,0,0,0,0,0,0,0,0,7,9,3,3,4,3,19,0,51,0,0,0,6,0,5,0,29,0,44,0,0,0,0,0,0,0,0,0,4,0,0,0,0,0,0,0,0,0,0,0,0,0,0,0,0,0,0,0,0,0,0,3,0,0,0,0,3,0,11,0,0,0,0,0,0,0,0,0,0,0,0,0,0,0,0,0,0,0,4,0,0,0,0,0,0,0,3,0,3,0,0,0,0,0,0,0,0,0,0,0,0,0,0,0,0,0,0,0,0,0,0,0,0,0,0,0,0,0,0,0,0,0,0,0,0,0,0,0,0,0,0,0,0,0,0,0,0,0,0,0,0,0,0,0,0,0,0,0,0,0,4,3,0,7,9,3,6,0,29,0,4,3,3,0,0,0,3,0,12,0,0,0,0,3,4,0,0,0,5,0,0,0,0,0,0,0,0,0,0
LGA32750,0,0,0,0,0,0,0,0,0,0,4,3,6,8,8,10,10,21,0,76,3,4,4,3,0,4,5,27,0,52,0,0,0,0,0,0,0,0,0,0,0,0,0,0,0,0,0,0,0,3,0,0,0,0,0,0,0,0,0,0,0,0,0,0,0,0,0,5,0,10,0,0,0,0,0,0,0,0,0,0,0,0,0,0,0,0,0,0,0,4,0,0,0,0,0,0,4,8,0,17,0,0,0,0,0,0,0,0,0,0,0,0,0,0,0,0,0,0,0,0,0,0,0,0,0,0,0,0,0,0,0,0,0,0,0,0,0,0,0,0,0,0,0,0,0,0,0,0,0,3,0,3,0,0,3,0,0,0,0,5,0,0,0,4,6,10,3,14,0,40,0,0,0,3,0,3,0,0,0,7,0,0,0,3,0,0,0,0,0,5,0,0,0,0,0,3,0,0,0,3
LGA32770,0,0,0,0,0,0,0,0,3,7,7,38,3,24,32,16,8,13,4,144,0,0,0,0,0,0,0,3,0,6,0,0,0,0,0,0,0,0,0,0,0,0,0,0,0,0,0,0,0,0,0,0,0,0,0,0,0,0,0,0,0,3,0,0,4,0,0,3,0,8,0,0,0,0,0,0,0,0,0,0,0,8,0,0,3,0,0,4,0,20,0,0,0,0,3,0,0,0,0,3,0,0,0,0,0,0,0,0,0,0,0,0,0,0,0,0,0,0,0,0,0,0,0,0,0,0,0,0,0,0,0,0,0,0,0,0,0,0,0,0,0,3,0,0,0,0,0,0,0,3,0,0,0,0,0,0,0,0,0,0,0,20,3,8,13,3,5,9,3,57,3,16,3,24,17,3,5,7,3,78,3,12,0,0,14,5,0,4,0,47,0,0,0,0,0,0,0,0,0,0
LGA32810,10,10,9,13,14,6,0,16,21,92,102,311,356,520,458,310,209,377,59,2698,5,17,15,15,10,36,13,85,0,196,12,0,0,0,0,0,3,27,0,52,3,9,8,14,29,66,36,55,6,230,0,0,0,0,12,6,7,3,0,33,18,29,34,42,52,72,32,100,7,377,0,0,3,10,14,9,3,3,0,39,19,95,71,93,90,42,29,51,4,496,21,76,124,207,257,166,167,307,30,1352,12,34,34,42,61,68,48,93,8,395,0,3,0,3,8,9,4,10,0,34,3,4,3,7,8,9,3,4,0,44,3,8,8,13,18,21,12,35,3,121,6,22,22,24,13,31,9,42,0,174,11,41,40,75,54,55,46,83,7,414,16,13,17,19,76,41,12,33,3,238,21,40,38,65,51,31,27,56,3,332,32,39,80,102,60,59,13,21,14,414,0,8,12,15,32,20,10,22,0,118
LGA33100,0,0,0,0,0,0,0,0,0,3,4,15,10,16,18,16,9,65,0,158,9,8,4,8,7,19,3,105,3,164,0,0,0,0,0,0,0,3,0,3,0,3,0,0,0,0,0,0,0,3,0,0,0,0,4,3,0,0,0,3,3,0,0,0,0,0,0,11,0,17,0,0,0,0,0,0,0,0,0,0,0,0,0,0,3,0,3,3,0,10,0,3,5,3,0,0,3,10,0,28,0,0,0,4,0,3,0,3,0,14,0,0,0,0,0,0,0,0,0,0,0,0,0,0,0,0,0,0,0,0,0,0,0,0,0,0,0,0,0,0,3,0,0,3,0,0,0,0,0,14,0,0,0,0,0,3,0,3,0,10,4,6,3,4,12,5,3,13,0,50,0,6,0,3,0,0,0,3,0,17,3,0,0,0,4,4,0,0,0,15,0,0,0,0,0,0,0,0,0,0
LGA33200,0,3,0,0,0,3,0,0,4,11,5,37,34,54,48,60,11,94,12,353,4,11,4,13,8,33,10,189,3,280,0,0,0,0,0,0,0,6,0,7,0,0,0,0,3,3,0,0,0,11,0,0,0,0,3,3,0,3,0,12,3,3,3,3,3,7,0,7,0,34,0,0,0,0,0,7,0,0,0,8,3,11,10,13,5,4,4,10,3,56,0,5,4,8,4,3,3,9,4,39,0,8,3,0,9,22,3,18,0,65,0,0,0,0,0,0,0,0,0,0,0,0,0,0,0,0,0,3,0,5,0,0,0,0,0,0,0,3,0,3,0,0,0,0,0,5,0,0,0,7,0,3,0,0,0,3,0,3,0,16,3,0,8,12,30,18,14,15,3,101,0,9,3,3,7,7,0,11,0,44,3,0,8,9,7,11,0,0,3,37,0,0,0,0,0,0,0,0,0,3
LGA33220,30,101,52,65,48,36,4,45,138,505,681,2772,2281,3187,3115,1659,824,1357,307,16192,32,77,73,96,90,135,69,299,11,876,75,17,5,7,44,36,53,328,7,572,59,94,77,141,446,309,291,330,28,1764,22,11,18,26,140,140,53,65,0,484,86,205,176,272,459,640,302,621,37,2798,17,47,44,44,112,86,51,85,7,488,116,933,575,623,715,306,233,410,45,3956,75,780,394,426,309,195,151,398,44,2763,49,113,132,151,198,182,106,333,23,1274,11,33,28,34,100,55,19,22,3,314,20,29,45,57,79,66,29,65,3,388,15,45,39,56,123,107,49,114,9,561,30,155,107,133,213,167,70,167,11,1059,34,287,152,156,175,127,44,112,11,1104,116,104,99,145,796,324,191,183,24,1987,110,410,337,717,478,379,259,415,20,3118,282,430,792,1289,1371,763,311,449,60,5744,11,83,31,30,54,31,13,22,14,301
LGA33360,20,50,34,45,37,39,7,33,82,351,502,1959,1692,1946,1991,1417,853,1273,182,11829,12,58,46,50,24,76,41,200,6,509,59,10,12,16,98,159,180,435,13,986,140,97,85,107,412,654,1313,850,29,3682,25,18,30,24,176,189,115,193,6,782,105,158,125,178,339,503,334,1211,36,2991,14,25,20,37,101,107,100,133,0,533,91,618,384,407,427,208,172,252,29,2586,55,546,275,293,179,130,84,234,30,1832,128,100,119,122,352,426,307,626,19,2205,3,11,10,16,27,16,9,19,4,110,11,21,34,19,63,50,22,35,3,254,9,35,38,49,84,88,51,115,0,473,52,119,78,83,171,195,120,735,18,1575,32,158,99,107,134,97,74,133,8,838,62,56,68,103,419,205,154,120,11,1201,98,295,289,438,280,260,145,331,22,2146,92,214,364,417,410,308,126,130,20,2079,5,65,10,22,27,25,10,19,0,183
LGA33430,165,805,567,659,679,644,176,352,1004,5050,4588,19865,18128,22971,25187,16944,7489,9734,2166,127077,38,169,128,166,169,208,101,308,12,1293,153,46,47,49,114,194,161,1056,19,1834,316,823,786,1054,3187,3116,1901,2708,111,14000,44,50,54,80,320,409,179,380,3,1516,644,1451,1644,2565,3866,7676,3772,7976,369,29955,133,335,391,497,1347,1474,878,1230,39,6321,794,5826,3975,4518,5625,3164,1951,3151,297,29292,608,6021,3911,4023,3609,2518,1573,2645,333,25241,365,675,828,1206,1648,1685,1031,2252,146,9840,84,310,311,372,1001,825,374,738,30,4051,205,379,500,759,1572,1549,595,1103,46,6711,135,660,688,858,1347,1553,759,1664,61,7717,351,1617,1392,1718,2666,3513,1522,3101,102,15978,306,1787,1538,1728,2094,1807,710,1202,136,11307,576,479,698,874,3369,2618,1245,1128,93,11075,777,2878,2287,3593,3818,3201,1578,2835,162,21125,1360,2813,4420,6870,7562,4811,1766,2499,296,32380,244,1286,925,1373,1388,1088,537,777,100,7721
LGA33610,9,6,4,8,8,12,0,3,23,76,108,325,301,384,342,283,135,319,49,2250,37,75,58,78,71,227,100,676,17,1342,4,0,0,3,0,0,4,17,0,37,3,3,8,17,27,24,40,40,4,167,3,0,0,3,9,16,12,4,0,52,7,18,14,21,39,83,43,119,3,350,3,5,3,9,26,29,20,30,0,132,28,64,69,75,80,65,36,68,4,480,3,84,33,34,36,12,10,56,8,280,4,22,17,19,27,21,21,65,4,202,0,3,3,0,3,5,0,0,0,22,0,0,12,9,7,10,9,6,0,64,0,3,5,0,5,11,3,14,0,35,3,18,9,22,28,21,11,38,3,159,0,34,8,12,7,14,4,10,0,96,9,8,5,18,52,33,27,22,0,168,15,45,54,89,44,53,35,65,3,401,33,40,80,78,94,56,26,43,3,449,0,7,0,3,3,0,8,0,0,24
LGA33620,23,51,21,34,24,17,10,24,83,287,401,1526,1243,1722,1322,764,428,831,157,8385,52,163,118,175,118,216,74,601,31,1551,38,3,6,4,21,20,47,220,3,369,51,86,78,137,393,277,247,239,13,1522,4,7,5,10,35,37,20,38,0,153,67,115,97,151,234,318,166,455,19,1625,15,36,35,48,84,72,42,70,3,409,81,406,267,355,355,157,129,212,19,1987,31,334,188,176,111,78,56,128,12,1099,32,77,67,78,97,91,61,268,9,785,3,18,16,20,32,18,12,20,4,135,7,12,14,34,44,29,10,20,3,176,13,29,22,24,51,38,24,64,4,275,25,93,64,89,121,71,46,122,3,633,15,136,58,101,88,62,22,73,4,561,50,49,59,91,304,189,73,81,6,901,75,214,231,345,183,182,97,211,15,1551,130,248,315,521,361,191,81,163,21,2019,4,43,17,15,24,14,13,16,3,153
LGA33800,3,14,6,11,3,0,0,6,20,69,84,360,321,409,322,201,101,193,46,2037,19,55,28,51,48,115,49,398,22,769,8,0,0,0,6,3,14,52,0,80,13,17,13,20,108,160,120,101,7,566,0,0,0,0,11,15,3,10,0,40,9,14,13,21,48,48,31,58,8,243,3,3,6,3,14,10,13,10,0,68,15,87,57,57,57,41,33,60,4,413,5,89,33,29,21,17,13,37,8,265,4,9,18,16,26,15,14,28,3,126,0,8,4,3,3,0,3,3,0,20,9,3,5,9,24,13,3,12,0,78,3,11,7,3,13,0,3,4,0,32,5,17,9,22,33,24,12,23,6,155,4,29,14,17,22,18,3,6,4,112,7,11,11,27,108,44,27,28,10,271,18,50,64,81,53,41,30,58,0,407,25,56,88,137,88,52,24,40,9,517,4,10,0,4,6,3,0,3,0,29
LGA33830,0,0,0,0,0,0,0,0,3,3,3,4,5,20,43,9,0,5,3,96,0,0,0,0,0,0,0,0,0,3,0,0,0,0,0,0,0,21,0,24,0,0,0,0,0,0,0,0,0,0,0,0,0,0,0,0,0,0,0,0,0,0,0,0,4,0,0,0,0,7,0,0,0,0,0,0,0,0,0,0,0,0,0,3,3,0,0,0,0,5,0,0,0,0,0,0,0,0,0,0,0,0,0,0,0,0,0,0,0,0,0,0,0,0,0,0,0,0,0,0,0,0,0,0,0,0,0,0,0,0,0,0,0,0,0,0,0,0,0,0,0,0,0,0,0,0,0,0,0,0,0,0,0,0,6,0,0,0,0,11,0,0,0,17,53,3,0,0,0,75,0,0,4,8,6,3,0,0,0,19,0,0,0,3,7,8,0,0,0,21,0,0,0,0,0,3,0,0,0,4
LGA33960,50,137,118,173,222,185,61,73,257,1264,1818,5250,4871,6717,9470,5599,2637,2793,613,39773,12,64,55,81,138,157,60,130,13,697,46,4,16,25,94,113,90,353,14,754,211,288,296,679,2666,1954,1165,1085,79,8425,27,24,28,53,260,289,143,217,11,1060,185,292,301,477,1187,1795,1041,1685,79,7049,64,99,102,167,748,646,438,420,23,2714,266,1555,1148,1332,1971,1013,636,848,81,8839,139,1607,708,672,502,365,237,373,59,4655,174,221,354,461,1195,961,704,1332,68,5464,32,100,56,71,277,164,80,104,3,884,92,72,138,209,749,436,156,218,14,2099,35,99,77,111,365,309,138,242,6,1384,131,307,279,302,838,851,414,548,26,3697,102,462,350,400,633,398,222,243,43,2862,397,212,332,474,2386,1801,1087,875,75,7647,279,788,761,1379,1384,859,520,836,50,6846,588,864,1427,2219,2897,1669,540,764,116,11091,29,187,103,103,160,111,59,69,5,826
LGA33980,7,22,10,5,12,17,7,10,29,109,209,577,439,546,464,429,372,864,76,3977,27,60,41,44,29,121,63,634,14,1041,233,73,64,106,213,228,726,2064,54,3757,13,15,8,20,32,30,50,120,3,297,3,4,0,3,23,16,15,30,0,109,9,31,9,15,35,48,32,169,3,346,3,3,9,9,9,22,18,59,3,130,16,101,99,99,80,32,33,45,5,510,30,141,71,87,67,41,57,143,6,650,12,27,21,36,58,68,38,127,9,401,0,4,3,4,3,5,0,7,0,19,0,3,3,3,9,3,3,0,0,30,3,8,5,7,16,10,9,35,4,102,3,20,11,14,18,17,14,44,3,143,9,39,22,39,42,30,37,126,7,355,21,14,16,29,154,66,58,45,5,406,32,82,88,133,61,87,65,109,6,657,29,61,53,52,51,65,18,49,6,386,0,21,10,9,5,0,0,0,0,55
LGA34420,0,0,0,0,0,0,0,0,0,0,0,19,17,23,10,20,12,9,0,113,0,0,0,0,0,3,0,4,0,6,0,0,0,0,0,0,0,0,0,0,0,0,0,0,0,0,0,0,0,0,0,0,0,0,0,0,0,0,0,0,0,0,0,0,0,8,0,6,0,13,0,0,0,0,0,0,0,0,0,0,0,0,7,0,0,0,4,0,0,12,0,0,0,0,0,0,0,3,0,3,0,0,0,0,0,0,0,0,0,4,0,0,0,0,0,0,0,0,0,0,0,0,0,0,0,0,0,0,0,0,0,0,0,0,0,0,0,0,0,0,0,0,0,0,0,0,0,0,0,0,0,0,0,3,3,0,0,0,0,5,0,18,7,7,12,27,5,5,0,91,0,3,3,16,8,5,10,3,0,51,0,3,0,4,0,7,0,0,0,22,0,0,0,0,0,0,0,0,0,0
LGA34530,7,31,22,32,23,19,4,16,51,214,321,1211,1015,1314,1387,876,475,743,135,7475,21,70,47,51,65,87,35,252,9,627,106,19,24,29,127,114,225,785,26,1463,19,46,17,42,123,118,70,125,9,571,10,3,11,19,64,112,38,49,0,309,50,117,84,130,202,347,180,365,20,1499,15,17,6,28,96,60,62,74,3,361,56,352,203,241,221,144,112,153,13,1500,31,322,165,192,127,73,46,154,14,1125,24,45,28,58,114,104,61,164,13,613,3,10,13,9,21,12,12,17,0,92,8,20,20,21,45,40,20,31,0,203,7,34,25,26,46,37,24,52,4,252,11,78,46,61,104,89,51,100,0,552,17,87,69,53,81,64,30,78,4,478,55,31,40,53,379,213,99,117,8,986,88,190,193,279,294,211,155,250,14,1675,92,143,257,364,376,260,108,130,20,1757,9,44,15,18,32,18,15,13,0,170
LGA34570,4,0,0,0,0,0,0,0,3,5,3,8,4,18,9,18,3,11,9,86,0,0,0,0,0,0,0,0,0,3,0,0,0,0,0,0,0,0,0,0,0,0,0,0,0,0,0,0,0,0,0,0,0,0,0,0,0,0,0,0,0,0,0,0,0,0,0,10,0,7,0,0,0,0,0,0,0,0,0,0,0,3,0,3,0,0,0,0,0,9,0,0,0,0,0,0,0,0,0,0,0,0,0,0,0,0,0,0,0,0,0,0,0,0,0,0,0,0,0,0,0,0,0,0,0,0,0,0,0,0,0,0,0,0,0,0,0,0,0,0,0,0,0,0,0,0,0,0,0,0,0,0,0,0,0,0,0,0,0,0,0,3,3,12,11,8,3,5,4,50,0,9,0,6,8,11,0,3,3,41,0,0,3,0,0,7,7,4,0,26,0,0,0,0,0,0,0,0,0,3
LGA34580,13,40,12,27,40,32,13,16,66,255,331,1224,1033,1362,1376,842,487,633,158,7456,49,166,172,290,281,348,209,618,43,2177,18,4,4,11,24,16,14,109,3,211,26,56,56,125,279,267,140,140,22,1114,11,12,13,24,39,37,28,56,3,218,40,74,57,89,194,292,180,365,22,1307,16,33,14,36,99,107,71,77,3,455,45,275,167,228,287,138,134,146,14,1428,29,350,124,120,72,53,42,68,21,879,43,68,76,83,148,173,115,362,22,1098,4,15,3,3,26,21,10,14,3,96,11,9,17,20,68,30,28,22,0,205,3,22,6,18,41,30,17,55,0,199,23,86,75,81,118,93,53,73,4,592,34,116,49,71,70,56,29,34,3,465,54,28,50,60,325,159,113,95,12,891,44,196,193,265,273,163,87,197,13,1441,107,154,225,349,331,180,73,104,19,1542,3,35,27,22,20,14,10,12,3,142
LGA34590,85,300,259,267,488,359,91,151,533,2530,2464,8279,7827,10428,14596,8421,3837,4286,1167,61309,19,106,91,141,259,188,97,209,22,1134,53,11,22,25,88,149,107,415,7,889,265,452,479,774,4149,2925,1841,1840,124,12839,34,26,44,56,316,312,176,298,15,1270,382,697,760,1225,2432,4203,2134,3724,221,15780,106,208,220,364,1546,1263,714,770,46,5225,403,2556,1820,2143,2893,1614,978,1310,157,13863,176,2245,1095,1049,829,588,359,565,113,7015,318,413,631,942,1970,1850,1168,2292,176,9757,48,102,91,113,391,268,138,190,8,1355,144,100,207,298,931,644,258,313,23,2917,53,179,163,205,534,498,247,427,22,2322,161,515,451,586,1214,1372,570,909,40,5824,155,719,616,690,1077,729,325,451,82,4843,363,271,434,553,2350,1449,734,634,71,6859,399,1229,1153,2034,1947,1270,684,1106,74,9900,691,1263,1888,3118,4191,2020,774,1036,190,15175,66,365,186,209,258,194,100,153,15,1554
LGA34710,0,7,3,4,4,3,0,3,15,41,61,89,78,129,179,170,89,155,27,980,11,11,8,12,8,51,16,160,0,280,3,0,0,0,3,4,0,5,0,14,0,9,3,4,8,15,3,5,0,45,0,0,0,0,12,3,0,3,0,16,5,4,4,8,17,25,18,48,0,129,0,0,0,0,9,11,7,15,0,39,3,33,9,33,36,21,18,26,0,184,13,25,15,14,17,7,8,30,3,123,0,7,8,12,15,13,5,19,0,72,0,0,0,3,7,7,0,4,0,25,3,0,0,3,4,10,6,4,0,35,0,0,0,0,6,3,0,9,0,19,0,4,0,9,17,8,8,8,0,57,3,11,5,7,13,6,3,13,0,60,14,5,8,6,50,47,31,31,3,198,8,9,26,33,20,24,36,31,0,183,23,4,11,28,62,64,19,24,4,251,0,0,3,6,11,8,5,3,3,47
LGA34770,46,117,85,91,113,73,26,49,198,794,1032,3763,3265,4148,4655,2925,1627,2346,451,24213,53,156,118,126,111,228,130,886,41,1844,363,113,146,180,675,600,1150,3201,95,6516,84,157,140,185,683,904,545,684,36,3425,23,13,15,21,118,121,95,97,3,516,137,257,201,315,650,693,482,1127,58,3922,64,71,61,109,493,356,315,477,16,1969,178,1128,729,868,1049,424,336,488,49,5252,101,980,470,545,350,240,162,385,64,3297,147,163,168,236,640,564,461,924,45,3343,14,26,23,35,71,44,18,53,0,289,37,40,57,71,172,147,80,82,8,701,21,77,45,75,208,146,81,204,6,863,73,213,174,234,436,385,218,420,15,2161,48,268,176,194,239,197,127,262,24,1532,106,93,149,155,698,511,322,251,29,2318,164,514,459,745,565,460,349,645,38,3933,251,449,779,1124,1358,856,330,426,66,5647,11,111,60,56,50,36,22,51,8,406
LGA34800,0,0,0,0,0,0,0,0,0,3,3,12,10,19,21,34,10,90,7,204,0,0,5,0,3,23,11,141,9,190,3,0,0,0,0,0,5,43,0,50,0,0,0,0,0,0,0,0,0,4,0,0,0,0,0,0,0,0,0,3,0,0,0,3,0,10,3,16,0,32,0,0,0,0,0,0,0,4,0,7,0,0,4,4,3,4,3,9,0,28,0,0,0,0,3,0,0,22,0,27,0,3,0,0,0,3,0,3,0,11,0,0,0,0,0,0,0,0,0,0,0,0,0,0,0,0,0,3,0,4,0,0,0,0,0,0,0,0,0,3,0,0,0,0,0,0,0,0,0,3,0,0,0,0,0,0,0,3,0,7,3,0,0,5,15,17,9,13,0,62,0,3,0,5,3,0,0,3,0,15,0,0,0,3,7,12,0,0,0,20,0,0,0,0,0,0,0,0,0,0
LGA34830,0,0,0,0,0,0,0,0,0,0,0,0,3,3,22,4,4,8,0,35,0,0,0,0,0,0,0,0,0,0,0,0,0,0,0,0,3,0,0,7,0,0,0,0,0,0,0,0,0,3,0,0,0,0,0,0,0,0,0,3,0,0,0,0,0,0,0,0,0,3,0,0,0,0,0,0,0,0,0,0,0,0,0,0,0,0,0,0,0,3,0,0,0,0,0,0,0,0,0,0,0,0,0,0,0,0,0,0,0,0,0,0,0,0,0,0,0,0,0,0,0,0,0,0,0,0,0,0,0,0,0,0,0,0,0,0,0,0,0,0,0,0,0,0,0,0,0,0,0,0,0,0,0,0,0,0,0,0,0,4,0,3,3,0,31,0,3,0,0,37,0,0,0,0,4,0,3,3,0,4,3,0,0,0,0,3,0,3,0,8,0,0,0,0,0,0,0,0,0,0
LGA34860,7,25,7,13,13,16,0,16,26,117,118,373,300,369,544,458,204,529,57,2955,16,86,47,72,37,150,68,738,23,1239,25,7,5,10,30,44,25,131,9,275,4,9,8,17,56,43,22,48,0,216,9,3,3,11,24,38,25,50,0,150,13,22,20,26,47,85,73,171,4,464,4,22,6,10,25,39,20,43,3,178,10,76,48,60,95,62,39,88,5,476,20,63,26,40,53,29,27,64,5,320,14,21,14,27,50,38,17,105,3,293,0,0,3,3,6,3,3,3,0,32,3,3,5,8,19,9,8,9,0,67,0,10,5,3,14,13,11,27,0,85,8,23,15,8,25,17,15,41,3,143,3,29,16,15,12,13,8,21,0,115,32,20,30,28,191,115,74,60,3,566,21,60,57,80,72,56,35,73,0,463,32,35,75,88,152,171,42,89,12,690,3,5,3,6,6,9,3,7,3,40
LGA34880,3,24,13,19,19,16,7,12,38,149,190,602,531,725,709,496,240,425,89,3988,32,104,98,149,220,207,128,450,16,1398,34,3,4,9,7,7,17,140,0,229,17,27,19,39,88,74,54,66,8,385,7,3,3,9,23,29,15,18,0,95,25,52,26,57,85,140,54,159,8,615,3,12,19,17,35,38,19,23,0,170,23,135,93,127,151,80,53,72,15,750,10,133,75,93,47,36,26,73,15,514,22,29,17,48,58,54,35,102,3,376,0,10,7,4,14,3,3,8,0,46,6,8,4,13,24,13,9,11,0,85,3,14,12,6,18,18,11,16,3,97,7,37,34,42,36,25,31,32,3,249,11,51,45,47,52,27,12,28,0,276,38,32,35,36,256,104,54,52,8,616,30,98,70,142,90,89,45,96,10,665,51,75,141,189,201,146,37,74,12,937,4,20,13,15,28,16,5,21,3,124
LGA35010,110,450,313,354,429,345,118,222,630,2984,3895,13792,12790,16141,18970,12022,5461,6646,1435,91156,58,247,342,447,398,401,130,469,43,2524,155,33,42,69,206,264,240,1054,20,2082,278,576,548,784,3769,2708,1701,2156,124,12650,101,39,75,117,504,698,358,423,10,2321,476,1021,987,1579,2979,5209,2716,5178,263,20414,92,280,236,368,1329,1288,678,916,32,5223,635,4124,2605,2989,4129,2329,1530,2094,220,20655,307,3899,1649,1589,1269,875,621,1025,149,11380,458,556,757,1098,2447,2259,1426,2524,168,11695,65,181,134,176,587,481,245,300,19,2195,218,163,322,473,1463,1193,498,634,29,4980,86,273,235,305,671,696,343,695,25,3325,284,956,887,928,1941,2418,1075,1814,73,10370,215,1068,790,893,1292,1028,446,670,75,6476,776,441,692,939,4153,2972,1661,1445,138,13217,617,2154,1902,2903,2557,2024,1175,1979,109,15419,1242,2212,3808,5556,6005,3440,1320,1584,235,25400,93,685,293,345,375,348,144,240,18,2556
LGA35250,0,0,0,0,0,0,0,0,3,3,4,6,19,23,52,23,6,22,7,157,0,0,0,0,0,3,0,0,0,3,0,0,0,0,0,0,0,0,0,0,0,0,0,0,0,0,0,0,0,0,0,0,0,0,0,0,0,0,0,0,0,0,0,0,0,0,0,0,0,3,0,0,0,0,0,0,0,0,0,0,0,3,5,3,0,7,3,3,0,28,0,0,0,0,0,0,0,0,0,0,0,0,0,0,0,0,0,0,0,0,0,0,0,0,0,0,0,0,0,0,0,0,0,0,0,0,0,0,0,0,0,0,0,0,0,0,0,0,0,0,0,0,0,0,0,0,0,0,0,3,0,4,3,6,5,4,0,8,3,41,3,0,0,3,42,17,9,17,0,95,0,3,6,15,17,7,11,8,3,63,3,0,0,0,16,15,0,6,3,37,0,0,0,3,0,0,0,0,0,3
LGA35300,3,13,6,9,11,15,5,12,37,113,185,387,321,566,860,739,438,524,73,4104,4,5,0,3,7,24,6,67,4,130,166,22,19,15,71,207,1188,1064,30,2783,7,20,3,16,32,68,47,70,3,259,7,0,3,3,13,22,25,25,0,97,12,18,13,27,50,98,40,125,5,392,3,4,0,0,34,44,27,57,0,179,19,157,77,104,160,89,51,77,4,729,19,84,41,100,78,59,32,48,9,476,14,17,13,17,62,63,49,97,3,333,5,11,0,7,14,14,3,9,4,56,0,4,3,9,18,15,8,9,0,67,3,11,8,10,26,11,10,33,4,114,6,9,3,6,37,26,25,40,0,155,11,32,27,30,44,48,44,55,5,293,15,16,15,23,165,164,70,75,13,557,27,52,71,182,131,117,63,110,4,754,59,51,78,125,290,260,58,93,3,1008,0,11,3,4,6,3,3,13,0,47
LGA35600,0,5,3,4,5,4,0,0,14,34,46,113,96,155,205,145,62,161,29,1014,8,17,9,23,15,59,21,197,14,367,3,0,0,0,0,0,0,3,0,11,3,9,6,16,52,12,20,14,0,132,0,0,0,0,0,9,3,3,0,17,4,3,3,8,11,21,14,40,0,106,0,9,3,6,23,10,13,11,0,70,0,31,15,29,53,23,20,25,0,194,3,23,14,14,15,4,5,29,3,108,0,8,12,13,24,11,3,31,3,95,0,0,0,0,8,3,0,0,0,12,0,0,0,0,0,6,0,0,0,12,0,0,0,0,9,0,0,3,0,9,3,4,0,5,9,10,3,11,0,45,6,12,4,3,6,9,0,3,0,44,6,4,4,15,73,58,14,18,7,200,8,16,15,38,25,15,16,44,0,188,12,17,22,33,67,68,10,30,3,264,0,0,0,0,0,3,0,0,0,6
LGA35670,0,0,0,0,0,0,0,0,0,0,3,8,3,8,12,7,3,3,0,55,0,0,0,0,0,0,0,3,0,5,3,6,0,0,0,3,19,4,0,41,0,0,0,0,0,0,0,0,0,3,0,0,0,0,0,0,0,0,0,0,0,0,0,0,3,0,0,0,0,4,0,0,0,0,0,0,0,0,0,0,0,0,3,0,0,0,0,0,0,6,0,0,0,0,0,0,0,0,0,0,0,0,0,0,0,0,0,0,0,4,0,0,0,0,0,0,0,0,0,0,0,0,0,0,0,0,0,0,0,0,0,0,0,0,0,0,0,0,0,0,0,0,0,0,0,0,0,0,0,3,0,0,0,0,0,0,0,0,0,5,0,3,0,5,14,8,6,8,0,48,0,0,0,0,0,0,0,0,0,3,0,0,0,3,6,4,0,0,0,14,0,0,0,0,0,0,0,0,0,0
LGA35740,16,87,45,68,44,52,9,35,89,445,409,2062,1719,2232,1589,1226,580,948,173,10935,12,50,31,61,45,61,19,65,4,347,28,9,9,9,10,14,14,180,4,283,28,76,56,96,181,177,92,174,4,877,13,5,9,9,35,41,26,30,0,156,75,178,126,257,330,547,259,541,38,2354,15,46,51,51,88,97,47,94,0,483,58,560,355,470,380,265,178,270,18,2552,82,551,368,472,335,270,180,413,22,2687,39,74,89,99,105,89,56,154,4,710,8,25,25,29,39,39,20,37,0,216,13,51,46,44,63,99,39,86,9,452,18,79,54,87,109,115,66,135,3,664,37,169,148,187,193,230,94,254,12,1335,35,220,150,169,124,124,52,113,11,1002,45,58,53,96,212,154,95,83,10,809,65,315,219,350,231,260,136,247,10,1829,137,329,514,691,497,332,146,207,25,2877,11,95,44,74,61,52,27,41,3,408
LGA35760,0,12,7,6,0,5,0,14,21,67,87,293,284,331,246,230,136,347,43,1999,32,95,73,123,86,215,134,595,29,1382,4,9,0,4,4,11,18,99,6,149,3,12,8,15,26,35,31,47,3,174,3,0,4,0,11,9,3,10,0,42,9,14,12,14,22,44,21,79,4,216,0,6,0,4,10,10,3,18,0,62,10,56,53,50,48,26,29,45,3,319,4,45,22,17,13,16,3,45,8,183,4,12,25,19,9,23,14,43,5,145,0,0,0,0,3,3,0,0,0,13,3,0,7,3,3,9,0,4,0,37,4,3,3,4,3,4,7,6,0,37,0,7,7,5,11,8,8,19,0,74,7,17,7,25,29,29,21,34,3,172,6,7,11,13,93,22,29,40,6,219,12,42,46,76,25,44,27,52,3,331,32,44,75,91,69,67,21,32,3,425,3,3,3,3,3,0,5,0,0,18
LGA35780,0,0,3,0,0,0,0,0,4,9,17,28,38,67,130,64,20,56,8,424,0,0,0,0,0,3,0,3,0,4,0,0,0,0,0,0,0,0,0,3,0,0,0,0,0,0,0,3,0,5,0,0,0,0,4,0,0,0,0,4,6,0,4,8,19,11,9,17,3,69,0,0,0,0,0,0,0,0,0,0,0,10,3,8,17,3,0,17,0,57,0,0,3,3,0,5,4,5,0,30,0,0,0,0,0,0,3,7,0,14,0,0,0,0,0,0,0,0,0,0,0,0,0,0,0,0,0,0,0,0,0,0,0,0,0,0,0,0,0,3,0,0,0,0,3,0,0,0,0,8,0,0,0,3,3,0,0,0,0,6,9,10,12,17,81,23,6,18,0,180,4,5,5,34,35,17,6,29,0,135,7,9,9,21,59,47,7,21,4,178,0,0,0,0,0,0,0,0,0,3
LGA35790,0,0,0,0,0,0,0,0,0,4,9,45,18,37,40,39,11,42,3,252,0,0,0,0,0,0,0,0,0,3,0,0,0,0,0,0,0,0,0,0,0,0,0,0,0,0,0,0,0,0,0,0,0,0,0,0,0,0,0,0,0,0,3,0,0,3,0,4,0,10,0,0,0,0,0,0,0,0,0,0,0,8,3,0,0,0,0,3,0,11,0,0,3,0,0,3,0,5,0,14,0,0,0,0,0,0,0,0,0,3,0,0,0,0,0,0,0,0,0,0,0,0,0,0,0,0,0,0,0,0,0,0,0,0,0,0,0,0,0,3,0,0,0,3,0,0,3,0,0,9,0,0,0,6,0,3,0,4,0,9,3,21,6,15,35,17,6,23,0,123,0,23,15,27,12,12,3,18,0,112,6,23,4,16,20,25,10,23,0,135,0,0,0,0,0,0,0,0,0,0
LGA35800,0,0,4,3,0,0,0,3,0,11,19,36,31,47,42,59,23,84,7,358,9,9,8,9,7,31,13,128,3,214,0,0,0,0,3,0,0,3,0,9,0,0,0,0,0,3,0,4,0,12,0,0,0,0,3,0,0,0,0,7,0,3,3,0,3,3,4,12,0,34,0,0,0,3,0,0,0,3,0,13,7,3,0,10,7,6,7,11,0,53,0,3,9,0,0,5,4,18,0,41,0,0,3,8,0,7,0,9,0,28,0,3,0,0,0,0,0,0,0,3,0,0,0,0,3,0,0,0,0,3,0,0,0,0,0,0,0,0,0,0,0,0,0,0,0,3,0,0,0,10,0,3,0,0,0,0,0,0,0,13,8,7,4,5,20,21,10,15,0,90,3,10,8,15,11,6,3,9,3,67,3,8,5,8,10,17,4,12,0,68,0,0,0,0,5,3,0,0,0,11
LGA36070,0,0,0,0,0,0,0,0,0,3,0,26,8,12,11,13,6,13,0,95,0,0,0,0,0,3,0,13,0,18,0,0,0,0,0,0,0,0,0,0,0,0,0,0,0,0,0,0,0,0,0,0,0,0,0,0,0,0,0,0,0,4,0,0,0,0,0,4,0,10,0,0,0,0,0,0,0,0,0,0,0,3,0,0,0,0,3,3,0,13,0,0,0,0,0,3,0,0,0,4,0,0,0,0,0,0,0,0,0,0,0,0,0,0,0,0,0,0,0,0,0,0,0,0,0,0,0,0,0,0,0,0,0,0,0,0,0,0,0,0,0,0,0,0,0,0,0,0,0,3,0,0,0,0,3,3,0,0,0,3,0,28,4,3,14,12,0,9,5,69,0,9,0,4,0,0,4,4,0,25,0,7,0,5,4,6,0,3,0,32,0,3,0,0,0,3,0,0,0,9
LGA36150,0,0,0,0,0,0,0,0,3,5,11,21,9,26,28,29,17,58,7,204,3,4,0,5,0,14,8,88,0,130,0,0,0,0,0,0,0,3,0,5,0,0,0,0,0,0,0,3,0,10,0,0,0,0,0,5,0,0,0,7,0,0,0,3,0,5,0,15,0,29,0,0,0,0,0,0,0,0,0,3,0,3,0,4,5,5,3,9,0,29,0,9,0,0,0,0,0,9,0,29,8,0,3,4,4,5,0,9,0,28,0,0,0,0,0,0,0,0,0,0,0,0,0,0,0,0,0,0,0,3,0,0,0,0,0,0,0,3,0,3,0,0,0,0,0,0,0,3,0,3,0,0,0,0,0,0,0,0,0,3,3,0,3,3,18,26,5,4,0,63,3,9,0,14,0,8,0,7,0,39,0,0,3,0,10,12,4,7,0,30,0,0,0,0,4,0,0,0,0,6
LGA36250,44,181,120,125,196,145,48,86,211,1157,1318,5225,4781,5942,7004,4726,2060,2543,491,34082,19,61,69,79,96,86,51,108,0,565,45,14,13,28,65,165,106,372,3,807,136,221,257,353,1362,1187,796,1002,45,5360,27,16,25,39,172,231,107,163,7,795,205,369,391,623,1121,2156,1169,2211,94,8345,64,101,130,165,550,623,359,453,18,2457,208,1631,949,1016,1249,760,538,831,67,7241,93,1449,566,526,366,288,172,383,47,3893,147,211,261,373,777,796,512,998,51,4130,28,86,76,63,235,169,98,148,8,909,92,80,136,189,463,423,200,285,15,1887,27,140,114,144,228,284,119,282,13,1342,92,397,322,407,709,957,416,760,23,4097,54,461,332,362,433,389,177,281,23,2513,227,144,244,322,1374,909,434,407,40,4089,209,790,682,1036,981,797,449,816,31,5802,409,783,1393,1952,2051,1226,412,566,73,8872,22,235,115,119,138,120,61,106,5,930
LGA36300,0,0,0,0,0,3,0,0,3,11,7,20,15,20,29,23,13,56,10,197,6,9,0,0,7,16,13,98,3,143,0,0,0,0,0,0,0,3,0,3,0,0,0,0,0,6,0,6,0,15,0,0,0,0,0,3,0,0,0,4,0,0,0,0,3,0,0,9,0,21,0,0,0,0,0,0,0,4,0,8,0,3,0,4,0,5,0,7,0,17,3,4,0,3,3,0,0,8,0,19,0,0,3,0,3,3,3,7,0,24,0,0,0,0,0,0,0,0,0,0,0,3,0,0,0,0,0,0,0,8,0,0,0,0,0,0,0,0,0,6,0,0,3,0,0,3,0,0,0,4,3,3,0,0,0,0,0,0,0,12,0,0,4,3,27,24,3,14,0,76,0,0,3,0,5,4,3,3,0,22,0,0,0,7,3,8,0,3,0,26,0,0,0,0,0,0,0,0,0,0
LGA36370,23,71,31,50,81,49,15,27,98,450,791,2374,2130,2827,3698,2146,982,1394,243,16582,32,60,51,64,64,88,54,274,14,698,94,23,35,35,214,140,288,898,29,1750,37,114,43,100,691,496,226,293,36,2043,39,23,48,58,246,292,122,121,8,951,74,134,111,176,456,606,289,587,31,2476,18,50,42,51,354,195,120,177,7,1012,125,794,503,534,723,344,259,327,38,3642,81,818,381,352,299,182,88,244,32,2469,83,102,95,170,513,358,264,511,24,2121,7,40,19,16,64,41,23,37,0,252,19,30,40,59,111,86,46,69,0,466,10,36,30,43,127,67,67,101,3,480,39,129,102,127,267,226,108,235,3,1228,37,141,115,138,172,109,69,110,20,908,128,77,124,149,867,429,278,235,17,2303,143,386,341,613,659,457,268,459,23,3352,289,354,628,1004,1291,885,285,413,54,5192,9,91,25,27,37,38,19,32,3,288
LGA36510,8,57,32,50,30,32,16,18,65,307,338,1377,1199,1527,1263,961,466,791,170,8090,32,159,105,144,123,195,127,569,25,1488,13,0,3,3,9,14,25,107,0,174,35,67,70,105,217,250,168,217,22,1150,9,6,8,13,44,53,26,44,3,207,47,120,107,186,230,424,200,474,28,1817,14,43,29,34,80,101,60,89,7,448,46,304,186,230,232,157,122,163,20,1457,41,334,173,183,135,79,66,136,21,1164,28,58,90,70,101,116,74,223,11,779,8,22,11,11,23,22,9,42,0,154,18,20,21,29,52,49,15,31,0,237,5,18,23,24,49,59,24,63,3,280,23,75,87,99,104,168,73,140,14,774,18,134,66,87,68,70,33,66,15,555,68,40,58,65,317,198,133,138,17,1031,81,189,199,316,228,208,117,223,17,1586,96,173,295,395,367,227,79,130,25,1778,9,57,30,37,60,49,12,55,4,325
LGA36580,4,16,15,17,21,11,10,15,43,153,181,641,613,782,735,532,259,439,102,4282,28,69,54,82,58,135,52,348,21,850,8,0,5,9,4,5,12,92,6,141,21,71,50,113,218,293,156,200,17,1145,11,4,9,10,41,35,19,39,0,169,26,56,29,57,116,196,88,258,21,853,8,18,8,14,56,59,39,39,6,254,22,173,118,143,140,79,57,91,12,836,12,124,61,66,27,38,20,42,8,401,22,46,49,47,76,78,75,187,8,580,0,15,3,0,14,5,9,4,0,50,4,4,6,22,32,13,13,13,0,100,3,11,11,21,20,17,13,31,0,127,3,24,27,44,51,61,22,50,0,278,15,59,37,39,38,42,10,15,0,261,44,23,34,41,222,108,98,61,10,638,30,102,102,164,108,72,53,101,5,733,55,66,161,200,204,132,37,63,14,939,8,34,19,17,12,20,0,18,3,122
LGA36630,3,33,18,11,11,17,9,12,54,171,236,893,803,1039,901,603,307,633,114,5535,28,94,81,113,96,171,86,655,30,1356,27,6,6,7,37,24,57,267,7,440,45,48,52,106,323,198,151,147,8,1075,14,4,21,19,119,80,43,80,3,376,29,59,47,71,92,143,98,203,6,734,8,21,15,25,40,28,22,47,0,206,44,262,155,191,223,124,84,138,13,1241,23,188,101,115,60,35,26,97,13,654,20,60,44,44,36,35,19,101,9,373,3,11,3,11,12,8,10,10,0,74,4,3,15,17,25,25,4,16,0,111,0,7,9,13,19,17,16,37,0,122,6,42,32,48,64,49,30,50,3,325,9,82,34,32,34,21,8,29,0,248,34,30,27,45,221,104,78,62,9,607,48,120,158,280,131,142,87,183,17,1169,76,166,231,368,292,195,75,120,16,1534,3,23,3,9,12,7,3,3,0,66
LGA36660,17,38,15,31,22,18,7,13,73,230,308,1202,954,1219,1079,741,344,689,162,6684,53,169,155,219,183,288,146,691,35,1941,13,3,0,3,15,18,11,73,0,143,30,81,59,92,299,303,159,197,8,1232,5,0,3,5,36,32,15,17,3,115,32,57,69,103,169,193,117,259,17,1009,0,25,10,12,43,52,33,64,3,251,56,328,203,216,311,164,117,168,20,1586,36,368,139,137,94,68,42,179,21,1070,38,81,48,57,128,105,92,247,16,799,3,7,5,13,32,14,15,8,0,104,3,10,17,29,37,27,21,21,0,157,7,16,20,15,29,20,13,37,0,159,26,65,46,40,89,73,31,82,3,454,8,77,31,52,45,34,9,42,4,314,36,56,32,41,225,121,61,53,5,638,56,163,166,252,171,134,97,223,15,1275,97,132,251,365,292,204,74,137,16,1573,4,37,13,18,13,13,3,18,3,124
LGA36720,78,415,284,301,246,233,73,160,445,2227,2467,11577,10083,12385,10671,7342,3506,4994,972,64007,64,236,222,303,281,367,213,583,35,2299,208,42,34,24,87,95,176,1188,22,1884,148,486,399,598,1421,1178,824,1163,54,6267,57,50,38,67,282,279,185,269,14,1241,440,888,876,1433,2046,3843,2019,4033,183,15766,59,217,175,239,540,571,336,572,17,2731,426,3097,1960,2311,2404,1389,945,1495,146,14176,269,3198,1652,1759,1187,866,641,1251,108,10923,219,339,356,574,725,622,417,1077,70,4402,36,164,131,165,278,271,134,202,9,1399,108,168,215,332,871,787,430,634,22,3568,61,320,228,313,529,548,256,658,23,2932,196,872,753,892,1209,1389,595,1323,59,7280,152,1017,737,820,791,642,284,502,57,4998,315,301,360,462,1589,1177,627,585,58,5477,446,1712,1415,2026,1777,1543,927,1703,84,11634,904,1871,3228,4519,3667,2603,983,1458,170,19408,80,611,309,304,313,358,158,258,20,2405
LGA36820,3,30,20,16,18,12,4,17,42,154,224,866,675,843,734,482,255,569,92,4738,32,102,87,124,157,178,105,478,18,1281,31,3,6,8,16,12,16,167,7,257,13,30,25,44,83,75,61,82,3,411,3,4,3,3,25,25,18,14,0,103,37,62,62,74,82,143,95,213,14,783,8,14,9,13,30,37,20,28,0,155,29,231,101,190,191,94,83,126,7,1058,14,182,74,98,50,40,24,114,9,608,11,44,33,32,37,35,24,103,3,324,3,9,9,14,9,11,6,4,0,67,5,14,14,11,21,23,5,18,0,121,6,22,14,16,24,15,11,19,3,130,13,61,52,59,56,54,19,63,0,374,16,75,38,33,21,37,13,27,3,269,39,23,35,42,211,103,61,62,10,573,48,159,118,180,131,104,76,146,9,965,103,138,216,243,245,163,45,92,15,1263,5,22,16,21,19,15,12,23,0,127
LGA36910,38,154,87,110,117,90,22,76,201,901,1498,5258,4670,6002,6888,3974,2254,3035,489,34072,132,364,294,378,414,673,394,1803,75,4533,98,22,23,36,124,155,136,672,22,1285,87,239,224,346,1498,869,671,845,56,4840,34,11,15,32,185,276,100,178,3,835,157,333,277,373,811,1233,934,1880,59,6056,47,107,89,153,473,475,323,448,16,2137,201,1341,885,1051,1300,617,499,786,72,6756,133,1451,584,603,475,255,210,461,53,4226,114,215,194,251,412,401,316,1051,46,3002,13,40,25,45,141,113,65,64,0,494,88,71,123,181,599,354,190,254,10,1876,26,90,74,78,187,159,122,278,13,1033,94,359,273,321,664,565,301,564,22,3165,55,389,234,251,319,209,91,173,23,1734,249,211,234,306,1418,1055,693,531,38,4734,305,971,851,1302,1515,980,719,1112,54,7806,535,830,1543,2187,2384,1468,609,846,98,10501,31,175,62,77,111,77,37,99,3,667
LGA36950,0,3,5,3,3,5,0,3,18,32,24,55,45,82,129,166,48,110,41,713,0,4,0,0,4,3,3,4,0,28,0,0,0,0,0,0,0,0,0,4,0,0,0,0,0,0,0,0,0,8,0,0,0,0,3,3,0,0,0,9,6,15,6,12,13,31,17,24,0,112,0,0,0,0,0,3,0,0,0,3,0,11,10,19,14,14,5,16,5,97,0,7,4,8,9,10,7,23,3,71,3,5,8,6,14,20,18,25,9,105,0,0,0,0,0,0,3,0,0,9,0,0,0,0,0,3,0,3,0,5,0,0,0,0,3,0,0,0,0,5,0,0,0,0,0,9,0,4,3,16,0,4,3,6,7,6,0,10,0,35,14,12,7,17,65,67,21,45,9,259,5,14,11,32,24,44,15,37,3,185,13,18,15,19,46,110,17,41,14,298,0,3,0,0,3,0,0,3,0,9
LGA36960,0,0,0,3,3,0,0,0,4,11,12,54,49,85,92,51,11,65,10,438,0,0,0,0,3,3,0,0,0,4,0,0,0,0,0,0,0,0,0,0,0,0,0,0,0,0,0,0,0,0,0,0,0,0,0,0,0,0,0,0,0,8,0,3,4,14,3,22,0,42,0,0,0,0,0,0,0,0,0,0,3,15,15,13,10,3,3,7,0,73,0,0,0,3,0,0,0,0,0,5,0,3,0,0,0,3,0,0,0,11,0,0,0,0,0,0,0,4,0,4,0,0,0,0,0,0,0,0,0,0,0,0,0,0,0,0,0,0,0,0,0,0,0,0,0,0,0,0,0,0,0,3,0,3,3,0,0,0,0,6,3,34,24,21,110,73,8,57,13,339,10,17,15,60,12,16,5,30,7,176,4,15,19,13,33,27,3,16,0,131,0,5,0,4,5,0,0,0,0,16
LGA37010,42,154,103,120,167,120,36,75,239,1064,1979,5878,4901,6906,9541,5631,2967,3698,590,42090,23,70,57,59,67,90,45,188,11,612,170,27,45,42,117,142,257,1247,29,2069,105,218,150,198,1058,788,706,778,36,4037,45,27,35,76,323,438,165,212,7,1325,211,335,329,524,1231,1586,894,1884,77,7066,51,78,84,98,488,476,254,344,14,1877,277,2023,1153,1243,1632,727,595,807,72,8538,232,2106,953,966,795,466,333,639,95,6581,142,197,214,385,882,696,560,979,55,4122,44,75,54,93,345,194,100,134,6,1049,53,58,92,112,343,259,139,234,4,1305,36,101,70,119,354,265,128,284,12,1377,105,327,283,351,807,778,391,708,24,3785,74,422,298,384,635,336,154,320,26,2673,598,336,402,537,2820,2833,2001,2171,120,11810,341,1008,850,1336,1558,1116,678,1340,57,8277,663,821,1396,2433,3142,2208,828,1052,109,12659,45,297,106,117,208,126,98,130,17,1146
LGA37300,0,0,0,3,3,5,4,3,7,23,57,70,76,105,128,139,200,112,17,901,0,0,0,0,0,3,0,3,0,10,50,21,12,13,20,37,573,173,5,906,4,4,3,0,3,7,43,65,6,143,0,0,0,0,0,0,0,4,0,13,3,4,5,13,6,17,9,44,0,105,0,0,0,0,0,8,10,5,0,18,6,23,15,17,16,15,4,8,3,103,3,10,14,15,16,19,13,20,0,108,0,3,10,3,13,10,6,20,0,67,0,0,0,0,0,0,0,0,0,3,0,0,0,0,4,4,0,3,0,11,0,0,0,0,3,4,4,3,0,25,0,6,3,3,3,0,0,5,0,19,3,4,3,6,5,18,6,12,0,61,0,0,0,8,20,19,11,7,3,63,10,17,15,37,19,19,25,42,3,191,17,9,19,15,30,57,21,13,0,174,0,0,0,0,0,3,3,0,0,6
LGA37310,14,32,14,24,24,24,6,18,41,198,292,1089,817,1038,935,788,434,888,123,6400,69,196,138,171,132,364,201,1465,49,2788,46,13,11,12,35,44,68,345,11,595,10,43,23,50,141,118,145,193,6,727,17,13,11,24,80,71,66,135,3,410,58,80,38,73,129,235,168,514,17,1309,16,41,30,13,66,84,60,102,3,410,46,256,133,208,247,132,123,173,10,1332,33,255,121,114,100,50,34,128,10,844,22,49,38,54,70,72,48,216,13,569,3,10,7,4,13,3,9,9,0,57,3,15,8,20,41,31,21,30,0,174,7,16,11,8,37,30,12,42,5,164,13,51,42,38,97,82,48,90,4,464,13,83,43,50,29,34,18,47,6,324,41,43,64,67,227,149,131,74,9,801,43,160,135,230,130,147,112,204,17,1176,60,110,157,219,206,165,65,87,17,1075,3,24,12,9,15,3,3,6,0,72
LGA37340,17,38,21,34,34,36,12,22,61,274,314,885,823,1269,1250,946,638,977,147,7258,29,96,71,151,114,261,153,557,29,1463,77,16,18,40,77,45,139,589,22,1021,8,35,31,41,108,154,100,140,10,626,9,4,0,3,29,26,21,26,3,112,40,70,68,96,172,252,183,284,22,1183,11,16,13,14,43,51,45,56,3,253,45,287,160,274,292,162,95,168,12,1500,54,249,187,282,353,408,385,538,20,2483,54,55,83,123,183,254,155,305,10,1217,4,8,10,13,19,10,9,16,0,85,16,10,13,29,30,22,11,16,3,140,11,14,14,20,53,46,33,65,3,259,18,40,48,58,84,81,46,102,3,482,21,87,82,121,115,107,74,172,13,790,36,29,22,34,178,109,47,70,8,533,54,111,115,192,125,95,74,195,6,971,61,96,154,197,257,145,77,105,18,1115,8,24,8,16,24,23,20,26,6,156
LGA37400,0,0,0,0,3,0,0,0,0,8,17,16,18,34,39,49,15,72,8,271,3,5,4,8,3,23,4,100,0,150,4,0,0,0,0,0,0,0,0,5,3,0,0,0,0,3,0,4,0,10,0,0,0,0,0,3,0,3,0,10,3,0,0,5,6,4,8,11,0,38,0,0,0,0,0,3,0,3,0,12,0,0,4,4,8,5,4,9,0,48,0,4,7,5,0,0,0,21,0,39,0,0,0,6,6,4,4,12,0,35,0,0,0,0,0,0,0,0,0,0,0,0,0,0,0,0,0,0,0,3,0,0,0,0,0,0,0,0,0,0,0,0,0,0,0,0,0,3,0,8,0,0,0,0,0,3,0,0,0,3,4,5,7,5,31,15,7,9,6,87,3,0,0,13,4,3,3,7,0,32,5,0,0,5,7,11,4,7,0,41,3,0,0,0,10,0,0,3,0,13
LGA37550,0,0,0,0,0,0,0,0,0,0,0,9,7,13,35,11,4,9,3,95,0,0,0,0,0,6,0,3,0,10,0,0,0,0,0,0,0,0,0,0,0,0,0,0,0,0,0,0,0,0,0,0,0,0,0,0,0,0,0,0,0,0,0,0,0,0,0,0,0,3,0,0,0,0,0,0,0,0,0,0,0,0,0,0,0,0,0,0,0,3,0,0,0,0,0,0,0,0,0,3,0,0,0,0,0,0,0,0,0,0,0,0,0,0,0,0,0,0,0,0,0,0,0,0,0,0,0,0,0,0,0,0,0,0,0,0,0,0,0,0,0,0,3,4,0,0,0,0,0,8,0,0,0,0,0,0,0,0,0,0,3,3,3,5,24,6,3,0,0,45,0,0,3,13,14,3,0,3,0,38,0,5,0,3,20,3,3,4,3,42,0,0,0,0,0,0,0,0,0,0
LGA37570,0,0,0,0,0,0,0,0,0,0,0,5,4,4,13,0,0,4,0,28,0,0,0,0,0,0,0,0,0,0,0,0,0,0,0,0,0,0,0,0,0,0,0,0,0,0,0,0,0,0,0,0,0,0,0,0,0,0,0,0,0,0,0,0,0,0,0,0,0,0,0,0,0,0,0,0,0,0,0,0,0,0,0,0,0,0,0,0,0,0,0,0,0,0,0,0,0,0,0,0,0,0,0,0,0,0,0,0,0,0,0,0,0,0,0,0,0,0,0,0,0,0,0,0,0,0,0,0,0,0,0,0,0,0,0,0,0,0,0,0,0,0,0,0,0,0,0,0,0,0,0,0,0,0,0,0,0,0,0,3,0,9,3,0,11,0,0,0,0,25,0,0,0,0,7,0,0,3,0,3,0,0,5,0,3,6,0,0,0,10,0,0,0,0,0,0,0,0,0,0
LGA37600,0,0,0,0,0,0,0,0,8,8,8,22,10,24,43,20,5,30,14,184,0,0,0,0,0,0,0,0,0,4,0,0,0,0,0,0,0,0,0,0,0,0,0,0,0,0,0,0,0,0,0,0,0,0,0,0,0,0,0,0,0,0,0,0,0,0,0,0,0,4,0,0,0,0,0,0,0,0,0,0,0,7,0,0,0,0,0,0,0,5,0,0,0,0,0,0,0,0,0,3,0,0,0,0,0,0,0,0,0,0,0,0,0,0,0,0,0,0,0,0,0,0,0,0,0,0,0,0,0,0,0,0,0,0,0,0,0,0,0,0,0,0,0,0,0,3,0,0,0,7,0,0,0,0,0,0,0,0,0,3,4,6,6,3,36,8,3,22,0,92,4,13,4,21,7,10,7,10,4,68,0,3,4,7,28,11,0,17,3,79,0,0,0,0,0,0,0,0,0,0
LGA39499,5,10,3,10,4,9,0,7,27,74,91,161,180,210,209,167,97,170,56,1336,5,17,38,82,69,61,43,86,12,420,12,0,4,0,9,4,9,54,3,92,7,3,12,13,44,25,22,24,4,153,0,0,0,0,4,8,3,10,0,29,27,17,23,32,34,53,19,90,12,298,0,0,4,4,18,13,3,7,0,55,9,24,34,27,18,23,15,21,6,177,11,54,50,67,47,48,24,62,11,381,11,7,10,21,25,17,14,39,6,154,3,0,4,6,0,6,0,5,0,26,4,3,3,0,6,4,0,3,0,28,0,3,0,3,3,10,10,5,0,42,10,15,3,10,18,35,13,30,0,129,10,26,25,22,18,18,10,26,0,162,12,3,9,12,42,25,12,18,3,131,19,21,18,20,17,17,7,23,0,140,16,26,26,41,47,44,11,25,3,244,4,15,7,9,9,10,6,14,0,72
LGA39799,0,0,0,0,0,0,0,0,0,5,12,3,6,3,5,3,3,4,0,33,0,0,0,0,0,0,0,0,0,3,0,0,0,0,0,0,0,0,0,0,0,0,0,0,0,0,0,0,0,0,0,0,0,0,0,0,0,0,0,0,0,0,0,0,0,0,0,5,0,14,0,0,0,0,0,0,0,0,0,0,3,0,0,0,0,0,0,0,0,5,0,0,0,0,0,0,0,0,0,3,0,0,0,0,3,0,0,0,0,4,0,0,0,0,0,0,0,0,0,0,0,0,0,0,0,0,0,0,0,0,0,0,0,0,0,0,0,0,0,0,0,0,0,0,0,0,0,0,0,0,0,0,0,0,0,3,0,0,0,0,0,0,0,0,0,0,0,0,0,4,0,0,0,0,0,3,0,0,0,4,3,0,0,3,0,3,0,0,0,10,0,0,0,0,0,0,0,0,0,0
