LGA_CODE_2016,M_Emp_FullT_15_19,M_Emp_FullT_20_24,M_Emp_FullT_25_34,M_Emp_FullT_35_44,M_Emp_FullT_45_54,M_Emp_FullT_55_64,M_Emp_FullT_65_74,M_Emp_FullT_75_84,M_Emp_FullT_85ov,M_Emp_FullT_Tot,M_Emp_PartT_15_19,M_Emp_PartT_20_24,M_Emp_PartT_25_34,M_Emp_PartT_35_44,M_Emp_PartT_45_54,M_Emp_PartT_55_64,M_Emp_PartT_65_74,M_Emp_PartT_75_84,M_Emp_PartT_85ov,M_Emp_PartT_Tot,M_Emp_awy_f_wrk_15_19,M_Emp_awy_f_wrk_20_24,M_Emp_awy_f_wrk_25_34,M_Emp_awy_f_wrk_35_44,M_Emp_awy_f_wrk_45_54,M_Emp_awy_f_wrk_55_64,M_Emp_awy_f_wrk_65_74,M_Emp_awy_f_wrk_75_84,M_Emp_awy_f_wrk_85ov,M_Emp_awy_f_wrk_Tot,M_Hours_wkd_NS_15_19,M_Hours_wkd_NS_20_24,M_Hours_wkd_NS_25_34,M_Hours_wkd_NS_35_44,M_Hours_wkd_NS_45_54,M_Hours_wkd_NS_55_64,M_Hours_wkd_NS_65_74,M_Hours_wkd_NS_75_84,M_Hours_wkd_NS_85ov,M_Hours_wkd_NS_Tot,M_Tot_Emp_15_19,M_Tot_Emp_20_24,M_Tot_Emp_25_34,M_Tot_Emp_35_44,M_Tot_Emp_45_54,M_Tot_Emp_55_64,M_Tot_Emp_65_74,M_Tot_Emp_75_84,M_Tot_Emp_85ov,M_Tot_Emp_Tot,M_Unem_look_FTW_15_19,M_Unem_look_FTW_20_24,M_Unem_look_FTW_25_34,M_Unem_look_FTW_35_44,M_Unem_look_FTW_45_54,M_Unem_look_FTW_55_64,M_Unem_look_FTW_65_74,M_Unem_look_FTW_75_84,M_Unem_look_FTW_85ov,M_Unem_look_FTW_Tot,M_Unem_look_PTW_15_19,M_Unem_look_PTW_20_24,M_Unem_look_PTW_25_34,M_Unem_look_PTW_35_44,M_Unem_look_PTW_45_54,M_Unem_look_PTW_55_64,M_Unem_look_PTW_65_74,M_Unem_look_PTW_75_84,M_Unem_look_PTW_85ov,M_Unem_look_PTW_Tot,M_Tot_Unemp_15_19,M_Tot_Unemp_20_24,M_Tot_Unemp_25_34,M_Tot_Unemp_35_44,M_Tot_Unemp_45_54,M_Tot_Unemp_55_64,M_Tot_Unemp_65_74,M_Tot_Unemp_75_84,M_Tot_Unemp_85ov,M_Tot_Unemp_Tot,M_Tot_LF_15_19,M_Tot_LF_20_24,M_Tot_LF_25_34,M_Tot_LF_35_44,M_Tot_LF_45_54,M_Tot_LF_55_64,M_Tot_LF_65_74,M_Tot_LF_75_84,M_Tot_LF_85ov,M_Tot_LF_Tot,M_Not_in_LF_15_19,M_Not_in_LF_20_24,M_Not_in_LF_25_34,M_Not_in_LF_35_44,M_Not_in_LF_45_54,M_Not_in_LF_55_64,M_Not_in_LF_65_74,M_Not_in_LF_75_84,M_Not_in_LF_85ov,M_Not_in_LF_Tot,M_LFS_NS_15_19,M_LFS_NS_20_24,M_LFS_NS_25_34,M_LFS_NS_35_44,M_LFS_NS_45_54,M_LFS_NS_55_64,M_LFS_NS_65_74,M_LFS_NS_75_84,M_LFS_NS_85ov,M_LFS_NS_Tot,M_Tot_15_19,M_Tot_20_24,M_Tot_25_34,M_Tot_35_44,M_Tot_45_54,M_Tot_55_64,M_Tot_65_74,M_Tot_75_84,M_Tot_85ov,M_Tot_Tot,F_Emp_FullT_15_19,F_Emp_FullT_20_24,F_Emp_FullT_25_34,F_Emp_FullT_35_44,F_Emp_FullT_45_54,F_Emp_FullT_55_64,F_Emp_FullT_65_74,F_Emp_FullT_75_84,F_Emp_FullT_85ov,F_Emp_FullT_Tot,F_Emp_PartT_15_19,F_Emp_PartT_20_24,F_Emp_PartT_25_34,F_Emp_PartT_35_44,F_Emp_PartT_45_54,F_Emp_PartT_55_64,F_Emp_PartT_65_74,F_Emp_PartT_75_84,F_Emp_PartT_85ov,F_Emp_PartT_Tot,F_Emp_awy_f_wrk_15_19,F_Emp_awy_f_wrk_20_24,F_Emp_awy_f_wrk_25_34,F_Emp_awy_f_wrk_35_44,F_Emp_awy_f_wrk_45_54,F_Emp_awy_f_wrk_55_64,F_Emp_awy_f_wrk_65_74,F_Emp_awy_f_wrk_75_84,F_Emp_awy_f_wrk_85ov,F_Emp_awy_f_wrk_Tot,F_Hours_wkd_NS_15_19,F_Hours_wkd_NS_20_24,F_Hours_wkd_NS_25_34,F_Hours_wkd_NS_35_44,F_Hours_wkd_NS_45_54,F_Hours_wkd_NS_55_64,F_Hours_wkd_NS_65_74,F_Hours_wkd_NS_75_84,F_Hours_wkd_NS_85ov,F_Hours_wkd_NS_Tot,F_Tot_Emp_15_19,F_Tot_Emp_20_24,F_Tot_Emp_25_34,F_Tot_Emp_35_44,F_Tot_Emp_45_54,F_Tot_Emp_55_64,F_Tot_Emp_65_74,F_Tot_Emp_75_84,F_Tot_Emp_85ov,F_Tot_Emp_Tot,F_Unem_look_FTW_15_19,F_Unem_look_FTW_20_24,F_Unem_look_FTW_25_34,F_Unem_look_FTW_35_44,F_Unem_look_FTW_45_54,F_Unem_look_FTW_55_64,F_Unem_look_FTW_65_74,F_Unem_look_FTW_75_84,F_Unem_look_FTW_85ov,F_Unem_look_FTW_Tot,F_Unem_look_PTW_15_19,F_Unem_look_PTW_20_24,F_Unem_look_PTW_25_34,F_Unem_look_PTW_35_44,F_Unem_look_PTW_45_54,F_Unem_look_PTW_55_64,F_Unem_look_PTW_65_74,F_Unem_look_PTW_75_84,F_Unem_look_PTW_85ov,F_Unem_look_PTW_Tot,F_Tot_Unemp_15_19,F_Tot_Unemp_20_24,F_Tot_Unemp_25_34,F_Tot_Unemp_35_44,F_Tot_Unemp_45_54,F_Tot_Unemp_55_64,F_Tot_Unemp_65_74,F_Tot_Unemp_75_84,F_Tot_Unemp_85ov,F_Tot_Unemp_Tot
LGA30250,6,9,17,20,24,14,3,0,0,97,3,3,6,12,7,4,3,0,0,30,0,0,0,0,0,0,0,0,0,4,0,0,0,0,0,0,0,0,0,5,8,16,24,33,28,18,4,0,0,138,5,15,16,17,10,3,5,0,0,67,0,0,7,0,6,0,0,0,0,11,5,15,22,21,16,6,5,0,0,75,14,28,47,49,48,21,7,0,0,210,28,24,42,41,39,21,16,3,3,220,0,5,3,4,3,0,0,0,0,19,36,55,95,91,85,46,23,3,3,449,4,8,11,16,15,11,0,0,0,57,0,0,16,7,3,3,0,0,0,31,0,0,0,0,3,0,0,0,0,3,0,0,0,0,3,0,0,0,0,4,4,11,27,23,20,19,0,0,0,97,0,5,19,13,11,3,0,0,0,49,5,0,3,3,0,0,0,0,0,13,9,11,21,16,11,3,0,0,0,60
LGA30300,33,65,162,197,228,169,62,15,3,925,14,13,26,22,23,37,29,9,0,172,0,3,0,6,9,8,0,0,0,24,3,3,4,10,11,7,4,3,0,32,50,82,196,229,264,214,91,27,4,1162,5,6,7,3,8,3,0,0,0,42,8,0,5,0,0,6,3,0,0,17,11,6,14,8,8,14,3,0,0,59,69,88,207,228,277,231,96,27,4,1223,60,4,21,19,29,49,120,72,18,381,12,6,13,21,32,19,27,10,0,142,136,98,238,271,337,301,236,110,16,1748,14,36,83,87,120,100,23,0,0,468,45,22,100,101,88,72,22,4,3,463,4,5,17,0,8,6,0,0,0,38,3,0,0,3,8,3,0,0,0,22,62,71,196,193,224,184,56,4,3,993,0,6,8,4,6,0,0,0,0,24,4,3,7,4,0,0,0,0,0,17,6,7,13,5,5,0,0,0,0,43
LGA30370,122,265,725,729,731,568,182,44,0,3363,82,49,48,53,54,74,54,23,8,436,8,12,25,20,40,44,15,3,0,165,6,10,17,26,26,16,6,4,0,102,217,336,821,822,845,697,259,75,5,4066,10,23,31,22,21,19,0,0,0,130,13,3,3,6,0,8,3,0,0,31,28,30,27,31,24,23,3,0,0,164,241,358,851,850,865,717,257,77,5,4228,128,34,45,47,57,148,277,211,72,1020,26,35,101,103,82,78,58,32,7,522,397,423,999,1000,1002,942,593,324,87,5769,64,151,298,335,367,253,83,22,3,1573,133,71,269,308,310,199,50,17,0,1349,3,9,41,25,27,16,12,0,0,128,6,3,9,15,14,7,4,4,4,66,200,238,622,682,721,473,140,41,9,3115,16,7,12,22,13,6,0,0,0,85,13,5,8,11,11,9,0,0,0,57,30,17,23,25,24,12,0,0,0,138
LGA30410,21,65,110,115,172,116,47,13,0,661,3,12,8,6,9,14,4,5,0,66,0,0,5,5,4,7,3,0,0,22,0,3,3,0,0,9,0,0,0,16,30,77,122,131,185,147,53,22,0,766,0,0,0,0,7,3,0,0,0,10,0,3,0,0,3,0,0,0,0,9,0,0,0,0,7,3,0,0,0,19,29,80,126,127,193,152,53,22,0,777,25,0,15,12,15,38,93,61,21,273,3,6,16,11,14,15,14,15,0,94,59,89,152,152,222,201,158,96,18,1141,17,38,68,72,93,74,26,3,0,395,16,16,52,53,59,43,16,0,0,249,0,0,8,4,4,7,0,0,0,30,0,3,0,4,0,0,0,0,0,14,39,56,133,128,157,131,37,11,0,682,0,4,3,3,6,4,0,0,0,15,0,3,0,3,0,0,0,0,0,8,0,8,3,5,6,4,0,0,0,24
LGA30450,6,7,16,12,31,15,7,0,0,80,0,0,3,0,0,0,0,0,0,11,0,0,0,0,0,3,0,0,0,3,0,0,0,0,0,0,0,0,0,0,10,7,17,11,28,18,5,0,0,98,0,0,0,0,0,0,0,0,0,0,0,0,0,0,0,0,0,0,0,0,0,0,0,0,0,0,0,0,0,0,10,7,17,11,28,24,5,0,0,100,0,0,0,0,0,0,9,4,0,20,0,0,0,0,0,3,0,0,0,9,11,5,20,13,32,27,16,4,0,129,3,4,5,3,18,13,3,0,0,54,0,0,3,4,4,5,0,0,0,11,0,0,0,0,0,0,0,0,0,0,0,0,0,0,0,0,0,0,0,0,3,4,8,10,23,12,7,0,0,72,0,0,0,0,0,0,0,0,0,0,0,0,0,0,0,0,0,0,0,0,0,0,0,0,0,0,0,0,0,0
LGA30760,5,21,70,77,78,95,36,6,0,397,10,4,11,5,8,14,9,4,0,64,0,0,3,0,3,5,0,0,0,21,0,0,3,5,0,4,3,0,0,14,21,26,81,92,91,119,45,8,0,492,0,3,0,0,7,5,0,0,0,17,0,0,0,0,0,0,0,3,0,4,0,3,0,0,7,10,0,3,0,23,21,32,85,88,95,123,46,10,0,515,20,3,7,3,16,34,85,43,8,225,3,3,6,3,4,5,7,3,0,42,43,37,104,101,121,171,137,58,14,778,6,10,48,36,56,58,17,0,0,232,6,10,29,48,36,23,16,3,0,166,0,5,6,5,3,3,3,0,0,27,3,0,3,3,0,0,0,3,0,17,13,26,85,95,98,90,29,3,0,446,0,0,0,0,0,3,0,0,0,4,0,0,0,0,0,3,0,0,0,8,0,0,0,4,0,3,0,0,0,12
LGA30900,5,14,22,14,20,18,3,0,0,108,0,0,0,0,0,6,0,0,0,6,0,0,0,0,0,3,0,0,0,3,0,0,0,0,0,0,0,0,0,4,10,15,26,14,23,28,5,0,0,121,0,0,0,8,3,0,0,0,0,11,0,0,0,0,0,0,0,0,0,0,0,0,0,8,3,0,0,0,0,11,10,15,28,21,23,28,5,0,0,131,4,5,3,3,3,3,6,3,0,30,0,0,5,6,3,12,0,0,0,27,11,16,36,32,31,37,18,8,0,189,3,13,16,9,12,13,0,0,0,64,0,0,8,3,3,6,3,0,0,19,0,0,3,0,0,0,0,0,0,4,0,0,3,0,0,0,0,0,0,4,3,16,29,8,9,23,3,0,0,94,0,0,4,3,3,0,0,0,0,6,0,0,0,0,0,0,0,0,0,0,0,0,4,3,3,0,0,0,0,6
LGA31000,2438,15875,59833,57788,49178,28210,5153,369,41,218893,9486,13837,14005,7957,6910,6695,4094,737,71,63790,411,674,1538,1180,1120,1147,352,35,13,6472,313,701,1346,951,731,462,126,57,19,4705,12646,31083,76726,67875,57938,36511,9733,1204,139,293858,991,2302,3528,2627,2490,1774,145,7,3,13870,3062,2317,1375,558,433,609,233,25,3,8616,4049,4621,4899,3187,2925,2382,380,36,10,22482,16696,35712,81622,71063,60864,38888,10107,1240,149,316348,16974,10232,9560,6276,7022,13227,25040,15842,6033,110204,1435,2990,6422,4729,4236,3184,2239,1481,889,27603,35109,48925,97604,82075,72118,55295,37384,18558,7071,454147,1475,13620,43511,32878,32445,17853,2250,95,14,144127,12990,16739,22445,25482,21222,14004,4233,402,28,117539,511,867,4135,2599,1366,1337,342,28,8,11193,330,536,978,698,631,369,116,46,31,3734,15307,31770,71072,61649,55658,33553,6942,567,75,276593,547,1390,2443,1593,1413,782,31,11,0,8217,3069,2340,2034,1647,1150,717,106,3,3,11067,3614,3733,4482,3234,2562,1504,144,21,4,19292
LGA31750,4,10,12,25,21,31,6,0,0,105,0,0,0,3,0,3,3,0,0,5,0,0,0,0,0,3,0,0,0,8,0,0,3,0,0,0,0,0,0,10,4,9,17,25,20,32,12,0,0,123,0,0,0,0,0,0,0,0,0,0,0,0,0,0,0,0,0,0,0,0,0,0,0,0,0,0,0,0,0,0,4,9,17,25,20,34,12,0,0,128,0,0,3,0,0,0,3,3,0,16,0,0,3,4,3,5,3,0,0,20,4,9,26,29,29,42,17,5,3,160,3,0,10,11,14,16,0,0,0,64,3,3,9,3,3,4,0,0,0,23,0,0,3,0,0,0,0,0,0,4,0,0,0,0,0,0,0,0,0,3,8,10,25,18,16,22,0,0,0,94,0,0,0,0,0,0,0,0,0,3,0,0,0,0,0,0,0,0,0,0,3,0,0,0,0,0,0,0,0,6
LGA31820,345,1026,2462,2776,3167,2369,402,54,3,12596,721,410,526,480,620,720,349,49,10,3884,25,37,96,85,119,132,43,6,0,540,38,47,91,65,76,63,25,9,0,413,1124,1512,3173,3404,3973,3287,821,121,15,17435,213,292,330,270,298,309,12,0,0,1739,189,56,73,56,68,91,14,4,0,550,400,352,400,327,365,400,25,4,0,2284,1524,1868,3577,3734,4345,3686,848,129,16,19721,1224,334,509,650,1096,2234,4940,2781,790,14565,165,178,346,329,459,501,518,315,134,2946,2918,2375,4434,4718,5896,6419,6310,3226,941,37236,188,654,1384,1548,2047,1393,163,24,3,7410,1016,595,1227,1653,1824,1443,357,42,3,8166,44,46,173,97,113,133,38,3,0,645,26,27,58,52,55,49,18,7,9,310,1272,1332,2847,3354,4048,3013,578,84,14,16534,132,119,186,161,218,127,4,0,0,953,185,103,140,122,110,96,11,0,0,762,314,225,327,285,329,227,14,0,0,1722
LGA31900,126,285,590,702,844,725,167,26,3,3473,108,57,64,71,72,98,75,20,0,572,6,9,15,18,20,33,6,3,3,120,14,12,10,27,20,20,8,7,0,123,258,364,680,814,962,880,263,58,6,4283,24,33,41,38,45,33,0,0,0,216,14,12,5,0,4,9,3,0,0,45,39,44,47,38,47,45,7,0,0,263,289,412,730,848,1009,924,265,58,6,4548,207,36,54,69,111,253,677,423,139,1968,31,33,66,72,85,91,102,61,26,562,530,482,846,990,1203,1268,1043,546,173,7079,59,172,265,308,431,302,53,9,0,1600,187,112,261,377,375,324,89,15,0,1739,15,10,40,16,21,25,6,0,0,136,8,8,11,9,17,9,9,3,0,77,268,301,579,711,843,667,156,26,0,3556,18,13,23,21,33,19,0,0,0,119,20,12,16,20,23,15,0,0,0,96,31,21,46,33,53,29,0,0,0,220
LGA31950,3,8,8,17,15,13,9,0,0,71,0,0,0,3,0,0,0,0,0,9,0,0,0,0,0,0,0,0,0,3,0,0,3,0,0,3,0,0,0,8,3,9,15,23,14,15,8,0,0,85,0,0,3,0,0,0,0,0,0,3,0,0,0,0,0,0,0,0,0,0,0,0,3,0,3,0,0,0,0,5,3,11,17,21,15,15,8,0,0,96,5,0,3,3,4,8,3,0,0,29,0,7,4,5,0,8,0,0,0,31,12,14,26,33,22,32,15,0,0,149,3,5,11,6,9,7,4,0,0,41,0,0,6,3,0,0,0,0,0,14,0,0,4,0,0,3,0,0,0,3,0,0,0,0,0,0,0,0,0,3,3,5,17,7,9,12,4,0,0,64,0,0,3,0,0,0,0,0,0,8,0,0,0,0,0,0,0,0,0,0,0,0,3,0,0,0,0,0,0,7
LGA32080,511,1850,5811,6618,6646,4351,848,78,14,26722,1292,935,1220,1167,1202,1201,630,83,8,7744,61,77,248,248,229,213,77,14,3,1172,50,81,173,160,163,89,35,14,0,767,1905,2948,7450,8185,8243,5854,1592,188,32,36397,230,333,505,403,495,402,45,3,0,2409,333,135,142,87,91,117,56,8,0,962,562,465,644,491,590,512,103,12,0,3369,2465,3416,8088,8679,8832,6373,1694,194,31,39772,2177,639,934,916,1243,2230,4270,2101,566,15077,405,474,1094,1006,1114,885,632,334,96,6041,5045,4531,10123,10599,11183,9482,6599,2629,698,60893,371,1566,4071,4381,4826,2826,393,21,6,18461,1700,1195,2694,3665,3204,2352,663,59,4,15534,71,94,450,296,228,218,46,14,0,1415,46,63,137,132,115,56,33,12,8,593,2189,2909,7352,8474,8370,5454,1135,106,15,36009,127,177,288,277,282,174,4,0,0,1345,312,157,253,261,194,133,27,0,0,1342,441,333,546,540,478,305,33,0,0,2682
LGA32250,23,33,67,68,73,74,21,0,0,351,3,3,3,8,15,13,8,0,0,56,0,0,3,3,3,3,0,0,0,18,0,4,3,5,3,7,0,0,0,19,23,38,81,78,87,97,27,3,0,440,0,0,11,5,3,3,3,0,0,30,0,0,5,0,0,0,0,0,0,9,0,0,11,6,5,6,3,0,0,35,26,42,89,80,96,97,33,3,0,478,17,12,17,17,29,25,75,32,10,235,10,6,17,12,12,11,15,8,0,94,48,68,121,112,143,139,116,41,9,803,4,15,51,55,62,49,15,0,0,250,8,8,22,18,28,21,7,0,0,98,0,0,3,0,3,3,0,0,0,7,3,3,3,6,3,0,0,0,0,17,15,25,74,73,96,71,19,0,0,371,3,4,6,9,7,3,0,0,0,24,0,3,3,0,0,3,0,0,0,12,4,4,9,7,7,3,0,0,0,38
LGA32260,132,404,902,917,1167,987,251,47,3,4803,184,119,196,138,205,280,116,39,0,1290,9,3,28,35,43,57,15,4,0,206,28,18,38,32,36,21,10,6,0,180,349,550,1170,1122,1458,1338,396,96,5,6486,41,61,72,78,113,102,6,3,0,480,31,17,14,5,16,32,11,0,0,125,74,75,84,86,131,135,21,3,0,612,420,629,1252,1214,1588,1472,414,101,12,7094,331,76,133,152,287,638,1132,706,211,3667,59,66,208,158,208,217,189,101,32,1236,809,769,1594,1518,2083,2328,1735,909,256,11994,78,212,435,472,684,538,93,13,0,2520,265,176,434,508,605,567,145,18,0,2723,9,14,54,40,47,53,12,0,0,231,9,8,26,22,29,16,9,3,0,124,363,417,952,1043,1363,1169,257,29,5,5595,18,34,40,42,56,51,0,0,0,234,33,20,26,25,30,37,3,0,0,176,50,48,75,70,85,81,3,0,0,413
LGA32270,145,519,1630,1513,1420,889,197,36,4,6354,200,98,122,121,113,130,63,22,0,875,19,26,70,70,48,48,13,0,0,294,10,8,32,44,26,27,7,0,0,165,378,653,1856,1748,1614,1097,282,57,5,7689,42,47,57,41,72,55,7,0,0,324,30,7,0,6,5,10,3,0,0,69,72,56,63,46,79,65,5,0,0,393,450,708,1918,1793,1689,1160,293,55,5,8085,297,53,77,77,127,245,409,200,47,1524,94,110,351,335,335,206,102,51,9,1589,843,873,2342,2214,2154,1613,804,303,65,11196,97,334,668,599,705,383,76,3,0,2872,236,193,565,629,487,307,73,8,0,2501,10,31,116,59,36,30,10,0,0,287,5,6,18,32,18,18,4,5,0,109,352,560,1373,1316,1250,739,167,18,4,5772,31,21,42,38,47,22,3,0,0,207,24,18,53,37,22,16,0,0,0,175,56,45,97,79,67,35,3,0,0,378
LGA32310,52,133,330,393,396,332,92,14,0,1745,89,22,55,46,60,74,40,10,0,399,17,9,9,18,21,16,7,0,0,96,13,5,13,10,15,13,6,0,0,77,172,174,411,470,491,438,140,25,3,2319,27,30,40,37,34,48,0,0,0,214,13,3,5,3,3,14,3,0,0,46,36,39,43,41,36,60,7,0,0,258,212,209,448,515,532,495,145,25,3,2580,230,28,46,90,84,232,462,277,67,1504,20,39,60,86,76,69,70,40,11,478,455,279,557,689,694,796,674,341,76,4562,34,102,204,251,316,212,49,9,0,1168,114,72,142,219,194,148,48,6,0,940,6,13,17,21,29,23,3,0,0,107,8,3,10,7,13,6,0,0,0,44,165,185,373,492,546,393,97,14,4,2264,15,11,22,32,18,5,0,0,0,106,18,7,25,13,3,14,0,0,0,74,30,19,50,42,21,17,0,0,0,183
LGA32330,0,0,7,7,11,14,0,0,0,44,0,0,0,3,8,5,0,0,0,18,0,0,0,0,0,0,0,0,0,0,0,0,0,0,0,0,0,0,0,0,0,5,8,11,19,17,0,0,0,64,8,14,17,16,10,0,0,0,0,65,0,0,0,3,0,0,0,0,0,7,14,14,22,16,5,0,0,0,0,79,12,22,32,33,28,18,0,0,0,140,58,22,28,31,32,23,8,3,0,211,3,13,8,0,0,0,0,0,0,27,73,51,66,67,64,42,8,3,0,374,3,4,11,17,3,9,0,0,0,36,3,0,4,4,6,8,0,0,0,23,0,0,0,0,0,0,0,0,0,3,0,0,0,0,0,0,0,0,0,0,8,5,13,20,7,14,0,0,0,67,0,7,12,10,11,0,0,0,0,35,3,0,3,3,3,0,0,0,0,12,9,6,14,9,14,0,0,0,0,56
LGA32450,20,69,215,180,164,138,27,3,0,815,5,9,11,5,10,11,11,0,0,67,4,3,8,0,8,4,0,0,0,25,3,3,6,3,6,6,8,0,0,24,33,78,239,196,185,161,48,6,0,936,8,9,5,3,14,5,0,0,0,41,0,0,0,0,0,0,0,0,0,6,8,7,7,3,15,8,0,0,0,48,41,87,243,194,198,166,48,6,0,990,34,6,13,21,18,30,61,16,7,204,7,14,50,41,27,35,23,8,7,208,88,103,308,262,243,229,129,28,11,1397,11,42,112,66,81,51,14,3,0,386,13,9,44,33,22,28,8,0,0,158,3,3,8,4,0,3,0,0,0,23,0,0,3,3,0,0,0,0,0,8,29,55,165,106,107,82,23,4,0,584,4,5,5,0,4,7,0,0,0,23,0,0,6,0,0,3,0,0,0,10,0,9,3,4,4,9,0,0,0,27
LGA32500,21,73,141,136,134,112,36,4,0,656,18,13,20,38,42,40,19,3,0,189,0,0,7,6,14,11,3,0,0,45,0,0,8,3,7,0,3,3,0,30,39,86,178,187,198,160,58,9,0,917,8,14,7,11,5,18,0,0,0,64,0,0,3,3,0,3,0,0,0,13,9,14,11,12,10,17,6,0,0,75,48,102,186,195,210,182,64,9,0,993,37,15,20,22,56,105,210,69,6,554,22,42,51,53,49,51,62,8,6,350,111,159,264,275,317,335,341,91,18,1901,11,48,102,79,96,100,18,0,0,456,21,14,38,63,56,69,14,0,0,287,0,0,3,4,3,15,0,0,0,22,3,0,0,7,7,3,3,0,0,27,36,64,146,158,157,189,31,4,0,790,3,6,9,11,7,3,0,0,0,35,0,4,3,3,4,3,0,0,0,21,3,11,12,14,13,11,0,0,0,61
LGA32600,0,4,10,9,10,6,3,0,0,45,0,0,0,0,4,4,0,0,0,13,0,0,0,0,0,0,0,0,0,0,0,0,0,0,3,0,0,0,0,6,0,8,10,10,14,12,3,3,0,57,0,0,0,3,0,0,0,0,0,3,0,0,0,0,0,0,0,0,0,0,0,0,0,3,0,0,0,0,0,6,0,11,10,7,15,12,3,3,0,67,0,0,0,3,0,6,3,0,3,22,0,5,8,8,7,8,0,0,0,35,4,11,21,22,20,32,8,3,4,126,0,3,6,7,6,6,4,0,0,36,0,0,3,4,7,3,0,0,0,16,0,0,0,0,0,0,0,0,0,0,0,0,0,0,0,0,0,0,0,0,0,3,10,14,15,12,4,0,0,51,0,0,0,0,0,0,0,0,0,3,0,0,0,0,0,0,0,0,0,4,0,3,0,0,0,3,0,0,0,5
LGA32750,8,3,14,14,13,15,9,0,0,71,0,4,0,3,3,0,0,0,0,11,0,0,0,0,0,0,0,0,0,3,0,0,0,0,0,0,0,0,0,0,11,7,16,19,17,14,9,0,0,85,0,0,0,0,0,0,0,0,0,0,0,0,0,0,0,0,0,0,0,0,0,0,0,0,0,0,0,0,0,0,14,7,16,19,17,14,9,0,0,91,3,7,0,0,0,0,5,0,0,20,0,0,0,0,3,0,0,0,0,13,17,20,22,18,18,18,9,0,0,118,0,4,11,12,9,8,0,0,0,48,0,4,6,4,6,3,0,0,0,20,0,0,0,0,0,0,0,0,0,4,0,0,0,0,0,0,0,0,0,0,8,8,21,11,13,11,3,0,0,76,0,0,0,0,0,0,0,0,0,6,0,0,0,0,0,0,0,0,0,0,0,0,0,0,4,0,0,0,0,6
LGA32770,0,4,15,25,14,8,0,0,0,65,3,9,8,26,12,4,0,0,0,63,0,0,0,0,0,3,0,0,0,3,0,0,0,0,0,0,0,0,0,6,3,17,24,49,23,10,0,0,0,135,0,8,10,8,0,0,0,0,0,29,0,4,3,3,0,0,0,0,0,15,0,7,9,9,0,0,0,0,0,36,3,25,41,59,26,10,5,0,0,173,43,39,46,27,17,30,7,0,0,207,0,3,8,4,0,0,0,3,0,17,47,69,96,87,39,39,13,5,0,399,0,5,23,17,11,6,0,0,0,68,9,4,17,17,7,11,0,0,0,67,0,0,3,0,0,3,0,0,0,7,0,0,3,0,3,0,0,0,0,4,9,9,42,42,22,15,0,0,0,144,0,4,8,4,4,0,0,0,0,19,3,0,5,3,0,0,0,0,0,16,8,5,13,3,4,0,0,0,0,31
LGA32810,54,127,428,418,461,389,93,17,5,2001,75,27,83,98,128,137,67,15,3,630,3,4,18,17,27,21,5,3,0,99,5,8,13,27,14,3,3,0,0,78,134,163,546,571,634,548,170,38,8,2806,6,19,21,21,31,35,3,0,0,136,6,6,3,8,4,13,3,0,0,45,11,20,28,33,34,46,5,0,0,178,145,189,572,597,668,597,179,38,8,2985,103,21,43,65,128,259,406,209,38,1269,24,34,90,106,101,138,83,49,26,655,274,247,707,776,896,989,665,298,72,4911,25,111,317,296,319,228,51,7,0,1351,75,61,189,250,290,239,75,14,0,1189,4,8,18,19,26,19,6,0,0,102,6,3,11,11,23,7,5,0,0,59,111,176,529,574,653,495,136,22,0,2698,4,3,12,9,12,8,0,0,0,50,5,5,10,8,16,16,0,0,0,66,14,9,20,18,24,26,0,0,0,114
LGA33100,11,10,22,23,39,34,8,3,0,153,3,5,4,3,10,6,3,0,0,29,0,0,0,3,0,3,0,0,0,12,0,0,0,0,3,0,0,0,0,6,14,11,28,30,53,47,16,5,0,204,0,0,3,0,3,4,0,0,0,12,0,0,0,0,3,0,4,0,0,6,0,0,3,3,4,3,4,0,0,15,18,11,35,31,55,51,13,5,0,220,4,3,10,0,3,19,46,17,0,102,0,0,12,8,5,4,9,3,0,42,18,19,53,37,66,74,71,26,0,362,6,7,17,14,31,23,10,0,0,108,3,3,13,9,8,4,3,0,0,44,0,0,3,0,0,0,0,0,0,4,0,0,0,0,3,0,0,0,0,0,7,7,37,26,46,21,10,3,0,158,0,0,3,0,0,0,0,0,0,3,0,0,0,0,0,3,0,0,0,3,0,0,3,0,0,3,0,0,0,6
LGA33200,12,32,66,58,84,70,28,7,0,356,7,4,3,3,8,10,11,5,0,57,0,3,3,0,3,3,3,0,0,15,0,3,7,0,0,4,3,0,0,18,19,39,71,64,93,86,43,16,3,434,0,3,3,0,6,8,0,0,0,11,0,0,0,3,0,0,0,0,0,3,0,3,3,3,6,8,0,0,0,14,24,44,78,64,98,86,43,16,3,452,19,3,5,5,11,20,46,19,8,137,3,8,7,5,11,13,12,4,0,52,45,59,92,80,112,121,95,36,12,643,6,11,34,32,51,40,27,8,0,216,4,12,21,23,26,16,11,0,0,122,0,0,0,0,0,4,0,0,0,5,3,0,0,0,0,3,0,0,0,12,15,31,53,59,86,64,45,10,0,353,0,3,0,0,0,5,0,0,0,12,0,0,0,0,0,0,0,0,0,3,0,3,0,3,0,7,0,0,0,16
LGA33220,274,787,2010,2541,2851,2188,347,42,5,11035,645,393,541,595,683,809,351,53,9,4083,25,27,86,103,150,167,32,3,0,603,24,38,65,67,74,57,23,17,0,356,968,1247,2694,3312,3753,3222,753,112,22,16078,212,314,364,336,339,335,14,3,0,1903,208,64,75,44,73,101,21,0,0,592,417,375,442,380,408,438,35,3,0,2504,1385,1615,3140,3692,4168,3656,784,119,19,18583,1274,416,750,999,1450,3145,6673,3528,883,19109,171,171,332,433,474,608,647,366,140,3337,2834,2204,4221,5121,6086,7402,8103,4007,1046,41025,159,517,1124,1615,2099,1279,153,12,0,6961,949,544,1191,1691,1939,1572,324,23,6,8244,30,38,154,126,135,152,41,6,0,681,28,28,32,54,75,52,24,7,0,307,1166,1129,2504,3489,4258,3055,539,47,6,16192,157,147,182,185,218,174,0,0,0,1064,198,75,153,130,129,153,11,0,0,848,350,223,336,316,346,322,14,3,0,1911
LGA33360,294,970,2712,3054,3074,1830,250,18,3,12208,501,258,316,268,302,348,155,20,0,2176,32,27,101,120,132,144,21,7,0,580,26,24,69,74,60,31,9,3,0,292,854,1275,3200,3519,3568,2353,432,53,3,15253,150,287,342,294,351,262,12,0,0,1695,104,39,26,17,13,36,14,0,0,248,255,326,369,313,366,300,22,0,0,1944,1109,1600,3567,3829,3937,2651,453,54,3,17197,795,147,244,294,473,1033,1577,724,166,5447,140,148,330,355,421,313,144,78,19,1938,2038,1893,4141,4470,4831,3994,2175,849,186,24583,139,604,1324,1274,1442,654,93,9,0,5532,635,419,1026,1338,1267,739,151,15,0,5598,28,37,175,89,94,66,11,0,0,502,22,22,29,43,44,13,10,0,0,182,821,1082,2562,2747,2844,1474,265,20,0,11829,64,103,171,171,195,84,0,0,0,790,113,69,126,153,102,51,4,0,0,635,180,174,297,327,294,134,6,0,0,1422
LGA33430,1820,6963,22570,24930,23015,14224,3086,227,18,96847,4777,4724,5377,4068,4204,4402,2859,459,39,30906,204,268,615,628,621,614,194,26,3,3163,169,337,611,511,446,323,121,34,7,2564,6964,12295,29165,30132,28279,19558,6271,741,64,133473,702,1090,1426,1154,1203,1006,107,8,8,6707,1359,613,419,245,240,331,167,26,3,3401,2060,1700,1845,1399,1448,1344,282,31,8,10110,9025,13991,31013,31535,29725,20898,6547,777,73,143588,7076,2907,2963,2746,3612,6978,17041,10681,3515,57523,1139,1437,3108,2695,2660,2357,2017,1202,758,17381,17242,18332,37081,36974,36004,30231,25601,12661,4345,218486,995,5618,14302,13195,14947,8925,1320,49,8,59354,6732,6351,10865,13274,11948,8709,2822,240,13,60959,220,355,1520,964,651,653,199,24,3,4588,216,272,477,424,376,276,78,32,20,2166,8166,12604,27160,27848,27925,18563,4421,339,50,127077,464,661,863,769,858,546,26,6,4,4197,1340,711,929,935,721,592,99,5,3,5323,1801,1375,1794,1702,1583,1134,124,12,6,9523
LGA33610,68,169,426,413,494,407,114,18,9,2112,60,30,35,38,47,64,50,24,3,357,3,4,15,12,7,20,12,3,0,77,5,6,10,11,12,10,0,0,3,60,134,215,483,477,562,510,176,42,10,2606,10,14,15,13,17,13,0,0,0,85,8,3,0,3,3,7,0,0,0,23,11,22,17,12,17,23,0,0,0,106,153,231,500,493,575,532,176,44,10,2713,120,24,31,44,73,149,289,217,61,1003,29,19,74,53,78,74,62,39,12,442,296,273,597,596,726,758,529,300,85,4156,24,107,238,210,268,194,40,9,0,1082,96,62,199,230,202,155,47,8,0,1014,7,12,25,13,22,25,10,0,0,108,3,3,4,5,13,12,4,3,0,49,129,181,462,463,504,380,101,26,0,2250,7,4,9,8,8,4,0,0,0,40,10,3,13,7,8,4,0,0,0,42,14,6,25,10,14,6,0,0,0,82
LGA33620,185,475,1172,1363,1654,1264,240,50,8,6409,300,178,257,273,394,465,222,39,7,2130,20,19,46,43,75,119,29,8,0,365,23,24,27,38,45,27,15,12,3,212,527,700,1499,1720,2175,1870,504,106,17,9115,98,117,143,134,129,141,4,0,0,764,77,30,30,30,38,47,7,0,0,264,174,146,171,158,164,186,14,3,0,1024,702,844,1673,1883,2347,2057,521,105,18,10142,658,190,267,389,713,1430,2743,1268,320,7970,95,73,183,189,290,318,322,206,87,1766,1454,1105,2127,2453,3347,3812,3587,1579,427,19878,95,271,519,703,976,638,124,14,0,3342,470,276,634,936,1094,855,204,9,4,4486,29,33,89,47,83,89,20,0,0,401,21,10,20,30,32,27,10,11,0,157,609,588,1269,1719,2185,1607,363,39,3,8385,52,55,91,73,98,53,0,0,0,428,84,25,60,85,81,66,5,0,0,412,144,85,150,157,180,116,6,0,0,842
LGA33800,58,155,301,360,495,459,150,36,5,2019,69,25,32,37,43,72,49,25,3,353,5,3,9,7,16,12,20,3,0,76,4,0,16,7,20,11,8,7,0,76,139,185,358,410,569,556,224,68,6,2518,16,22,18,21,19,32,0,0,0,125,4,8,3,3,0,17,0,0,0,32,21,28,18,25,22,45,4,0,0,163,162,211,377,439,597,604,227,68,6,2683,183,24,33,43,96,226,504,368,130,1613,19,26,30,35,62,74,73,44,22,374,365,256,443,514,747,899,806,477,161,4669,25,69,114,150,248,171,41,9,0,822,115,37,132,205,304,207,72,13,0,1092,3,4,17,14,13,22,6,0,0,84,4,3,3,6,5,14,4,8,0,46,148,114,270,374,569,412,119,27,3,2037,11,9,7,14,19,11,0,0,0,70,10,5,3,11,10,18,0,0,0,55,20,16,12,26,23,30,0,0,0,129
LGA33830,4,14,23,28,25,12,4,0,0,99,0,3,6,11,5,0,0,0,0,30,0,0,0,0,0,0,0,0,0,0,0,0,0,0,0,0,0,0,0,3,4,15,30,41,30,9,4,0,0,136,7,8,17,17,14,14,0,0,0,70,3,0,6,4,0,0,0,0,0,16,6,8,23,20,13,16,0,0,0,87,15,24,50,61,44,27,3,0,0,222,23,3,12,9,6,9,7,6,7,84,7,12,3,5,3,0,3,0,0,41,47,38,70,75,53,40,10,11,7,352,4,8,21,10,7,7,3,0,0,58,0,6,7,6,11,5,0,0,0,34,0,0,0,0,0,0,0,0,0,3,0,0,0,0,0,0,0,0,0,3,4,13,30,16,17,8,3,0,0,96,4,0,15,12,5,3,0,0,0,40,5,3,7,9,3,0,0,0,0,25,12,6,24,17,8,3,0,0,0,69
LGA33960,756,3158,9238,8543,7625,4358,602,45,5,34327,1453,1327,1521,1161,1083,1002,440,59,8,8054,96,99,261,211,250,240,48,3,0,1208,67,127,246,223,156,74,22,9,0,918,2368,4706,11272,10135,9106,5677,1104,123,16,44507,447,643,733,507,455,289,20,3,0,3098,547,207,158,103,74,77,31,0,0,1184,997,845,890,603,528,365,47,3,0,4282,3360,5556,12158,10746,9638,6043,1156,122,13,48796,3124,884,1268,1325,1567,2751,4438,2416,731,18502,408,510,980,833,804,639,447,234,92,4940,6896,6944,14403,12896,12008,9436,6041,2776,835,72237,404,2115,5429,4832,4955,2515,241,11,4,20501,2183,1875,3560,3703,3090,1960,444,36,0,16844,79,178,660,351,267,232,43,3,0,1818,67,80,146,130,106,58,23,3,3,613,2740,4251,9788,9010,8415,4766,755,49,5,39773,311,412,543,415,346,142,0,0,3,2177,564,250,422,279,210,115,14,0,0,1861,873,660,965,698,548,259,14,0,3,4032
LGA33980,111,369,1366,1337,1057,657,122,17,3,5036,112,52,101,103,86,73,26,3,3,560,6,11,55,69,61,44,7,6,0,269,11,13,23,29,28,19,3,0,0,122,247,448,1550,1539,1238,797,156,23,8,6000,25,37,35,29,29,38,3,0,0,188,14,8,6,0,3,5,3,0,0,40,38,40,46,28,32,38,7,0,0,230,288,489,1596,1568,1265,836,163,23,4,6229,180,20,33,55,52,157,240,88,21,848,47,139,489,362,291,216,67,15,4,1628,511,647,2119,1990,1609,1202,473,130,26,8699,64,267,599,477,462,223,36,8,0,2134,151,94,395,425,290,149,42,3,0,1559,9,15,95,41,30,11,3,3,0,209,8,12,13,23,10,12,0,0,0,76,234,388,1105,968,793,398,82,17,0,3977,13,16,37,31,27,9,0,0,0,137,20,13,41,34,21,17,0,0,0,145,29,32,83,67,51,28,0,0,0,288
LGA34420,0,10,20,16,19,19,3,0,0,86,0,0,4,11,9,3,0,0,0,27,0,0,0,0,0,0,0,0,0,0,0,0,0,0,0,0,0,0,0,3,3,9,27,26,26,18,3,0,0,118,12,10,11,17,8,8,0,0,0,64,0,0,0,0,0,0,0,0,0,7,12,12,11,15,10,4,0,0,0,68,10,24,36,44,34,30,3,0,0,182,25,10,19,19,15,18,16,0,0,119,3,0,10,0,0,0,0,0,0,16,42,33,70,62,54,45,21,0,0,321,3,5,10,17,7,10,0,0,0,57,0,6,9,15,21,3,0,0,0,57,0,0,0,0,0,0,0,0,0,0,0,0,0,0,0,0,0,0,0,0,4,16,26,28,30,18,0,0,0,113,5,16,12,16,5,3,0,0,0,55,0,0,5,7,3,0,0,0,0,9,5,15,21,18,6,5,0,0,0,67
LGA34530,164,461,1031,1393,1581,1191,196,16,6,6044,288,143,161,171,236,262,116,30,0,1395,22,13,61,57,75,90,17,3,0,343,12,12,30,34,37,25,12,5,0,165,476,629,1279,1658,1928,1566,341,61,6,7950,61,102,114,89,107,94,9,0,0,573,71,22,19,11,14,35,5,0,0,173,131,121,131,101,116,133,13,0,0,746,610,756,1413,1760,2051,1697,356,62,6,8695,542,193,332,281,365,752,1435,735,208,4849,62,74,164,252,270,262,177,96,76,1438,1213,1017,1908,2293,2690,2713,1969,888,289,14985,82,297,595,736,1039,651,75,10,0,3482,476,228,483,776,805,608,143,22,0,3539,11,22,87,65,58,69,7,3,0,321,13,16,21,33,30,23,6,3,0,135,579,567,1186,1606,1930,1345,228,33,5,7475,38,39,50,65,69,43,0,0,0,311,60,21,42,46,43,52,5,0,0,269,101,64,90,108,112,90,7,0,0,579
LGA34570,5,4,4,15,13,7,0,0,0,54,3,4,13,4,3,0,0,0,0,26,0,0,0,0,0,0,0,0,0,0,0,0,3,4,0,3,0,0,0,16,9,5,21,21,22,11,3,0,0,99,3,3,4,5,0,0,0,0,0,20,0,0,0,0,0,0,0,0,0,0,4,3,4,5,0,0,0,0,0,18,15,13,28,28,26,16,3,0,0,120,10,10,18,12,13,13,4,3,0,85,6,11,4,9,4,3,3,0,0,40,29,33,48,48,36,27,13,4,0,242,3,0,13,6,7,9,0,0,0,41,7,9,8,5,10,5,0,0,0,36,0,0,0,0,0,0,0,0,0,3,0,0,3,0,0,0,0,0,0,9,4,10,25,16,16,15,5,0,0,86,0,0,0,3,3,3,0,0,0,10,0,0,3,0,0,0,0,0,0,4,5,0,3,3,5,3,0,0,0,17
LGA34580,196,493,1222,1366,1556,1087,211,45,3,6184,307,213,262,191,206,268,167,22,3,1635,15,16,51,51,61,52,26,3,0,282,15,23,33,43,45,37,12,4,3,218,521,748,1568,1655,1877,1442,419,77,11,8312,75,96,115,94,86,72,5,0,3,545,54,22,29,16,19,16,9,3,0,169,126,116,145,110,101,93,14,3,3,709,651,864,1717,1762,1977,1532,428,73,14,9019,617,255,443,320,477,700,1410,701,185,5112,88,98,160,179,195,202,179,91,26,1219,1358,1220,2321,2262,2655,2434,2020,872,216,15355,94,356,645,690,944,539,71,11,0,3345,412,356,624,722,779,543,167,18,0,3623,17,33,109,35,58,69,10,4,0,331,24,18,19,25,26,25,11,5,0,158,542,767,1393,1474,1806,1179,256,27,0,7456,70,53,70,63,72,33,0,0,0,363,69,44,65,53,54,28,3,0,0,313,143,95,134,116,124,66,3,0,0,681
LGA34590,1427,4843,12900,13489,12026,7961,1303,56,6,54015,2198,2023,2383,1973,1847,1810,883,96,8,13214,113,156,333,334,349,355,90,3,0,1732,116,257,472,347,267,159,56,11,0,1681,3852,7284,16092,16132,14490,10282,2327,168,18,70645,674,964,1124,834,632,532,44,7,3,4815,756,301,220,140,117,142,68,6,0,1756,1422,1261,1348,979,751,681,110,12,3,6571,5275,8546,17441,17115,15249,10963,2439,183,20,77224,5145,1487,1981,1890,2377,4012,8305,3886,1112,30195,611,690,1357,1274,1270,952,798,379,130,7466,11036,10720,20778,20280,18890,15930,11543,4447,1267,114881,693,3049,7249,7325,7798,4493,515,14,0,31143,3213,2718,5040,5677,5125,3784,918,58,3,26535,120,198,870,517,376,329,62,6,0,2464,105,158,255,268,209,119,47,7,3,1167,4131,6113,13411,13787,13504,8729,1539,96,12,61309,452,689,772,575,538,270,5,0,0,3312,855,398,576,492,355,239,26,0,0,2944,1313,1094,1353,1066,895,505,36,0,0,6254
LGA34710,41,64,144,136,169,172,39,11,0,773,33,16,13,12,11,24,13,7,0,130,0,0,7,4,4,8,6,0,0,31,4,3,3,3,10,3,0,0,0,25,75,80,161,154,196,212,61,16,4,961,3,0,3,9,6,9,3,0,0,31,4,3,0,0,0,0,4,0,0,8,9,6,6,9,8,10,3,3,0,46,84,85,166,162,206,222,62,20,4,1003,23,14,7,16,11,41,90,63,21,287,14,12,16,16,19,29,19,7,8,140,117,108,192,191,239,291,170,91,32,1432,18,63,109,117,155,95,25,3,3,596,48,19,46,57,50,60,17,0,0,298,3,7,19,15,7,14,4,0,0,61,4,3,10,0,3,3,3,0,0,27,74,89,185,185,215,173,51,6,0,980,0,0,0,4,10,0,0,0,0,19,0,3,8,0,0,0,0,0,0,11,4,3,10,4,10,3,0,0,0,26
LGA34770,600,1782,5108,5198,5621,3790,600,78,5,22787,881,451,574,498,616,665,337,59,3,4083,42,56,181,177,233,235,56,3,0,980,41,76,140,131,146,91,25,12,3,662,1570,2361,5999,6002,6607,4785,1015,156,13,28518,238,362,400,348,378,338,25,0,0,2095,210,79,45,46,32,86,30,4,0,534,446,445,447,388,414,426,60,4,0,2630,2012,2804,6449,6395,7025,5209,1071,163,13,31149,1508,280,413,457,715,1587,3112,1768,542,10378,215,290,802,855,957,750,411,222,63,4565,3733,3375,7664,7701,8692,7547,4591,2158,618,46089,344,1264,2572,2454,2983,1709,207,23,0,11558,1232,781,1995,2522,2519,1719,355,37,7,11169,51,67,382,173,184,133,45,6,0,1032,42,47,72,79,94,64,33,18,5,451,1669,2152,5023,5233,5772,3621,645,81,14,24213,134,178,268,233,259,132,4,0,0,1203,257,93,240,237,187,101,13,0,0,1132,389,272,509,464,445,228,18,0,0,2338
LGA34800,3,22,57,59,53,41,13,0,0,253,0,0,7,3,3,3,0,0,0,15,0,0,3,3,3,0,0,0,0,6,0,0,0,0,0,0,0,0,0,6,3,23,61,62,57,51,15,3,0,285,0,0,0,6,0,5,0,0,0,10,0,0,0,0,0,0,0,0,0,0,0,0,0,6,0,5,0,0,0,9,3,23,63,67,61,52,15,3,0,295,4,0,3,3,3,11,16,9,0,43,0,0,7,10,5,3,5,3,0,32,9,23,75,78,66,69,37,15,0,372,6,17,27,27,27,28,15,0,0,153,0,5,9,12,10,3,0,0,0,42,0,0,3,3,0,0,0,0,0,3,0,0,0,3,0,0,0,0,0,7,7,24,43,43,38,40,14,0,0,204,0,0,0,0,0,0,0,0,0,5,0,0,0,0,0,0,0,0,0,0,0,0,0,0,0,0,0,0,0,5
LGA34830,0,4,8,3,3,6,0,0,0,35,0,0,0,0,3,0,0,0,0,6,0,0,0,0,0,0,0,0,0,0,0,0,0,0,0,0,0,0,0,0,0,4,8,8,5,10,0,0,0,45,0,6,3,0,0,0,0,0,0,16,0,0,3,0,0,0,0,0,0,0,0,3,6,0,0,0,0,0,0,18,5,10,16,9,6,10,0,0,0,64,7,5,9,7,0,7,5,3,0,51,0,0,0,0,0,0,0,0,0,3,13,11,22,16,14,20,7,7,0,111,0,4,4,5,3,8,0,0,0,34,0,0,0,0,0,0,0,0,0,3,0,0,0,0,0,0,0,0,0,0,0,0,0,0,0,0,0,0,0,0,4,4,7,7,5,11,0,0,0,35,3,4,3,0,3,0,0,0,0,9,0,0,0,0,0,0,0,0,0,0,3,4,3,0,3,0,0,0,0,9
LGA34860,97,228,656,554,589,457,132,50,5,2764,87,50,76,47,56,64,53,10,9,450,11,12,14,19,18,26,12,3,0,105,11,9,18,9,19,9,8,4,0,75,204,289,767,628,677,553,202,66,10,3398,19,6,23,17,31,26,0,0,0,118,9,6,5,3,3,3,0,0,0,26,30,17,24,20,30,28,4,0,0,150,235,305,786,644,707,579,202,64,10,3548,126,26,34,47,63,128,286,180,57,955,22,28,120,86,84,83,66,27,16,535,387,357,938,782,860,797,559,278,82,5039,55,190,386,325,404,279,72,20,6,1735,76,69,217,256,190,140,68,12,0,1044,3,5,37,20,30,11,6,3,0,118,12,3,12,6,9,8,5,6,0,57,146,263,656,611,641,438,155,40,6,2955,12,5,11,16,15,3,3,0,0,61,10,5,13,5,3,8,0,0,0,40,18,12,15,26,21,9,3,0,0,100
LGA34880,78,220,518,652,835,595,156,34,0,3093,125,72,126,123,157,202,95,23,5,920,12,7,17,26,43,42,13,4,0,161,16,12,22,13,26,17,9,0,0,114,227,310,688,817,1066,857,270,62,4,4296,24,45,60,56,69,80,5,0,0,327,15,12,15,17,13,22,4,0,0,101,37,56,77,77,76,96,8,7,0,430,261,363,762,895,1140,955,275,65,4,4720,308,239,416,361,284,474,862,519,152,3619,57,68,120,124,161,180,154,93,22,977,628,668,1301,1376,1584,1609,1297,678,179,9321,42,125,298,400,555,362,71,4,0,1867,195,101,270,377,427,356,114,12,3,1853,7,13,43,27,39,42,13,3,0,190,11,16,5,15,19,16,10,3,0,89,248,243,621,818,1045,782,202,27,3,3988,19,33,35,36,26,30,0,0,0,177,34,16,21,21,18,35,0,0,0,149,46,47,57,57,51,65,4,0,0,320
LGA35010,1757,5972,16203,19316,18783,11093,1721,100,5,74956,3845,2769,2696,2417,2586,2799,1394,177,14,18693,138,209,498,536,610,585,158,14,5,2759,156,261,402,424,353,239,72,18,5,1930,5898,9206,19800,22687,22337,14714,3350,309,30,98334,742,1136,1212,898,980,741,58,7,0,5776,1157,322,269,161,154,244,83,10,0,2398,1899,1461,1481,1065,1135,986,138,15,0,8179,7795,10663,21277,23752,23467,15700,3497,326,32,106516,5723,1624,2360,2529,3057,6532,14714,7558,2179,46271,585,668,1439,1464,1526,1303,1281,803,568,9638,14105,12953,25082,27744,28053,23530,19491,8676,2783,162425,878,4070,9191,10382,11643,6240,676,25,3,43099,5394,4100,7035,9613,8994,6055,1443,88,6,42721,193,306,1278,783,624,581,127,5,0,3895,173,161,272,259,306,171,57,25,11,1435,6639,8630,17782,21042,21562,13044,2293,136,30,91156,512,672,781,679,671,378,24,0,0,3728,1192,407,700,712,531,355,49,10,0,3950,1702,1082,1480,1391,1204,732,69,7,3,7673
LGA35250,5,6,31,28,24,15,3,0,0,116,0,3,7,4,4,3,0,0,0,24,0,0,0,0,0,0,0,0,0,3,0,0,0,0,3,0,3,0,0,8,7,10,37,32,27,14,11,3,0,155,13,4,23,10,10,4,0,0,0,60,0,0,0,0,0,0,0,0,0,4,13,7,21,9,10,4,0,0,0,60,20,17,63,47,38,23,11,3,0,213,28,15,13,18,24,18,15,4,0,130,6,3,9,7,5,3,4,3,0,40,54,36,84,67,64,41,21,12,0,378,3,12,25,23,18,9,3,0,0,96,4,4,13,7,12,6,0,0,0,50,0,0,0,3,0,0,0,0,0,4,0,0,3,0,0,0,0,0,0,7,12,18,42,39,26,17,3,0,0,157,4,4,13,0,4,0,0,0,0,27,0,3,0,0,0,0,0,0,0,5,4,9,12,3,4,0,0,0,0,36
LGA35300,120,406,1259,938,881,510,97,5,0,4218,121,60,72,50,47,59,41,11,0,460,13,16,47,45,35,45,15,0,0,210,13,20,20,24,22,15,4,0,0,115,262,498,1400,1058,988,626,151,13,0,5005,24,49,60,47,40,27,3,0,0,260,26,3,10,7,3,11,4,0,0,54,50,51,64,51,47,38,9,0,0,311,313,550,1462,1110,1036,659,157,19,0,5319,207,63,79,82,93,164,284,136,24,1132,64,91,246,137,175,129,59,20,3,926,581,703,1798,1326,1305,950,508,175,30,7372,76,328,736,496,606,263,44,0,0,2558,160,107,296,306,226,139,37,4,0,1280,8,13,81,42,21,23,5,0,0,185,4,9,13,18,18,9,0,0,0,73,247,453,1131,862,868,436,95,10,0,4104,15,23,40,24,35,18,0,0,0,161,24,15,22,29,10,11,0,0,0,113,42,38,64,52,46,23,0,0,0,274
LGA35600,28,74,157,162,185,176,37,10,0,833,28,11,26,19,18,22,16,3,0,143,0,0,5,4,6,9,3,0,0,31,0,3,3,3,3,5,0,0,0,27,58,92,197,192,205,206,61,15,0,1035,6,6,13,20,13,6,0,0,0,54,5,0,3,0,0,3,3,0,0,13,8,6,13,20,11,12,3,0,0,65,65,103,211,211,223,216,59,15,0,1099,62,9,15,16,32,67,111,73,30,417,8,17,21,14,22,19,19,16,5,148,133,131,245,240,276,304,193,105,35,1659,13,58,120,117,141,102,17,0,0,569,36,33,66,61,77,72,13,3,0,368,3,0,18,9,3,7,0,0,0,46,3,3,3,3,6,4,4,0,0,29,57,96,207,198,229,196,37,6,0,1014,0,3,0,10,6,5,0,0,0,24,0,3,9,0,4,3,0,0,0,19,0,6,11,12,13,4,0,0,0,43
LGA35670,0,8,14,17,17,9,3,0,0,71,0,3,0,8,5,0,0,0,0,23,0,0,0,0,0,0,0,0,0,0,0,0,0,0,0,0,0,0,0,5,0,15,19,29,22,9,3,0,0,98,3,4,12,12,4,0,0,0,0,35,0,0,3,3,0,0,0,0,0,11,3,7,10,17,3,0,0,0,0,39,3,17,31,45,24,9,3,0,0,143,40,17,36,21,39,21,12,4,0,192,0,8,0,0,0,0,0,0,0,8,43,39,68,63,67,36,13,3,0,343,0,3,7,3,10,0,0,0,0,27,0,4,3,5,6,0,0,0,0,20,0,0,0,0,0,0,0,0,0,3,0,0,0,0,0,0,0,0,0,0,0,9,17,9,10,6,0,0,0,55,0,6,6,4,3,0,0,0,0,25,0,0,3,0,3,0,0,0,0,4,0,10,12,4,4,0,0,0,0,29
LGA35740,176,391,1076,1807,2049,1440,317,22,0,7276,457,255,315,402,585,754,398,63,0,3230,18,12,48,69,92,91,27,3,0,357,17,9,18,61,49,36,7,7,0,201,671,666,1452,2335,2777,2322,753,90,3,11070,60,70,88,104,118,136,17,3,0,589,99,31,13,12,17,70,24,3,0,277,159,102,104,118,130,202,40,12,0,862,828,769,1560,2449,2911,2527,794,103,3,11939,582,133,187,266,427,1221,2776,1503,454,7543,55,59,122,221,261,258,284,150,86,1500,1470,959,1870,2939,3602,4007,3851,1751,539,20978,88,265,636,916,1442,865,122,4,0,4340,586,311,663,1249,1590,1253,335,27,3,6013,16,19,74,79,81,105,25,0,0,409,22,28,17,29,37,27,9,4,0,173,710,626,1381,2274,3148,2260,492,33,3,10935,39,39,29,45,88,70,4,0,0,304,81,25,35,82,88,81,17,0,0,409,122,63,68,125,170,149,18,0,0,715
LGA35760,52,112,316,321,431,366,153,37,3,1792,46,22,69,37,63,79,55,13,4,393,3,3,7,14,10,16,12,0,3,65,15,3,12,19,19,12,5,0,0,88,121,145,394,387,519,475,225,56,9,2335,13,14,23,12,29,30,0,0,0,116,4,3,4,3,3,6,0,0,0,24,12,11,23,22,34,37,0,0,0,133,134,152,418,412,555,510,226,56,9,2471,120,29,46,47,114,190,438,286,97,1370,21,29,85,68,98,87,93,66,22,571,277,218,549,520,766,785,762,416,124,4408,24,69,160,200,254,177,64,9,0,957,84,57,130,157,210,180,65,20,0,909,7,8,17,11,16,18,5,0,0,87,7,5,3,9,9,6,11,3,0,43,118,143,315,377,491,383,146,36,0,1999,6,8,15,17,8,9,0,0,0,61,9,12,8,5,5,4,3,0,0,42,18,15,18,24,13,14,3,0,0,104
LGA35780,9,30,68,58,59,38,10,0,0,276,9,14,9,12,14,9,0,0,0,73,0,0,3,9,3,4,0,0,0,20,0,0,0,3,0,0,0,0,0,7,26,44,86,78,68,54,12,0,0,371,15,18,26,20,12,3,0,0,0,100,6,0,6,3,0,3,3,0,0,22,16,19,33,21,16,5,3,0,0,119,42,65,120,95,87,68,9,0,0,488,75,39,52,29,30,28,31,8,6,303,3,0,13,8,13,3,3,0,0,44,129,112,180,138,134,96,42,8,6,844,14,28,67,70,57,31,0,0,0,275,19,15,33,26,13,17,0,0,0,125,0,0,3,0,8,0,0,0,0,17,0,0,5,0,0,4,0,0,0,8,30,47,115,98,82,52,3,0,0,424,3,17,25,15,8,0,0,0,0,64,3,8,6,3,3,0,0,0,0,22,7,20,35,20,7,0,0,0,0,86
LGA35790,0,13,21,23,39,18,8,0,0,124,12,11,17,26,25,8,3,0,0,102,0,0,0,0,0,0,0,0,0,7,0,0,0,3,0,0,0,0,0,3,11,19,39,55,67,27,5,0,0,237,0,13,14,7,13,7,0,0,0,56,8,15,17,13,9,3,0,0,0,66,10,28,31,22,18,11,0,0,0,118,23,49,72,75,85,41,8,0,0,350,94,64,87,63,82,39,31,3,0,453,3,3,7,7,7,0,0,0,0,24,114,116,163,142,171,82,38,5,0,825,7,4,26,27,38,36,0,0,0,135,6,7,23,21,27,14,3,0,0,99,0,0,5,3,0,0,0,0,0,9,0,0,0,0,0,0,0,0,0,3,11,17,55,47,63,47,3,0,0,252,3,7,10,11,10,0,0,0,0,44,8,8,12,9,8,7,0,0,0,48,14,10,22,19,15,3,0,0,0,90
LGA35800,9,14,61,52,54,81,17,3,0,299,0,4,4,3,11,12,12,0,0,48,0,0,0,0,3,6,0,0,0,13,0,0,0,0,0,4,0,4,0,8,5,23,67,63,69,96,31,8,0,366,3,3,6,3,4,4,0,0,0,27,0,0,0,0,0,0,0,0,0,4,3,3,6,3,6,11,0,0,0,27,12,24,74,67,72,103,31,14,0,396,16,5,9,17,21,40,65,41,6,214,4,0,5,12,4,11,15,5,3,57,30,32,84,88,103,160,105,61,11,668,3,17,41,26,65,45,13,3,0,208,6,12,16,25,21,27,11,0,0,123,0,3,6,0,7,0,3,0,0,19,0,0,0,0,0,3,0,0,0,7,12,28,64,51,86,76,32,3,0,358,0,0,0,0,0,0,0,0,0,3,0,0,0,0,4,0,0,0,0,9,0,0,3,7,4,3,0,0,0,13
LGA36070,4,9,8,17,15,11,4,0,0,68,3,3,8,11,17,5,3,0,0,45,0,0,0,0,0,0,0,0,0,0,0,0,0,0,0,0,0,0,0,5,11,9,18,28,30,15,9,0,0,115,0,0,5,4,3,0,0,0,0,15,0,3,0,4,7,0,0,0,0,13,3,3,5,8,8,0,0,0,0,29,18,14,24,36,39,16,9,0,0,141,11,10,13,28,27,23,12,7,0,128,0,0,3,3,3,0,0,0,0,5,28,20,36,60,63,33,16,7,0,273,0,5,10,16,10,8,0,0,0,45,4,8,11,7,16,3,0,0,0,49,0,0,0,0,0,0,0,0,0,0,0,0,0,0,0,0,0,0,0,0,4,14,20,27,22,12,0,0,0,95,0,3,3,4,0,0,0,0,0,10,3,3,4,0,3,0,0,0,0,11,3,5,5,4,3,3,0,0,0,23
LGA36150,16,17,44,30,48,34,12,3,3,203,0,5,3,4,4,9,3,0,0,25,0,0,0,3,3,3,0,0,0,11,4,0,3,0,0,0,0,0,0,9,20,21,49,36,60,49,19,3,3,248,0,0,0,0,3,0,0,0,0,11,0,0,0,0,0,0,0,0,0,3,0,0,0,0,3,3,0,0,0,13,20,27,51,32,58,53,19,3,3,259,4,0,3,0,3,10,23,4,0,58,0,0,3,3,4,7,9,0,0,22,20,23,58,37,71,62,46,9,3,340,3,12,43,26,32,20,4,0,0,130,0,3,11,10,17,8,3,0,0,60,0,0,0,0,3,3,0,0,0,11,0,0,0,0,0,0,4,0,0,7,3,21,55,35,55,32,14,3,0,204,0,0,0,0,0,0,0,0,0,0,0,0,0,0,0,0,0,0,0,0,0,0,0,0,3,0,0,0,0,3
LGA36250,661,2021,5444,6534,7182,4962,750,43,10,27607,1508,1054,795,744,947,1153,640,91,13,6942,59,61,133,174,203,239,64,9,0,932,51,82,126,121,125,63,29,4,3,600,2277,3224,6490,7572,8458,6406,1481,144,23,36082,217,315,329,239,264,298,24,0,0,1686,431,93,63,37,37,97,31,0,0,796,644,411,387,278,302,395,60,4,0,2477,2926,3626,6886,7855,8759,6807,1537,150,23,38563,2018,451,536,627,871,2327,5486,3053,1013,16379,137,143,329,381,442,461,387,279,197,2751,5083,4228,7745,8854,10070,9594,7403,3477,1233,57691,316,1416,3131,3559,4826,2754,301,26,6,16330,2105,1412,2239,3368,3458,2644,678,42,3,15948,51,112,393,229,215,257,49,3,0,1318,47,54,99,88,97,73,18,4,3,491,2525,2995,5866,7239,8589,5730,1055,75,9,34082,124,163,182,152,187,138,4,0,0,952,347,105,140,211,176,133,22,4,0,1135,473,261,331,361,368,273,26,4,0,2087
LGA36300,13,23,50,29,32,44,11,4,0,195,3,0,7,3,7,7,0,0,0,22,0,0,3,0,0,0,0,0,0,3,0,0,0,0,3,0,4,0,0,10,19,27,58,33,40,53,12,4,0,232,0,0,3,0,3,0,0,0,0,4,0,0,0,0,0,0,0,0,0,0,0,0,3,0,3,0,0,0,0,6,19,23,57,33,38,52,12,4,0,238,10,3,6,3,4,3,19,12,8,61,5,7,9,4,4,3,3,0,0,32,23,33,73,38,48,61,35,14,8,336,4,11,33,16,23,21,3,0,0,124,0,9,12,8,11,10,4,0,0,60,0,0,4,0,0,0,0,0,0,7,0,0,0,0,0,3,0,0,0,10,7,23,57,23,43,32,6,4,0,197,0,3,0,0,0,0,0,0,0,4,0,0,0,0,0,0,0,0,0,0,0,3,0,0,0,0,0,0,0,7
LGA36370,309,1287,3453,2970,3087,2116,344,40,3,13608,747,443,514,396,395,448,221,38,3,3201,38,44,122,103,96,139,35,0,0,585,24,42,86,63,70,38,11,3,4,337,1120,1817,4173,3528,3652,2743,609,80,11,17735,202,285,362,271,247,222,8,0,0,1600,155,76,80,52,29,50,7,6,0,455,361,364,440,324,274,267,17,6,0,2052,1483,2180,4614,3848,3922,3010,623,91,11,19785,1119,289,447,447,658,1255,2297,1435,460,8415,144,203,485,390,512,420,265,198,108,2724,2745,2672,5555,4686,5093,4686,3182,1727,582,30920,201,943,1923,1745,2024,1235,137,10,0,8223,1003,709,1406,1439,1452,1027,262,42,0,7335,48,77,269,113,123,134,21,4,0,791,38,28,44,38,44,22,16,5,0,243,1286,1751,3640,3339,3641,2428,431,54,3,16582,119,114,170,141,157,53,3,0,0,749,148,74,156,117,90,75,5,0,0,672,268,190,329,258,243,128,8,0,0,1417
LGA36510,199,425,995,1484,1786,1274,341,40,3,6546,282,148,163,216,295,383,237,57,3,1792,17,26,28,44,56,82,38,6,0,291,13,19,24,42,57,28,13,14,3,208,505,614,1211,1793,2196,1768,630,112,10,8838,50,60,83,77,80,66,3,0,0,418,48,19,19,10,17,17,17,0,0,146,92,77,111,85,92,85,15,0,0,564,595,693,1318,1874,2291,1855,652,113,10,9403,575,109,221,277,380,777,1616,961,291,5209,95,79,161,170,225,225,214,99,41,1302,1264,883,1700,2318,2886,2856,2483,1175,342,15914,92,261,530,763,1025,656,140,23,0,3485,429,262,494,882,993,778,230,35,0,4097,21,12,78,65,73,62,24,4,0,338,24,9,13,41,28,32,16,9,0,170,559,545,1117,1745,2116,1523,409,64,3,8090,27,45,52,46,63,36,3,0,0,274,44,20,48,45,36,35,3,0,0,238,76,63,102,88,103,69,7,0,0,513
LGA36580,109,265,709,817,911,707,169,24,6,3714,134,63,117,125,173,221,115,19,3,966,10,7,23,29,24,37,23,0,0,161,12,7,28,19,29,26,11,8,3,142,267,352,876,990,1138,990,315,56,12,4987,48,54,58,58,60,52,4,0,0,333,38,12,18,11,10,13,9,0,0,108,82,61,80,62,66,74,14,3,0,441,345,415,952,1059,1204,1060,327,57,12,5427,383,93,132,189,329,644,1116,546,127,3558,68,39,93,117,147,168,136,60,13,847,794,551,1173,1365,1685,1869,1578,664,149,9833,64,166,314,432,566,356,64,6,0,1963,190,147,344,427,435,392,97,6,0,2039,12,9,46,30,31,40,11,0,0,181,19,5,14,13,20,14,14,0,3,102,277,325,714,906,1056,803,186,17,8,4282,26,34,44,37,53,20,0,0,0,219,41,13,28,40,18,27,0,0,0,161,72,48,72,73,70,49,3,0,0,378
LGA36630,141,366,787,903,1087,843,233,53,4,4428,214,118,186,157,203,260,153,35,3,1320,19,14,34,26,60,51,21,6,0,214,13,15,22,27,33,27,17,10,0,155,383,506,1025,1109,1388,1175,426,101,15,6123,49,77,78,58,60,69,7,0,0,394,23,17,20,14,20,18,3,0,0,123,77,97,97,71,82,81,10,4,0,520,465,599,1123,1182,1464,1260,428,105,15,6637,438,123,225,323,446,828,1741,904,260,5279,58,58,86,139,175,158,194,120,35,1025,960,784,1433,1650,2081,2236,2364,1130,307,12944,83,227,398,482,693,453,95,19,0,2450,276,178,416,594,594,505,151,25,0,2734,20,14,46,33,44,58,19,3,0,236,15,12,11,27,21,15,14,9,0,114,395,424,863,1130,1352,1032,278,53,0,5535,36,38,39,35,61,25,0,0,0,227,40,18,45,37,33,24,0,0,0,196,72,59,76,70,90,55,0,0,0,421
LGA36660,178,466,911,1082,1292,1077,319,45,4,5375,299,144,188,164,255,312,191,52,11,1612,21,9,41,35,43,60,27,4,0,238,22,17,28,29,32,38,21,9,3,185,514,634,1164,1311,1616,1486,551,109,24,7409,50,62,78,60,67,60,6,0,0,378,35,14,23,18,11,19,3,3,0,128,86,76,97,78,77,82,12,3,0,512,599,709,1263,1393,1698,1566,563,112,24,7919,506,117,178,201,352,775,1667,951,271,5017,60,55,123,101,138,149,171,91,39,934,1168,881,1563,1697,2192,2494,2397,1149,336,13866,101,218,428,551,816,594,116,18,0,2849,379,221,457,685,776,659,171,25,3,3370,17,27,73,57,46,66,23,3,0,308,12,15,24,28,29,32,13,7,0,162,507,479,978,1318,1657,1354,317,54,7,6684,24,47,41,43,35,40,0,0,0,232,35,27,38,39,37,30,5,0,0,205,60,75,76,77,75,62,6,0,0,434
LGA36720,1035,3364,9382,11730,12120,7734,1299,90,11,46762,2662,1750,2014,2083,2489,2883,1522,195,20,15612,123,121,358,372,458,438,125,19,4,2026,110,132,253,274,227,149,53,21,10,1234,3925,5372,12014,14456,15290,11202,2999,324,42,65631,383,522,589,581,641,633,56,7,0,3404,730,256,176,130,145,218,94,5,3,1761,1109,783,767,712,778,850,149,12,3,5167,5038,6150,12777,15163,16072,12050,3148,334,48,70793,3467,955,1202,1452,2002,5075,12055,7679,2569,36456,406,521,1032,1140,1193,1074,1013,622,345,7351,8919,7636,15006,17752,19269,18202,16222,8634,2964,114603,497,2209,5149,5851,7801,4437,547,26,6,26520,3856,2831,5083,7489,7648,5623,1403,114,14,34049,141,170,714,433,446,456,91,13,3,2467,98,93,167,176,188,157,56,23,9,972,4592,5309,11113,13938,16086,10666,2091,182,26,64007,236,301,363,345,479,310,11,3,0,2050,719,306,410,477,424,356,59,3,0,2761,959,607,769,827,904,662,71,8,0,4815
LGA36820,119,251,534,694,862,723,206,27,3,3418,191,65,122,128,201,264,158,44,0,1171,4,9,24,38,47,64,26,0,0,207,16,7,22,17,22,15,15,9,0,120,324,333,701,876,1123,1074,402,77,7,4913,32,45,69,51,81,71,7,0,0,345,18,12,9,7,14,30,8,3,0,106,53,58,76,55,92,102,13,5,0,451,373,392,780,932,1220,1175,410,83,7,5367,305,70,103,138,241,594,1233,698,219,3598,59,59,97,100,153,176,149,94,27,909,735,525,974,1165,1613,1947,1791,872,259,9881,56,150,274,389,595,469,99,7,0,2038,252,108,318,452,576,514,143,17,3,2382,11,15,48,36,42,63,17,3,0,224,5,6,12,17,13,20,11,7,0,92,324,279,658,891,1222,1056,264,36,3,4738,18,20,33,38,51,20,3,0,0,190,19,17,26,27,30,32,3,0,0,163,39,44,65,65,79,52,6,0,0,354
LGA36910,821,2542,6424,6227,6589,4744,1035,130,17,28525,1421,900,1019,786,810,1055,710,121,16,6840,77,73,179,168,214,254,96,9,3,1066,63,86,149,116,111,95,49,16,3,686,2379,3602,7763,7292,7725,6147,1891,279,40,37117,260,390,429,307,286,221,19,4,0,1915,349,146,115,66,56,83,21,3,0,844,607,536,548,375,341,307,44,10,3,2762,2987,4144,8307,7665,8069,6454,1932,282,44,39882,2127,701,786,889,1127,2254,4968,3358,1068,17271,329,387,660,628,661,668,588,425,243,4603,5445,5232,9752,9185,9859,9373,7493,4069,1351,61751,421,1747,3342,3265,4195,2725,414,43,6,16158,1890,1392,2698,3314,3234,2563,755,76,12,15931,91,122,511,203,231,258,69,9,0,1498,51,32,85,81,95,74,41,20,5,489,2452,3295,6639,6870,7748,5621,1279,154,22,34072,179,251,247,191,214,107,3,0,0,1190,311,166,218,209,164,103,21,0,0,1193,493,415,463,405,377,207,19,0,3,2387
LGA36950,11,34,122,106,94,85,13,3,0,469,7,13,34,15,29,21,9,3,0,129,3,0,5,7,11,11,3,0,0,37,0,10,6,11,7,4,0,0,0,37,25,59,172,135,137,113,24,3,0,671,12,7,8,5,4,3,0,0,0,44,3,3,6,0,0,4,0,0,0,18,12,15,14,7,8,10,0,0,0,62,39,71,178,148,146,126,24,3,0,738,104,46,31,27,19,34,39,21,8,316,13,29,81,33,37,22,10,3,0,227,158,147,295,208,198,178,71,24,8,1280,8,29,128,121,91,61,14,0,0,462,14,24,42,45,26,33,10,0,0,184,0,3,9,5,4,3,0,0,0,24,3,5,12,12,4,3,0,0,0,41,27,61,183,186,122,103,23,4,0,713,4,5,5,7,8,7,0,0,0,36,6,0,3,0,3,3,0,0,0,19,7,11,6,7,12,10,0,0,0,53
LGA36960,3,29,77,85,70,41,10,0,0,318,3,19,44,38,41,18,3,0,0,172,0,0,3,0,3,4,0,0,0,13,4,3,7,10,8,0,0,0,0,28,15,53,134,133,119,71,10,0,0,528,9,10,24,15,11,3,0,0,0,69,8,13,13,7,4,4,0,0,0,46,13,26,34,26,13,11,0,0,0,115,25,79,162,159,132,78,10,0,0,646,112,95,138,77,94,84,60,20,5,682,56,12,53,15,6,14,6,3,0,167,198,187,360,246,230,177,78,24,5,1503,5,15,48,64,55,34,3,0,0,223,4,26,56,36,36,25,3,0,0,195,0,0,4,0,3,4,0,0,0,12,0,0,4,3,4,3,0,0,0,10,14,46,112,103,91,70,7,0,0,438,5,12,7,3,6,0,0,0,0,37,5,3,12,10,3,3,0,0,0,31,7,12,22,12,9,3,0,0,0,64
LGA37010,808,3738,8603,7833,7435,4700,728,48,4,33906,1753,1432,1327,949,1077,1057,521,77,3,8195,115,139,285,287,268,273,66,4,0,1441,67,119,184,180,117,111,39,10,3,824,2741,5433,10397,9249,8894,6142,1351,136,16,44362,340,564,740,589,639,552,28,8,0,3456,534,239,139,86,63,123,50,6,0,1241,871,800,879,675,706,676,78,14,0,4692,3617,6231,11276,9924,9597,6819,1433,149,14,49060,2775,1097,1288,1273,1461,2599,4934,2527,776,18725,457,870,1249,942,965,792,583,266,102,6224,6847,8199,13808,12141,12021,10207,6950,2940,890,74006,415,2323,5406,4894,5378,3069,338,20,3,21837,2347,2193,3158,3691,3252,2410,585,55,10,17689,120,201,710,333,295,249,66,3,0,1979,72,80,115,116,88,80,24,11,6,590,2948,4794,9384,9033,9010,5809,1011,85,13,42090,224,316,442,386,317,200,10,3,0,1907,593,297,311,268,209,154,18,0,0,1843,818,614,757,655,521,353,24,3,0,3748
LGA37300,27,73,279,281,250,141,15,0,0,1070,23,9,17,18,19,12,4,0,0,104,0,0,11,14,11,7,0,0,0,51,0,3,8,6,0,3,0,0,0,25,55,97,310,324,279,158,16,3,0,1248,4,7,4,6,4,3,0,0,0,29,0,0,0,0,0,0,0,0,0,0,4,7,4,8,4,3,0,0,0,26,58,102,317,328,292,163,16,3,0,1271,41,3,10,10,3,19,20,4,0,113,8,17,29,44,33,27,7,0,0,164,104,127,355,380,332,201,50,7,0,1550,9,44,171,140,160,42,9,0,0,575,30,12,65,74,51,26,0,0,0,256,4,3,25,6,13,4,0,0,0,57,4,0,0,5,0,0,0,0,0,17,47,62,265,222,221,76,9,0,0,901,0,3,0,5,0,0,0,0,0,12,0,0,0,8,0,0,0,0,0,15,0,7,4,10,0,0,0,0,0,25
LGA37310,200,542,1405,1396,1442,1027,340,76,9,6438,243,119,146,131,137,182,150,42,8,1156,16,18,36,52,42,45,30,0,3,246,17,23,31,25,33,27,25,9,6,183,469,699,1610,1605,1655,1284,545,127,22,8027,55,66,98,75,65,50,6,0,0,404,44,22,15,17,15,12,4,0,0,120,95,85,108,93,78,57,8,0,0,524,569,786,1723,1698,1734,1342,556,127,22,8549,442,79,129,163,303,447,855,538,187,3144,95,103,269,259,284,235,208,107,35,1593,1101,962,2125,2120,2314,2029,1621,770,242,13292,96,319,593,663,735,486,122,24,0,3041,332,211,490,663,610,449,148,32,3,2938,18,20,94,53,48,47,13,0,0,292,17,7,20,17,24,18,19,0,3,123,467,551,1200,1388,1419,1002,303,60,3,6400,25,49,52,51,59,21,3,0,0,265,47,24,25,33,24,16,5,0,0,180,72,75,80,83,79,39,5,0,0,443
LGA37340,176,567,1591,1419,1428,1069,223,33,3,6513,212,121,230,193,227,282,144,23,3,1440,12,15,57,68,49,55,22,4,0,283,6,23,51,41,41,19,4,4,0,191,412,729,1923,1730,1746,1426,399,55,11,8425,42,70,110,86,96,115,10,0,0,530,23,16,21,12,13,24,9,0,0,113,65,89,131,100,106,138,19,3,0,639,479,813,2056,1822,1847,1558,418,62,11,9067,305,72,132,123,211,555,1124,522,134,3176,105,178,481,332,321,277,224,86,32,2040,889,1064,2663,2286,2382,2395,1762,665,176,14283,91,479,962,781,841,547,102,15,0,3818,255,209,560,692,619,508,118,14,0,2978,19,22,96,53,58,53,10,0,0,314,22,12,33,24,28,22,8,6,0,147,387,713,1650,1557,1540,1129,240,34,4,7258,21,30,54,58,68,54,3,0,0,288,26,18,48,29,28,38,3,0,0,187,48,43,101,91,100,94,9,0,0,480
LGA37400,11,14,49,38,49,60,16,3,0,236,3,3,5,6,3,10,6,0,0,33,0,3,0,5,3,3,3,0,0,14,3,0,3,4,3,0,4,0,0,14,14,14,56,50,62,74,23,3,0,299,3,0,3,0,0,5,0,0,0,15,0,0,0,0,0,0,0,0,0,3,3,0,3,0,3,5,0,0,0,19,16,18,60,50,65,75,27,3,0,318,8,0,0,6,8,15,46,39,13,122,4,3,8,3,4,11,19,3,7,47,24,20,67,56,75,98,84,46,20,494,6,25,28,21,51,38,4,0,0,177,5,3,15,14,13,12,4,0,0,69,3,0,3,4,3,0,0,0,0,17,0,0,0,0,0,0,0,0,0,8,14,32,51,43,70,51,11,0,0,271,0,0,0,0,0,0,0,0,0,4,0,0,0,0,0,0,0,0,0,0,5,0,0,0,0,0,0,0,0,9
LGA37550,0,3,22,19,11,16,0,0,0,63,4,3,0,3,7,7,0,0,0,22,0,0,0,0,0,0,0,0,0,4,0,5,0,0,0,0,0,0,0,9,6,8,23,18,19,19,0,0,0,100,3,0,6,0,3,3,0,0,0,14,0,3,3,0,0,0,0,0,0,6,3,6,8,0,3,3,0,0,0,21,7,14,34,20,18,24,0,0,0,122,36,21,25,25,19,11,8,4,0,157,0,15,3,6,5,0,0,0,0,29,45,51,59,55,48,36,9,4,0,300,4,8,8,12,17,9,0,0,0,54,0,6,3,11,7,0,0,0,0,34,0,0,0,0,0,0,0,0,0,0,0,0,0,0,0,0,0,0,0,3,5,9,15,17,25,8,6,0,0,95,0,3,4,3,0,0,0,0,0,13,0,3,8,0,0,0,0,0,0,10,0,6,6,3,0,0,0,0,0,20
LGA37570,0,0,3,9,3,6,0,0,0,20,0,0,0,3,6,0,0,0,0,12,0,0,0,0,0,0,0,0,0,0,0,0,0,0,0,0,0,0,0,0,0,3,3,6,10,6,0,0,0,35,0,3,7,0,0,0,0,0,0,15,0,0,0,0,0,0,0,0,0,3,0,3,7,0,0,0,0,0,0,11,0,4,12,13,10,9,0,0,0,48,4,4,7,3,5,10,4,0,0,49,0,3,0,0,0,0,0,0,0,3,10,14,23,17,16,13,4,0,0,100,0,0,3,6,3,0,0,0,0,13,0,4,3,0,0,3,0,0,0,16,0,0,0,0,0,0,0,0,0,0,0,0,0,0,0,0,0,0,0,0,0,4,5,6,5,0,0,0,0,28,0,0,0,3,3,0,0,0,0,6,0,0,0,3,0,0,0,0,0,4,0,0,3,5,3,0,0,0,0,9
LGA37600,0,7,25,23,20,15,0,0,0,92,0,7,10,4,6,7,0,0,0,40,0,3,3,0,0,0,0,0,0,5,3,3,7,3,0,0,0,0,0,14,3,24,51,30,30,22,0,0,0,161,26,30,40,35,25,13,3,0,0,161,0,0,3,4,4,0,0,0,0,17,30,32,40,39,30,13,3,0,0,175,30,51,89,66,59,31,5,0,0,335,88,60,100,69,73,60,20,9,0,481,7,3,5,7,3,0,0,0,0,24,128,119,192,139,133,89,25,7,0,835,0,16,27,24,30,10,0,0,0,105,0,3,7,21,15,4,0,0,0,54,0,0,4,0,0,0,0,0,0,8,0,0,3,3,0,0,0,0,0,14,4,26,36,48,55,17,0,0,0,184,16,15,28,16,15,4,0,0,0,97,4,3,3,0,3,0,0,0,0,12,22,17,28,21,19,4,0,0,0,112
LGA39499,23,125,370,235,207,125,18,4,0,1106,23,79,136,52,66,57,25,0,0,428,3,10,23,18,19,28,6,0,0,107,3,17,36,24,15,6,5,0,0,100,52,223,564,324,310,212,59,3,0,1743,26,69,118,108,90,68,4,0,0,490,14,19,28,27,17,18,4,0,0,120,43,87,151,130,106,89,10,0,0,612,89,315,711,455,417,300,63,6,0,2360,80,136,248,196,280,606,888,187,11,2632,39,113,329,313,273,246,171,36,8,1521,212,559,1288,964,975,1147,1120,225,19,6509,13,133,244,54,96,89,5,0,0,640,30,107,171,63,79,95,14,0,0,552,4,6,15,13,17,25,0,0,0,91,8,4,17,16,5,7,0,0,0,56,50,252,444,147,202,217,24,0,0,1336,22,41,70,44,48,49,3,0,0,270,17,14,19,14,18,17,8,0,0,106,42,53,90,58,58,69,8,0,0,375
LGA39799,0,3,3,9,4,6,0,0,0,23,0,0,3,0,0,0,0,0,0,7,0,0,0,0,0,0,0,0,0,4,0,0,0,0,0,0,0,0,0,0,3,3,3,9,8,5,0,0,0,31,0,0,0,0,0,0,0,0,0,0,0,0,0,0,0,0,0,0,0,0,0,0,0,0,0,0,0,0,0,0,3,3,3,6,11,5,0,0,0,30,0,0,0,0,3,0,15,9,0,27,0,0,0,0,0,0,3,0,0,8,3,3,4,7,10,7,13,7,0,65,0,0,0,3,3,3,0,0,0,11,0,0,0,0,0,4,0,0,0,11,0,0,3,0,3,0,0,0,0,12,0,0,0,0,0,0,0,0,0,0,4,0,6,4,4,6,0,0,0,33,0,0,0,0,0,0,0,0,0,0,0,0,0,0,0,0,0,0,0,0,0,0,0,0,0,0,0,0,0,0
