LGA_CODE_2016,F_ID_NS_15_19,F_ID_NS_20_24,F_ID_NS_25_34,F_ID_NS_35_44,F_ID_NS_45_54,F_ID_NS_55_64,F_ID_NS_65_74,F_ID_NS_75_84,F_ID_NS_85ov,F_ID_NS_Tot,F_Tot_15_19,F_Tot_20_24,F_Tot_25_34,F_Tot_35_44,F_Tot_45_54,F_Tot_55_64,F_Tot_65_74,F_Tot_75_84,F_Tot_85ov,F_Tot_Tot,P_Ag_For_Fshg_15_19,P_Ag_For_Fshg_20_24,P_Ag_For_Fshg_25_34,P_Ag_For_Fshg_35_44,P_Ag_For_Fshg_45_54,P_Ag_For_Fshg_55_64,P_Ag_For_Fshg_65_74,P_Ag_For_Fshg_75_84,P_Ag_For_Fshg_85ov,P_Ag_For_Fshg_Tot,P_Mining_15_19,P_Mining_20_24,P_Mining_25_34,P_Mining_35_44,P_Mining_45_54,P_Mining_55_64,P_Mining_65_74,P_Mining_75_84,P_Mining_85ov,P_Mining_Tot,P_Manufact_15_19,P_Manufact_20_24,P_Manufact_25_34,P_Manufact_35_44,P_Manufact_45_54,P_Manufact_55_64,P_Manufact_65_74,P_Manufact_75_84,P_Manufact_85ov,P_Manufact_Tot,P_El_Gas_Wt_Waste_15_19,P_El_Gas_Wt_Waste_20_24,P_El_Gas_Wt_Waste_25_34,P_El_Gas_Wt_Waste_35_44,P_El_Gas_Wt_Waste_45_54,P_El_Gas_Wt_Waste_55_64,P_El_Gas_Wt_Waste_65_74,P_El_Gas_Wt_Waste_75_84,P_El_Gas_Wt_Waste_85ov,P_El_Gas_Wt_Waste_Tot,P_Constru_15_19,P_Constru_20_24,P_Constru_25_34,P_Constru_35_44,P_Constru_45_54,P_Constru_55_64,P_Constru_65_74,P_Constru_75_84,P_Constru_85ov,P_Constru_Tot,P_WhlesaleTde_15_19,P_WhlesaleTde_20_24,P_WhlesaleTde_25_34,P_WhlesaleTde_35_44,P_WhlesaleTde_45_54,P_WhlesaleTde_55_64,P_WhlesaleTde_65_74,P_WhlesaleTde_75_84,P_WhlesaleTde_85ov,P_WhlesaleTde_Tot,P_RetTde_15_19,P_RetTde_20_24,P_RetTde_25_34,P_RetTde_35_44,P_RetTde_45_54,P_RetTde_55_64,P_RetTde_65_74,P_RetTde_75_84,P_RetTde_85ov,P_RetTde_Tot,P_Accom_food_15_19,P_Accom_food_20_24,P_Accom_food_25_34,P_Accom_food_35_44,P_Accom_food_45_54,P_Accom_food_55_64,P_Accom_food_65_74,P_Accom_food_75_84,P_Accom_food_85ov,P_Accom_food_Tot,P_Trans_post_wrehsg_15_19,P_Trans_post_wrehsg_20_24,P_Trans_post_wrehsg_25_34,P_Trans_post_wrehsg_35_44,P_Trans_post_wrehsg_45_54,P_Trans_post_wrehsg_55_64,P_Trans_post_wrehsg_65_74,P_Trans_post_wrehsg_75_84,P_Trans_post_wrehsg_85ov,P_Trans_post_wrehsg_Tot,P_Info_media_teleco_15_19,P_Info_media_teleco_20_24,P_Info_media_teleco_25_34,P_Info_media_teleco_35_44,P_Info_media_teleco_45_54,P_Info_media_teleco_55_64,P_Info_media_teleco_65_74,P_Info_media_teleco_75_84,P_Info_media_teleco_85ov,P_Info_media_teleco_Tot,P_Fin_Insur_15_19,P_Fin_Insur_20_24,P_Fin_Insur_25_34,P_Fin_Insur_35_44,P_Fin_Insur_45_54,P_Fin_Insur_55_64,P_Fin_Insur_65_74,P_Fin_Insur_75_84,P_Fin_Insur_85ov,P_Fin_Insur_Tot,P_RtnHir_REst_15_19,P_RtnHir_REst_20_24,P_RtnHir_REst_25_34,P_RtnHir_REst_35_44,P_RtnHir_REst_45_54,P_RtnHir_REst_55_64,P_RtnHir_REst_65_74,P_RtnHir_REst_75_84,P_RtnHir_REst_85ov,P_RtnHir_REst_Tot,P_Pro_scien_tec_15_19,P_Pro_scien_tec_20_24,P_Pro_scien_tec_25_34,P_Pro_scien_tec_35_44,P_Pro_scien_tec_45_54,P_Pro_scien_tec_55_64,P_Pro_scien_tec_65_74,P_Pro_scien_tec_75_84,P_Pro_scien_tec_85ov,P_Pro_scien_tec_Tot,P_Admin_supp_15_19,P_Admin_supp_20_24,P_Admin_supp_25_34,P_Admin_supp_35_44,P_Admin_supp_45_54,P_Admin_supp_55_64,P_Admin_supp_65_74,P_Admin_supp_75_84,P_Admin_supp_85ov,P_Admin_supp_Tot,P_Public_admin_sfty_15_19,P_Public_admin_sfty_20_24,P_Public_admin_sfty_25_34,P_Public_admin_sfty_35_44,P_Public_admin_sfty_45_54,P_Public_admin_sfty_55_64,P_Public_admin_sfty_65_74,P_Public_admin_sfty_75_84,P_Public_admin_sfty_85ov,P_Public_admin_sfty_Tot,P_Educ_trng_15_19,P_Educ_trng_20_24,P_Educ_trng_25_34,P_Educ_trng_35_44,P_Educ_trng_45_54,P_Educ_trng_55_64,P_Educ_trng_65_74,P_Educ_trng_75_84,P_Educ_trng_85ov,P_Educ_trng_Tot,P_HlthCare_SocAs_15_19,P_HlthCare_SocAs_20_24,P_HlthCare_SocAs_25_34,P_HlthCare_SocAs_35_44,P_HlthCare_SocAs_45_54,P_HlthCare_SocAs_55_64,P_HlthCare_SocAs_65_74,P_HlthCare_SocAs_75_84,P_HlthCare_SocAs_85ov,P_HlthCare_SocAs_Tot,P_Art_recn_15_19,P_Art_recn_20_24,P_Art_recn_25_34,P_Art_recn_35_44,P_Art_recn_45_54,P_Art_recn_55_64,P_Art_recn_65_74,P_Art_recn_75_84,P_Art_recn_85ov,P_Art_recn_Tot
LGA30250,0,0,0,0,0,0,0,0,0,7,4,11,27,23,20,19,0,0,0,97,0,0,0,0,0,0,0,0,0,4,3,4,0,3,0,0,0,0,0,6,0,0,0,0,0,0,0,0,0,3,0,0,0,0,0,0,0,0,0,0,0,3,8,0,0,0,0,0,0,15,0,0,0,0,0,0,0,0,0,0,3,0,3,4,4,0,0,0,0,17,0,0,0,0,0,0,0,0,0,0,0,0,0,0,0,0,0,0,0,3,0,0,0,0,0,0,0,0,0,0,0,0,0,0,0,0,0,0,0,0,0,0,0,0,0,0,0,0,0,0,0,0,0,0,0,0,0,0,0,0,0,0,0,3,3,0,0,0,0,6,0,3,15,14,19,12,0,0,0,67,0,4,9,8,4,3,0,0,0,31,0,4,0,8,10,4,0,0,0,24,0,0,4,4,0,0,0,0,0,9
LGA30300,7,3,3,7,9,6,0,0,0,41,62,71,196,193,224,184,56,4,3,993,23,39,128,124,178,162,74,25,4,756,0,0,3,5,0,0,0,0,0,13,0,3,13,7,3,3,0,0,0,34,0,0,7,5,6,0,0,0,0,20,7,13,17,23,27,14,11,0,0,110,3,7,10,14,16,14,3,3,0,69,38,18,29,38,26,24,10,3,0,188,11,6,20,6,20,13,5,0,0,83,0,0,7,15,20,13,8,0,0,63,0,0,0,0,0,3,0,0,0,3,0,0,6,10,3,3,0,0,0,16,0,3,0,0,3,0,0,0,0,9,0,0,12,10,6,11,0,0,0,36,5,0,9,3,11,9,0,0,0,38,0,9,25,31,26,29,3,0,0,125,7,17,37,45,41,31,10,0,0,184,3,13,56,41,65,40,13,0,0,237,0,0,0,3,0,0,0,0,0,6
LGA30370,9,7,11,20,22,13,9,3,0,95,200,238,622,682,721,473,140,41,9,3115,36,65,206,227,277,306,203,85,12,1414,16,66,253,284,277,149,19,3,0,1069,38,57,130,135,79,57,14,4,0,512,9,37,82,58,95,63,5,0,0,354,23,48,85,74,75,53,17,3,0,370,4,15,59,46,27,14,3,0,0,166,115,51,77,91,113,64,8,4,0,525,80,33,66,38,54,31,12,0,0,314,6,10,30,47,47,49,11,3,0,202,0,3,6,9,4,5,0,0,0,24,3,7,16,12,11,4,0,0,0,62,0,4,12,17,11,5,3,0,0,54,11,18,35,41,28,12,3,0,0,143,4,25,32,39,46,32,14,0,0,184,3,18,54,69,96,53,20,0,0,318,7,25,108,134,115,82,7,3,0,491,14,28,86,83,125,106,23,0,0,469,0,3,11,3,5,0,0,0,0,25
LGA30410,4,0,6,5,4,0,3,3,0,34,39,56,133,128,157,131,37,11,0,682,13,36,85,75,101,88,44,24,0,461,3,0,0,5,3,4,0,0,0,18,3,3,7,0,3,3,0,0,0,23,0,0,7,9,8,7,0,0,0,25,3,12,19,24,33,23,4,0,0,121,4,0,3,8,3,0,0,0,0,13,11,5,10,11,18,11,3,0,0,74,6,7,0,9,7,16,3,0,0,51,0,4,9,11,40,16,3,0,0,87,0,0,0,0,0,3,0,0,0,11,0,0,0,0,0,3,0,0,0,3,0,0,0,0,4,0,0,0,0,8,0,7,16,9,10,5,0,0,0,52,0,3,8,3,10,9,3,0,0,28,6,8,15,24,43,28,4,0,0,126,3,12,30,27,24,13,3,0,0,113,4,16,26,20,29,28,13,0,0,136,0,0,5,3,0,5,0,0,0,16
LGA30450,0,0,0,0,0,0,0,0,0,0,3,4,8,10,23,12,7,0,0,72,3,7,7,6,16,20,0,0,0,68,0,0,0,0,0,0,0,0,0,0,0,0,0,0,0,0,0,0,0,3,0,0,0,0,0,0,0,0,0,3,0,0,3,0,0,0,0,0,0,5,0,0,0,0,0,0,0,0,0,0,0,0,0,0,0,0,0,0,0,9,0,0,0,0,6,3,0,0,0,13,0,0,0,0,3,0,0,0,0,7,0,0,0,0,0,0,0,0,0,0,0,0,0,0,0,0,0,0,0,0,0,0,0,0,0,0,0,0,0,0,0,0,0,0,0,0,0,0,0,3,0,0,0,0,0,0,0,0,0,0,3,0,14,10,19,3,5,0,0,52,0,0,0,3,0,0,0,0,0,8,0,0,0,0,0,4,0,0,0,4,0,0,0,0,0,0,0,0,0,0
LGA30760,0,0,5,3,0,0,0,0,0,17,13,26,85,95,98,90,29,3,0,446,3,18,34,48,63,79,35,9,0,296,0,0,0,3,0,3,0,0,0,8,0,3,3,4,3,4,0,0,0,15,0,0,6,0,0,5,0,0,0,9,3,3,15,10,5,6,3,0,0,53,0,0,3,4,9,4,4,0,0,30,13,6,9,17,10,10,3,0,0,77,7,0,11,6,10,10,3,0,0,41,0,0,3,15,13,11,4,0,0,39,0,0,0,0,0,0,0,0,0,0,0,0,0,0,0,0,0,0,0,4,0,0,0,3,3,0,0,0,0,8,0,0,4,3,3,0,0,0,0,13,0,0,0,4,0,3,0,0,0,13,6,6,17,22,21,24,8,0,0,104,0,8,23,19,10,5,4,0,0,67,0,3,12,24,20,18,9,0,0,86,0,0,0,3,3,3,0,0,0,3
LGA30900,0,0,0,0,0,0,0,0,0,0,3,16,29,8,9,23,3,0,0,94,14,22,29,9,15,19,6,0,0,108,0,0,0,0,0,0,0,0,0,3,0,0,0,0,0,0,0,0,0,0,0,0,0,0,0,0,0,0,0,3,0,0,3,4,3,0,3,0,0,13,0,0,0,0,0,0,0,0,0,0,0,3,0,0,0,0,0,0,0,10,0,0,0,3,0,3,0,0,0,3,0,0,0,0,0,0,0,0,0,3,0,0,0,0,0,0,0,0,0,0,0,0,0,0,0,0,0,0,0,0,0,0,0,0,0,0,0,0,0,0,0,0,0,0,0,0,0,0,0,0,0,0,0,0,0,0,0,0,0,0,0,0,7,4,11,12,0,0,0,38,0,0,9,0,3,3,0,0,0,18,0,0,0,0,0,0,0,0,0,3,0,0,0,0,0,0,0,0,0,0
LGA31000,393,956,2203,1984,1590,929,276,79,36,8437,15307,31770,71072,61649,55658,33553,6942,567,75,276593,86,190,505,489,455,293,164,36,3,2232,17,219,2390,2524,1606,670,109,3,0,7537,764,2101,6463,6940,6988,4159,815,72,6,28312,31,223,1359,1795,1496,811,96,13,0,5818,1273,4089,10967,9109,7470,4418,993,84,7,38406,341,1192,3580,3820,3716,2156,517,46,3,15378,6957,10900,11667,7197,6545,4323,1283,121,5,49001,10091,9836,10854,4694,3419,2017,480,54,9,41446,308,1732,6979,6640,6509,4512,1082,90,7,27869,373,1162,2692,2265,1826,946,187,20,0,9474,162,1423,6751,6529,4641,2282,492,63,16,22356,326,1286,3260,2761,2597,1718,719,136,21,12823,792,5727,17526,15944,11401,6271,1811,206,13,59693,506,2339,6087,4560,3651,2422,644,65,10,20281,359,2872,10210,11645,10616,5903,866,52,3,42528,1532,4327,12336,13781,14510,9679,2057,161,10,58395,1368,6978,20516,17739,16752,11628,2548,220,19,77779,927,1568,2648,1998,1515,964,319,53,4,9998
LGA31750,0,0,0,0,0,3,0,0,0,4,8,10,25,18,16,22,0,0,0,94,3,7,15,7,6,11,8,0,4,65,0,0,0,4,0,5,0,0,0,10,0,0,0,0,0,3,0,0,0,3,0,0,0,0,0,0,0,0,0,0,0,0,3,3,3,3,0,0,0,20,0,0,0,0,0,0,0,0,0,0,0,0,0,0,3,3,0,0,0,8,0,0,3,3,3,10,3,0,0,16,0,0,0,0,3,3,0,0,0,4,0,0,0,0,0,0,0,0,0,0,0,0,0,0,0,0,0,0,0,0,0,0,0,0,0,0,0,0,0,0,0,0,0,0,0,0,0,0,0,0,0,0,0,0,0,0,0,0,0,0,4,0,15,18,13,6,0,0,0,58,0,0,0,3,0,3,0,0,0,7,0,0,0,0,0,0,0,0,0,3,0,0,0,0,0,0,0,0,0,3
LGA31820,35,44,94,90,107,95,30,13,8,520,1272,1332,2847,3354,4048,3013,578,84,14,16534,119,329,699,543,719,565,275,75,8,3332,3,28,156,191,196,105,12,0,0,695,112,179,392,414,539,459,84,4,0,2183,7,13,55,76,100,71,11,0,0,334,95,220,533,557,578,492,84,8,0,2563,38,65,113,128,177,136,20,0,0,682,754,479,665,665,713,519,81,12,0,3887,712,353,358,313,317,229,60,10,0,2345,18,51,137,242,355,357,98,3,0,1268,27,32,59,50,50,36,3,0,0,260,12,38,129,114,140,70,13,0,0,516,22,45,81,104,86,106,31,6,0,486,25,84,250,255,243,200,77,12,0,1144,44,77,196,213,271,225,46,11,0,1088,23,71,265,397,484,375,32,3,0,1649,52,109,399,782,895,654,116,13,0,3018,120,362,966,1169,1518,1197,192,13,0,5533,31,29,36,47,56,58,16,6,0,283
LGA31900,9,8,15,28,27,25,11,4,0,120,268,301,579,711,843,667,156,26,0,3556,41,139,253,301,394,340,149,53,3,1674,3,7,52,63,44,20,4,0,0,193,50,98,159,156,219,211,43,0,0,951,0,11,23,26,45,19,0,0,0,124,21,39,86,85,76,75,17,0,0,398,3,12,17,28,23,20,7,0,0,115,133,70,122,135,140,101,17,4,0,720,129,50,45,52,60,42,3,0,0,388,3,8,24,43,68,66,15,0,0,228,5,3,6,3,3,3,0,0,0,26,6,13,27,31,31,16,0,0,0,118,3,4,9,17,18,12,7,5,0,68,17,22,47,49,54,39,17,0,0,259,3,18,33,37,51,46,15,0,0,198,6,18,58,96,94,82,7,0,0,370,10,35,96,136,160,144,26,0,0,598,28,59,126,141,185,179,39,7,0,755,12,0,6,5,8,3,0,0,0,38
LGA31950,0,0,0,0,0,0,0,0,0,0,3,5,17,7,9,12,4,0,0,64,0,3,4,3,0,9,3,0,0,26,0,0,0,0,0,0,0,0,0,0,0,0,0,0,0,0,0,0,0,0,0,0,0,0,0,0,0,0,0,0,0,3,0,0,3,0,0,0,0,5,0,0,0,0,0,0,0,0,0,0,0,0,4,0,0,3,0,0,0,11,0,0,4,0,0,7,0,0,0,17,0,0,0,5,0,0,0,0,0,8,0,0,0,0,0,0,0,0,0,0,0,0,0,0,0,0,0,0,0,0,0,0,0,0,0,0,0,0,0,0,0,0,0,0,0,0,0,0,0,3,0,0,0,3,0,0,0,0,0,7,0,3,9,3,14,3,3,0,0,37,0,0,0,3,0,0,0,0,0,10,0,0,0,0,0,3,0,0,0,3,0,0,3,0,0,0,0,0,0,3
LGA32080,60,86,227,258,233,142,68,12,4,1091,2189,2909,7352,8474,8370,5454,1135,106,15,36009,41,95,173,211,261,238,95,54,12,1175,10,30,267,346,252,126,20,0,0,1051,126,199,509,623,643,492,90,9,0,2700,7,28,125,171,201,115,11,0,0,663,206,492,1283,1386,1418,927,163,18,3,5901,62,92,310,439,409,325,61,0,0,1705,1236,972,1398,1356,1416,977,299,22,5,7690,1382,939,1652,1354,1042,710,177,15,0,7273,75,229,856,1023,1249,877,262,18,0,4590,33,88,137,112,131,75,16,4,0,591,21,57,238,270,279,171,45,3,0,1085,54,107,235,323,360,267,97,15,3,1456,50,232,736,872,752,534,202,18,3,3392,70,197,614,734,831,524,115,11,0,3099,41,313,1263,1581,1513,932,135,18,0,5796,113,306,1109,1644,1831,1226,254,21,0,6503,141,721,2304,2527,2540,1846,347,25,3,10445,138,171,315,315,273,175,46,4,0,1440
LGA32250,0,0,3,4,9,0,0,0,0,17,15,25,74,73,96,71,19,0,0,371,14,19,43,22,24,22,7,0,0,149,0,0,0,0,0,3,0,0,0,4,0,0,0,0,3,3,0,0,0,9,0,0,0,0,0,5,0,0,0,12,6,3,5,12,16,14,3,0,0,67,0,0,4,0,3,4,0,0,0,14,0,6,3,8,14,10,3,0,0,53,3,8,9,18,13,15,3,0,0,66,0,0,3,5,7,15,12,0,0,44,0,0,0,0,0,0,0,0,0,3,0,0,3,0,0,0,0,0,0,3,0,0,0,0,0,0,0,0,0,4,0,0,0,0,0,0,0,0,0,3,0,0,0,6,6,7,0,0,0,28,3,7,29,26,26,21,3,0,0,118,3,15,19,9,17,8,3,0,0,75,0,0,18,19,20,19,3,0,0,82,0,0,0,0,0,0,0,0,0,4
LGA32260,11,17,45,39,52,39,17,3,0,237,363,417,952,1043,1363,1169,257,29,5,5595,93,263,630,455,503,436,191,67,5,2634,0,4,45,49,73,33,11,0,0,213,52,91,123,164,236,219,48,4,0,943,7,4,27,25,37,32,0,0,0,132,31,55,122,160,179,183,31,3,0,758,18,6,26,42,42,43,10,0,0,187,196,97,159,168,219,191,44,11,0,1082,159,78,125,95,144,126,29,0,3,759,8,34,70,80,142,147,37,3,0,515,0,3,4,12,13,13,3,3,0,54,3,6,31,22,36,21,6,0,0,129,3,8,13,15,19,38,22,4,0,124,19,27,59,53,72,75,25,3,0,329,7,22,45,71,95,85,19,5,0,354,8,44,87,133,181,147,20,0,0,608,12,48,143,208,263,227,48,0,0,959,8,44,170,203,317,307,53,3,0,1114,10,7,37,29,24,18,6,0,0,134
LGA32270,8,15,33,46,46,22,8,0,0,191,352,560,1373,1316,1250,739,167,18,4,5772,56,142,302,292,374,323,171,49,4,1719,46,217,939,948,726,353,39,3,0,3269,13,36,74,65,72,28,6,0,0,299,8,9,33,26,40,23,3,0,0,142,28,77,151,166,146,115,18,3,0,702,16,27,88,72,72,36,5,0,0,318,175,127,225,213,191,126,26,7,0,1086,203,118,166,144,110,82,22,0,0,847,16,34,91,90,167,136,29,3,0,568,4,9,12,6,7,14,0,0,0,53,8,9,38,34,26,6,0,0,0,122,5,25,49,45,41,32,11,3,0,214,20,31,91,78,64,38,0,0,3,328,16,34,83,107,75,64,15,0,0,383,12,27,136,114,125,112,15,0,0,551,16,92,278,274,260,122,21,3,0,1062,18,59,187,163,169,91,10,0,0,706,5,10,14,16,4,13,5,0,0,70
LGA32310,3,8,6,12,21,16,10,0,0,71,165,185,373,492,546,393,97,14,4,2264,43,26,93,116,116,97,56,20,4,569,8,19,95,129,111,66,10,0,0,438,12,14,27,27,26,18,5,0,0,134,0,0,5,8,7,7,0,0,0,29,5,21,59,53,52,67,16,0,0,265,5,13,16,21,14,13,4,0,0,84,110,53,69,77,70,49,13,4,0,445,69,26,32,47,54,34,5,3,0,274,3,6,21,38,52,38,15,0,0,172,0,0,3,9,0,3,0,0,0,22,0,6,9,11,15,4,0,0,0,41,3,3,4,8,3,9,6,0,0,46,4,5,28,22,18,18,4,0,0,89,3,9,17,22,22,33,12,0,0,104,10,12,47,62,81,71,15,0,0,298,13,53,113,138,174,112,31,4,0,623,15,31,84,113,146,128,21,0,0,536,9,5,6,6,10,4,3,0,0,40
LGA32330,0,0,0,0,0,0,0,0,0,0,8,5,13,20,7,14,0,0,0,67,0,0,0,0,0,0,0,0,0,0,0,0,0,0,0,0,0,0,0,0,0,0,0,0,0,0,0,0,0,0,0,0,0,0,0,0,0,0,0,0,0,0,0,0,0,0,0,0,0,0,0,0,0,0,0,0,0,0,0,0,0,0,0,0,0,0,0,0,0,0,0,0,0,0,0,0,0,0,0,0,0,0,0,0,0,0,0,0,0,0,0,0,0,0,0,0,0,0,0,0,3,0,0,0,0,0,0,0,0,3,0,0,0,0,0,0,0,0,0,0,0,0,0,0,0,0,0,0,0,0,0,0,0,0,0,0,0,0,0,0,0,0,9,5,12,13,0,0,0,40,0,4,8,5,4,7,3,0,0,29,0,0,8,11,4,4,0,0,0,29,0,0,0,0,0,0,0,0,0,0
LGA32450,0,3,9,0,0,3,3,0,0,19,29,55,165,106,107,82,23,4,0,584,11,22,41,23,25,23,21,3,0,175,3,30,109,100,79,57,7,0,0,388,0,7,6,5,11,3,0,0,0,28,0,0,3,0,3,4,0,0,0,6,3,10,28,19,21,24,6,0,0,106,0,0,6,4,10,3,0,0,0,19,17,5,17,12,11,15,4,0,0,83,3,6,13,10,20,12,4,0,0,63,4,5,44,29,35,31,11,0,0,151,0,0,0,3,3,0,0,0,0,7,4,3,6,0,0,0,0,0,0,13,0,0,0,0,3,0,0,0,0,7,0,4,5,6,3,0,3,0,0,14,3,3,7,3,3,9,5,0,0,36,0,13,35,28,36,21,0,0,0,141,0,13,28,21,11,19,0,0,0,99,3,0,22,13,12,15,7,0,0,72,0,0,0,0,3,0,0,0,0,8
LGA32500,0,0,4,7,5,9,3,0,0,32,36,64,146,158,157,189,31,4,0,790,14,40,58,36,35,25,15,5,0,231,0,0,9,4,7,3,0,0,0,22,0,0,4,5,9,0,0,0,0,15,0,0,3,7,4,5,3,0,0,22,12,17,37,42,41,34,7,0,0,185,0,0,3,3,3,0,0,0,0,6,13,10,19,23,25,22,3,0,0,120,18,24,36,33,34,47,8,3,0,205,0,0,3,9,16,11,10,0,0,47,0,0,0,0,0,3,0,0,0,3,0,0,0,4,0,0,0,0,0,5,0,0,0,0,0,0,0,0,0,6,0,0,5,10,10,3,6,0,0,38,0,3,3,14,11,13,4,0,0,62,0,7,26,42,52,39,7,3,0,176,5,9,41,40,25,32,3,0,0,154,0,12,36,29,45,70,11,0,0,195,0,7,7,8,12,14,3,0,0,52
LGA32600,0,0,0,0,0,0,0,0,0,0,0,3,10,14,15,12,4,0,0,51,0,7,9,3,10,4,0,3,0,44,0,0,0,0,0,0,0,0,0,4,0,0,0,0,0,0,0,0,0,0,0,0,0,0,0,0,0,0,0,0,0,0,3,0,3,0,0,0,0,11,0,0,0,0,0,0,0,0,0,0,0,0,0,0,0,0,0,0,0,4,0,0,0,0,0,3,0,0,0,3,0,0,0,0,0,0,0,0,0,0,0,0,0,0,0,0,0,0,0,0,0,0,0,0,0,0,0,0,0,0,0,0,0,0,0,0,0,0,0,0,0,0,0,0,0,0,0,0,0,0,0,0,0,0,0,0,0,0,0,0,0,0,3,14,6,3,0,0,0,29,0,0,3,0,0,7,0,0,0,12,0,0,0,0,0,3,0,0,0,5,0,0,0,0,0,0,0,0,0,0
LGA32750,0,0,0,0,0,0,0,0,0,0,8,8,21,11,13,11,3,0,0,76,8,6,13,10,3,3,0,0,0,52,0,0,0,0,0,0,0,0,0,0,0,0,3,0,0,0,0,0,0,3,0,0,0,0,0,0,0,0,0,0,0,0,0,4,0,0,0,0,0,10,0,0,0,0,0,0,0,0,0,0,0,0,0,0,4,0,0,0,0,4,3,6,3,0,0,0,0,0,0,17,0,0,0,0,0,0,0,0,0,0,0,0,0,0,0,0,0,0,0,0,0,0,0,0,0,0,0,0,0,0,0,0,0,0,0,0,0,0,0,0,0,0,0,0,0,0,0,0,0,3,0,0,0,3,3,0,0,0,0,5,3,0,5,7,11,7,0,0,0,40,0,0,0,3,0,0,0,0,0,7,0,0,0,0,4,3,0,0,0,5,0,0,0,0,0,0,0,0,0,3
LGA32770,0,0,0,0,0,0,0,0,0,7,9,9,42,42,22,15,0,0,0,144,0,3,3,0,0,0,0,0,0,6,0,0,0,0,0,0,0,0,0,0,0,0,0,0,0,0,0,0,0,0,0,0,0,0,0,0,0,0,0,0,0,3,5,4,0,0,0,0,0,8,0,0,0,0,0,0,0,0,0,0,3,5,5,5,0,0,0,0,0,20,0,0,0,0,0,0,0,0,0,3,0,0,0,0,0,0,0,0,0,0,0,0,0,0,0,0,0,0,0,0,0,0,0,0,0,0,0,0,0,0,0,0,0,0,0,0,0,0,0,0,0,0,0,3,4,0,0,0,0,3,0,0,0,0,0,0,0,0,0,0,0,4,10,23,16,3,0,0,0,57,0,6,21,26,12,10,0,0,0,78,0,3,13,11,11,8,0,0,0,47,0,0,0,0,0,0,0,0,0,0
LGA32810,5,9,17,19,24,17,5,0,0,92,111,176,529,574,653,495,136,22,0,2698,7,3,24,37,36,47,24,16,0,196,0,0,6,17,15,11,0,0,0,52,14,25,45,43,56,38,5,0,0,230,0,0,3,11,13,7,0,0,0,33,19,20,60,103,101,70,10,0,0,377,3,0,4,11,14,14,3,0,0,39,63,31,76,84,107,86,46,4,0,496,82,121,390,246,259,198,61,9,0,1352,8,27,73,67,89,89,31,9,0,395,0,0,7,7,10,4,3,0,0,34,0,3,12,9,17,3,0,0,0,44,0,4,17,22,35,30,11,0,0,121,4,4,15,41,43,51,12,3,0,174,8,33,88,81,97,78,25,3,0,414,4,3,29,69,64,62,7,0,0,238,3,12,65,75,76,74,19,3,0,332,4,23,57,84,121,101,22,0,0,414,6,4,19,27,32,19,6,0,0,118
LGA33100,0,0,0,0,0,0,0,0,0,3,7,7,37,26,46,21,10,3,0,158,12,11,30,23,43,30,15,5,0,164,0,0,0,0,3,0,0,0,0,3,0,0,0,0,0,0,0,0,0,3,0,0,0,4,0,0,0,0,0,3,0,0,3,7,8,0,4,0,0,17,0,0,0,0,0,0,0,0,0,0,3,0,0,0,3,3,3,0,0,10,4,3,7,0,11,12,0,0,0,28,0,0,0,0,6,4,0,0,0,14,0,0,0,0,0,0,0,0,0,0,0,0,0,0,0,0,0,0,0,0,0,0,0,0,0,0,0,0,0,0,0,0,0,3,3,3,3,0,0,14,0,0,3,3,3,0,0,0,0,10,0,7,14,13,10,6,0,3,0,50,0,0,6,3,5,3,0,0,0,17,0,0,3,0,3,3,0,0,0,15,0,0,0,0,0,0,0,0,0,0
LGA33200,0,0,0,0,0,3,4,0,0,11,15,31,53,59,86,64,45,10,0,353,14,22,33,39,58,49,52,14,0,280,0,0,0,0,0,0,0,0,0,7,0,3,0,3,3,0,0,0,0,11,0,0,3,3,0,0,0,0,0,12,0,3,6,9,6,9,0,0,0,34,0,0,0,3,0,0,0,0,0,8,5,6,10,11,12,6,4,0,0,56,4,8,9,5,5,9,4,0,0,39,0,0,12,11,17,9,6,0,0,65,0,0,0,0,0,0,0,0,0,0,0,0,3,0,0,0,0,0,0,5,0,0,4,0,0,0,0,0,0,3,0,0,0,3,0,0,3,0,0,7,0,0,3,0,4,0,0,0,0,16,6,15,16,13,32,24,3,0,0,101,0,3,11,5,12,9,0,0,0,44,0,0,5,3,9,12,6,0,0,37,0,0,0,0,0,3,0,0,0,3
LGA33220,31,36,63,116,120,96,42,14,0,505,1166,1129,2504,3489,4258,3055,539,47,6,16192,28,43,101,131,185,208,117,47,9,876,0,23,111,163,164,97,15,0,0,572,99,152,340,384,408,333,54,0,0,1764,8,29,85,120,137,100,5,0,0,484,101,243,501,595,718,536,96,3,0,2798,21,37,81,110,128,92,17,3,4,488,737,463,656,726,742,497,131,9,0,3956,656,364,439,426,441,338,96,6,7,2763,15,28,141,236,378,357,105,7,0,1274,21,41,69,60,64,56,11,0,0,314,12,15,65,94,108,79,18,3,0,388,13,35,63,97,163,132,36,9,3,561,39,68,167,228,263,240,52,4,3,1059,41,45,164,247,304,242,56,5,0,1104,15,67,327,523,574,417,58,0,0,1987,30,121,447,834,962,610,106,7,0,3118,89,328,929,1209,1593,1399,189,13,0,5744,36,15,52,65,59,51,9,5,0,301
LGA33360,22,31,67,81,95,40,20,0,0,351,821,1082,2562,2747,2844,1474,265,20,0,11829,14,14,56,58,111,128,93,30,0,509,9,45,238,321,247,116,7,0,0,986,96,255,818,963,960,531,66,0,0,3682,32,71,135,173,199,156,19,0,0,782,67,230,781,822,626,408,50,0,0,2991,16,46,95,137,141,77,14,0,0,533,529,356,465,437,493,254,47,0,0,2586,528,288,341,233,249,154,33,5,0,1832,54,121,370,471,659,451,84,4,0,2205,14,15,35,17,19,15,0,0,0,110,0,16,63,59,75,36,8,0,0,254,10,44,98,94,115,75,28,4,0,473,17,95,427,410,397,200,24,3,0,1575,31,70,168,186,227,129,19,0,0,838,15,78,245,290,328,206,33,3,0,1201,25,156,459,578,564,306,53,0,0,2146,61,195,451,482,517,334,42,0,0,2079,32,13,48,36,28,16,6,0,0,183
LGA33430,296,442,1011,1101,1134,739,242,61,22,5050,8166,12604,27160,27848,27925,18563,4421,339,50,127077,38,82,229,298,282,198,131,34,5,1293,4,41,482,558,439,247,49,8,0,1834,648,1107,2750,3363,3331,2141,588,67,4,14000,17,68,278,401,464,254,38,0,0,1516,985,2695,7488,7448,6476,3893,911,58,7,29955,154,422,1242,1598,1612,954,315,30,0,6321,3953,4714,6013,4951,5106,3469,1009,69,4,29292,5474,4201,5825,3843,3181,2056,594,60,4,25241,121,460,1723,2094,2607,2039,742,65,3,9840,196,449,970,915,939,472,100,7,0,4051,90,478,1573,1684,1551,983,308,41,8,6711,146,556,1378,1585,1733,1473,728,110,11,7717,251,1240,3691,4199,3330,2314,873,84,7,15978,244,915,2385,2590,2659,1937,527,57,3,11307,82,488,2099,3065,3054,1935,325,30,0,11075,421,1229,4092,5534,5281,3718,781,73,3,21125,527,2323,7125,7138,7892,5908,1366,94,11,32380,723,1198,1732,1526,1404,864,250,30,0,7721
LGA33610,5,5,13,9,23,11,6,4,0,76,129,181,462,463,504,380,101,26,0,2250,49,85,254,235,273,259,132,41,12,1342,0,0,13,12,10,3,0,0,0,37,11,15,31,31,38,27,6,0,0,167,0,3,9,11,18,7,0,0,0,52,21,41,78,69,70,55,16,3,0,350,0,15,30,35,29,17,5,0,0,132,67,53,69,88,95,77,26,3,0,480,63,37,59,39,33,44,3,0,0,280,0,14,28,27,57,59,21,3,0,202,3,3,0,8,6,3,0,0,0,22,0,4,25,19,9,5,0,0,0,64,0,0,9,4,8,6,3,0,0,35,4,14,41,35,35,27,3,0,0,159,3,4,16,24,27,14,6,3,0,96,0,4,35,37,42,38,5,0,0,168,15,23,78,111,106,69,8,0,0,401,10,35,79,78,121,103,14,3,0,449,3,0,0,5,0,5,3,0,0,24
LGA33620,24,10,46,52,76,44,26,9,0,287,609,588,1269,1719,2185,1607,363,39,3,8385,44,88,166,259,308,386,235,63,8,1551,0,12,78,108,105,52,11,0,0,369,83,146,293,311,371,269,35,8,4,1522,3,10,29,41,41,34,3,0,0,153,70,145,324,371,361,305,51,3,0,1625,27,34,73,74,118,66,22,0,0,409,324,216,332,350,405,273,69,6,0,1987,285,129,165,164,189,135,24,3,0,1099,12,25,117,114,238,211,62,7,0,785,14,12,25,27,31,20,12,0,0,135,11,11,34,30,46,30,12,0,0,176,19,19,36,43,69,68,28,0,0,275,7,40,117,153,145,126,38,7,0,633,26,30,78,122,168,124,16,0,0,561,15,38,132,214,258,218,24,0,0,901,17,46,208,344,519,355,47,7,0,1551,47,122,260,380,592,526,86,5,0,2019,17,12,27,37,36,16,10,0,0,153
LGA33800,9,5,9,3,20,15,10,9,0,69,148,114,270,374,569,412,119,27,3,2037,10,19,84,120,163,182,124,53,12,769,0,4,9,19,24,14,4,0,0,80,28,57,81,86,145,147,18,0,0,566,0,0,8,7,12,13,0,0,0,40,12,26,47,37,42,55,18,4,0,243,4,7,7,7,27,14,3,0,0,68,67,32,63,66,92,73,24,8,0,413,84,21,24,27,57,27,10,3,0,265,0,3,11,25,35,32,15,4,0,126,5,0,3,8,3,0,0,0,0,20,9,12,15,17,20,10,0,0,0,78,0,0,5,7,4,0,13,4,0,32,9,12,26,27,35,16,15,0,0,155,4,4,17,20,33,25,13,0,0,112,7,7,46,62,77,53,10,0,0,271,5,15,58,93,118,101,22,0,0,407,10,28,60,94,169,123,29,0,0,517,7,3,3,11,4,3,3,0,0,29
LGA33830,0,0,0,0,0,0,0,0,0,3,4,13,30,16,17,8,3,0,0,96,0,0,0,0,0,0,0,0,0,3,0,3,5,12,3,0,0,0,0,24,0,0,0,0,0,0,0,0,0,0,0,0,0,0,0,0,0,0,0,0,0,3,0,3,0,0,0,0,0,7,0,0,0,0,0,0,0,0,0,0,0,0,3,0,0,0,0,0,0,5,0,0,0,0,0,0,0,0,0,0,0,0,0,0,0,0,0,0,0,0,0,0,0,0,0,0,0,0,0,0,0,0,0,0,0,0,0,0,0,0,0,0,0,0,0,0,0,0,0,0,0,0,0,0,0,0,0,0,0,0,0,3,0,3,0,0,0,0,0,11,0,3,21,18,20,12,0,0,0,75,0,5,9,0,0,3,0,0,0,19,0,0,3,6,3,0,0,0,0,21,0,0,0,0,4,0,0,0,0,4
LGA33960,79,135,264,305,270,158,43,9,3,1264,2740,4251,9788,9010,8415,4766,755,49,5,39773,24,86,154,137,144,81,45,29,4,697,0,37,210,210,190,90,5,0,3,754,252,773,1994,2078,2060,1104,159,5,0,8425,20,56,265,296,261,154,13,0,0,1060,333,870,2047,1619,1332,717,125,8,0,7049,70,216,726,720,614,313,47,9,0,2714,1273,1583,2139,1602,1313,789,136,13,4,8839,1715,929,820,507,407,225,50,4,0,4655,95,358,1194,1276,1370,945,212,14,0,5464,106,117,231,176,161,87,9,3,0,884,33,166,760,570,365,181,13,0,0,2099,43,145,375,313,276,177,49,7,3,1384,82,335,1078,934,728,446,91,9,0,3697,114,300,703,651,601,421,67,3,0,2862,77,517,2169,1988,1796,968,131,5,0,7647,145,453,1465,1688,1738,1136,207,11,0,6846,239,1041,2660,2575,2574,1694,287,16,0,11091,90,112,183,174,151,87,23,4,0,826
LGA33980,4,7,28,18,26,11,5,0,0,109,234,388,1105,968,793,398,82,17,0,3977,41,94,162,190,213,212,98,27,8,1041,59,256,1161,1122,786,351,27,0,0,3757,16,14,97,76,61,28,3,0,0,297,0,14,23,20,29,14,3,0,0,109,17,38,97,97,59,38,6,0,0,346,3,13,42,37,29,6,0,0,0,130,91,55,112,97,95,52,12,3,0,510,124,71,144,131,107,68,4,3,0,650,13,20,55,94,115,96,11,0,0,401,0,4,3,5,3,3,0,0,0,19,0,0,7,8,4,3,0,0,0,30,4,6,34,25,17,11,4,0,0,102,3,13,58,38,17,7,4,0,0,143,11,50,95,78,71,51,5,0,0,355,10,31,80,96,103,74,15,0,0,406,8,65,216,204,101,42,17,0,0,657,27,32,101,84,84,48,7,0,0,386,9,4,21,13,15,3,0,0,0,55
LGA34420,0,0,0,0,0,0,0,0,0,0,4,16,26,28,30,18,0,0,0,113,0,3,0,4,0,0,0,0,0,6,0,0,0,0,0,0,0,0,0,0,0,0,0,0,0,0,0,0,0,0,0,0,0,0,0,0,0,0,0,0,0,0,3,0,0,3,0,0,0,13,0,0,0,0,0,0,0,0,0,0,0,0,3,0,6,3,0,0,0,12,0,0,0,0,0,3,0,0,0,3,0,0,0,0,0,0,0,0,0,4,0,0,0,0,0,0,0,0,0,0,0,0,0,0,0,0,0,0,0,0,0,0,0,0,0,0,0,0,0,0,0,0,0,0,0,0,0,0,0,0,0,0,4,0,0,0,0,0,0,5,0,3,17,25,26,13,3,0,0,91,5,14,20,6,9,3,0,0,0,51,0,0,4,10,4,4,0,0,0,22,0,0,0,0,0,0,0,0,0,0
LGA34530,12,21,23,53,47,39,12,0,0,214,579,567,1186,1606,1930,1345,228,33,5,7475,25,39,71,98,120,152,93,23,0,627,3,69,273,397,441,250,21,5,0,1463,46,54,85,103,145,114,22,0,0,571,4,12,52,85,99,42,10,0,0,309,77,149,314,315,350,240,41,9,0,1499,11,33,55,97,77,79,10,0,0,361,305,169,222,260,283,223,35,4,0,1500,317,166,141,153,180,123,26,0,0,1125,8,30,81,116,182,146,39,8,0,613,3,10,14,19,10,22,3,0,0,92,6,6,41,52,58,30,12,0,0,203,8,24,40,41,56,58,15,4,0,252,19,43,79,131,139,120,23,3,0,552,19,22,90,115,130,80,17,5,0,478,15,42,168,212,306,220,16,3,0,986,30,57,239,426,497,371,59,4,0,1675,39,118,255,367,502,398,76,9,0,1757,20,13,29,20,48,37,6,0,0,170
LGA34570,0,0,0,0,0,0,3,0,0,5,4,10,25,16,16,15,5,0,0,86,0,0,0,0,3,0,0,0,0,3,0,0,0,0,0,0,0,0,0,0,0,0,0,0,0,0,0,0,0,0,0,0,0,0,0,0,0,0,0,0,0,0,0,3,4,0,0,0,0,7,0,0,0,0,0,0,0,0,0,0,0,0,0,3,4,3,0,0,0,9,0,0,0,0,0,0,0,0,0,0,0,0,0,0,0,0,0,0,0,0,0,0,0,0,0,0,0,0,0,0,0,0,0,0,0,0,0,0,0,0,0,0,0,0,0,0,0,0,0,0,0,0,0,0,0,0,0,0,0,0,0,0,0,0,0,0,0,0,0,0,7,0,8,4,16,10,5,0,0,50,4,3,21,3,6,3,0,0,0,41,3,0,4,6,3,7,0,0,0,26,0,0,0,0,0,3,0,0,0,3
LGA34580,16,16,57,50,51,40,15,7,0,255,542,767,1393,1474,1806,1179,256,27,0,7456,107,271,593,324,366,313,158,50,3,2177,0,6,50,62,63,25,8,0,0,211,59,98,193,240,303,190,32,0,0,1114,3,14,36,65,63,41,3,0,0,218,77,140,292,284,289,190,37,3,0,1307,21,40,93,99,110,75,16,0,0,455,219,197,233,275,287,180,37,3,0,1428,347,129,119,96,101,76,16,0,0,879,25,57,143,228,312,262,66,8,0,1098,8,9,11,20,22,13,3,0,0,96,8,23,45,50,48,27,3,0,0,205,14,21,34,40,40,29,15,0,0,199,25,75,121,121,126,93,28,0,0,592,11,41,95,85,115,80,35,0,0,465,15,45,151,214,272,173,25,0,0,891,26,93,219,346,403,281,59,6,0,1441,33,114,233,315,458,336,54,3,0,1542,11,22,19,18,45,15,9,6,0,142
LGA34590,128,254,519,590,546,366,100,21,8,2530,4131,6113,13411,13787,13504,8729,1539,96,12,61309,52,84,211,237,295,184,60,7,0,1134,6,37,223,255,215,132,23,3,0,889,447,1157,2779,3077,3048,2002,307,21,3,12839,14,63,282,324,349,208,35,4,0,1270,676,1777,4132,3739,3106,1954,384,15,0,15780,142,397,1142,1374,1185,829,144,7,0,5225,2000,2267,2923,2519,2280,1536,327,19,3,13863,2455,1257,1238,841,696,430,88,4,0,7015,151,629,1865,2104,2616,1907,460,16,0,9757,70,168,361,308,248,175,21,4,0,1355,34,204,822,816,631,340,53,8,0,2917,72,226,553,499,485,361,105,10,0,2322,122,518,1482,1589,1190,714,200,15,4,5824,154,460,1126,1110,1051,757,170,9,0,4843,107,369,1485,1882,1722,1132,151,10,0,6859,227,635,1943,2484,2451,1800,335,19,0,9900,328,1297,3403,3471,3563,2590,497,18,0,15175,227,218,336,316,233,161,52,4,0,1554
LGA34710,7,0,3,5,4,12,6,0,0,41,74,89,185,185,215,173,51,6,0,980,6,16,37,43,58,74,28,12,4,280,0,0,9,6,3,0,0,0,0,14,14,5,3,7,4,6,0,0,0,45,0,0,8,0,4,3,0,0,0,16,8,14,34,18,19,23,0,0,0,129,0,4,8,14,11,5,0,0,0,39,37,21,23,21,36,43,5,0,0,184,33,11,19,15,11,18,9,3,0,123,3,3,9,10,16,20,10,0,0,72,0,4,3,4,8,3,3,0,0,25,0,3,9,10,7,4,0,0,0,35,0,0,5,3,3,3,0,0,0,19,3,4,9,3,14,14,4,0,0,57,9,5,11,14,14,11,4,0,0,60,4,14,42,49,49,30,7,0,0,198,0,14,34,43,57,32,8,0,0,183,6,25,51,43,57,53,9,0,0,251,8,4,4,3,16,9,5,0,0,47
LGA34770,46,66,136,161,201,114,42,21,6,794,1669,2152,5023,5233,5772,3621,645,81,14,24213,43,88,181,268,405,474,273,99,3,1844,63,355,1681,1805,1734,820,65,0,4,6516,194,325,665,701,794,631,104,13,3,3425,14,27,120,102,145,100,12,0,0,516,156,384,930,863,867,596,110,8,0,3922,73,169,453,440,481,312,34,3,0,1969,909,722,941,913,972,650,125,13,0,5252,935,449,577,486,462,303,86,3,0,3297,38,161,578,678,971,776,126,10,0,3343,26,48,70,55,48,33,4,0,0,289,16,51,169,166,182,92,15,3,0,701,43,67,171,185,211,141,38,7,3,863,65,205,615,509,436,257,69,6,0,2161,43,118,330,329,389,251,59,6,0,1532,39,141,512,497,668,396,54,5,0,2318,64,173,688,1040,1115,734,109,6,0,3933,127,457,1196,1128,1429,1123,173,11,0,5647,66,42,87,83,62,55,16,0,0,406
LGA34800,0,0,0,0,0,0,0,0,0,3,7,24,43,43,38,40,14,0,0,204,3,15,41,43,22,38,22,3,0,190,0,0,14,22,9,7,0,0,0,50,0,0,0,0,0,0,0,0,0,4,0,0,0,0,0,3,0,0,0,3,3,4,10,3,6,3,0,0,0,32,0,3,0,0,0,0,0,0,0,7,0,0,6,3,3,9,3,0,0,28,0,3,3,3,11,3,4,0,0,27,0,0,3,5,3,0,0,0,0,11,0,0,0,0,0,0,0,0,0,0,0,0,4,3,0,0,0,0,0,4,0,0,0,0,0,0,0,0,0,3,0,0,0,0,0,0,0,0,0,3,0,0,3,3,3,3,0,0,0,7,0,10,11,15,8,13,0,0,0,62,0,0,6,3,3,0,0,0,0,15,0,0,3,0,7,4,0,0,0,20,0,0,0,0,0,0,0,0,0,0
LGA34830,0,0,0,0,0,0,0,0,0,0,4,4,7,7,5,11,0,0,0,35,0,0,0,0,0,0,0,0,0,0,0,0,0,0,0,3,0,0,0,7,0,0,3,0,0,0,0,0,0,3,0,0,0,0,0,0,0,0,0,3,0,0,0,0,0,0,0,0,0,3,0,0,0,0,0,0,0,0,0,0,0,0,0,0,0,3,0,0,0,3,0,0,0,0,0,0,0,0,0,0,0,0,0,0,0,0,0,0,0,0,0,0,0,0,0,0,0,0,0,0,0,0,0,0,0,0,0,0,0,0,0,0,0,0,0,0,0,0,0,0,0,0,0,0,0,0,0,0,0,0,0,0,0,0,0,0,0,0,0,4,4,8,6,9,3,9,0,0,0,37,0,0,3,0,0,0,0,0,0,4,0,0,0,3,6,3,0,0,0,8,0,0,0,0,0,0,0,0,0,0
LGA34860,14,8,20,26,16,14,13,0,0,117,146,263,656,611,641,438,155,40,6,2955,32,58,143,211,276,240,181,77,18,1239,9,16,104,78,39,25,3,0,0,275,29,30,45,41,47,20,12,0,0,216,3,13,29,45,30,27,0,0,0,150,21,54,144,88,77,65,9,0,0,464,21,17,39,45,35,23,9,0,0,178,71,57,105,76,94,54,22,5,0,476,61,44,80,51,46,36,8,0,0,320,4,14,54,50,74,64,24,3,0,293,3,7,10,3,6,3,0,0,0,32,4,7,19,18,10,8,0,0,0,67,3,9,28,18,11,11,4,0,0,85,11,9,46,25,18,22,14,0,0,143,3,12,18,21,23,28,4,0,0,115,6,34,147,130,132,103,10,0,0,566,9,39,138,96,98,69,13,0,0,463,20,54,154,124,193,132,18,3,0,690,6,3,3,10,12,4,0,0,0,40
LGA34880,15,12,20,28,38,24,13,0,0,149,248,243,621,818,1045,782,202,27,3,3988,38,136,282,236,291,237,124,45,5,1398,0,6,35,64,70,35,9,0,0,229,20,46,76,62,100,64,21,0,0,385,3,6,15,24,29,19,3,0,0,95,32,40,106,141,150,113,25,3,0,615,12,8,27,25,46,47,4,0,0,170,119,77,96,126,156,134,42,0,0,750,132,47,62,74,97,71,23,0,0,514,10,12,37,72,122,88,27,8,0,376,0,4,7,8,9,14,0,0,0,46,3,9,9,21,33,18,3,0,0,85,0,3,14,18,24,18,16,3,0,97,4,12,43,50,60,58,13,4,0,249,12,7,42,48,83,52,26,3,0,276,3,20,87,169,171,134,25,0,0,616,10,15,98,163,213,142,22,7,0,665,16,35,126,191,273,245,44,3,0,937,6,3,22,20,39,25,4,4,0,124
LGA35010,205,281,531,694,695,400,136,38,11,2984,6639,8630,17782,21042,21562,13044,2293,136,30,91156,117,348,692,383,452,343,159,36,0,2524,9,53,488,657,576,272,26,0,0,2082,516,987,2417,3094,3290,1955,352,21,4,12650,20,84,421,711,631,413,52,0,0,2321,941,2295,5053,4906,4322,2428,440,21,3,20414,144,406,978,1338,1380,802,165,16,0,5223,3274,3190,3977,3672,3631,2402,481,27,0,20655,4321,2036,1788,1261,1123,690,138,21,0,11380,147,641,2002,2753,3191,2399,536,24,6,11695,142,231,415,544,520,294,43,0,0,2195,46,271,1183,1497,1287,596,81,6,4,4980,116,293,662,717,748,566,201,26,0,3325,248,708,2168,2928,2448,1431,411,33,6,10370,191,573,1229,1539,1643,1019,259,23,0,6476,85,691,2827,3614,3589,2121,272,18,3,13217,383,859,2518,4092,4295,2766,483,23,3,15419,554,2070,4812,5833,6623,4674,806,26,0,25400,335,350,493,553,449,253,100,15,0,2556
LGA35250,0,0,0,0,0,0,0,0,0,3,12,18,42,39,26,17,3,0,0,157,0,0,0,0,0,0,0,0,0,3,0,0,0,0,0,0,0,0,0,0,0,0,0,0,0,0,0,0,0,0,0,0,0,0,0,0,0,0,0,0,0,0,0,0,0,0,0,0,0,3,0,0,0,0,0,0,0,0,0,0,4,3,4,5,4,0,0,0,0,28,0,0,0,0,0,0,0,0,0,0,0,0,0,0,0,0,0,0,0,0,0,0,0,0,0,0,0,0,0,0,0,0,0,0,0,0,0,0,0,0,0,0,0,0,0,0,0,0,0,0,0,0,0,0,0,0,0,0,0,3,0,7,12,6,9,3,0,0,0,41,0,8,25,33,14,11,4,3,0,95,3,8,17,20,12,8,0,0,0,63,0,5,12,0,7,4,3,0,0,37,0,0,0,3,0,0,0,0,0,3
LGA35300,11,8,21,29,26,28,3,0,0,113,247,453,1131,862,868,436,95,10,0,4104,16,17,26,13,27,20,3,0,0,130,46,215,938,684,595,271,42,0,0,2783,25,33,64,59,54,21,3,0,0,259,0,4,21,23,29,20,3,0,0,97,21,49,109,70,78,58,14,0,0,392,8,12,49,43,38,19,8,0,0,179,158,112,128,117,117,69,22,4,0,729,108,75,112,76,65,27,12,5,0,476,5,22,64,67,80,68,28,0,0,333,10,12,13,11,4,3,0,0,0,56,3,9,21,14,13,7,0,0,0,67,0,14,33,31,15,19,0,3,0,114,8,16,46,26,25,24,9,0,0,155,15,38,69,51,62,45,7,0,0,293,5,53,154,120,140,71,14,3,0,557,16,95,217,167,167,80,18,0,0,754,24,86,280,214,237,127,31,0,0,1008,3,10,6,3,9,11,4,3,0,47
LGA35600,3,0,8,8,3,3,6,0,0,34,57,96,207,198,229,196,37,6,0,1014,8,23,59,73,83,65,34,14,0,367,0,0,7,0,0,0,0,0,0,11,13,27,32,29,19,7,3,0,0,132,0,0,4,3,3,0,3,0,0,17,12,14,23,20,21,13,3,0,0,106,4,15,24,14,12,10,0,0,0,70,29,16,24,33,40,30,7,5,0,194,22,14,13,14,33,14,3,0,0,108,0,0,8,15,26,30,8,0,0,95,0,0,0,0,3,4,0,0,0,12,0,0,4,4,3,6,0,0,0,12,0,5,0,3,0,3,0,0,0,9,3,0,16,10,7,11,0,0,0,45,0,4,8,7,10,18,0,0,0,44,3,9,40,41,45,54,9,0,0,200,3,17,51,37,40,28,3,0,0,188,9,20,49,40,65,77,3,0,0,264,0,0,0,3,3,3,0,0,0,6
LGA35670,0,0,0,0,0,0,0,0,0,0,0,9,17,9,10,6,0,0,0,55,0,0,3,0,0,0,0,0,0,5,0,5,14,13,8,0,0,0,0,41,0,0,3,0,0,0,0,0,0,3,0,0,0,0,0,0,0,0,0,0,0,0,3,0,3,0,0,0,0,4,0,0,0,0,0,0,0,0,0,0,0,3,0,0,0,0,3,0,0,6,0,0,0,0,0,0,0,0,0,0,0,0,0,0,0,0,0,0,0,4,0,0,0,0,0,0,0,0,0,0,0,0,0,0,0,0,0,0,0,0,0,0,0,0,0,0,0,0,0,0,0,0,0,0,0,0,0,0,0,3,0,0,0,0,0,0,0,0,0,5,0,4,6,14,13,5,0,0,0,48,0,0,3,0,0,0,0,0,0,3,0,0,0,5,7,3,0,0,0,14,0,0,0,0,0,0,0,0,0,0
LGA35740,24,37,48,98,130,77,25,9,0,445,710,626,1381,2274,3148,2260,492,33,3,10935,13,14,39,52,75,87,51,11,4,347,0,8,48,94,81,45,7,0,0,283,53,60,120,184,220,197,36,5,0,877,0,10,14,46,53,33,8,0,0,156,82,146,414,561,627,431,86,3,0,2354,27,13,38,135,141,98,29,4,0,483,406,220,302,384,605,452,165,15,4,2552,487,288,485,497,480,348,98,8,0,2687,11,21,71,117,199,219,70,0,0,710,8,11,21,56,55,47,23,3,0,216,6,14,60,101,146,81,39,6,0,452,21,23,72,138,187,149,77,9,0,664,17,46,168,312,350,306,123,20,0,1335,25,55,98,230,312,233,56,3,0,1002,15,15,84,180,283,195,35,5,0,809,35,52,167,420,612,472,74,8,0,1829,39,94,300,596,891,780,157,12,0,2877,38,35,51,91,93,68,26,3,0,408
LGA35760,3,7,6,13,7,8,9,7,0,67,118,143,315,377,491,383,146,36,0,1999,39,83,221,209,304,241,201,74,11,1382,5,4,35,39,45,18,3,0,0,149,10,18,31,35,34,29,10,0,0,174,0,0,5,9,13,12,0,0,0,42,13,19,39,40,49,42,13,0,0,216,7,3,13,20,8,5,0,0,0,62,60,29,55,47,59,49,19,0,0,319,27,13,26,31,45,32,13,0,0,183,3,3,12,21,41,42,15,0,0,145,0,0,0,6,0,0,0,0,0,13,0,3,8,10,10,3,5,0,0,37,0,0,6,7,5,7,4,0,0,37,0,9,14,21,15,10,3,0,0,74,10,16,42,29,37,31,5,0,0,172,3,17,37,40,54,58,12,0,0,219,3,8,49,69,102,74,19,0,0,331,13,23,46,82,116,116,27,0,0,425,0,0,4,0,8,6,0,0,0,18
LGA35780,3,0,0,0,0,3,0,0,0,9,30,47,115,98,82,52,3,0,0,424,0,0,0,0,0,3,0,0,0,4,0,0,0,0,0,0,0,0,0,3,0,0,0,0,0,3,0,0,0,5,0,0,0,0,3,0,0,0,0,4,8,13,20,15,8,3,0,0,0,69,0,0,0,0,0,0,0,0,0,0,9,7,9,8,7,3,0,0,0,57,3,3,11,3,0,3,0,0,0,30,0,0,7,0,5,5,0,0,0,14,0,0,0,0,0,0,0,0,0,0,0,0,0,0,0,0,0,0,0,0,0,0,0,0,0,0,0,0,0,3,0,0,0,0,3,4,0,0,0,8,0,0,3,0,4,0,0,0,0,6,8,18,37,48,40,22,3,0,0,180,4,16,37,33,24,21,0,0,0,135,5,11,46,44,43,27,4,0,0,178,0,0,0,0,0,0,0,0,0,3
LGA35790,0,0,0,0,0,0,0,0,0,4,11,17,55,47,63,47,3,0,0,252,0,0,0,0,0,0,0,0,0,3,0,0,0,0,0,0,0,0,0,0,0,0,0,0,0,0,0,0,0,0,0,0,0,0,0,0,0,0,0,0,0,3,0,3,3,0,0,0,0,10,0,0,0,0,0,0,0,0,0,0,0,0,3,0,4,3,0,0,0,11,0,0,3,0,10,0,0,0,0,14,0,0,0,0,0,0,0,0,0,3,0,0,0,0,0,0,0,0,0,0,0,0,0,0,0,0,0,0,0,0,0,3,0,0,0,0,0,0,0,3,0,0,0,3,0,0,0,0,0,9,0,0,0,3,5,0,0,0,0,9,5,8,17,30,44,23,0,0,0,123,10,13,28,23,27,7,3,0,0,112,4,9,29,22,35,39,4,0,0,135,0,0,0,0,0,0,0,0,0,0
LGA35800,0,0,0,0,0,3,3,0,0,11,12,28,64,51,86,76,32,3,0,358,4,15,38,28,46,53,27,3,0,214,0,0,0,0,3,0,0,0,0,9,0,0,0,0,0,0,5,0,0,12,0,0,4,0,0,0,0,0,0,7,3,4,11,7,5,7,0,0,0,34,0,0,3,3,3,3,0,0,0,13,0,3,13,13,6,8,4,0,0,53,0,0,8,5,12,13,0,0,0,41,0,3,3,3,3,9,9,0,0,28,0,0,0,0,0,0,0,0,0,3,0,0,0,0,0,0,0,0,0,3,0,0,0,0,0,0,0,0,0,0,0,0,0,0,0,0,0,0,0,10,0,0,0,4,7,0,0,0,0,13,0,3,19,18,21,20,0,0,0,90,0,7,15,9,14,12,0,0,0,67,0,3,13,11,17,22,3,0,0,68,0,0,0,0,3,3,0,0,0,11
LGA36070,0,0,0,0,3,0,0,0,0,3,4,14,20,27,22,12,0,0,0,95,0,0,0,3,3,0,0,0,0,18,0,0,0,0,0,0,0,0,0,0,0,0,0,0,0,0,0,0,0,0,0,0,0,0,0,0,0,0,0,0,3,0,0,0,0,0,0,0,0,10,0,0,0,0,0,0,0,0,0,0,0,0,3,0,3,3,0,0,0,13,0,0,3,0,0,0,0,0,0,4,0,0,0,0,0,0,0,0,0,0,0,0,0,0,0,0,0,0,0,0,0,0,0,0,0,0,0,0,0,0,0,0,0,0,0,0,0,0,0,0,0,0,0,0,0,0,0,0,0,3,0,0,0,3,0,0,0,0,0,3,8,13,13,13,18,6,5,0,0,69,0,9,7,10,3,0,0,0,0,25,3,0,3,14,9,8,0,0,0,32,0,0,3,0,6,0,0,0,0,9
LGA36150,0,0,0,3,0,0,3,0,0,5,3,21,55,35,55,32,14,3,0,204,11,10,21,18,27,19,10,3,3,130,0,0,0,3,0,0,0,0,0,5,0,0,0,0,3,0,0,0,0,10,0,0,0,0,3,0,0,0,0,7,0,0,16,3,0,6,0,0,0,29,0,0,3,0,0,0,0,0,0,3,0,0,5,10,6,9,0,0,0,29,0,0,9,8,4,7,0,0,0,29,0,0,4,5,8,7,3,0,0,28,0,0,0,0,0,0,0,0,0,0,0,0,3,0,0,0,0,0,0,3,0,0,0,0,0,0,0,0,0,3,0,0,0,0,3,0,0,0,0,3,0,0,0,3,0,0,0,0,0,3,5,7,15,12,24,8,3,0,0,63,0,5,12,8,14,7,0,0,0,39,0,9,5,4,7,7,0,0,0,30,0,0,0,0,0,3,0,0,0,6
LGA36250,71,91,186,270,279,186,54,12,3,1157,2525,2995,5866,7239,8589,5730,1055,75,9,34082,35,52,67,97,144,119,43,11,0,565,8,21,149,243,238,122,22,3,5,807,185,368,905,1238,1446,1043,168,10,0,5360,11,33,132,176,237,171,21,3,0,795,374,875,1996,1926,1828,1141,202,8,0,8345,69,148,428,557,699,444,104,10,0,2457,1269,1079,1207,1157,1316,1002,196,16,3,7241,1599,698,451,415,371,275,80,6,0,3893,74,235,567,880,1204,944,216,17,0,4130,67,81,172,200,218,152,20,0,0,909,17,101,395,507,502,308,44,3,4,1887,46,104,229,253,339,262,92,21,3,1342,109,320,742,992,1038,678,196,20,0,4097,79,208,450,560,633,457,118,8,0,2513,35,144,712,1045,1215,806,126,6,0,4089,148,367,899,1351,1627,1172,227,6,3,5802,223,666,1553,1796,2378,1875,355,18,3,8872,131,131,145,168,186,123,36,6,0,930
LGA36300,0,0,3,0,4,0,0,0,0,11,7,23,57,23,43,32,6,4,0,197,6,22,39,18,17,32,11,3,0,143,0,0,0,0,0,0,0,0,0,3,0,0,0,0,4,8,0,0,0,15,0,0,0,0,0,0,0,0,0,4,0,3,3,4,3,3,0,0,0,21,0,0,3,0,0,0,0,0,0,8,3,0,8,6,0,3,0,0,0,17,0,0,3,0,6,3,0,0,0,19,0,0,8,3,4,9,0,0,0,24,0,0,0,0,0,0,0,0,0,0,0,0,4,0,0,0,0,0,0,8,0,0,0,0,0,0,0,0,0,6,0,0,3,0,3,0,0,0,0,4,0,3,3,0,3,0,0,0,0,12,11,10,14,8,19,14,3,0,0,76,0,0,7,3,3,5,0,0,0,22,0,3,0,4,11,8,0,0,0,26,0,0,0,0,0,0,0,0,0,0
LGA36370,34,33,83,99,116,60,18,10,0,450,1286,1751,3640,3339,3641,2428,431,54,3,16582,37,45,79,100,130,143,109,57,11,698,14,85,508,463,446,208,24,0,0,1750,77,210,590,551,391,194,31,0,0,2043,11,71,279,217,228,145,7,0,0,951,104,317,633,488,500,374,52,7,0,2476,48,105,277,211,197,144,19,4,0,1012,705,588,687,565,599,388,95,7,0,3642,847,433,414,273,274,185,42,3,0,2469,22,112,450,389,564,473,107,3,0,2121,20,48,55,41,40,34,11,0,0,252,3,35,125,120,99,64,19,3,0,466,29,47,116,74,111,72,22,3,0,480,50,141,323,276,236,162,40,3,0,1228,29,76,173,185,244,161,33,3,0,908,18,155,538,520,598,413,59,4,0,2303,95,205,653,804,850,635,106,5,0,3352,96,493,1219,1046,1214,957,156,4,0,5192,44,38,46,46,49,47,16,5,0,288
LGA36510,18,18,30,79,68,55,26,13,0,307,559,545,1117,1745,2116,1523,409,64,3,8090,52,88,198,205,308,312,236,80,8,1488,0,7,40,54,39,25,0,0,0,174,52,72,159,277,316,217,54,3,0,1150,0,8,35,56,64,36,4,3,0,207,85,172,319,436,437,301,66,0,0,1817,25,36,48,99,133,94,23,5,0,448,247,138,200,238,327,228,62,14,0,1457,327,158,164,156,167,141,50,0,0,1164,12,34,91,160,237,165,81,4,0,779,6,7,12,31,51,29,13,0,0,154,4,19,43,61,67,40,9,0,0,237,8,13,28,45,72,78,31,0,0,280,24,26,108,197,202,150,55,4,0,774,16,33,67,124,142,128,34,3,0,555,4,41,140,272,321,211,39,0,0,1031,30,58,180,369,480,382,85,4,0,1586,33,93,226,363,517,433,101,7,0,1778,28,31,45,64,75,53,20,3,0,325
LGA36580,9,12,26,28,37,19,14,3,3,153,277,325,714,906,1056,803,186,17,8,4282,29,34,99,138,169,210,131,34,5,850,0,3,33,37,40,22,3,0,0,141,57,111,307,255,219,171,29,3,0,1145,0,7,28,32,47,41,11,0,0,169,53,68,175,186,191,145,39,0,0,853,15,18,52,62,65,29,8,3,0,254,131,125,122,160,158,107,32,3,0,836,104,51,63,48,81,46,12,0,0,401,14,26,74,103,153,145,59,3,0,580,4,0,3,4,12,9,8,0,0,50,0,4,17,28,33,15,5,0,0,100,4,7,19,19,34,35,9,3,0,127,3,14,57,55,62,65,15,0,0,278,5,13,42,56,59,63,18,3,0,261,13,20,95,145,205,147,18,0,0,638,16,29,110,181,221,156,19,3,0,733,18,64,145,211,234,233,37,0,0,939,17,14,14,17,39,24,5,0,0,122
LGA36630,19,10,13,36,38,28,22,8,0,171,395,424,863,1130,1352,1032,278,53,0,5535,48,55,131,202,276,307,246,79,8,1356,3,20,97,132,120,58,4,0,0,440,93,141,238,185,224,159,23,3,0,1075,11,20,70,86,115,68,5,0,0,376,37,76,142,134,180,132,24,3,0,734,14,27,36,33,56,29,19,7,0,206,242,156,208,183,251,158,34,3,0,1241,146,80,99,93,129,81,24,6,0,654,8,11,37,62,98,97,48,13,0,373,3,11,17,11,9,16,7,0,0,74,0,6,29,17,26,19,0,0,0,111,3,10,7,24,28,37,9,0,0,122,13,23,68,70,71,61,22,4,0,325,8,14,39,53,61,47,21,0,0,248,14,42,85,171,159,126,8,0,0,607,14,61,205,258,332,250,42,9,0,1169,36,96,235,314,399,387,60,7,0,1534,3,7,13,11,19,12,0,0,0,66
LGA36660,13,15,34,41,44,55,17,8,3,230,507,479,978,1318,1657,1354,317,54,7,6684,75,108,265,340,384,405,252,91,13,1941,0,14,38,33,30,31,3,0,0,143,72,141,245,257,253,198,65,6,0,1232,3,6,22,27,26,19,4,0,0,115,66,101,191,195,225,202,32,3,0,1009,9,15,41,66,62,44,13,0,0,251,257,197,244,258,316,236,62,14,0,1586,319,127,154,124,165,135,41,7,0,1070,16,39,98,148,236,205,63,4,0,799,3,18,18,15,26,21,3,0,0,104,8,3,45,36,40,31,3,0,0,157,3,13,12,29,40,35,19,6,0,159,23,34,76,97,89,98,37,5,0,454,14,17,27,67,102,62,13,6,0,314,0,23,76,154,200,152,31,3,0,638,20,43,164,289,391,297,63,3,0,1275,45,87,220,269,452,427,71,3,0,1573,13,9,19,15,31,25,14,0,0,124
LGA36720,138,151,381,494,532,350,122,45,11,2227,4592,5309,11113,13938,16086,10666,2091,182,26,64007,76,186,369,392,462,490,247,68,8,2299,4,49,484,584,500,224,36,3,0,1884,384,520,1125,1351,1589,1037,234,17,6,6267,16,47,211,328,362,256,30,0,0,1241,614,1371,3656,3951,3519,2252,380,18,4,15766,95,190,412,643,759,501,122,13,0,2731,2274,1947,2368,2368,2712,1978,501,24,6,14176,3043,1710,1907,1491,1447,1030,266,19,4,10923,59,181,559,825,1291,1119,340,29,0,4402,92,131,257,305,339,224,55,0,0,1399,51,278,806,927,895,483,104,10,0,3568,78,186,426,598,748,614,250,34,4,2932,150,441,1333,1952,1799,1168,397,46,4,7280,146,366,855,1097,1330,951,236,16,0,4998,43,206,821,1442,1747,1059,145,12,0,5477,216,429,1656,3013,3522,2350,417,25,0,11634,292,1157,3433,4238,5385,4139,711,46,5,19408,293,290,425,512,468,278,116,21,3,2405
LGA36820,4,12,22,24,39,26,21,8,0,154,324,279,658,891,1222,1056,264,36,3,4738,53,107,184,199,272,263,159,42,4,1281,0,8,50,66,74,48,17,0,0,257,30,33,54,80,88,95,21,0,0,411,0,3,16,20,30,21,4,0,0,103,47,67,136,147,179,171,36,3,0,783,8,10,24,23,42,37,10,0,0,155,202,96,135,155,208,208,45,9,3,1058,155,62,82,73,110,93,26,7,0,608,3,11,28,53,96,99,34,7,0,324,5,7,12,11,16,8,8,0,0,67,0,9,25,35,24,22,8,0,0,121,4,3,12,22,18,41,26,4,0,130,13,17,50,61,102,82,36,4,0,374,12,23,28,51,63,64,28,0,0,269,4,13,81,135,195,127,5,0,0,573,12,27,121,230,265,248,50,7,0,965,32,59,164,238,368,338,71,0,0,1263,7,6,17,18,37,27,15,3,0,127
LGA36910,64,63,150,194,176,153,60,37,3,901,2452,3295,6639,6870,7748,5621,1279,154,22,34072,161,318,668,731,897,889,655,190,32,4533,9,71,326,343,366,144,22,0,3,1285,249,488,1059,1143,1056,706,125,14,0,4840,11,27,205,182,247,144,18,0,0,835,359,768,1560,1198,1131,853,175,14,0,6056,84,200,399,496,535,339,68,13,3,2137,1117,1009,1272,1098,1163,855,226,20,3,6756,1525,709,714,434,417,334,87,10,3,4226,62,146,499,578,760,731,215,14,4,3002,33,71,110,79,82,106,20,0,0,494,38,178,541,471,383,217,41,9,3,1876,50,121,187,212,214,174,65,14,0,1033,103,319,768,730,610,469,155,9,0,3165,49,139,336,334,442,323,97,11,3,1734,74,378,991,1109,1234,821,122,8,0,4734,185,372,1267,1778,2190,1643,346,29,3,7806,227,870,2157,2144,2584,2111,398,15,3,10501,103,86,127,113,118,93,27,4,0,667
LGA36950,0,6,3,10,3,8,0,0,0,32,27,61,183,186,122,103,23,4,0,713,0,3,9,5,3,5,4,0,0,28,0,0,0,0,0,0,0,0,0,4,0,0,3,0,0,0,0,0,0,8,0,0,3,4,0,3,0,0,0,9,7,13,33,23,22,14,3,0,0,112,0,0,3,0,0,0,0,0,0,3,22,9,28,16,13,8,3,0,0,97,4,10,16,12,14,10,3,0,0,71,7,8,28,18,27,14,4,0,0,105,0,0,0,0,3,4,0,0,0,9,0,0,0,0,0,3,0,0,0,5,0,0,3,3,3,0,0,0,0,5,0,0,3,4,5,8,0,0,0,16,0,0,6,10,8,4,3,0,0,35,3,16,58,87,57,32,6,0,0,259,4,13,48,43,35,35,4,0,0,185,6,18,82,68,71,53,5,0,0,298,0,0,5,3,0,3,0,0,0,9
LGA36960,0,0,6,7,0,0,0,0,0,11,14,46,112,103,91,70,7,0,0,438,0,0,6,0,3,0,0,0,0,4,0,0,0,0,0,0,0,0,0,0,0,0,0,0,0,0,0,0,0,0,0,0,0,3,0,0,0,0,0,0,3,10,11,9,8,0,0,0,0,42,0,0,0,0,0,0,0,0,0,0,6,16,17,18,4,12,3,0,0,73,0,0,3,0,4,0,0,0,0,5,0,5,0,0,0,0,0,0,0,11,0,0,3,0,0,0,0,0,0,4,0,0,0,0,0,0,0,0,0,0,0,0,0,0,0,0,0,0,0,0,0,0,0,0,0,0,0,0,0,0,0,0,3,0,4,0,0,0,0,6,7,27,83,91,85,45,3,0,0,339,4,19,48,35,34,31,3,0,0,176,3,4,30,24,38,24,4,0,0,131,0,3,0,8,4,6,0,0,0,16
LGA37010,83,95,187,260,221,168,41,11,5,1064,2948,4794,9384,9033,9010,5809,1011,85,13,42090,36,68,88,112,128,123,52,9,4,612,8,87,525,623,513,278,30,0,0,2069,173,298,914,1019,890,610,118,9,0,4037,13,64,306,369,351,197,26,0,0,1325,258,720,1720,1680,1476,1020,186,14,3,7066,47,164,416,438,449,306,52,6,0,1877,1538,1610,1674,1323,1317,862,190,16,0,8538,1975,1394,1201,783,693,419,111,8,3,6581,62,207,751,839,1139,903,199,22,0,4122,82,145,276,213,190,126,24,3,0,1049,24,94,351,298,311,187,34,3,0,1305,58,127,295,292,300,225,63,4,0,1377,87,360,971,910,770,533,145,17,0,3785,84,261,562,561,645,480,69,10,0,2673,304,1955,3360,2513,2323,1186,160,11,0,11810,191,585,1703,2018,2083,1396,280,25,0,8277,216,1178,2992,2797,2931,2143,363,22,4,12659,163,165,266,216,199,111,28,4,0,1146
LGA37300,3,4,7,5,4,0,0,0,0,23,47,62,265,222,221,76,9,0,0,901,0,0,4,0,0,0,0,0,0,10,13,49,244,267,226,106,5,0,0,906,8,16,52,33,21,12,3,0,0,143,0,0,0,4,3,0,0,0,0,13,10,10,30,21,16,15,0,0,0,105,3,3,7,3,7,0,0,0,0,18,36,8,12,16,18,14,0,0,0,103,8,12,26,16,30,15,4,0,0,108,0,3,17,18,14,10,4,0,0,67,0,0,3,0,0,0,0,0,0,3,0,0,3,0,5,0,0,0,0,11,0,3,7,11,4,3,0,0,0,25,0,0,6,3,5,0,0,0,0,19,4,4,13,16,15,6,0,0,0,61,0,0,19,15,23,9,0,0,0,63,0,10,53,63,43,14,0,0,0,191,3,9,51,37,55,15,4,0,0,174,0,3,4,0,3,0,0,0,0,6
LGA37310,15,9,31,32,51,33,18,3,0,198,467,551,1200,1388,1419,1002,303,60,3,6400,80,145,396,480,570,566,404,126,18,2788,3,29,172,185,137,63,3,0,0,595,53,99,171,154,138,86,14,0,0,727,3,23,109,101,122,46,4,0,0,410,73,159,348,261,254,164,46,3,3,1309,30,37,70,94,78,71,21,4,0,410,234,147,227,238,251,180,50,4,0,1332,218,110,141,153,118,88,17,3,0,844,12,31,73,127,142,126,45,10,0,569,3,8,11,14,10,3,0,0,0,57,11,23,51,40,31,17,6,0,0,174,11,18,24,29,37,22,18,7,0,164,21,57,119,112,88,49,24,0,0,464,13,26,69,62,72,63,17,3,0,324,12,53,167,188,203,152,25,8,0,801,22,88,254,324,297,172,26,0,0,1176,40,78,188,210,291,216,42,3,0,1075,8,5,8,11,13,13,4,3,0,72
LGA37340,12,23,65,49,55,46,15,6,0,274,387,713,1650,1557,1540,1129,240,34,4,7258,43,155,337,230,260,270,124,35,5,1463,7,28,273,306,250,134,15,3,0,1021,27,44,118,142,151,113,25,3,0,626,0,12,12,28,25,38,6,0,0,112,46,101,265,261,282,193,39,0,0,1183,14,8,52,55,63,48,12,0,0,253,235,146,261,244,308,248,60,7,0,1500,228,424,751,379,349,285,63,7,0,2483,24,88,264,280,267,230,61,7,0,1217,4,13,18,11,14,17,0,0,0,85,3,8,27,43,35,19,3,0,0,140,7,33,48,61,64,42,11,0,3,259,12,25,107,116,108,76,30,3,0,482,19,71,203,184,169,116,19,6,0,790,8,41,111,118,131,101,10,3,0,533,11,41,199,267,265,143,34,0,0,971,29,61,192,249,264,262,46,3,0,1115,3,20,35,42,26,29,5,0,0,156
LGA37400,0,0,0,0,3,0,0,0,0,8,14,32,51,43,70,51,11,0,0,271,3,10,26,18,37,41,19,4,3,150,0,0,0,4,3,0,0,0,0,5,0,0,0,0,0,0,0,0,0,10,0,0,3,0,0,3,0,0,0,10,0,0,5,12,4,9,0,0,0,38,0,0,3,0,0,3,0,0,0,12,4,6,8,3,14,3,0,3,0,48,4,4,7,8,12,7,4,0,0,39,0,0,8,7,8,12,0,0,0,35,0,0,0,0,0,0,0,0,0,0,0,0,0,0,0,0,0,0,0,3,0,0,0,0,0,0,0,0,0,0,0,0,5,0,3,0,0,0,0,8,0,0,0,0,0,0,0,0,0,3,3,9,14,13,24,18,6,0,0,87,0,7,10,7,3,3,0,0,0,32,0,8,7,0,14,16,0,0,0,41,0,3,3,4,0,6,0,0,0,13
LGA37550,0,0,0,0,0,0,0,0,0,0,5,9,15,17,25,8,6,0,0,95,0,0,3,0,0,0,0,0,0,10,0,0,0,0,0,0,0,0,0,0,0,0,0,0,0,0,0,0,0,0,0,0,0,0,0,0,0,0,0,0,0,0,0,0,0,0,0,0,0,3,0,0,0,0,0,0,0,0,0,0,0,0,0,0,0,0,0,0,0,3,0,0,0,0,3,0,0,0,0,3,0,0,0,0,0,0,0,0,0,0,0,0,0,0,0,0,0,0,0,0,0,0,0,0,0,0,0,0,0,0,0,0,0,0,0,0,0,0,0,0,0,0,0,3,0,0,0,0,0,8,0,0,0,0,0,0,0,0,0,0,3,5,12,14,9,3,0,0,0,45,0,9,3,7,10,7,0,0,0,38,4,0,5,5,7,8,3,0,0,42,0,0,0,0,0,0,0,0,0,0
LGA37570,0,0,0,0,0,0,0,0,0,0,0,4,5,6,5,0,0,0,0,28,0,0,0,0,0,0,0,0,0,0,0,0,0,0,0,0,0,0,0,0,0,0,0,0,0,0,0,0,0,0,0,0,0,0,0,0,0,0,0,0,0,0,0,0,0,0,0,0,0,0,0,0,0,0,0,0,0,0,0,0,0,0,0,0,0,0,0,0,0,0,0,0,0,0,0,0,0,0,0,0,0,0,0,0,0,0,0,0,0,0,0,0,0,0,0,0,0,0,0,0,0,0,0,0,0,0,0,0,0,0,0,0,0,0,0,0,0,0,0,0,0,0,0,0,0,0,0,0,0,0,0,0,0,0,0,0,0,0,0,3,0,0,4,9,11,3,0,0,0,25,0,0,3,3,0,0,0,0,0,3,0,0,3,3,8,0,0,0,0,10,0,0,0,0,0,0,0,0,0,0
LGA37600,0,0,0,0,0,0,0,0,0,8,4,26,36,48,55,17,0,0,0,184,0,0,0,0,0,0,0,0,0,4,0,0,0,0,0,0,0,0,0,0,0,0,0,0,0,0,0,0,0,0,0,0,0,0,0,0,0,0,0,0,0,0,0,0,0,0,0,0,0,4,0,0,0,0,0,0,0,0,0,0,0,0,0,0,0,0,0,0,0,5,0,0,0,0,0,0,0,0,0,3,0,0,0,0,0,0,0,0,0,0,0,0,0,0,0,0,0,0,0,0,0,0,0,0,0,0,0,0,0,0,0,0,0,0,0,0,0,0,0,0,0,0,0,0,0,0,0,0,0,7,0,0,0,0,0,0,0,0,0,3,0,11,30,22,15,11,0,0,0,92,0,12,15,13,24,8,0,0,0,68,0,3,9,22,30,11,0,0,0,79,0,0,0,0,0,0,0,0,0,0
LGA39499,3,9,20,10,14,7,0,0,0,74,50,252,444,147,202,217,24,0,0,1336,14,150,177,13,18,40,8,0,0,420,0,0,28,24,24,13,0,0,0,92,3,13,60,31,24,17,3,0,0,153,0,0,6,3,8,3,0,0,0,29,11,25,91,64,63,35,7,0,0,298,0,5,12,14,12,5,0,0,0,55,11,37,37,24,38,27,8,0,0,177,36,86,146,31,33,43,4,0,0,381,0,13,34,32,37,30,4,0,0,154,3,4,6,7,5,3,0,0,0,26,0,3,7,10,3,3,3,0,0,28,0,0,8,4,12,10,0,0,0,42,0,15,53,23,19,29,0,0,0,129,3,20,59,24,32,21,4,0,0,162,10,15,29,20,26,23,3,0,0,131,0,11,44,28,29,24,3,0,0,140,0,19,86,38,47,44,15,0,0,244,0,8,28,11,13,9,0,0,0,72
LGA39799,0,0,0,0,0,0,0,0,0,5,4,0,6,4,4,6,0,0,0,33,0,0,0,0,0,0,0,0,0,3,0,0,0,0,0,0,0,0,0,0,0,0,0,0,0,0,0,0,0,0,0,0,0,0,0,0,0,0,0,0,0,0,0,3,4,0,0,0,0,14,0,0,0,0,0,0,0,0,0,0,0,0,0,3,3,0,0,0,0,5,0,0,0,0,0,0,0,0,0,3,0,0,0,0,0,4,0,0,0,4,0,0,0,0,0,0,0,0,0,0,0,0,0,0,0,0,0,0,0,0,0,0,0,0,0,0,0,0,0,0,0,0,0,0,0,0,0,0,0,0,0,0,0,0,0,0,0,0,0,0,0,0,0,0,0,0,0,0,0,4,0,0,0,0,3,0,0,0,0,4,0,0,3,3,0,4,0,0,0,10,0,0,0,0,0,0,0,0,0,0
