LGA_CODE_2016,M_Ireland_0_4,M_Ireland_5_14,M_Ireland_15_24,M_Ireland_25_44,M_Ireland_45_54,M_Ireland_55_64,M_Ireland_65_74,M_Ireland_75_84,M_Ireland_85ov,M_Ireland_Tot,M_Italy_0_4,M_Italy_5_14,M_Italy_15_24,M_Italy_25_44,M_Italy_45_54,M_Italy_55_64,M_Italy_65_74,M_Italy_75_84,M_Italy_85ov,M_Italy_Tot,M_Japan_0_4,M_Japan_5_14,M_Japan_15_24,M_Japan_25_44,M_Japan_45_54,M_Japan_55_64,M_Japan_65_74,M_Japan_75_84,M_Japan_85ov,M_Japan_Tot,M_Korea_South_0_4,M_Korea_South_5_14,M_Korea_South_15_24,M_Korea_South_25_44,M_Korea_South_45_54,M_Korea_South_55_64,M_Korea_South_65_74,M_Korea_South_75_84,M_Korea_South_85ov,M_Korea_South_Tot,M_Lebanon_0_4,M_Lebanon_5_14,M_Lebanon_15_24,M_Lebanon_25_44,M_Lebanon_45_54,M_Lebanon_55_64,M_Lebanon_65_74,M_Lebanon_75_84,M_Lebanon_85ov,M_Lebanon_Tot,M_Malaysia_0_4,M_Malaysia_5_14,M_Malaysia_15_24,M_Malaysia_25_44,M_Malaysia_45_54,M_Malaysia_55_64,M_Malaysia_65_74,M_Malaysia_75_84,M_Malaysia_85ov,M_Malaysia_Tot,M_Malta_0_4,M_Malta_5_14,M_Malta_15_24,M_Malta_25_44,M_Malta_45_54,M_Malta_55_64,M_Malta_65_74,M_Malta_75_84,M_Malta_85ov,M_Malta_Tot,M_Mauritius_0_4,M_Mauritius_5_14,M_Mauritius_15_24,M_Mauritius_25_44,M_Mauritius_45_54,M_Mauritius_55_64,M_Mauritius_65_74,M_Mauritius_75_84,M_Mauritius_85ov,M_Mauritius_Tot,M_Myanmar_0_4,M_Myanmar_5_14,M_Myanmar_15_24,M_Myanmar_25_44,M_Myanmar_45_54,M_Myanmar_55_64,M_Myanmar_65_74,M_Myanmar_75_84,M_Myanmar_85ov,M_Myanmar_Tot,M_Nepal_0_4,M_Nepal_5_14,M_Nepal_15_24,M_Nepal_25_44,M_Nepal_45_54,M_Nepal_55_64,M_Nepal_65_74,M_Nepal_75_84,M_Nepal_85ov,M_Nepal_Tot,M_Netherlands_0_4,M_Netherlands_5_14,M_Netherlands_15_24,M_Netherlands_25_44,M_Netherlands_45_54,M_Netherlands_55_64,M_Netherlands_65_74,M_Netherlands_75_84,M_Netherlands_85ov,M_Netherlands_Tot,M_New_Zealand_0_4,M_New_Zealand_5_14,M_New_Zealand_15_24,M_New_Zealand_25_44,M_New_Zealand_45_54,M_New_Zealand_55_64,M_New_Zealand_65_74,M_New_Zealand_75_84,M_New_Zealand_85ov,M_New_Zealand_Tot,M_Nthern_Ireland_0_4,M_Nthern_Ireland_5_14,M_Nthern_Ireland_15_24,M_Nthern_Ireland_25_44,M_Nthern_Ireland_45_54,M_Nthern_Ireland_55_64,M_Nthern_Ireland_65_74,M_Nthern_Ireland_75_84,M_Nthern_Ireland_85ov,M_Nthern_Ireland_Tot,M_Pakistan_0_4,M_Pakistan_5_14,M_Pakistan_15_24,M_Pakistan_25_44,M_Pakistan_45_54,M_Pakistan_55_64,M_Pakistan_65_74,M_Pakistan_75_84,M_Pakistan_85ov,M_Pakistan_Tot,M_PNG_0_4,M_PNG_5_14,M_PNG_15_24,M_PNG_25_44,M_PNG_45_54,M_PNG_55_64,M_PNG_65_74,M_PNG_75_84,M_PNG_85ov,M_PNG_Tot,M_Philippines_0_4,M_Philippines_5_14,M_Philippines_15_24,M_Philippines_25_44,M_Philippines_45_54,M_Philippines_55_64,M_Philippines_65_74,M_Philippines_75_84,M_Philippines_85ov,M_Philippines_Tot,M_Poland_0_4,M_Poland_5_14,M_Poland_15_24,M_Poland_25_44,M_Poland_45_54,M_Poland_55_64,M_Poland_65_74,M_Poland_75_84,M_Poland_85ov,M_Poland_Tot,M_Scotland_0_4,M_Scotland_5_14,M_Scotland_15_24,M_Scotland_25_44,M_Scotland_45_54,M_Scotland_55_64,M_Scotland_65_74,M_Scotland_75_84,M_Scotland_85ov,M_Scotland_Tot,M_Singapore_0_4,M_Singapore_5_14,M_Singapore_15_24,M_Singapore_25_44,M_Singapore_45_54,M_Singapore_55_64,M_Singapore_65_74,M_Singapore_75_84,M_Singapore_85ov,M_Singapore_Tot,M_South_Africa_0_4,M_South_Africa_5_14,M_South_Africa_15_24,M_South_Africa_25_44,M_South_Africa_45_54,M_South_Africa_55_64,M_South_Africa_65_74,M_South_Africa_75_84,M_South_Africa_85ov,M_South_Africa_Tot
LGA30250,0,0,0,0,0,0,0,0,0,0,0,0,0,0,0,0,0,0,0,0,0,0,0,0,0,0,0,0,0,0,0,0,0,0,0,0,0,0,0,0,0,0,0,0,0,0,0,0,0,0,0,0,0,0,0,0,0,0,0,0,0,0,0,0,0,0,0,0,0,0,0,0,0,0,0,0,0,0,0,0,0,0,0,0,0,0,0,0,0,0,0,0,0,0,0,0,0,0,0,0,0,0,0,0,0,0,0,0,0,0,0,0,0,0,0,0,0,0,0,0,0,0,0,0,0,0,0,0,0,0,0,0,0,0,0,0,0,0,0,0,0,0,0,0,0,0,0,0,0,3,0,0,0,0,0,0,0,0,0,0,0,0,0,0,0,0,0,0,0,0,0,0,0,0,0,0,0,0,0,0,0,0,0,0,0,0,0,0,0,0,0,0,0,0,0,0,0,0,0,0
LGA30300,0,0,0,3,0,0,0,0,0,3,0,0,0,0,0,0,0,0,0,0,0,0,0,0,0,0,0,0,0,0,0,0,0,0,0,0,0,0,0,0,0,0,0,0,0,0,0,0,0,0,0,0,0,0,0,0,0,0,0,0,0,0,0,0,0,0,0,0,0,0,0,0,0,0,0,0,0,0,0,0,0,0,0,0,0,0,0,0,0,0,0,0,0,0,0,0,0,0,0,0,0,0,0,0,0,0,0,0,0,4,0,0,0,8,0,4,0,0,0,23,0,0,0,0,0,0,0,0,0,0,0,0,0,0,0,0,0,0,0,0,0,0,0,0,0,0,0,0,0,3,0,5,0,4,0,0,0,0,0,11,0,0,0,0,0,0,0,0,0,0,0,0,0,3,0,0,0,0,0,4,0,0,0,0,0,0,0,0,0,0,0,3,0,8,0,0,3,0,0,15
LGA30370,0,0,0,3,0,0,0,0,0,3,0,0,0,3,0,4,0,3,0,9,0,0,0,0,0,0,0,0,0,0,0,0,0,0,0,0,0,0,0,4,0,0,0,0,0,0,0,0,0,0,0,0,0,0,0,0,0,0,0,0,0,0,0,0,0,0,0,0,0,3,0,0,0,0,0,0,0,0,0,0,0,0,10,29,7,0,0,0,0,48,0,0,0,0,0,0,0,0,0,0,0,0,0,0,4,8,3,8,0,21,0,9,0,36,28,21,9,4,0,101,0,0,0,0,0,0,0,0,0,6,0,0,0,0,0,0,0,0,0,4,0,3,0,4,0,5,0,0,0,14,0,10,6,32,3,0,0,0,0,48,0,0,0,0,0,0,0,0,0,0,0,0,0,3,0,0,0,0,0,5,0,0,0,0,0,0,0,0,0,0,0,5,0,6,5,3,0,0,0,27
LGA30410,0,0,0,0,0,0,0,0,0,0,0,0,0,0,0,0,0,0,0,4,0,0,0,0,0,0,0,0,0,0,0,0,0,0,0,0,0,0,0,0,0,0,0,0,0,0,0,0,0,0,0,0,0,0,0,0,0,0,0,0,0,0,0,0,0,0,0,0,0,0,0,0,0,0,0,0,0,0,0,0,0,0,0,0,0,0,0,0,0,0,0,0,0,0,0,0,0,0,0,3,0,0,0,0,0,0,0,0,0,4,0,0,0,0,4,8,0,0,0,16,0,0,0,0,0,0,0,0,0,0,0,0,0,0,0,0,0,0,0,0,0,0,0,0,0,0,0,0,0,0,0,0,0,0,0,0,0,0,0,0,0,0,0,0,0,0,0,0,0,0,0,0,0,0,0,0,0,3,0,3,0,0,0,0,0,0,0,0,0,0,0,0,0,3,3,0,0,0,0,12
LGA30450,0,0,0,0,0,0,0,0,0,0,0,0,0,0,0,0,0,0,0,0,0,0,0,0,0,0,0,0,0,0,0,0,0,0,0,0,0,0,0,0,0,0,0,0,0,0,0,0,0,0,0,0,0,0,0,0,0,0,0,0,0,0,0,0,0,0,0,0,0,0,0,0,0,0,0,0,0,0,0,0,0,0,0,0,0,0,0,0,0,0,0,0,0,0,0,0,0,0,0,0,0,0,0,0,0,0,0,0,0,0,0,0,0,0,0,0,0,0,0,0,0,0,0,0,0,0,0,0,0,0,0,0,0,0,0,0,0,0,0,0,0,0,0,0,0,0,0,0,0,0,0,0,0,0,0,0,0,0,0,0,0,0,0,0,0,0,0,0,0,0,0,0,0,0,0,0,0,0,0,0,0,0,0,0,0,0,0,0,0,0,0,0,0,0,0,0,0,0,0,0
LGA30760,0,0,0,0,0,0,0,0,0,0,0,0,0,0,0,0,0,0,0,0,0,0,0,0,0,0,0,0,0,0,0,0,0,0,0,0,0,0,0,0,0,0,0,0,0,0,0,0,0,0,0,0,0,0,0,0,0,0,0,0,0,0,0,0,0,0,0,0,0,0,0,0,0,0,0,0,0,0,0,0,0,0,0,0,0,0,0,0,0,0,0,0,0,0,0,0,0,0,0,0,0,0,0,0,0,0,0,0,0,0,0,0,0,0,0,3,0,0,0,6,0,0,0,0,0,0,0,0,0,0,0,0,0,0,0,0,0,0,0,0,0,0,0,0,0,0,0,0,0,0,0,0,0,0,0,0,0,0,0,0,0,0,0,0,0,0,0,0,0,0,0,0,0,0,0,0,0,0,0,3,0,0,0,0,0,0,0,0,0,0,0,0,0,0,0,0,0,0,0,0
LGA30900,0,0,0,0,0,0,0,0,0,0,0,0,0,0,0,0,0,0,0,0,0,0,0,0,0,0,0,0,0,0,0,0,0,0,0,0,0,0,0,0,0,0,0,0,0,0,0,0,0,0,0,0,0,0,0,0,0,0,0,0,0,0,0,0,0,0,0,0,0,0,0,0,0,0,0,0,0,0,0,0,0,0,0,0,0,0,0,0,0,0,0,0,0,0,0,0,0,0,0,0,0,0,0,0,0,0,0,0,0,0,0,0,0,0,0,0,0,0,0,3,0,0,0,0,0,0,0,0,0,0,0,0,0,0,0,0,0,0,0,0,0,0,0,0,0,0,0,0,0,0,0,0,0,0,0,0,0,0,0,0,0,0,0,0,0,0,0,0,0,0,0,0,0,0,0,0,0,0,0,0,0,0,0,0,0,0,0,0,0,0,0,0,0,0,0,0,0,0,0,0
LGA31000,27,137,106,1339,310,203,178,93,46,2442,8,35,100,482,179,297,532,578,267,2477,40,156,287,510,140,82,36,8,5,1262,68,327,977,2711,459,189,69,36,5,4845,4,8,14,116,73,57,55,24,3,343,53,174,815,1440,494,454,311,127,17,3870,0,3,3,18,20,37,52,36,13,178,0,6,22,72,29,31,29,4,4,204,0,15,66,219,67,51,32,13,5,474,9,48,332,1015,47,20,3,0,0,1472,6,43,45,269,173,192,367,173,69,1343,231,1657,2689,7930,3637,2712,1347,418,86,20704,4,18,19,210,120,83,111,44,8,618,34,124,214,847,117,51,11,8,0,1400,12,125,302,647,495,279,116,85,18,2080,41,389,631,1836,708,353,119,35,9,4128,0,14,18,285,95,159,93,56,52,778,18,130,138,701,586,536,407,271,99,2889,41,165,423,689,153,130,72,29,0,1702,38,410,995,2289,1071,660,325,110,28,5903
LGA31750,0,0,0,0,0,0,0,0,0,3,0,0,0,0,0,0,0,0,0,0,0,0,0,0,0,0,0,0,0,0,0,0,0,0,0,0,0,0,0,0,0,0,0,0,0,0,0,0,0,0,0,0,0,0,0,0,0,0,0,0,0,0,0,0,0,0,0,0,0,0,0,0,0,0,0,0,0,0,0,0,0,0,0,0,0,0,0,0,0,0,0,0,0,0,0,0,0,0,0,0,0,0,0,0,0,0,0,0,0,0,0,0,0,0,0,3,0,0,0,3,0,0,0,0,0,0,0,0,0,0,0,0,0,0,0,0,0,0,0,0,0,0,0,0,0,0,0,0,0,0,0,0,0,0,0,0,0,0,0,0,0,0,0,0,0,0,0,0,0,0,0,0,0,0,0,0,0,0,0,0,0,0,0,0,0,0,0,0,0,0,0,0,0,0,0,0,0,0,0,0
LGA31820,0,8,6,10,4,12,21,5,3,62,0,0,13,22,4,10,54,62,23,185,0,0,15,11,0,0,0,0,0,22,0,8,15,64,4,0,0,0,0,87,0,0,0,0,0,0,0,0,0,0,0,0,4,15,10,7,0,0,0,36,0,0,0,3,0,3,21,15,4,43,0,0,0,0,0,0,4,3,0,8,0,0,0,3,0,0,3,0,0,13,0,0,0,31,3,3,0,0,0,37,0,0,5,11,12,36,83,46,9,204,3,42,55,186,160,212,178,59,21,913,0,3,0,5,3,3,4,8,0,31,0,0,0,13,0,0,0,0,0,17,0,6,12,14,8,10,3,3,0,50,4,34,10,37,9,3,0,0,0,101,0,0,0,0,0,0,6,3,0,19,0,3,3,16,27,32,69,34,6,194,0,4,0,5,3,0,3,0,0,17,0,26,21,50,37,27,17,11,0,188
LGA31900,0,4,0,3,0,0,3,0,0,13,0,0,3,7,4,16,48,53,42,166,0,0,11,14,0,0,0,0,0,23,0,3,8,18,0,0,0,0,0,28,0,0,0,0,0,0,0,0,0,0,0,0,0,0,0,0,0,0,0,3,0,0,0,0,0,0,0,0,0,0,0,0,0,0,0,0,0,0,0,0,0,0,0,0,0,0,0,0,0,0,0,0,0,0,0,0,0,0,0,0,0,0,0,3,4,0,8,0,0,10,0,0,3,19,20,19,15,0,0,80,0,0,0,0,0,0,5,0,0,4,0,0,0,0,0,0,0,0,0,0,0,0,0,3,0,4,0,0,0,11,0,0,3,10,0,0,0,0,0,22,0,0,0,0,0,0,0,0,0,0,0,0,0,0,3,0,5,3,0,17,0,0,0,0,0,0,0,0,0,0,0,0,3,4,4,0,3,0,0,19
LGA31950,0,0,0,0,0,0,0,0,0,0,0,0,0,0,0,0,0,0,0,0,0,0,0,0,0,0,0,0,0,0,0,0,0,0,0,0,0,0,0,0,0,0,0,0,0,0,0,0,0,0,0,0,0,0,0,0,0,0,0,0,0,0,0,0,0,0,0,0,0,0,0,0,0,0,0,0,0,0,0,0,0,0,0,0,0,0,0,0,0,0,0,0,0,0,0,0,0,0,0,0,0,0,0,0,0,0,0,0,0,0,0,0,0,0,0,0,0,0,0,3,0,0,0,0,0,0,0,0,0,0,0,0,0,0,0,0,0,0,0,0,0,0,0,0,0,0,0,0,0,0,0,0,0,0,0,0,0,0,0,0,0,0,0,0,0,0,0,0,0,0,0,0,0,0,0,0,0,0,0,0,0,0,0,0,0,0,0,0,0,0,0,0,0,0,0,0,0,0,0,0
LGA32080,0,18,7,61,32,28,32,7,0,192,0,8,17,69,42,29,84,68,34,353,8,70,50,210,92,18,21,3,0,480,11,22,61,287,31,5,3,0,0,416,0,0,0,4,0,3,8,0,0,14,8,8,13,42,30,22,14,4,0,144,0,0,3,0,7,14,17,3,0,44,0,3,0,3,7,3,4,4,3,30,0,3,5,36,3,0,0,0,0,56,5,62,64,32,3,0,0,0,0,160,0,8,9,50,46,53,80,34,3,278,15,144,193,673,509,478,294,68,18,2384,0,3,0,15,9,11,13,9,0,64,0,3,3,23,3,4,0,0,0,41,14,156,179,277,159,85,31,8,0,910,11,61,72,213,76,43,13,0,3,484,0,0,0,27,11,19,9,4,3,76,3,8,10,72,80,71,63,28,4,332,0,3,6,9,10,3,3,0,0,44,3,32,50,117,74,46,23,11,0,347
LGA32250,0,0,0,0,0,0,3,0,0,5,0,0,0,0,0,0,0,0,0,0,0,0,0,0,0,0,0,0,0,0,0,0,0,0,0,0,0,0,0,0,0,0,0,0,0,0,0,0,0,0,0,0,0,0,0,0,0,0,0,0,0,0,0,0,0,0,0,0,0,0,0,0,0,0,0,0,0,0,0,0,0,0,0,0,0,0,0,0,0,0,0,0,0,0,0,0,0,0,0,0,0,0,0,0,0,3,3,0,0,5,0,0,0,4,0,0,3,0,0,9,0,0,0,0,0,0,0,0,0,0,0,0,0,0,0,0,0,0,0,0,0,0,0,0,0,0,0,0,0,0,0,0,0,4,3,0,0,0,0,8,0,0,0,0,0,0,0,0,0,0,0,0,0,0,0,0,0,0,0,0,0,0,0,0,0,0,0,0,0,0,0,0,0,0,0,0,0,0,0,0
LGA32260,0,3,3,12,3,5,3,3,0,26,0,0,5,18,3,10,38,66,32,165,0,0,6,18,0,0,0,0,0,28,0,0,7,18,0,0,0,0,0,26,0,0,0,0,0,0,0,0,0,0,0,0,0,3,0,4,4,0,0,15,0,0,0,0,0,3,4,7,4,19,0,0,0,0,0,0,0,0,0,0,0,0,0,0,0,0,0,0,0,0,0,0,0,3,0,0,0,0,0,3,0,0,0,3,8,15,11,3,3,39,0,13,16,66,48,73,45,21,0,280,0,0,0,0,0,0,3,3,0,3,0,0,0,3,0,0,0,0,0,4,0,0,3,10,13,12,8,0,0,44,4,21,21,31,14,0,3,0,0,85,0,0,0,0,0,0,0,0,0,4,0,0,3,0,0,14,13,3,0,35,0,0,0,0,0,3,0,0,0,3,0,3,3,10,8,0,8,0,0,26
LGA32270,0,3,0,10,3,0,3,3,0,26,0,0,0,3,0,0,3,0,0,6,0,0,0,0,0,0,0,0,0,0,0,0,8,18,0,0,0,0,0,27,0,0,0,0,0,0,0,0,0,0,0,0,0,3,0,0,0,0,0,3,0,0,0,0,0,0,0,0,0,0,0,0,0,0,0,0,0,0,0,0,0,0,0,0,0,0,0,0,0,0,0,0,0,8,0,0,0,0,0,8,0,0,0,0,0,3,13,3,0,14,4,39,61,190,94,88,46,9,0,535,0,0,0,3,0,0,0,0,0,3,0,0,0,0,0,0,0,0,0,0,0,3,0,12,8,0,0,0,0,26,3,27,21,55,25,0,0,0,0,139,0,0,0,3,0,0,0,0,0,4,0,3,0,3,4,9,7,0,0,24,0,0,0,0,0,0,0,0,0,0,0,7,20,38,32,13,0,0,0,109
LGA32310,0,0,0,0,0,0,0,0,0,0,0,0,0,0,0,0,0,0,0,0,0,0,0,0,0,0,0,0,0,0,0,0,0,4,0,0,0,0,0,4,0,0,0,0,0,0,0,0,0,0,0,0,0,0,0,0,0,0,0,3,0,0,0,0,0,0,0,0,0,0,0,0,0,0,0,0,0,0,0,0,0,0,0,0,0,0,0,0,0,0,0,0,0,3,0,0,0,0,0,3,0,0,0,0,0,0,3,0,0,5,0,3,3,14,14,22,17,3,0,73,0,0,0,0,0,0,0,0,0,4,0,0,0,0,0,0,0,0,0,4,0,3,4,6,3,0,0,0,0,18,0,5,0,7,4,0,0,0,0,12,0,0,0,0,0,0,0,0,0,3,0,0,3,0,0,3,3,3,0,14,0,0,0,0,0,0,0,0,0,0,0,0,0,3,0,3,3,0,0,8
LGA32330,0,0,0,0,0,0,0,0,0,0,0,0,0,0,0,0,0,0,0,0,0,0,0,0,0,0,0,0,0,0,0,0,0,0,0,0,0,0,0,0,0,0,0,0,0,0,0,0,0,0,0,0,0,0,0,0,0,0,0,0,0,0,0,0,0,0,0,0,0,0,0,0,0,0,0,0,0,0,0,0,0,0,0,0,0,0,0,0,0,0,0,0,0,0,0,0,0,0,0,0,0,0,0,0,0,0,0,0,0,0,0,0,0,0,0,0,0,0,0,0,0,0,0,0,0,0,0,0,0,0,0,0,0,0,0,0,0,0,0,0,0,0,0,0,0,0,0,0,0,4,0,0,0,0,0,0,0,0,0,0,0,0,0,0,0,0,0,0,0,0,0,0,0,0,0,0,0,0,0,0,0,0,0,0,0,0,0,0,0,0,0,0,0,0,0,0,0,0,0,0
LGA32450,0,0,0,0,0,0,0,0,0,0,0,0,0,0,0,0,0,0,0,0,0,0,0,0,0,0,0,0,0,0,0,0,0,0,0,0,0,0,0,0,0,0,0,0,0,0,0,0,0,0,0,0,0,0,0,0,0,0,0,0,0,0,0,0,0,0,0,0,0,0,0,0,0,0,0,0,0,0,0,0,0,0,0,0,0,0,0,0,0,0,0,0,0,0,0,0,0,0,0,0,0,0,0,0,0,0,0,0,0,3,0,0,0,20,13,10,7,0,0,48,0,0,0,0,0,0,0,0,0,0,0,0,0,0,0,0,0,0,0,3,0,0,0,4,3,0,0,0,0,11,0,0,0,6,0,0,0,0,0,12,0,0,0,0,0,0,0,0,0,0,0,0,0,0,0,0,0,0,0,4,0,0,0,0,0,0,0,0,0,0,0,0,0,0,0,0,0,0,0,3
LGA32500,0,0,0,0,0,0,0,0,0,0,0,0,3,0,0,0,0,0,0,6,0,0,9,4,0,0,0,0,0,11,0,0,0,0,0,0,0,0,0,0,0,0,0,0,0,0,0,0,0,0,0,0,0,0,0,0,0,0,0,0,0,0,0,0,0,0,0,0,0,0,0,0,0,0,0,0,0,0,0,0,0,0,0,0,0,0,0,0,0,0,0,0,0,0,0,0,0,0,0,0,0,0,0,0,0,3,5,0,0,12,0,0,0,3,14,9,16,0,0,49,0,0,0,0,0,0,0,0,0,0,0,0,0,0,0,0,0,0,0,0,0,3,0,3,7,5,0,0,0,17,0,0,0,4,0,0,0,0,0,9,0,0,0,0,0,0,0,0,0,0,0,0,0,0,0,3,0,0,0,5,0,0,0,0,0,0,0,0,0,0,0,0,0,4,0,0,3,0,0,13
LGA32600,0,0,0,0,0,0,0,0,0,0,0,0,0,0,0,0,0,0,0,0,0,0,0,0,0,0,0,0,0,0,0,0,0,0,0,0,0,0,0,0,0,0,0,0,0,0,0,0,0,0,0,0,0,0,0,0,0,0,0,0,0,0,0,0,0,0,0,0,0,0,0,0,0,0,0,0,0,0,0,0,0,0,0,0,0,0,0,0,0,0,0,0,0,0,0,0,0,0,0,0,0,0,0,0,0,0,0,0,0,0,0,0,0,0,0,0,0,0,0,0,0,0,0,0,0,0,0,0,0,0,0,0,0,0,0,0,0,0,0,0,0,0,0,0,0,0,0,0,0,0,0,0,0,0,0,0,0,0,0,0,0,0,0,0,0,0,0,0,0,0,0,0,0,0,0,0,0,0,0,0,0,0,0,0,0,0,0,0,0,0,0,0,0,0,0,0,0,0,0,0
LGA32750,0,0,0,0,0,0,0,0,0,3,0,0,0,0,0,0,0,0,0,0,0,0,0,0,0,0,0,0,0,0,0,0,0,0,0,0,0,0,0,0,0,0,0,0,0,0,0,0,0,0,0,0,0,0,0,0,0,0,0,0,0,0,0,0,0,0,0,0,0,0,0,0,0,0,0,0,0,0,0,0,0,0,0,0,0,0,0,0,0,0,0,0,0,0,0,0,0,0,0,0,0,0,0,0,0,0,0,0,0,0,0,0,0,0,0,0,0,0,0,0,0,0,0,0,0,0,0,0,0,0,0,0,0,0,0,0,0,0,0,0,0,0,0,0,0,0,0,0,0,0,0,0,0,0,0,0,0,0,0,0,0,0,0,0,0,0,0,0,0,0,0,0,0,0,0,0,0,0,0,0,0,0,0,0,0,0,0,0,0,0,0,0,0,0,0,0,0,0,0,0
LGA32770,0,0,0,0,0,0,0,0,0,0,0,0,0,0,0,0,0,0,0,0,0,0,0,0,0,0,0,0,0,0,0,0,0,0,0,0,0,0,0,0,0,0,0,0,0,0,0,0,0,0,0,0,0,0,0,0,0,0,0,0,0,0,0,0,0,0,0,0,0,0,0,0,0,0,0,0,0,0,0,0,0,0,0,0,0,0,0,0,0,0,0,0,0,0,0,0,0,0,0,0,0,0,0,0,0,0,0,0,0,0,0,0,0,0,0,0,0,0,0,3,0,0,0,0,0,0,0,0,0,0,0,0,0,0,0,0,0,0,0,0,0,0,0,0,0,0,0,0,0,0,0,0,0,0,0,0,0,0,0,0,0,0,0,0,0,0,0,0,0,0,0,0,0,0,0,0,0,0,0,0,0,0,0,0,0,0,0,0,0,0,0,0,0,0,0,0,0,0,0,0
LGA32810,0,0,3,12,7,3,3,0,0,26,0,0,0,20,3,3,3,13,3,46,0,0,0,0,0,0,0,0,0,5,0,0,3,21,0,0,0,0,0,22,0,0,0,0,0,0,0,0,0,0,0,0,0,3,0,0,0,3,0,9,0,0,0,0,0,0,0,0,0,0,0,0,0,0,0,0,3,0,0,3,0,0,0,0,0,0,0,0,0,0,0,0,0,0,0,0,0,0,0,0,0,0,0,6,8,8,5,3,0,33,4,5,12,60,38,47,32,14,0,218,0,0,0,5,0,0,4,0,0,8,0,0,0,0,0,0,0,0,0,0,0,3,0,4,3,0,0,0,0,14,0,3,0,4,0,0,0,0,0,11,0,0,0,0,3,0,3,0,0,9,0,3,3,11,0,11,4,3,5,40,0,0,0,0,0,0,0,0,0,0,0,0,0,7,0,8,0,3,0,25
LGA33100,0,0,0,0,0,0,0,0,0,0,0,0,0,0,0,0,0,0,0,0,0,0,0,0,0,0,0,0,0,0,0,0,0,0,0,0,0,0,0,0,0,0,0,0,0,0,0,0,0,0,0,0,0,0,0,0,0,0,0,0,0,0,0,0,0,0,0,0,0,0,0,0,0,0,0,0,0,0,0,0,0,0,0,0,0,0,0,0,0,0,0,0,0,0,0,0,0,0,0,0,0,0,0,0,0,0,0,0,0,0,0,0,0,3,3,0,0,0,0,10,0,0,0,0,0,0,0,0,0,0,0,0,0,0,0,0,0,0,0,0,0,0,0,0,0,0,0,0,0,0,0,0,0,0,0,0,0,0,0,0,0,0,0,0,0,0,0,0,0,0,0,0,0,0,0,0,0,0,0,0,0,0,0,0,0,0,0,0,0,0,0,0,0,0,0,0,0,0,0,0
LGA33200,0,0,0,0,0,0,0,0,0,0,0,0,0,0,0,0,0,0,0,0,0,0,0,0,0,0,0,0,0,0,0,0,0,0,0,0,0,0,0,0,0,0,0,0,0,0,0,0,0,0,0,0,0,0,0,0,0,0,0,0,0,0,0,0,0,3,0,0,0,3,0,0,0,0,0,0,0,0,0,0,0,0,0,0,0,0,0,0,0,0,0,0,0,0,0,0,0,0,0,0,0,0,0,0,0,0,0,0,0,0,0,0,0,3,9,0,5,0,0,20,0,0,0,0,0,0,0,0,0,0,0,0,0,0,0,0,0,0,0,0,0,0,0,0,0,0,0,0,0,0,0,0,0,0,0,0,0,0,0,0,0,0,0,0,0,0,0,0,0,0,0,0,0,0,0,0,0,0,0,0,0,0,0,0,0,0,0,0,0,0,0,0,0,0,0,0,0,0,0,0
LGA33220,0,3,0,12,15,13,20,17,3,75,0,0,0,6,7,11,18,22,11,83,0,0,3,0,0,3,0,0,0,12,0,0,3,7,0,0,0,0,0,11,0,0,0,0,0,0,0,0,0,0,0,0,3,21,16,7,3,0,0,43,0,0,0,0,4,13,28,14,0,54,0,0,0,3,0,4,3,4,0,17,0,0,0,3,0,0,0,0,0,9,0,0,0,17,0,0,0,0,0,23,0,0,0,14,11,36,111,53,21,240,11,61,59,238,243,282,322,122,15,1353,0,0,0,0,6,12,10,12,0,36,3,3,0,12,0,0,0,0,0,24,0,0,3,13,16,13,7,0,0,56,3,17,18,37,5,8,0,0,0,87,0,0,0,3,3,3,8,6,3,31,0,0,0,11,28,59,89,55,8,260,0,0,0,4,4,0,0,0,0,7,3,17,21,42,44,32,26,10,0,197
LGA33360,0,7,3,21,3,6,0,3,0,54,0,0,0,7,4,0,8,12,0,34,0,0,0,0,0,0,0,0,0,0,0,0,0,16,3,0,0,0,0,18,0,0,0,4,0,0,0,0,0,5,0,7,0,15,12,6,0,0,0,46,0,0,0,0,0,0,6,0,0,8,0,0,0,0,0,0,0,0,0,3,0,0,0,0,0,0,0,0,0,0,0,0,0,4,0,0,0,0,0,4,0,0,0,8,3,17,17,10,7,63,12,107,128,383,252,220,105,14,0,1213,0,0,0,0,4,4,0,0,0,13,0,3,0,7,0,0,0,0,0,11,0,4,4,14,13,4,0,0,0,44,10,94,47,141,66,12,4,0,0,380,0,0,0,0,0,5,6,0,0,16,0,3,8,29,29,30,18,8,0,123,0,0,0,6,4,4,6,0,0,18,0,50,66,108,97,33,11,0,0,367
LGA33430,3,62,47,271,99,80,85,67,31,749,0,14,37,152,85,147,276,186,84,987,21,156,197,530,216,126,111,28,12,1396,23,134,274,660,223,103,39,26,4,1483,0,0,3,30,51,35,20,13,4,164,6,43,98,218,148,121,59,26,3,725,0,3,0,10,11,46,98,56,13,233,0,3,11,55,34,22,25,13,7,167,0,0,3,14,3,10,6,5,0,43,0,7,82,203,8,0,0,0,0,310,0,13,24,71,109,127,312,184,78,911,178,1726,2605,7368,3695,2962,2078,811,197,21625,0,3,15,74,43,45,69,40,9,302,3,18,37,136,35,11,7,5,0,250,0,18,36,155,123,85,24,13,3,459,23,105,181,492,195,95,51,25,0,1159,0,10,5,93,46,89,78,55,25,402,4,67,78,262,290,278,350,198,62,1591,4,30,67,119,49,61,32,10,3,380,22,264,514,1077,633,455,254,114,17,3343
LGA33610,0,0,0,0,3,0,0,0,0,9,0,0,0,0,0,0,3,0,0,4,0,0,0,0,0,0,0,0,0,0,0,0,0,3,0,0,0,0,0,3,0,0,0,0,0,0,0,0,0,0,0,0,0,0,0,0,0,0,0,3,0,0,0,0,0,0,0,0,0,0,0,0,0,0,0,0,0,0,0,0,0,0,0,0,0,0,0,0,0,0,0,0,0,4,0,0,0,0,0,5,0,0,0,0,0,0,0,0,3,4,0,3,5,13,10,3,9,0,0,38,0,0,0,0,0,0,0,0,0,0,0,0,0,0,0,0,0,0,0,0,0,0,0,0,0,0,0,0,0,0,0,6,3,15,4,0,0,0,0,27,0,0,0,0,0,0,0,0,0,3,0,0,0,3,0,0,6,0,0,11,0,0,0,0,0,0,0,0,0,0,0,3,0,11,5,3,0,0,0,28
LGA33620,0,0,0,4,0,3,0,4,0,21,0,0,3,3,3,3,4,11,0,26,0,0,3,3,0,0,0,0,0,8,0,0,0,4,0,0,0,0,0,3,0,0,0,0,0,0,0,0,0,3,0,3,0,4,3,4,3,3,0,18,0,0,0,0,3,3,7,0,0,10,0,0,0,0,0,0,4,0,0,6,0,0,0,0,0,0,0,0,0,0,0,0,0,0,0,0,0,0,0,0,0,0,0,4,10,11,47,24,0,101,0,28,25,97,112,122,121,40,8,555,0,0,0,0,0,3,5,3,0,12,0,0,0,0,0,0,0,0,0,4,0,0,0,7,4,11,4,0,0,27,0,8,4,10,3,0,0,0,0,31,0,0,0,0,0,4,0,3,0,12,0,3,3,4,10,13,35,15,3,80,0,0,0,3,4,0,3,0,0,8,0,5,12,19,28,12,14,12,0,99
LGA33800,0,0,0,0,0,0,0,0,0,0,0,0,0,0,0,18,52,54,40,159,0,0,0,0,0,0,0,0,0,0,0,0,0,0,0,0,0,0,0,0,0,0,0,0,0,0,0,0,0,0,0,0,0,0,0,0,0,0,0,3,0,0,0,0,0,0,5,3,0,6,0,0,0,0,0,0,0,0,0,4,0,0,0,0,0,0,0,0,0,0,0,0,0,0,0,0,0,0,0,0,0,0,0,0,0,0,15,4,0,16,0,0,0,14,7,17,8,7,0,55,0,0,0,0,0,0,0,0,0,3,0,0,0,0,0,0,0,0,0,0,0,0,3,5,0,0,0,0,0,17,0,4,3,3,3,0,0,0,0,14,0,0,0,0,0,0,0,0,0,0,0,0,0,0,0,0,3,0,0,10,0,0,0,0,0,0,0,0,0,0,0,0,0,0,3,3,0,0,0,6
LGA33830,0,0,0,0,0,0,0,0,0,0,0,0,0,0,0,0,0,0,0,0,0,0,0,0,0,0,0,0,0,0,0,0,0,0,0,0,0,0,0,0,0,0,0,0,0,0,0,0,0,0,0,0,0,0,0,0,0,0,0,0,0,0,0,0,0,0,0,0,0,0,0,0,0,0,0,0,0,0,0,0,0,0,0,0,0,0,0,0,0,0,0,0,0,0,0,0,0,0,0,0,0,0,0,0,0,0,0,0,0,0,0,0,0,0,0,0,0,0,0,3,0,0,0,0,0,0,0,0,0,0,0,0,0,0,0,0,0,0,0,0,0,0,0,0,0,0,0,0,0,0,0,0,0,0,0,0,0,0,0,0,0,0,0,0,0,0,0,0,0,0,0,0,0,0,0,0,0,0,0,0,0,0,0,0,0,0,0,0,0,0,0,0,0,0,0,0,0,0,0,0
LGA33960,0,7,8,61,22,19,24,6,3,154,0,0,0,4,4,10,24,14,3,72,0,10,14,7,3,3,0,0,0,36,0,10,14,43,13,4,0,0,0,81,0,0,0,5,3,6,0,0,0,8,0,5,22,84,45,24,14,8,0,199,0,0,3,0,3,12,16,9,0,49,0,0,0,10,3,3,3,0,0,26,0,0,0,4,5,4,3,0,0,20,0,0,0,27,0,0,0,0,0,32,0,4,4,35,41,76,106,56,19,339,114,827,917,2065,740,483,209,59,9,5426,0,3,0,16,15,16,28,6,0,87,0,6,8,35,8,4,3,0,0,66,0,16,28,63,31,24,4,3,0,168,12,93,111,256,93,41,9,0,0,615,0,0,3,25,11,19,8,7,5,87,0,7,13,55,79,97,73,43,7,381,3,10,8,27,18,13,3,0,0,85,0,51,86,183,98,48,25,5,0,504
LGA33980,0,0,0,5,3,3,0,0,0,13,0,0,0,0,0,0,0,0,0,3,0,0,0,0,0,0,0,0,0,0,0,0,0,3,0,0,0,0,0,3,0,0,0,0,0,0,0,0,0,0,0,0,0,5,0,0,0,0,0,8,0,0,0,0,0,0,0,0,0,3,0,0,0,0,0,0,0,0,0,0,0,0,0,0,0,0,0,0,0,0,0,0,0,5,0,0,0,0,0,5,0,0,0,3,3,0,3,0,0,10,7,28,23,143,77,67,24,0,0,381,0,0,0,0,0,3,0,0,0,7,3,0,0,4,0,0,0,0,0,3,0,0,0,14,9,0,0,0,0,22,3,22,8,57,11,8,0,0,0,102,0,0,0,0,0,0,0,0,0,0,0,3,0,6,3,3,3,0,0,26,0,0,0,0,0,0,0,0,0,0,0,9,9,45,23,9,0,0,0,93
LGA34420,0,0,0,0,0,0,0,0,0,0,0,0,0,0,0,0,0,0,0,0,0,0,0,0,0,0,0,0,0,0,0,0,0,0,0,0,0,0,0,0,0,0,0,0,0,0,0,0,0,0,0,0,0,0,0,0,0,0,0,0,0,0,0,0,0,0,0,0,0,0,0,0,0,0,0,0,0,0,0,0,0,0,0,0,0,0,0,0,0,0,0,0,0,0,0,0,0,0,0,0,0,0,0,0,0,0,0,0,0,0,0,0,0,0,0,0,0,0,0,3,0,0,0,0,0,0,0,0,0,0,0,0,0,0,0,0,0,0,0,0,0,0,0,0,0,0,0,0,0,0,0,0,0,0,0,0,0,0,0,0,0,0,0,0,0,0,0,0,0,0,0,0,0,0,0,0,0,0,0,0,0,0,0,0,0,0,0,0,0,0,0,0,0,0,0,0,0,0,0,0
LGA34530,0,3,0,7,10,3,9,3,0,35,0,0,0,3,0,3,3,8,0,17,0,0,0,6,3,3,0,0,0,14,0,0,0,0,0,0,0,0,0,3,0,3,0,0,0,0,0,0,0,0,0,0,0,3,0,3,0,0,0,7,0,0,0,0,0,0,3,0,0,9,0,0,0,0,0,0,0,0,0,5,0,0,0,3,0,0,0,0,0,3,0,0,0,0,0,0,0,0,0,0,0,0,0,6,4,15,17,9,0,49,4,27,47,121,86,94,64,14,6,464,0,0,0,0,0,0,3,0,0,9,0,0,0,0,0,0,0,0,0,0,0,0,3,9,11,3,0,0,0,19,0,3,6,12,3,3,0,0,0,25,0,0,0,5,0,0,0,0,0,7,0,0,3,3,12,12,11,10,4,56,0,0,0,0,0,3,0,0,0,4,0,10,14,33,22,9,8,7,0,98
LGA34570,0,0,0,0,0,0,0,0,0,0,0,0,0,0,0,0,0,0,0,0,0,0,0,0,0,0,0,0,0,0,0,0,0,0,0,0,0,0,0,0,0,0,0,0,0,0,0,0,0,0,0,0,0,0,0,0,0,0,0,0,0,0,0,0,0,0,0,0,0,0,0,0,0,0,0,0,0,0,0,0,0,0,0,0,0,0,0,0,0,0,0,0,0,0,0,0,0,0,0,0,0,0,0,0,0,0,0,0,0,0,0,0,0,0,0,0,0,0,0,3,0,0,0,0,0,0,0,0,0,0,0,0,0,0,0,0,0,0,0,0,0,0,0,0,0,0,0,0,0,0,0,0,0,0,0,0,0,0,0,0,0,0,0,0,0,0,0,0,0,0,0,0,0,0,0,0,0,0,0,0,0,0,0,0,0,0,0,0,0,0,0,0,0,0,0,0,0,0,0,0
LGA34580,0,3,7,11,9,7,8,3,0,42,0,0,4,11,0,7,3,3,0,32,0,3,4,14,0,0,0,0,0,31,0,4,15,54,0,0,0,0,0,70,0,0,0,0,0,0,0,0,0,0,0,0,6,7,3,3,0,0,0,25,0,0,0,0,0,3,4,0,0,11,0,0,0,0,0,0,0,0,0,3,0,3,4,28,0,0,0,3,0,39,0,0,0,0,0,0,0,0,0,0,0,0,0,6,7,6,27,13,3,66,0,18,21,117,77,74,55,17,0,380,0,0,0,0,0,0,0,0,0,3,3,0,0,4,0,0,0,0,0,5,0,3,0,23,10,6,0,0,0,38,0,4,8,27,3,0,0,0,0,48,0,0,0,3,0,0,0,0,0,5,0,0,3,8,9,9,11,4,4,55,0,0,7,9,3,0,0,0,0,21,0,0,8,10,10,8,5,4,0,58
LGA34590,0,11,12,98,45,34,60,17,9,292,0,0,9,8,22,40,70,51,17,224,0,12,23,28,19,3,9,0,0,90,10,30,73,223,68,28,10,3,0,444,0,4,8,43,31,19,23,8,0,136,25,34,52,119,68,66,27,17,5,405,0,0,0,3,12,18,32,15,0,76,0,0,3,9,7,14,13,5,0,58,3,52,126,312,81,41,28,5,0,645,0,0,5,19,4,0,0,0,0,33,0,5,18,47,46,107,172,91,27,509,191,1298,1936,4042,1835,1387,736,198,53,11681,0,3,0,11,28,29,35,14,3,132,18,73,78,238,44,29,11,0,0,494,3,45,42,168,138,110,39,25,3,567,11,98,141,359,145,86,35,6,9,889,0,0,4,44,22,59,33,9,8,174,0,16,33,82,137,171,170,75,33,714,0,6,19,52,20,33,17,3,0,151,4,39,140,294,219,140,95,27,8,966
LGA34710,0,0,0,0,0,0,0,0,0,0,0,0,0,0,0,0,0,0,0,0,0,0,0,0,0,0,0,0,0,0,0,0,0,0,0,0,0,0,0,0,0,0,0,0,0,0,0,0,0,0,0,0,0,0,0,0,0,0,0,0,0,0,0,0,0,0,0,0,0,0,0,0,0,0,0,0,0,0,0,0,0,0,0,0,0,0,0,0,0,0,0,0,0,0,0,0,0,0,0,0,0,0,0,0,0,4,0,0,0,4,0,0,3,6,7,11,5,0,0,33,0,0,0,0,0,0,0,0,0,3,0,0,0,0,0,0,0,0,0,0,0,0,0,0,0,0,0,0,0,0,0,0,0,0,0,0,0,0,0,0,0,0,0,0,0,0,0,0,0,0,0,0,0,0,0,0,0,0,0,0,0,0,0,0,0,0,0,0,0,0,0,0,0,0,0,0,0,0,0,5
LGA34770,0,9,3,40,4,14,7,10,4,96,0,0,0,10,3,9,30,25,12,98,0,0,0,3,3,0,0,0,0,13,0,3,5,12,0,0,0,0,0,17,0,0,0,0,0,0,0,0,0,0,0,0,3,26,6,5,0,0,0,41,0,0,0,0,3,35,66,35,16,154,0,0,0,7,3,0,0,0,0,11,0,0,0,3,3,0,0,0,0,7,0,0,0,19,0,0,0,0,0,24,0,0,3,12,15,21,42,23,3,124,17,93,132,444,310,305,160,39,4,1500,0,0,0,9,5,4,6,0,0,26,0,3,3,12,3,5,0,0,0,31,0,4,9,22,24,9,3,0,0,68,18,114,99,262,97,23,5,0,0,630,0,0,0,10,3,3,0,0,0,16,0,4,3,27,17,37,39,17,7,149,0,0,0,4,4,4,0,0,0,15,0,80,118,171,146,49,14,6,0,588
LGA34800,0,0,0,4,0,0,0,0,0,4,0,0,0,0,0,0,0,0,0,0,0,0,0,0,0,0,0,0,0,0,0,0,0,0,0,0,0,0,0,0,0,0,0,0,0,0,0,0,0,0,0,0,0,0,0,0,0,0,0,0,0,0,0,0,0,0,0,0,0,0,0,0,0,0,0,0,0,0,0,0,0,0,0,0,0,0,0,0,0,0,0,0,0,0,0,0,0,0,0,0,0,0,0,0,0,0,0,0,0,0,0,0,0,4,0,3,0,0,0,12,0,0,0,0,0,0,0,0,0,0,0,0,0,0,0,0,0,0,0,0,0,0,0,0,0,0,0,0,0,5,0,0,0,0,0,0,0,0,0,0,0,0,0,0,0,0,0,0,0,0,0,0,0,0,0,0,0,0,0,0,0,0,0,0,0,0,0,0,0,0,0,0,0,0,0,0,0,0,0,3
LGA34830,0,0,0,0,0,0,0,0,0,0,0,0,0,0,0,0,0,0,0,0,0,0,0,0,0,0,0,0,0,0,0,0,0,0,0,0,0,0,0,0,0,0,0,0,0,0,0,0,0,0,0,0,0,0,0,0,0,0,0,0,0,0,0,0,0,0,0,0,0,0,0,0,0,0,0,0,0,0,0,0,0,0,0,0,0,0,0,0,0,0,0,0,0,0,0,0,0,0,0,0,0,0,0,0,0,0,0,0,0,0,0,0,0,0,0,0,0,0,0,0,0,0,0,0,0,0,0,0,0,0,0,0,0,0,0,0,0,0,0,0,0,0,0,0,0,0,0,0,0,0,0,0,0,0,0,0,0,0,0,0,0,0,0,0,0,0,0,0,0,0,0,0,0,0,0,0,0,0,0,0,0,0,0,0,0,0,0,0,0,0,0,0,0,0,0,0,0,0,0,0
LGA34860,0,0,0,5,0,0,3,0,0,7,0,0,0,0,0,0,0,0,0,0,0,0,0,0,0,0,0,0,0,0,0,0,0,3,0,0,0,0,0,3,0,0,0,0,0,0,0,0,0,0,0,0,0,3,0,0,0,0,0,4,0,0,0,0,0,0,0,0,0,0,0,0,0,3,0,0,0,0,0,3,0,0,0,0,0,0,0,0,0,0,0,0,0,6,0,0,0,0,0,6,0,0,0,0,0,0,3,0,0,5,0,3,5,18,18,19,3,0,0,70,0,0,0,0,0,0,0,0,0,0,0,0,0,0,0,0,0,0,0,0,0,0,0,0,4,0,0,0,0,9,3,19,15,39,21,0,0,0,0,89,0,0,0,0,0,0,0,0,0,0,0,0,0,0,0,0,0,0,0,6,0,0,0,0,0,0,0,0,0,0,0,4,0,8,7,3,0,0,0,29
LGA34880,0,0,0,3,0,0,6,0,3,13,0,0,0,12,9,35,76,117,41,296,0,3,0,12,0,0,0,0,0,18,0,0,6,18,0,0,0,0,0,27,0,0,0,0,0,0,0,0,0,0,0,0,0,5,5,3,0,0,0,10,0,0,0,0,0,3,3,0,0,7,0,0,0,0,0,5,3,0,0,3,0,0,0,0,0,5,0,0,0,5,0,0,0,7,0,0,0,0,0,10,0,0,0,6,3,12,13,7,4,43,0,17,9,43,47,64,31,7,3,219,0,4,0,0,0,0,3,0,0,6,0,0,0,3,0,0,0,0,0,3,0,4,6,28,8,10,5,3,0,67,0,3,8,9,4,0,3,0,0,26,0,0,0,3,0,0,0,0,0,8,0,0,3,0,6,6,4,4,0,27,0,0,0,0,0,0,0,0,0,3,3,4,5,20,4,9,3,0,0,49
LGA35010,10,39,31,196,86,48,72,45,10,537,3,11,6,48,41,66,130,96,37,444,0,14,32,42,15,5,9,4,0,127,8,13,63,212,10,10,3,0,0,315,3,0,0,5,5,6,8,0,0,31,0,9,11,83,67,57,18,12,3,257,0,0,3,8,11,28,57,15,0,118,0,3,3,13,11,20,17,7,0,78,0,0,10,40,8,19,7,3,0,85,0,8,5,63,0,0,0,0,0,81,0,9,15,61,82,124,271,139,44,748,112,1047,1328,3423,1891,1393,874,309,91,10463,0,6,12,40,46,44,52,38,3,231,3,4,10,37,6,3,3,0,0,64,8,36,75,230,152,100,36,8,0,648,22,135,189,457,215,63,31,12,0,1126,0,0,3,36,17,54,36,14,15,175,5,42,45,190,230,223,271,151,29,1176,4,9,16,49,48,21,10,4,0,159,20,238,364,739,515,225,140,43,11,2296
LGA35250,0,0,0,0,0,0,0,0,0,0,0,0,0,0,0,0,0,0,0,0,0,0,0,0,0,0,0,0,0,0,0,0,0,0,0,0,0,0,0,0,0,0,0,0,0,0,0,0,0,0,0,0,0,0,0,0,0,0,0,0,0,0,0,0,0,0,0,0,0,0,0,0,0,0,0,0,0,0,0,0,0,0,0,0,0,0,0,0,0,0,0,0,0,0,0,0,0,0,0,0,0,0,0,0,0,0,0,0,0,0,0,0,0,0,0,0,0,0,0,0,0,0,0,0,0,0,0,0,0,0,0,0,0,0,0,0,0,0,0,0,0,0,0,0,0,0,0,0,0,5,0,0,0,4,0,0,0,0,0,4,0,0,0,0,0,0,0,0,0,0,0,0,0,0,0,0,0,0,0,0,0,0,0,0,0,0,0,0,0,0,0,0,0,0,0,0,0,0,0,0
LGA35300,0,0,0,4,8,3,5,0,0,23,0,0,0,3,0,0,4,3,3,22,0,0,0,3,0,0,0,0,0,3,0,0,0,0,0,0,0,0,0,3,0,0,0,0,0,0,0,0,0,0,0,0,0,7,0,0,0,0,0,5,0,0,0,0,0,0,0,0,0,0,0,0,3,3,0,0,0,0,0,4,0,0,0,3,0,0,0,0,0,3,0,0,0,4,0,0,0,0,0,7,0,0,0,0,0,0,4,0,0,8,11,60,78,186,74,55,15,6,0,487,0,0,0,3,0,0,3,3,0,7,0,4,0,6,0,0,0,0,0,12,0,13,3,24,4,0,0,0,0,44,5,30,18,67,24,7,0,0,0,153,0,0,0,0,0,0,0,0,0,3,0,0,0,3,3,4,7,4,0,17,0,0,0,3,0,0,0,0,0,3,0,13,6,38,11,5,0,0,0,74
LGA35600,0,0,0,0,0,0,0,0,0,0,0,0,0,0,0,0,0,0,0,0,0,0,0,0,0,0,0,0,0,0,0,0,0,0,0,0,0,0,0,0,0,0,0,0,0,0,0,0,0,0,0,0,0,0,0,0,0,0,0,0,0,0,0,0,0,0,0,0,0,0,0,0,0,0,0,0,0,0,0,0,0,0,0,0,0,0,0,0,0,0,0,0,0,0,0,0,0,0,0,0,0,0,0,0,0,0,0,0,0,4,0,0,0,3,9,10,0,3,0,21,0,0,0,0,0,0,0,0,0,0,0,0,0,0,0,0,0,0,0,0,0,0,0,0,0,0,0,0,0,0,0,3,0,0,0,0,0,0,0,3,0,0,0,0,0,0,0,0,0,0,0,0,0,0,0,0,0,0,0,3,0,0,0,0,0,0,0,0,0,0,0,0,0,0,0,0,0,0,0,3
LGA35670,0,0,0,0,0,0,0,0,0,0,0,0,0,0,0,0,0,0,0,0,0,0,0,0,0,0,0,0,0,0,0,0,0,0,0,0,0,0,0,0,0,0,0,0,0,0,0,0,0,0,0,0,0,0,0,0,0,0,0,0,0,0,0,0,0,0,0,0,0,0,0,0,0,0,0,0,0,0,0,0,0,0,0,0,0,0,0,0,0,0,0,0,0,0,0,0,0,0,0,0,0,0,0,0,0,0,0,0,0,0,0,0,0,0,0,0,0,0,0,3,0,0,0,0,0,0,0,0,0,0,0,0,0,0,0,0,0,0,0,0,0,0,0,0,0,0,0,0,0,0,0,0,0,0,0,0,0,0,0,4,0,0,0,0,0,0,0,0,0,0,0,0,0,0,0,0,0,0,0,0,0,0,0,0,0,0,0,0,0,0,0,0,0,0,0,0,0,0,0,0
LGA35740,3,5,0,17,9,5,13,0,5,54,0,0,0,18,9,11,13,8,3,70,0,4,3,7,0,0,3,0,0,21,0,0,3,10,0,0,0,0,0,15,0,0,0,0,3,0,0,0,0,4,0,0,0,3,7,10,0,0,0,23,0,0,0,0,0,3,8,0,0,17,0,0,0,0,3,0,0,0,0,3,0,0,0,0,0,0,0,0,0,3,0,0,0,9,0,0,0,0,0,9,0,7,4,17,17,30,38,29,9,143,0,56,54,240,178,228,195,82,15,1039,0,0,0,0,4,4,6,3,0,23,0,0,0,0,0,0,0,0,0,6,0,0,5,17,21,5,0,0,0,52,0,9,8,17,0,0,0,0,0,32,0,0,0,3,0,3,0,0,0,14,0,3,6,19,29,42,38,26,8,175,0,3,3,0,4,5,3,0,0,22,0,20,27,57,47,37,36,14,3,240
LGA35760,0,3,0,0,0,0,0,0,0,9,0,0,6,5,0,0,3,0,0,16,0,0,0,3,0,0,0,0,0,7,0,0,4,33,0,0,0,0,0,34,0,0,0,0,0,0,0,0,0,0,0,0,0,0,0,0,0,0,0,3,0,0,0,0,0,0,0,0,0,0,0,0,0,0,0,0,0,0,0,0,0,0,0,0,0,0,0,0,0,0,0,0,4,15,0,0,0,0,0,23,0,0,0,0,0,5,10,3,0,19,3,8,11,12,14,13,18,4,0,85,0,0,0,0,0,0,0,0,0,0,0,3,0,0,0,0,0,0,0,3,0,3,0,5,8,0,0,0,0,8,0,10,4,15,0,0,0,0,0,28,0,0,0,0,0,0,0,0,0,0,0,0,0,0,4,0,3,0,0,10,0,0,0,0,0,0,0,0,0,0,0,3,0,3,3,0,0,0,0,13
LGA35780,0,0,0,0,0,0,0,0,0,0,0,0,0,0,0,0,0,0,0,0,0,0,0,0,0,0,0,0,0,0,0,0,0,0,0,0,0,0,0,0,0,0,0,0,0,0,0,0,0,0,0,0,0,0,0,0,0,0,0,0,0,0,0,0,0,0,0,0,0,0,0,0,0,0,0,0,0,0,0,0,0,0,0,0,0,0,0,0,0,0,0,0,0,0,0,0,0,0,0,0,0,0,0,0,0,0,0,0,0,0,0,0,0,4,0,3,4,0,0,16,0,0,0,0,0,0,0,0,0,0,0,0,0,0,0,0,0,0,0,0,0,0,0,0,0,6,0,0,0,3,0,0,0,0,0,0,0,0,0,0,0,0,0,0,0,0,0,0,0,0,0,0,0,0,0,0,0,0,0,0,0,0,0,0,0,0,0,0,0,0,0,0,0,0,0,0,0,0,0,0
LGA35790,0,0,0,0,0,0,0,0,0,0,0,0,0,0,0,0,0,0,0,0,0,0,0,0,0,0,0,0,0,0,0,0,0,0,0,0,0,0,0,0,0,0,0,0,0,0,0,0,0,0,0,0,0,0,0,0,0,0,0,0,0,0,0,0,0,0,0,0,0,0,0,0,0,0,0,0,0,0,0,0,0,0,0,0,0,0,0,0,0,0,0,0,0,0,0,0,0,0,0,0,0,0,0,0,0,0,0,0,0,0,0,0,0,0,0,0,0,0,0,0,0,0,0,0,0,0,0,0,0,0,0,0,0,0,0,0,0,0,0,0,0,0,0,0,0,0,0,0,0,0,0,0,0,0,0,0,0,0,0,0,0,0,0,0,0,0,0,0,0,0,0,0,0,0,0,0,0,0,0,0,0,0,0,0,0,0,0,0,0,0,0,0,0,0,0,0,0,0,0,0
LGA35800,0,0,0,0,0,0,0,0,0,0,0,0,0,0,0,0,0,0,0,0,0,0,0,0,0,0,0,0,0,0,0,0,0,0,0,0,0,0,0,0,0,0,0,0,0,0,0,0,0,0,0,0,0,0,0,0,0,0,0,0,0,0,0,0,0,0,0,0,0,0,0,0,0,0,0,0,0,0,0,0,0,0,0,0,0,0,0,0,0,0,0,0,0,0,0,0,0,0,0,0,0,0,0,0,0,0,0,0,0,0,0,0,0,0,0,4,0,6,0,11,0,0,0,0,0,0,0,0,0,0,0,0,0,0,0,0,0,0,0,0,0,0,0,0,0,0,0,0,0,0,0,0,0,0,0,0,0,0,0,0,0,0,0,0,0,0,0,0,0,0,0,0,0,0,0,0,0,0,0,0,0,0,0,0,0,0,0,0,0,0,0,0,0,3,0,0,0,0,0,3
LGA36070,0,0,0,0,0,0,0,0,0,0,0,0,0,0,0,0,0,0,0,0,0,0,0,0,0,0,0,0,0,0,0,0,0,0,0,0,0,0,0,0,0,0,0,0,0,0,0,0,0,0,0,0,0,0,0,0,0,0,0,0,0,0,0,0,0,0,0,0,0,0,0,0,0,0,0,0,0,0,0,0,0,0,0,0,0,0,0,0,0,0,0,0,0,0,0,0,0,0,0,0,0,0,0,0,0,0,0,0,0,0,0,0,0,0,0,4,0,0,0,3,0,0,0,0,0,0,0,0,0,0,0,0,0,0,0,0,0,0,0,0,0,0,0,0,0,3,0,0,0,6,0,0,0,0,0,0,0,0,0,0,0,0,0,0,0,0,0,0,0,0,0,0,0,0,0,0,0,0,0,0,0,0,0,0,0,0,0,0,0,0,0,0,0,0,0,0,0,0,0,0
LGA36150,0,0,0,0,0,0,0,0,0,0,0,0,0,0,0,0,0,0,0,0,0,0,0,0,0,0,0,0,0,0,0,0,0,0,0,0,0,0,0,0,0,0,0,0,0,0,0,0,0,0,0,0,0,0,0,0,0,0,0,0,0,0,0,0,0,0,0,0,0,0,0,0,0,0,0,0,0,0,0,0,0,0,0,0,0,0,0,0,0,0,0,0,0,0,0,0,0,0,0,0,0,0,0,0,0,0,0,0,0,0,0,0,0,3,3,3,0,0,0,9,0,0,0,0,0,0,0,0,0,0,0,0,0,0,0,0,0,0,0,0,0,0,0,0,0,0,0,0,0,0,0,0,0,0,0,0,0,0,0,0,0,0,0,0,0,0,0,0,0,0,0,0,0,0,0,0,0,0,0,0,0,0,0,0,0,0,0,0,0,0,0,0,0,0,0,0,0,0,0,0
LGA36250,3,25,13,68,39,25,36,10,4,232,0,11,10,7,7,27,47,42,17,165,0,7,4,8,3,0,5,0,0,38,0,11,13,11,4,3,4,0,0,43,0,0,0,8,0,0,3,0,0,15,0,3,16,30,24,11,17,3,0,101,0,0,0,0,7,19,14,6,3,58,0,0,0,3,3,9,3,0,0,16,0,0,4,0,4,3,0,0,0,14,0,0,0,14,0,0,0,0,0,23,0,6,7,25,27,43,113,60,25,307,21,304,437,1137,753,717,380,131,35,3924,0,4,4,16,21,14,16,11,0,102,0,0,0,12,9,0,0,0,0,19,0,13,16,52,38,48,13,3,0,177,5,31,53,84,39,23,3,3,0,246,0,0,3,17,12,14,10,9,0,75,0,27,46,79,116,129,113,90,18,626,0,6,3,18,13,13,4,3,0,58,13,110,203,324,278,132,88,34,11,1191
LGA36300,0,0,0,0,0,0,0,0,0,0,0,0,0,0,0,0,0,0,0,0,0,0,0,0,0,0,0,0,0,0,0,0,0,0,0,0,0,0,0,0,0,0,0,0,0,0,0,0,0,0,0,0,0,0,0,0,0,0,0,0,0,0,0,0,0,0,0,0,0,0,0,0,0,0,0,0,0,0,0,0,0,0,0,0,0,0,0,0,0,0,0,0,0,0,0,0,0,0,0,0,0,0,0,0,0,0,0,0,0,0,0,0,0,0,5,0,0,0,0,3,0,0,0,0,0,0,0,0,0,0,0,0,0,0,0,0,0,0,0,0,0,0,0,0,0,0,0,0,0,0,0,0,0,0,0,0,0,0,0,0,0,0,0,0,0,0,0,0,0,0,0,0,0,0,0,0,0,0,0,0,0,0,0,0,0,0,0,0,0,0,0,0,0,0,0,0,0,0,0,0
LGA36370,4,10,3,11,4,0,0,0,0,37,0,0,0,3,0,6,9,0,0,15,0,0,0,0,0,0,3,0,0,10,3,4,4,25,0,0,0,0,0,36,0,0,0,0,0,0,0,0,0,0,0,5,0,15,10,3,3,0,0,41,0,0,0,0,0,0,0,0,0,0,0,0,0,0,0,0,0,0,0,3,0,0,14,67,10,3,3,0,0,94,0,11,7,34,3,3,0,0,0,52,0,0,0,0,3,10,20,11,8,63,4,46,63,180,105,123,59,21,0,595,0,0,0,0,0,0,3,5,0,13,0,9,9,13,4,0,0,0,0,34,0,6,4,25,10,10,0,0,0,58,5,59,43,155,32,6,4,0,0,311,0,0,0,3,0,0,0,0,0,11,0,3,3,5,8,24,30,10,3,81,0,0,0,11,7,3,3,0,0,19,0,11,33,50,45,14,4,0,0,168
LGA36510,0,0,0,8,3,7,4,0,0,21,0,0,0,0,0,6,0,3,3,21,0,0,4,3,3,0,0,0,0,14,0,0,5,37,0,0,0,0,0,46,0,0,0,0,3,0,3,0,0,4,0,0,0,0,7,8,0,3,0,25,0,0,0,0,0,3,3,3,0,8,0,0,0,0,0,0,0,0,0,6,0,0,0,0,0,0,0,0,0,0,0,0,0,0,0,0,0,0,0,0,0,0,0,9,11,19,45,21,4,103,4,34,53,169,161,137,115,30,7,710,0,0,0,0,0,0,6,3,0,10,0,0,0,3,0,0,0,0,0,3,0,0,0,5,12,10,0,0,0,33,0,3,0,9,3,0,0,0,0,20,0,0,3,3,3,5,3,0,0,19,0,3,0,6,22,16,20,11,4,88,0,0,0,3,0,0,3,0,0,8,0,11,10,12,23,15,5,3,0,78
LGA36580,0,0,0,0,4,3,3,3,0,15,0,0,0,0,0,0,3,0,3,11,0,3,0,0,0,0,0,0,0,4,0,0,9,18,0,0,0,0,0,27,0,0,0,0,0,0,0,0,0,0,0,0,0,0,4,4,0,0,0,11,0,0,0,0,0,3,3,0,0,8,0,0,0,0,0,0,0,0,0,3,0,0,0,0,0,0,0,0,0,0,0,0,0,0,0,0,0,0,0,0,0,0,0,3,6,16,18,8,0,53,3,17,21,75,63,70,51,15,0,309,0,0,0,0,0,0,8,3,0,6,0,0,0,0,0,0,0,0,0,0,0,0,0,0,6,5,3,0,0,24,7,29,16,119,7,5,0,0,0,184,0,0,0,0,4,3,0,0,0,7,0,3,0,3,3,10,16,9,0,40,0,0,0,0,0,0,0,0,0,0,0,3,0,10,5,3,6,4,0,29
LGA36630,0,0,0,3,3,0,3,4,0,16,0,0,0,0,0,3,3,0,0,8,0,0,0,0,0,0,0,0,0,4,0,0,0,4,0,0,0,0,0,4,0,0,0,0,0,0,0,0,0,3,0,0,0,0,0,0,0,0,0,5,0,0,0,0,0,3,7,3,0,13,0,0,0,0,0,0,0,0,0,0,0,0,0,0,0,0,3,0,0,3,0,0,0,4,0,0,0,0,0,3,0,0,0,0,0,6,29,12,4,54,0,3,16,61,57,69,83,26,0,315,0,0,0,0,0,3,4,0,0,10,0,0,0,0,0,0,0,0,0,3,0,0,0,9,3,4,4,0,0,20,0,18,12,31,3,0,0,0,0,66,0,0,0,0,0,3,3,4,0,5,0,0,0,0,4,10,25,11,3,57,0,0,0,0,0,4,0,0,0,3,0,3,5,9,12,6,6,0,0,42
LGA36660,0,0,0,7,4,3,3,0,0,19,0,0,0,7,3,15,55,37,16,126,0,0,0,0,0,0,0,0,0,3,0,0,13,33,0,0,0,0,0,45,0,0,0,0,0,0,0,0,0,3,0,3,0,6,0,0,0,3,0,15,0,0,0,0,0,0,3,3,0,7,0,0,0,0,0,0,0,0,0,0,0,0,0,0,0,0,0,0,0,0,0,0,0,3,0,0,0,0,0,8,0,0,0,4,0,18,30,18,4,73,3,12,17,69,50,59,68,14,4,293,0,0,0,0,0,3,3,4,0,15,0,0,0,4,0,0,0,0,0,4,0,3,3,5,10,0,0,0,0,20,0,4,11,20,6,0,0,0,0,48,0,0,0,0,0,3,3,0,3,7,0,3,0,8,3,3,12,7,8,45,0,0,0,4,0,0,0,0,0,6,0,9,0,12,13,10,3,0,0,46
LGA36720,5,42,18,96,59,43,52,30,18,374,0,11,11,51,24,53,66,65,26,313,3,19,17,25,9,4,3,3,0,86,11,21,27,111,3,6,0,0,0,179,0,0,0,3,7,6,0,0,0,24,0,9,15,50,39,25,22,4,3,154,0,0,0,0,6,18,39,22,5,94,0,3,0,7,11,12,7,3,3,44,0,0,0,7,3,4,0,7,0,27,0,10,12,77,0,3,0,0,0,99,0,14,16,56,71,96,188,130,47,615,50,387,529,1729,1135,1181,852,361,111,6329,0,11,10,30,21,39,51,32,10,201,0,4,0,28,4,0,3,0,0,46,0,22,10,100,85,49,9,12,0,298,9,41,44,120,32,8,5,3,0,270,0,5,3,38,10,17,20,13,7,118,3,38,37,117,145,150,224,120,38,866,3,9,7,21,20,11,6,3,0,88,13,110,191,436,275,183,108,63,9,1387
LGA36820,0,0,0,3,0,3,8,5,0,13,0,0,4,12,3,6,19,26,10,81,3,0,3,3,0,0,0,0,0,9,0,0,0,0,0,0,0,0,0,5,0,0,0,0,0,0,0,0,0,0,0,0,0,3,0,4,3,0,0,8,0,0,0,0,0,0,3,0,0,5,0,0,0,0,0,0,0,0,0,3,0,0,0,0,0,0,0,0,0,0,0,0,0,0,0,0,0,0,0,0,0,0,0,4,0,9,24,15,9,55,0,4,5,32,54,73,56,16,4,245,0,0,0,0,0,7,0,0,0,10,0,0,0,0,0,0,0,0,0,0,0,0,0,10,13,15,0,0,0,46,0,0,3,4,3,0,3,0,0,13,0,0,0,0,0,0,3,0,0,5,0,0,0,3,6,11,18,10,0,46,0,0,0,0,0,0,0,0,0,0,0,0,3,9,7,6,5,3,0,33
LGA36910,0,3,7,35,10,19,10,18,3,101,0,4,0,11,8,10,19,14,8,82,0,13,11,6,0,0,0,0,0,31,4,10,13,67,4,0,0,0,0,101,0,0,0,0,0,3,3,0,0,6,6,8,13,53,26,18,0,5,0,121,0,0,0,3,3,3,8,3,0,19,0,0,0,3,0,3,0,0,0,6,0,0,4,6,3,0,0,0,0,16,0,9,17,101,4,0,0,0,0,137,0,0,4,15,20,37,58,42,16,192,3,76,106,338,222,220,125,43,20,1157,0,0,0,6,5,10,8,4,3,38,5,22,28,53,10,0,0,0,0,122,0,3,37,48,57,16,3,4,0,173,8,71,62,183,66,19,0,0,0,408,0,0,0,10,0,4,0,4,0,23,0,0,3,16,26,46,57,32,11,185,3,11,7,31,17,8,3,3,0,85,6,41,70,130,85,55,29,17,0,436
LGA36950,0,0,0,0,0,0,0,0,0,0,0,0,0,0,0,0,0,0,0,0,0,0,0,0,0,0,0,0,0,3,0,0,0,0,0,0,0,0,0,0,0,0,0,0,0,0,0,0,0,0,0,0,0,0,0,0,0,0,0,0,0,0,0,0,0,0,0,0,0,0,0,0,0,0,0,0,0,0,0,0,0,0,0,0,0,0,0,0,0,0,0,0,0,0,0,0,0,0,0,0,0,0,0,0,0,0,0,0,0,3,0,0,0,11,4,3,0,0,0,18,0,0,0,0,0,0,0,0,0,0,0,0,0,0,0,0,0,0,0,0,0,0,4,4,5,6,0,0,0,23,0,0,0,0,0,0,0,0,0,0,0,0,0,0,0,0,0,0,0,0,0,3,0,0,4,4,0,0,0,9,0,0,0,0,0,0,0,0,0,0,0,0,0,0,0,0,0,0,0,0
LGA36960,0,0,0,0,0,0,0,0,0,0,0,0,0,0,0,0,0,0,0,0,0,0,0,0,0,0,0,0,0,0,0,0,0,0,0,0,0,0,0,0,0,0,0,0,0,0,0,0,0,0,0,0,0,0,0,0,0,0,0,0,0,0,0,0,0,0,0,0,0,0,0,0,0,0,0,0,0,0,0,0,0,0,0,0,0,0,0,0,0,0,0,0,0,0,0,0,0,0,0,0,0,0,0,0,0,3,0,0,0,3,0,0,5,0,0,0,0,0,0,5,0,0,0,0,0,0,0,0,0,0,0,0,0,0,0,0,0,0,0,0,4,10,3,20,19,12,11,0,0,73,0,0,0,0,0,0,0,0,0,0,0,0,0,0,0,0,0,0,0,0,0,0,0,0,0,0,0,0,0,0,0,0,0,0,0,0,0,0,0,0,0,0,0,0,0,0,0,0,0,0
LGA37010,0,17,6,73,26,12,17,7,7,152,0,7,8,29,20,33,65,65,28,252,0,9,5,9,6,3,0,0,0,28,3,13,9,88,15,6,0,0,0,129,0,0,0,0,3,0,0,0,0,7,5,3,14,58,45,29,7,6,0,166,0,0,0,3,7,9,16,3,0,34,0,3,0,12,6,0,4,0,0,16,0,6,4,27,8,0,4,0,0,52,0,8,4,44,5,0,0,0,0,58,0,7,7,25,19,38,66,25,4,196,19,137,207,643,396,404,207,74,8,2107,0,0,4,9,8,10,20,5,3,62,0,9,3,29,4,3,0,0,0,46,4,42,82,134,79,50,12,4,0,399,10,93,111,197,98,28,5,9,0,554,0,0,5,15,3,6,9,0,4,41,3,10,17,48,47,80,74,38,7,319,0,6,4,24,16,15,0,3,0,73,3,40,119,161,91,54,23,9,4,502
LGA37300,0,0,0,0,0,0,0,0,0,0,0,0,0,0,0,0,0,0,0,0,0,0,0,0,0,0,0,0,0,3,0,0,0,0,0,0,0,0,0,0,0,0,0,0,0,0,0,0,0,0,0,0,0,0,0,0,0,0,0,0,0,0,0,0,0,0,0,0,0,0,0,0,0,0,0,0,0,0,0,0,0,0,0,0,0,0,0,0,0,0,0,0,0,0,0,0,0,0,0,0,0,0,0,0,0,0,0,0,0,3,0,3,4,16,17,12,3,0,0,51,0,0,0,0,0,0,0,0,0,0,0,0,0,0,0,0,0,0,0,0,0,0,0,5,5,0,0,0,0,10,0,0,3,4,3,0,0,0,0,13,0,0,0,0,0,0,0,0,0,0,0,0,0,0,0,0,0,0,0,4,0,0,0,0,0,0,0,0,0,0,0,0,0,3,4,0,0,0,0,5
LGA37310,0,0,3,20,5,4,3,0,0,42,0,0,0,0,0,3,0,0,0,5,0,0,0,0,0,0,0,0,0,0,0,0,0,3,0,0,0,0,0,7,0,0,0,3,0,0,0,0,0,8,0,0,0,3,0,3,0,0,0,9,0,0,0,0,0,0,0,0,0,7,0,0,0,0,0,0,0,0,0,0,0,0,0,0,3,0,0,0,0,3,0,0,0,0,0,0,0,0,0,0,0,0,0,3,4,8,10,0,0,27,4,18,19,65,59,56,29,8,0,251,0,0,0,0,3,0,0,0,0,7,0,0,0,5,0,0,0,0,0,5,4,0,3,3,6,3,0,0,0,21,3,32,30,97,31,0,0,0,0,194,0,0,0,0,0,0,0,0,0,3,0,0,0,4,4,3,3,0,0,16,0,0,0,0,3,0,0,0,0,4,0,6,20,31,15,10,0,0,0,90
LGA37340,0,0,3,15,7,3,0,3,0,28,0,0,4,14,4,7,8,9,0,52,0,0,17,21,0,0,0,0,0,38,0,0,27,68,0,0,0,0,0,100,0,0,0,0,0,0,0,0,0,0,0,0,4,16,0,0,3,0,0,25,0,0,0,0,0,4,0,0,0,5,0,0,0,0,3,0,0,0,0,3,0,0,0,0,0,0,0,0,0,0,0,3,3,10,0,0,0,0,0,16,0,0,4,0,3,8,18,6,0,38,5,24,40,192,109,129,70,14,0,576,0,0,0,3,3,0,0,0,0,3,0,0,0,3,0,0,0,0,0,3,0,3,0,17,11,3,0,0,0,37,6,13,15,36,18,3,0,0,0,93,0,0,0,4,3,4,0,0,0,11,0,0,3,16,12,23,7,4,0,66,0,0,0,0,4,0,0,0,0,6,0,16,11,33,11,14,3,3,0,89
LGA37400,0,0,0,0,0,0,0,0,0,0,0,0,0,0,0,0,0,0,0,0,0,0,0,0,0,0,0,0,0,0,0,0,0,0,0,0,0,0,0,0,0,0,0,0,0,0,0,0,0,0,0,0,0,0,0,0,0,0,0,0,0,0,0,0,0,0,0,0,0,0,0,0,0,0,0,0,0,0,0,0,0,0,0,0,0,0,0,0,0,0,0,0,0,0,0,0,0,0,0,0,0,0,0,0,0,0,0,0,0,0,0,0,0,0,0,0,0,0,0,6,0,0,0,0,0,0,0,0,0,0,0,0,0,0,0,0,0,0,0,0,0,0,0,0,0,0,0,0,0,0,0,0,0,0,0,0,0,0,0,0,0,0,0,0,0,0,0,0,0,0,0,0,0,0,0,0,0,0,0,0,0,0,0,0,0,0,0,0,0,0,0,0,0,0,0,0,0,0,0,0
LGA37550,0,0,0,0,0,0,0,0,0,0,0,0,0,0,0,0,0,0,0,0,0,0,0,0,0,0,0,0,0,0,0,0,0,0,0,0,0,0,0,0,0,0,0,0,0,0,0,0,0,0,0,0,0,0,0,0,0,0,0,0,0,0,0,0,0,0,0,0,0,0,0,0,0,0,0,0,0,0,0,0,0,0,0,0,0,0,0,0,0,0,0,0,0,0,0,0,0,0,0,0,0,0,0,0,0,0,0,0,0,0,0,0,0,0,0,0,0,0,0,0,0,0,0,0,0,0,0,0,0,0,0,0,0,0,0,0,0,0,0,0,0,0,0,0,0,0,0,0,0,0,0,0,0,0,0,0,0,0,0,0,0,0,0,0,0,0,0,0,0,0,0,0,0,0,0,0,0,0,0,0,0,0,0,0,0,0,0,0,0,0,0,0,0,0,0,0,0,0,0,0
LGA37570,0,0,0,0,0,0,0,0,0,0,0,0,0,0,0,0,0,0,0,0,0,0,0,0,0,0,0,0,0,0,0,0,0,0,0,0,0,0,0,0,0,0,0,0,0,0,0,0,0,0,0,0,0,0,0,0,0,0,0,0,0,0,0,0,0,0,0,0,0,0,0,0,0,0,0,0,0,0,0,0,0,0,0,0,0,0,0,0,0,0,0,0,0,0,0,0,0,0,0,0,0,0,0,0,0,0,0,0,0,0,0,0,0,0,0,0,0,0,0,0,0,0,0,0,0,0,0,0,0,0,0,0,0,0,0,0,0,0,0,0,0,0,0,0,0,0,0,0,0,0,0,0,0,0,0,0,0,0,0,0,0,0,0,0,0,0,0,0,0,0,0,0,0,0,0,0,0,0,0,0,0,0,0,0,0,0,0,0,0,0,0,0,0,0,0,0,0,0,0,0
LGA37600,0,0,0,0,0,0,0,0,0,0,0,0,0,0,0,0,0,0,0,0,0,0,0,0,0,0,0,0,0,0,0,0,0,0,0,0,0,0,0,0,0,0,0,0,0,0,0,0,0,0,0,0,0,0,0,0,0,0,0,0,0,0,0,0,0,0,0,0,0,0,0,0,0,0,0,0,0,0,0,0,0,0,0,0,0,0,0,0,0,0,0,0,0,0,0,0,0,0,0,0,0,0,0,0,0,0,0,0,0,0,0,0,0,0,0,0,0,0,0,0,0,0,0,0,0,0,0,0,0,0,0,0,0,0,0,0,0,0,0,0,0,0,0,0,0,0,0,0,0,0,0,0,0,0,0,0,0,0,0,0,0,0,0,0,0,0,0,0,0,0,0,0,0,0,0,0,0,0,0,0,0,0,0,0,0,0,0,0,0,0,0,0,0,0,0,0,0,0,0,0
LGA39499,0,0,6,12,0,0,0,0,0,15,0,0,19,19,3,0,0,0,0,43,0,0,4,5,0,0,0,0,0,11,0,0,3,18,3,0,0,0,0,25,0,0,0,0,0,0,0,0,0,0,0,0,4,8,3,0,0,0,0,17,0,0,0,0,0,3,0,0,0,5,0,0,0,0,0,0,0,0,0,0,0,0,0,3,0,0,0,0,0,3,0,0,4,3,0,0,0,0,0,6,0,0,4,9,4,5,23,3,0,46,0,5,15,80,46,74,67,10,0,300,0,0,0,4,0,0,3,0,0,9,0,0,0,6,0,0,0,0,0,9,0,0,0,7,7,3,0,0,0,23,3,0,4,6,0,0,0,0,0,15,0,0,0,8,0,0,0,0,0,6,0,0,3,13,3,11,13,4,0,46,0,0,0,0,0,0,0,0,0,7,0,0,3,17,10,0,3,0,0,33
LGA39799,0,0,0,0,0,0,0,0,0,0,0,0,0,0,0,0,0,0,0,0,0,0,0,0,0,0,0,0,0,0,0,0,0,0,0,0,0,0,0,0,0,0,0,0,0,0,0,0,0,0,0,0,0,0,0,0,0,0,0,0,0,0,0,0,0,0,0,0,0,0,0,0,0,0,0,0,0,0,0,0,0,0,0,0,0,0,0,0,0,0,0,0,0,0,0,0,0,0,0,0,0,0,0,0,0,0,0,0,0,0,0,0,0,0,3,0,0,0,0,9,0,0,0,0,0,0,0,0,0,0,0,0,0,0,0,0,0,0,0,0,0,0,0,0,0,0,0,0,0,0,0,0,0,0,0,0,0,0,0,0,0,0,0,0,0,0,0,0,0,0,0,0,0,0,0,0,0,0,0,0,0,0,0,0,0,0,0,0,0,0,0,0,0,0,0,0,0,0,0,0
