LGA_CODE_2016,MOL_SAL_Oth_SOLSE_NWorNAA,MOL_SAL_Oth_SOLSE_Tot,MOL_SAL_Oth_NS,MOL_SAL_Oth_Tot,MOL_SAL_Tot_SEO,MOL_SAL_Tot_SOLSE_VWorW,MOL_SAL_Tot_SOLSE_NWorNAA,MOL_SAL_Tot_SOLSE_Tot,MOL_SAL_Tot_NS,MOL_SAL_Tot_Tot,MOL_Spanish_SEO,MOL_Spanish_SOLSE_VWorW,MOL_Spanish_SOLSE_NWorNAA,MOL_Spanish_SOLSE_Tot,MOL_Spanish_NS,MOL_Spanish_Tot,MOL_Tamil_SEO,MOL_Tamil_SOLSE_VWorW,MOL_Tamil_SOLSE_NWorNAA,MOL_Tamil_SOLSE_Tot,MOL_Tamil_NS,MOL_Tamil_Tot,MOL_Thai_SEO,MOL_Thai_SOLSE_VWorW,MOL_Thai_SOLSE_NWorNAA,MOL_Thai_SOLSE_Tot,MOL_Thai_NS,MOL_Thai_Tot,MOL_Turkish_SEO,MOL_Turkish_SOLSE_VWorW,MOL_Turkish_SOLSE_NWorNAA,MOL_Turkish_SOLSE_Tot,MOL_Turkish_NS,MOL_Turkish_Tot,MOL_Vietnamese_SEO,MOL_Vietnamese_SOLSE_VWorW,MOL_Vietnamese_SOLSE_NWorNAA,MOL_Vietnamese_SOLSE_Tot,MOL_Vietnamese_NS,MOL_Vietnamese_Tot,MOL_Oth_SEO,MOL_Oth_SOLSE_VWorW,MOL_Oth_SOLSE_NWorNAA,MOL_Oth_SOLSE_Tot,MOL_Oth_NS,MOL_Oth_Tot,MOL_Tot_SEO,MOL_Tot_SOLSE_VWorW,MOL_Tot_SOLSE_NWorNAA,MOL_Tot_SOLSE_Tot,MOL_Tot_NS,MOL_Tot_Tot,M_LSatH_NS_SEO,M_LSatH_NS_SOLSE_VWorW,M_LSatH_NS_SOLSE_NWorNAA,M_LSatH_NS_SOLSE_Tot,M_LSatH_NS_NS,M_LSatH_NS_Tot,M_Tot_SEO,M_Tot_SOLSE_VWorW,M_Tot_SOLSE_NWorNAA,M_Tot_SOLSE_Tot,M_Tot_NS,M_Tot_Tot,FSEO_SEO,FSEO_SOLSE_VWorW,FSEO_SOLSE_NWorNAA,FSEO_SOLSE_Tot,FSEO_NS,FSEO_Tot,FOL_Afrikaans_SEO,FOL_Afrikaans_SOLSE_VWorW,FOL_Afrikaans_SOLSE_NWorNAA,FOL_Afrikaans_SOLSE_Tot,FOL_Afrikaans_NS,FOL_Afrikaans_Tot,FOL_Arabic_SEO,FOL_Arabic_SOLSE_VWorW,FOL_Arabic_SOLSE_NWorNAA,FOL_Arabic_SOLSE_Tot,FOL_Arabic_NS,FOL_Arabic_Tot,FOL_AIndLng_SEO,FOL_AIndLng_SOLSE_VWorW,FOL_AIndLng_SOLSE_NWorNAA,FOL_AIndLng_SOLSE_Tot,FOL_AIndLng_NS,FOL_AIndLng_Tot,FOL_CL_Cantones_SEO,FOL_CL_Cantones_SOLSE_VWorW,FOL_CL_Cantones_SOLSE_NWorNAA,FOL_CL_Cantones_SOLSE_Tot,FOL_CL_Cantones_NS,FOL_CL_Cantones_Tot,FOL_CL_Mandarin_SEO,FOL_CL_Mandarin_SOLSE_VWorW,FOL_CL_Mandarin_SOLSE_NWorNAA,FOL_CL_Mandarin_SOLSE_Tot,FOL_CL_Mandarin_NS,FOL_CL_Mandarin_Tot,FOL_CL_Oth_SEO,FOL_CL_Oth_SOLSE_VWorW,FOL_CL_Oth_SOLSE_NWorNAA,FOL_CL_Oth_SOLSE_Tot,FOL_CL_Oth_NS,FOL_CL_Oth_Tot,FOL_CL_Tot_SEO,FOL_CL_Tot_SOLSE_VWorW,FOL_CL_Tot_SOLSE_NWorNAA,FOL_CL_Tot_SOLSE_Tot,FOL_CL_Tot_NS,FOL_CL_Tot_Tot,FOL_Croatian_SEO,FOL_Croatian_SOLSE_VWorW,FOL_Croatian_SOLSE_NWorNAA,FOL_Croatian_SOLSE_Tot,FOL_Croatian_NS,FOL_Croatian_Tot,FOL_Dutch_SEO,FOL_Dutch_SOLSE_VWorW,FOL_Dutch_SOLSE_NWorNAA,FOL_Dutch_SOLSE_Tot,FOL_Dutch_NS,FOL_Dutch_Tot,FOL_French_SEO,FOL_French_SOLSE_VWorW,FOL_French_SOLSE_NWorNAA,FOL_French_SOLSE_Tot,FOL_French_NS,FOL_French_Tot,FOL_German_SEO,FOL_German_SOLSE_VWorW,FOL_German_SOLSE_NWorNAA,FOL_German_SOLSE_Tot,FOL_German_NS,FOL_German_Tot,FOL_Greek_SEO,FOL_Greek_SOLSE_VWorW,FOL_Greek_SOLSE_NWorNAA,FOL_Greek_SOLSE_Tot,FOL_Greek_NS,FOL_Greek_Tot,FOL_IAL_Bengali_SEO,FOL_IAL_Bengali_SOLSE_VWorW,FOL_IAL_Bengali_SOLSE_NWorNAA,FOL_IAL_Bengali_SOLSE_Tot,FOL_IAL_Bengali_NS,FOL_IAL_Bengali_Tot,FOL_IAL_Hindi_SEO,FOL_IAL_Hindi_SOLSE_VWorW,FOL_IAL_Hindi_SOLSE_NWorNAA,FOL_IAL_Hindi_SOLSE_Tot,FOL_IAL_Hindi_NS,FOL_IAL_Hindi_Tot,FOL_IAL_Punjabi_SEO,FOL_IAL_Punjabi_SOLSE_VWorW,FOL_IAL_Punjabi_SOLSE_NWorNAA,FOL_IAL_Punjabi_SOLSE_Tot,FOL_IAL_Punjabi_NS,FOL_IAL_Punjabi_Tot,FOL_IAL_Sinhalese_SEO,FOL_IAL_Sinhalese_SOLSE_VWorW,FOL_IAL_Sinhale_SOLSE_NWorNAA,FOL_IAL_Sinhalese_SOLSE_Tot,FOL_IAL_Sinhalese_NS,FOL_IAL_Sinhalese_Tot,FOL_IAL_Urdu_SEO,FOL_IAL_Urdu_SOLSE_VWorW,FOL_IAL_Urdu_SOLSE_NWorNAA,FOL_IAL_Urdu_SOLSE_Tot,FOL_IAL_Urdu_NS,FOL_IAL_Urdu_Tot,FOL_IAL_Oth_SEO,FOL_IAL_Oth_SOLSE_VWorW,FOL_IAL_Oth_SOLSE_NWorNAA,FOL_IAL_Oth_SOLSE_Tot,FOL_IAL_Oth_NS,FOL_IAL_Oth_Tot,FOL_IAL_Tot_SEO,FOL_IAL_Tot_SOLSE_VWorW,FOL_IAL_Tot_SOLSE_NWorNAA,FOL_IAL_Tot_SOLSE_Tot,FOL_IAL_Tot_NS,FOL_IAL_Tot_Tot,FOL_Italian_SEO,FOL_Italian_SOLSE_VWorW,FOL_Italian_SOLSE_NWorNAA,FOL_Italian_SOLSE_Tot,FOL_Italian_NS,FOL_Italian_Tot,FOL_Japanese_SEO,FOL_Japanese_SOLSE_VWorW,FOL_Japanese_SOLSE_NWorNAA,FOL_Japanese_SOLSE_Tot,FOL_Japanese_NS,FOL_Japanese_Tot,FOL_Korean_SEO,FOL_Korean_SOLSE_VWorW,FOL_Korean_SOLSE_NWorNAA,FOL_Korean_SOLSE_Tot
LGA30250,0,0,0,0,..,0,0,0,0,0,..,0,0,0,0,0,..,0,0,0,0,0,..,0,0,0,0,0,..,0,0,0,0,0,..,0,0,0,0,0,..,8,0,12,0,12,..,483,49,532,10,538,..,0,0,0,17,16,78,483,55,533,24,632,56,..,..,..,..,56,..,0,0,0,0,0,..,0,0,0,0,0,..,504,45,553,7,555,..,0,0,0,0,0,..,0,0,0,0,0,..,0,0,0,0,0,..,0,0,0,0,0,..,0,0,0,0,0,..,0,0,0,0,0,..,0,0,0,0,0,..,0,0,0,0,0,..,0,0,0,0,0,..,0,0,0,0,0,..,0,0,0,0,0,..,0,0,0,0,0,..,0,0,0,0,0,..,0,0,0,0,0,..,0,0,0,0,0,..,0,0,0,0,0,..,0,0,0,0,0,..,0,0,0,0,0,..,0,0,0
LGA30300,0,0,0,0,..,5,0,5,0,5,..,0,0,0,0,0,..,0,0,0,0,0,..,0,0,0,0,0,..,0,0,0,0,0,..,0,0,0,0,0,..,16,8,21,0,21,..,56,10,67,0,67,..,8,0,8,176,181,2002,68,10,76,176,2251,1898,..,..,..,..,1898,..,13,0,13,0,13,..,0,0,0,0,0,..,4,0,4,0,4,..,0,0,0,0,0,..,3,0,4,0,4,..,0,0,0,0,0,..,3,3,4,0,4,..,0,0,0,0,0,..,0,0,0,0,0,..,0,0,0,0,0,..,4,0,4,0,4,..,0,0,0,0,0,..,0,0,0,0,0,..,0,0,0,0,0,..,0,0,0,0,0,..,0,0,0,0,0,..,0,0,0,0,0,..,0,0,0,0,0,..,3,0,3,0,3,..,0,0,0,0,0,..,0,0,0,0,0,..,3,0,0
LGA30370,0,5,0,5,..,47,0,47,0,47,..,3,0,3,0,3,..,24,17,35,0,35,..,0,0,0,0,0,..,0,0,0,0,0,..,29,33,56,0,56,..,69,59,130,3,134,..,243,136,384,6,386,..,14,0,15,595,604,6394,256,139,395,598,7388,6078,..,..,..,..,6078,..,8,0,8,0,8,..,0,0,0,0,0,..,4,0,4,0,4,..,3,0,10,0,10,..,9,6,18,0,18,..,0,0,0,0,3,..,18,10,29,0,30,..,0,0,0,0,0,..,8,0,8,0,8,..,6,0,6,0,6,..,0,0,0,0,0,..,3,0,3,0,3,..,6,0,6,0,6,..,0,0,4,0,4,..,15,0,14,0,14,..,3,0,4,0,4,..,3,0,3,0,3,..,0,0,0,0,0,..,29,0,33,0,33,..,7,0,7,0,7,..,0,0,0,0,0,..,0,0,0
LGA30410,0,0,0,0,..,0,0,0,0,0,..,3,0,3,0,3,..,0,0,0,0,0,..,0,0,0,0,0,..,0,0,0,0,0,..,0,0,0,0,0,..,3,0,3,0,3,..,24,0,25,0,25,..,0,0,0,107,109,1312,30,0,27,107,1449,1290,..,..,..,..,1290,..,3,0,3,0,3,..,0,0,0,0,0,..,0,0,0,0,0,..,0,0,0,0,0,..,0,0,0,0,0,..,0,0,0,0,0,..,0,0,0,0,0,..,0,0,0,0,0,..,0,0,0,0,0,..,0,0,0,0,0,..,6,0,6,0,6,..,0,0,0,0,0,..,0,0,0,0,0,..,0,0,0,0,0,..,0,0,0,0,0,..,0,0,0,0,0,..,10,0,10,0,10,..,0,0,5,0,5,..,9,0,13,0,13,..,0,0,0,0,0,..,0,0,0,0,0,..,0,0,0
LGA30450,0,0,0,0,..,0,0,0,0,0,..,0,0,0,0,0,..,0,0,0,0,0,..,0,0,0,0,0,..,0,0,0,0,0,..,0,0,0,0,0,..,0,0,0,0,0,..,0,0,0,0,0,..,0,0,0,8,9,140,0,0,3,8,149,113,..,..,..,..,113,..,0,0,0,0,0,..,0,0,0,0,0,..,0,0,0,0,0,..,0,0,0,0,0,..,0,0,0,0,0,..,0,0,0,0,0,..,0,0,0,0,0,..,0,0,0,0,0,..,0,0,0,0,0,..,0,0,0,0,0,..,0,0,0,0,0,..,0,0,0,0,0,..,0,0,0,0,0,..,0,0,0,0,0,..,0,0,0,0,0,..,0,0,0,0,0,..,0,0,0,0,0,..,0,0,0,0,0,..,0,0,0,0,0,..,0,0,0,0,0,..,0,0,0,0,0,..,0,0,0
LGA30760,0,0,0,0,..,0,0,0,0,0,..,0,0,0,0,0,..,0,0,0,0,0,..,0,0,0,0,0,..,0,0,0,0,0,..,0,0,0,0,0,..,3,0,3,0,3,..,16,0,15,0,15,..,3,0,3,39,44,888,19,0,17,39,944,887,..,..,..,..,887,..,0,0,0,0,0,..,0,0,0,0,0,..,4,0,4,0,4,..,0,0,0,0,0,..,0,0,0,0,0,..,0,0,0,0,0,..,0,0,0,0,0,..,0,0,0,0,0,..,0,0,0,0,0,..,0,0,0,0,0,..,0,0,0,0,0,..,0,0,0,0,0,..,0,0,0,0,0,..,4,0,4,0,4,..,0,0,0,0,0,..,0,0,0,0,0,..,0,0,0,0,0,..,0,0,0,0,0,..,4,0,4,0,4,..,0,0,0,0,0,..,0,0,0,0,0,..,0,0,0
LGA30900,0,0,0,0,..,0,0,0,0,0,..,0,0,0,0,0,..,0,0,0,0,0,..,0,0,0,0,0,..,0,0,0,0,0,..,0,0,0,0,0,..,0,0,0,0,0,..,3,0,4,0,4,..,0,0,0,37,37,187,3,0,4,37,228,157,..,..,..,..,157,..,0,0,0,0,0,..,0,0,0,0,0,..,0,0,0,0,0,..,0,0,0,0,0,..,0,0,0,0,0,..,0,0,0,0,0,..,0,0,0,0,0,..,0,0,0,0,0,..,0,0,0,0,0,..,0,0,0,0,0,..,3,0,3,0,3,..,0,0,0,0,0,..,0,0,0,0,0,..,0,0,0,0,0,..,0,0,0,0,0,..,0,0,0,0,0,..,0,0,0,0,0,..,0,0,0,0,0,..,0,0,0,0,0,..,0,0,0,0,0,..,0,0,0,0,0,..,0,0,0
LGA31000,43,714,3,721,..,4871,231,5099,31,5131,..,4506,531,5041,29,5070,..,1510,130,1643,8,1645,..,693,181,877,5,879,..,309,46,357,7,361,..,6414,2253,8665,48,8718,..,14587,2701,17295,403,17693,..,101802,17848,119650,1058,120710,..,1176,202,1377,32814,34190,401533,102985,18048,121030,33875,556440,410663,..,..,..,..,410663,..,1399,21,1414,10,1425,..,2344,708,3053,27,3078,..,143,5,153,5,152,..,6982,1981,8971,45,9012,..,19712,5892,25602,104,25705,..,1054,394,1446,12,1459,..,27744,8274,36020,159,36178,..,558,92,650,10,653,..,858,16,877,9,888,..,2189,112,2296,21,2315,..,2252,69,2323,19,2344,..,2807,368,3176,35,3209,..,889,122,1010,3,1014,..,4540,284,4821,41,4860,..,3771,533,4308,55,4358,..,1691,113,1805,10,1815,..,950,135,1083,9,1098,..,3588,343,3931,24,3959,..,15430,1538,16969,137,17102,..,3457,459,3918,53,3972,..,2617,455,3069,26,3095,..,3953,1760,5706
LGA31750,0,0,0,0,..,0,0,0,0,0,..,0,0,0,0,0,..,0,0,0,0,0,..,0,0,0,0,0,..,0,0,0,0,0,..,0,0,0,0,0,..,3,0,3,0,3,..,4,0,4,0,4,..,0,0,0,17,23,169,6,0,6,17,187,143,..,..,..,..,143,..,0,0,0,0,0,..,0,0,0,0,0,..,0,0,0,0,0,..,0,0,0,0,0,..,0,0,0,0,0,..,0,0,0,0,0,..,0,0,0,0,0,..,0,0,0,0,0,..,0,0,0,0,0,..,0,0,0,0,0,..,0,0,0,0,0,..,0,0,0,0,0,..,0,0,0,0,0,..,0,0,0,0,0,..,0,0,0,0,0,..,0,0,0,0,0,..,0,0,0,0,0,..,0,0,0,0,0,..,0,0,0,0,0,..,0,0,0,0,0,..,0,0,0,0,0,..,0,0,0
LGA31820,3,12,0,12,..,95,4,98,0,98,..,33,4,38,0,37,..,12,0,12,0,12,..,29,10,37,0,37,..,56,10,64,0,64,..,46,23,74,0,71,..,303,55,353,12,364,..,1529,306,1840,23,1862,..,120,14,134,3199,3330,40525,1646,319,1971,3225,45716,41788,..,..,..,..,41788,..,74,0,77,0,80,..,15,4,16,0,19,..,17,0,17,0,17,..,44,31,72,0,72,..,118,119,238,5,238,..,12,7,15,0,15,..,172,152,323,5,326,..,11,0,13,0,13,..,68,4,69,0,69,..,49,5,48,0,49,..,140,8,144,3,146,..,13,0,13,0,13,..,9,0,9,0,9,..,46,0,46,0,46,..,23,8,29,0,29,..,19,0,19,0,19,..,12,0,12,0,12,..,37,12,46,0,46,..,152,14,167,0,167,..,160,17,173,3,176,..,37,23,58,0,64,..,39,32,70
LGA31900,0,0,0,0,..,18,0,23,0,20,..,9,3,9,0,9,..,3,0,3,0,3,..,0,0,0,0,0,..,0,0,0,0,0,..,10,9,15,0,15,..,41,10,48,0,52,..,390,95,485,10,491,..,21,4,26,624,654,7530,415,95,504,638,8673,7217,..,..,..,..,7217,..,17,0,17,0,17,..,0,0,0,0,0,..,8,0,8,0,12,..,10,4,12,0,12,..,3,4,11,0,11,..,0,0,0,0,0,..,12,12,25,0,25,..,0,0,0,0,0,..,0,0,0,0,0,..,9,0,7,0,7,..,8,0,8,0,8,..,32,3,29,0,29,..,0,0,0,0,0,..,5,0,5,0,5,..,0,3,3,0,3,..,0,0,0,0,0,..,0,0,0,0,0,..,3,0,8,0,8,..,14,3,16,0,16,..,229,47,280,4,283,..,6,11,19,0,19,..,8,9,17
LGA31950,0,0,0,0,..,0,0,0,0,0,..,0,0,0,0,0,..,0,0,0,0,0,..,0,0,0,0,0,..,0,0,0,0,0,..,0,0,0,0,0,..,0,0,0,0,0,..,3,0,4,3,11,..,3,0,3,35,38,142,5,3,6,38,183,112,..,..,..,..,112,..,0,0,0,0,0,..,0,0,0,0,0,..,0,0,0,0,0,..,0,0,0,0,0,..,0,0,0,0,0,..,0,0,0,0,0,..,0,0,0,0,0,..,0,0,0,0,0,..,0,0,0,0,0,..,0,0,0,0,0,..,0,0,0,0,0,..,0,0,0,0,0,..,0,0,0,0,0,..,0,0,0,0,0,..,0,0,0,0,0,..,0,0,0,0,0,..,0,0,0,0,0,..,0,0,0,0,0,..,0,0,0,0,0,..,0,0,0,0,0,..,0,0,0,0,0,..,0,0,0
LGA32080,0,52,3,55,..,473,29,496,10,507,..,148,18,167,3,169,..,35,3,36,0,36,..,117,18,141,0,143,..,22,4,25,0,25,..,118,29,138,0,144,..,1931,363,2297,66,2356,..,7789,1390,9175,160,9336,..,262,33,300,6940,7242,60821,8051,1426,9476,7098,77390,61016,..,..,..,..,61016,..,130,0,134,0,134,..,45,7,52,0,52,..,586,35,627,28,654,..,213,56,269,0,272,..,491,150,638,7,644,..,35,14,55,0,53,..,742,222,965,10,973,..,52,7,55,4,56,..,179,8,188,3,187,..,248,19,264,0,268,..,515,22,539,5,539,..,89,8,96,3,102,..,22,3,27,0,27,..,119,3,123,0,123,..,339,52,391,3,398,..,56,8,60,0,59,..,32,7,32,0,32,..,235,241,484,0,480,..,805,314,1117,6,1123,..,513,47,554,11,560,..,1175,266,1443,8,1442,..,330,169,500
LGA32250,0,0,0,0,..,4,3,4,0,4,..,0,0,0,0,0,..,0,0,0,0,0,..,0,0,0,0,0,..,0,0,0,0,0,..,0,0,0,0,0,..,13,0,13,5,13,..,31,3,37,5,35,..,5,0,5,88,92,875,35,3,42,90,1003,842,..,..,..,..,842,..,0,0,0,0,0,..,0,0,0,0,0,..,3,0,3,0,3,..,0,0,0,0,0,..,0,0,0,0,0,..,0,0,0,0,0,..,4,0,4,0,4,..,0,0,0,0,0,..,4,0,4,0,4,..,0,0,0,0,0,..,3,0,3,0,3,..,0,0,0,0,0,..,0,0,0,0,0,..,0,0,0,0,0,..,0,0,0,0,0,..,0,0,0,0,0,..,0,0,0,0,0,..,0,0,0,0,0,..,0,0,0,0,0,..,0,0,0,0,0,..,0,0,0,0,0,..,0,0,0
LGA32260,0,3,0,3,..,74,8,83,3,84,..,13,0,13,0,13,..,0,0,0,0,0,..,7,4,7,0,13,..,0,0,0,0,0,..,6,0,6,0,6,..,222,56,279,5,284,..,1115,203,1316,41,1356,..,61,5,63,1376,1441,11974,1172,210,1380,1416,14769,11299,..,..,..,..,11299,..,15,0,15,0,15,..,0,0,0,0,0,..,47,0,49,8,52,..,14,6,20,0,20,..,32,18,47,0,47,..,0,0,0,0,0,..,46,27,77,0,77,..,9,0,11,0,11,..,12,0,10,0,17,..,14,3,17,0,17,..,28,0,28,0,33,..,29,3,38,0,34,..,0,0,3,0,3,..,15,3,24,0,23,..,224,58,285,3,291,..,0,0,0,0,0,..,3,0,3,0,3,..,3,5,9,0,9,..,253,69,315,8,323,..,223,27,255,4,256,..,26,25,48,0,48,..,11,13,24
LGA32270,0,0,0,0,..,132,6,135,0,140,..,19,3,24,0,24,..,9,0,9,0,9,..,13,0,13,0,13,..,0,0,0,0,0,..,7,0,3,0,3,..,128,16,146,3,149,..,561,62,625,3,630,..,29,4,34,1935,1963,12163,588,68,658,1939,14756,11117,..,..,..,..,11117,..,88,0,88,0,88,..,0,0,0,0,0,..,0,0,0,0,0,..,8,4,13,0,13,..,33,16,49,0,49,..,0,0,0,0,0,..,40,22,62,0,62,..,3,0,3,0,3,..,4,0,4,0,4,..,9,0,9,0,9,..,22,0,26,0,26,..,6,0,6,0,6,..,3,0,3,0,3,..,14,0,15,0,15,..,17,9,30,0,30,..,11,0,11,0,11,..,3,0,3,0,3,..,19,0,23,0,23,..,66,16,82,0,82,..,9,0,9,0,9,..,4,0,7,0,7,..,7,6,15
LGA32310,0,0,0,0,..,14,0,14,0,14,..,6,0,6,0,6,..,0,0,0,0,0,..,0,0,0,0,0,..,0,0,0,0,0,..,3,0,3,0,3,..,31,5,30,0,31,..,114,8,120,3,127,..,11,0,11,577,589,5168,130,8,136,581,5885,5250,..,..,..,..,5250,..,3,0,3,0,3,..,0,0,0,0,0,..,16,0,16,0,16,..,0,0,0,0,0,..,4,0,4,0,4,..,0,0,0,0,0,..,3,0,3,0,3,..,0,0,0,0,0,..,3,0,3,0,3,..,3,0,3,0,3,..,5,0,5,0,5,..,0,0,0,0,0,..,0,0,0,0,0,..,0,0,0,0,0,..,0,0,0,0,0,..,0,0,0,0,0,..,3,0,3,0,3,..,4,0,4,0,4,..,7,0,7,0,7,..,5,0,5,0,5,..,3,0,3,0,3,..,0,0,0
LGA32330,0,0,0,0,..,0,0,0,0,0,..,0,0,0,0,0,..,0,0,0,0,0,..,0,0,0,0,0,..,0,0,0,0,0,..,0,0,0,0,0,..,3,0,3,0,3,..,22,0,24,0,24,..,0,0,0,21,21,584,22,0,24,21,628,589,..,..,..,..,589,..,0,0,0,0,0,..,0,0,0,0,0,..,22,0,22,0,22,..,0,0,0,0,0,..,0,0,0,0,0,..,0,0,0,0,0,..,0,0,0,0,0,..,0,0,0,0,0,..,0,0,0,0,0,..,0,0,0,0,0,..,0,0,0,0,0,..,0,0,0,0,0,..,0,0,0,0,0,..,0,0,0,0,0,..,0,0,0,0,0,..,0,0,0,0,0,..,0,0,0,0,0,..,0,0,0,0,0,..,0,0,0,0,0,..,0,0,0,0,0,..,0,0,0,0,0,..,0,0,0
LGA32450,0,0,0,0,..,10,0,10,0,10,..,0,0,0,0,0,..,0,0,0,0,0,..,0,0,0,0,0,..,0,0,0,0,0,..,0,0,0,0,0,..,8,0,7,0,7,..,58,3,59,0,61,..,9,0,9,241,250,1395,70,3,67,242,1706,1071,..,..,..,..,1071,..,0,0,0,0,0,..,0,0,0,0,0,..,5,0,5,0,5,..,0,0,0,0,0,..,0,0,0,0,0,..,0,0,0,0,0,..,0,0,0,0,0,..,4,0,4,0,4,..,3,0,3,0,3,..,0,0,0,0,0,..,8,0,8,0,8,..,0,0,0,0,0,..,0,0,0,0,0,..,0,0,0,0,0,..,0,0,0,0,0,..,4,3,10,0,10,..,0,0,0,0,0,..,3,0,3,0,3,..,9,3,17,0,17,..,0,0,0,0,0,..,0,0,0,0,0,..,0,0,0
LGA32500,0,0,0,0,..,9,0,9,0,9,..,0,0,0,0,0,..,0,0,0,0,0,..,5,0,5,0,5,..,0,0,0,0,0,..,0,0,0,0,0,..,36,9,45,0,47,..,158,23,181,0,182,..,13,0,13,387,399,1692,164,23,191,391,2273,1451,..,..,..,..,1451,..,7,0,7,0,8,..,0,0,0,0,0,..,65,4,71,0,72,..,0,0,0,0,0,..,4,6,8,0,14,..,0,0,0,0,0,..,3,6,11,0,13,..,0,0,0,0,0,..,4,0,4,0,4,..,10,3,13,0,13,..,14,0,14,0,14,..,0,0,0,0,0,..,0,0,0,0,0,..,0,0,0,0,0,..,0,0,0,0,0,..,0,0,0,0,0,..,0,0,0,0,0,..,3,0,3,0,3,..,3,0,3,0,3,..,4,4,3,0,3,..,7,8,9,0,9,..,0,0,3
LGA32600,0,0,0,0,..,0,0,0,0,0,..,0,0,0,0,0,..,0,0,0,0,0,..,0,0,0,0,0,..,0,0,0,0,0,..,0,0,0,0,0,..,0,0,0,0,0,..,0,0,0,0,0,..,0,0,0,42,42,107,0,0,0,42,148,105,..,..,..,..,105,..,0,0,0,0,0,..,0,0,0,0,0,..,0,0,0,0,0,..,0,0,0,0,0,..,0,0,0,0,0,..,0,0,0,0,0,..,0,0,0,0,0,..,0,0,0,0,0,..,0,0,0,0,0,..,0,0,0,0,0,..,0,0,0,0,0,..,0,0,0,0,0,..,0,0,0,0,0,..,0,0,0,0,0,..,0,0,0,0,0,..,0,0,0,0,0,..,0,0,0,0,0,..,0,0,0,0,0,..,0,0,0,0,0,..,0,0,0,0,0,..,0,0,0,0,0,..,0,0,0
LGA32750,0,0,0,0,..,0,0,0,0,0,..,0,0,0,0,0,..,0,0,0,0,0,..,0,0,0,0,0,..,0,0,0,0,0,..,0,0,0,0,0,..,4,0,4,0,4,..,6,0,6,0,6,..,0,0,0,15,15,125,6,0,6,15,150,111,..,..,..,..,111,..,0,0,0,0,0,..,0,0,0,0,0,..,0,0,0,0,0,..,0,0,0,0,0,..,0,0,0,0,0,..,0,0,0,0,0,..,0,0,0,0,0,..,0,0,0,0,0,..,0,0,0,0,0,..,0,0,0,0,0,..,0,0,0,0,0,..,0,0,0,0,0,..,0,0,0,0,0,..,0,0,0,0,0,..,0,0,0,0,0,..,0,0,0,0,0,..,0,0,0,0,0,..,0,0,0,0,0,..,0,0,0,0,0,..,0,0,0,0,0,..,0,0,0,0,0,..,0,0,0
LGA32770,0,0,0,0,..,0,0,0,0,0,..,0,0,0,0,0,..,0,0,0,0,0,..,0,0,0,0,0,..,0,0,0,0,0,..,0,0,0,0,0,..,4,3,7,8,16,..,26,3,34,9,39,..,0,0,0,15,11,658,26,3,31,20,707,641,..,..,..,..,641,..,0,0,0,0,0,..,0,0,0,0,0,..,21,0,21,0,21,..,0,0,0,0,0,..,0,0,0,0,0,..,0,0,0,0,0,..,0,0,0,0,0,..,0,0,0,0,0,..,0,0,0,0,0,..,0,0,0,0,0,..,0,0,0,0,0,..,0,0,0,0,0,..,0,0,0,0,0,..,0,0,0,0,0,..,3,0,3,0,3,..,0,0,0,0,0,..,0,0,0,0,0,..,0,0,0,0,0,..,3,0,3,0,3,..,0,0,0,0,0,..,0,0,0,0,0,..,0,0,0
LGA32810,0,0,0,0,..,7,0,7,0,7,..,19,0,22,0,22,..,3,0,3,0,3,..,8,7,18,0,19,..,0,0,0,0,0,..,10,0,10,0,10,..,24,4,26,0,26,..,357,36,388,9,395,..,17,4,19,751,769,4788,370,36,408,758,5960,4488,..,..,..,..,4488,..,3,0,3,0,3,..,0,0,0,0,0,..,38,10,48,8,57,..,6,3,6,0,6,..,23,0,22,0,22,..,0,0,0,0,0,..,25,3,31,0,31,..,3,0,3,0,3,..,16,0,16,0,16,..,42,3,47,0,47,..,56,0,57,0,61,..,5,0,5,0,5,..,0,0,0,0,0,..,0,0,0,0,0,..,4,0,8,0,8,..,0,0,0,0,0,..,0,0,0,0,0,..,3,0,3,0,3,..,15,3,14,0,14,..,39,3,40,3,45,..,18,0,19,0,19,..,16,3,15
LGA33100,0,0,0,0,..,0,0,0,0,0,..,0,0,0,0,0,..,0,0,0,0,0,..,0,0,0,0,0,..,0,0,0,0,0,..,0,0,0,0,0,..,0,0,0,0,0,..,4,0,4,0,4,..,0,0,0,45,45,383,4,0,4,45,435,317,..,..,..,..,317,..,0,0,0,0,0,..,0,0,0,0,0,..,0,0,0,0,0,..,0,0,0,0,0,..,0,0,0,0,0,..,0,0,0,0,0,..,0,0,0,0,0,..,0,0,0,0,0,..,0,0,0,0,0,..,0,0,0,0,0,..,3,0,3,0,3,..,0,0,0,0,0,..,0,0,0,0,0,..,0,0,0,0,0,..,0,0,0,0,0,..,0,0,0,0,0,..,0,0,0,0,0,..,0,0,0,0,0,..,0,0,0,0,0,..,0,0,0,0,0,..,0,0,0,0,0,..,0,0,0
LGA33200,0,0,0,0,..,0,0,0,0,0,..,0,0,0,0,0,..,0,0,0,0,0,..,0,0,0,0,0,..,0,0,0,0,0,..,0,0,0,0,0,..,0,0,0,0,0,..,3,0,8,0,8,..,0,0,0,66,66,709,3,0,8,66,777,685,..,..,..,..,685,..,0,0,0,0,0,..,0,0,0,0,0,..,0,0,0,0,0,..,0,0,0,0,0,..,0,0,0,0,0,..,0,0,0,0,0,..,0,0,0,0,0,..,0,0,0,0,0,..,0,0,0,0,0,..,0,0,0,0,0,..,0,0,0,0,0,..,0,0,0,0,0,..,0,0,0,0,0,..,0,0,0,0,0,..,0,0,0,0,0,..,0,0,0,0,0,..,0,0,0,0,0,..,0,0,0,0,0,..,0,0,0,0,0,..,0,0,0,0,0,..,0,0,0,0,0,..,0,0,0
LGA33220,0,5,0,5,..,64,0,71,0,70,..,36,0,36,0,36,..,14,0,14,0,14,..,20,3,27,0,27,..,4,0,4,0,4,..,20,8,19,0,19,..,279,51,335,6,345,..,1265,127,1389,22,1412,..,140,9,152,4250,4395,43966,1407,135,1536,4269,49773,46105,..,..,..,..,46105,..,56,3,62,0,62,..,22,0,21,0,21,..,17,0,17,0,17,..,28,3,32,0,34,..,95,17,113,0,113,..,9,4,15,0,12,..,129,24,157,3,156,..,16,5,18,0,18,..,91,0,98,0,96,..,79,4,81,0,85,..,209,9,218,4,222,..,24,0,24,0,24,..,4,0,4,0,4,..,49,3,52,0,49,..,11,3,16,0,16,..,13,0,13,0,13,..,21,4,23,0,23,..,41,8,52,0,52,..,135,17,155,0,157,..,67,3,76,0,76,..,29,4,26,0,26,..,6,0,8
LGA33360,0,19,0,16,..,357,20,380,0,380,..,55,3,60,0,60,..,53,4,54,0,54,..,16,0,16,0,16,..,6,0,6,0,6,..,23,3,22,0,29,..,330,67,397,12,412,..,1691,179,1874,31,1901,..,71,5,79,2323,2396,27352,1762,186,1945,2354,31647,25925,..,..,..,..,25925,..,188,3,187,3,194,..,46,10,50,0,52,..,14,4,14,0,14,..,7,3,11,0,11,..,74,23,101,0,101,..,3,3,5,0,5,..,86,31,119,0,119,..,9,0,10,0,10,..,34,0,34,0,34,..,28,4,32,0,32,..,58,0,58,3,60,..,22,0,24,0,24,..,25,3,30,0,33,..,62,6,68,0,68,..,37,10,46,0,46,..,24,0,26,0,26,..,20,3,26,0,26,..,37,4,37,0,37,..,202,23,227,0,227,..,29,3,36,0,36,..,16,4,18,0,18,..,21,5,26
LGA33430,3,132,0,134,..,1170,37,1209,11,1215,..,1308,118,1423,24,1448,..,150,3,155,3,156,..,370,75,453,5,454,..,254,33,289,0,285,..,359,69,426,3,430,..,4902,648,5551,100,5652,..,27093,3979,31074,323,31397,..,670,59,723,19429,20151,218584,27760,4038,31800,19754,270141,228312,..,..,..,..,228312,..,813,8,818,0,817,..,638,126,762,8,766,..,28,0,25,0,32,..,1215,389,1599,12,1610,..,3911,1242,5157,36,5189,..,230,89,320,0,321,..,5362,1714,7080,46,7121,..,512,63,572,9,575,..,497,18,513,6,518,..,1115,60,1170,10,1177,..,1202,31,1231,17,1243,..,719,79,794,9,801,..,170,13,186,0,186,..,600,28,622,3,630,..,513,73,590,8,597,..,155,6,164,3,169,..,161,11,171,5,174,..,528,37,561,5,573,..,2125,178,2301,26,2326,..,1052,87,1136,12,1153,..,2666,675,3336,25,3355,..,1220,567,1793
LGA33610,0,0,0,0,..,25,0,25,0,25,..,4,0,4,0,4,..,3,0,3,0,3,..,0,0,0,0,0,..,0,0,0,0,0,..,3,0,3,0,3,..,13,3,21,0,21,..,149,25,171,8,179,..,7,0,8,538,545,4624,159,22,178,542,5340,4616,..,..,..,..,4616,..,20,0,20,0,20,..,3,3,3,0,3,..,0,0,0,0,0,..,8,4,8,0,8,..,10,10,21,0,21,..,0,0,0,0,0,..,15,18,28,0,28,..,0,0,0,0,0,..,0,0,0,0,0,..,3,0,3,0,3,..,6,0,6,0,6,..,0,0,0,0,0,..,0,0,0,0,0,..,3,0,3,0,3,..,12,0,12,0,11,..,5,0,6,0,6,..,0,0,0,0,0,..,0,0,0,0,0,..,20,0,20,0,21,..,4,0,6,0,6,..,0,0,3,0,3,..,0,0,0
LGA33620,0,0,0,0,..,25,0,25,0,25,..,13,0,13,0,13,..,7,3,13,0,13,..,9,0,9,0,9,..,0,0,0,0,0,..,3,8,12,0,12,..,100,24,125,5,131,..,461,71,528,16,546,..,71,3,71,1946,2017,22012,532,72,601,1958,24578,22313,..,..,..,..,22313,..,39,5,45,0,45,..,7,0,7,0,8,..,3,0,4,0,4,..,7,0,5,0,5,..,28,5,37,0,40,..,4,0,4,0,4,..,37,11,46,0,49,..,4,0,4,0,4,..,37,0,37,0,37,..,31,4,34,0,34,..,82,0,85,0,91,..,4,0,4,0,5,..,0,0,3,0,3,..,3,0,3,0,3,..,18,0,13,0,13,..,3,0,3,0,3,..,3,0,3,0,3,..,4,0,4,0,4,..,29,3,28,0,28,..,31,3,31,0,31,..,21,0,21,0,21,..,6,0,6
LGA33800,0,3,0,3,..,8,0,7,0,7,..,7,0,9,0,9,..,3,0,3,0,3,..,0,0,0,0,0,..,0,0,0,0,0,..,0,0,0,0,0,..,60,5,65,0,61,..,347,46,387,11,401,..,19,0,19,394,417,4743,371,46,411,399,5556,4549,..,..,..,..,4549,..,0,0,0,0,0,..,0,0,0,0,0,..,0,0,0,0,0,..,0,0,6,0,6,..,0,3,3,0,3,..,0,0,0,0,0,..,4,4,10,0,10,..,0,0,0,0,0,..,3,0,6,0,6,..,4,0,4,0,4,..,3,0,3,0,3,..,4,0,4,0,4,..,0,0,0,0,0,..,4,0,4,0,4,..,7,0,7,0,7,..,0,0,0,0,0,..,0,0,0,0,0,..,0,0,0,0,0,..,5,0,5,0,5,..,228,55,285,5,289,..,0,0,0,0,0,..,0,0,0
LGA33830,0,0,0,0,..,0,0,0,0,0,..,0,0,0,0,0,..,0,0,0,0,0,..,0,0,0,0,0,..,0,0,0,0,0,..,0,0,0,0,0,..,3,0,3,0,3,..,353,6,357,9,368,..,3,0,3,50,51,81,350,11,365,57,499,56,..,..,..,..,56,..,0,0,0,0,0,..,0,0,0,0,0,..,313,13,323,3,325,..,0,0,0,0,0,..,0,0,0,0,0,..,0,0,0,0,0,..,0,0,0,0,0,..,0,0,0,0,0,..,0,0,0,0,0,..,0,0,0,0,0,..,0,0,0,0,0,..,0,0,0,0,0,..,0,0,0,0,0,..,0,0,0,0,0,..,0,0,0,0,0,..,0,0,0,0,0,..,0,0,0,0,0,..,0,0,0,0,0,..,0,0,0,0,0,..,0,0,0,0,0,..,0,0,0,0,0,..,0,0,0
LGA33960,0,53,0,53,..,601,19,615,8,627,..,435,68,499,4,506,..,155,17,172,3,173,..,54,7,56,0,56,..,22,5,20,0,20,..,631,226,856,5,862,..,2541,512,3053,72,3128,..,9153,1447,10601,161,10763,..,257,45,305,6145,6442,78590,9412,1492,10905,6308,95797,79978,..,..,..,..,79978,..,165,4,172,3,172,..,199,35,235,5,239,..,50,0,47,0,51,..,122,38,156,0,159,..,343,141,479,6,485,..,24,16,39,0,39,..,483,190,679,6,683,..,32,12,41,0,41,..,155,3,155,0,157,..,129,10,141,0,138,..,173,9,181,0,185,..,51,3,58,0,58,..,48,7,51,0,51,..,432,28,458,6,462,..,178,20,201,3,202,..,89,9,98,0,98,..,81,10,91,0,91,..,152,10,161,0,163,..,982,77,1052,14,1068,..,87,6,92,3,102,..,105,16,126,0,128,..,85,29,111
LGA33980,0,4,0,4,..,113,4,117,3,115,..,20,0,20,0,20,..,0,0,0,0,0,..,6,0,6,0,6,..,0,0,0,0,0,..,4,0,9,0,9,..,75,5,86,3,89,..,411,36,448,6,451,..,23,3,27,1861,1889,9078,434,41,473,1870,11419,7929,..,..,..,..,7929,..,48,3,50,0,46,..,0,0,0,0,0,..,0,0,0,0,0,..,3,0,4,0,4,..,18,4,20,0,20,..,0,0,0,0,0,..,18,6,23,0,23,..,0,0,0,0,0,..,0,0,0,0,0,..,14,0,14,0,14,..,12,0,12,0,12,..,0,0,0,0,0,..,3,0,4,0,4,..,20,0,16,0,16,..,6,0,8,0,8,..,7,0,7,0,8,..,6,0,6,0,6,..,5,3,5,0,5,..,48,7,52,0,54,..,3,0,3,0,3,..,12,0,12,0,10,..,0,0,4
LGA34420,0,0,0,0,..,0,0,0,0,0,..,0,0,0,0,0,..,0,0,0,0,0,..,0,0,0,0,0,..,0,0,0,0,0,..,0,0,0,0,0,..,0,0,0,0,0,..,23,0,23,6,26,..,0,0,0,17,16,409,19,0,19,22,451,456,..,..,..,..,456,..,0,0,0,0,0,..,0,0,0,0,0,..,14,0,14,8,26,..,0,0,0,0,0,..,0,0,0,0,0,..,0,0,0,0,0,..,0,0,0,0,3,..,0,0,0,0,0,..,0,0,0,0,0,..,0,0,0,0,0,..,0,0,0,0,0,..,0,0,0,0,0,..,0,0,0,0,0,..,0,0,0,0,0,..,0,0,0,0,0,..,0,0,0,0,0,..,0,0,0,0,0,..,0,0,0,0,0,..,0,0,0,0,0,..,0,0,0,0,0,..,0,0,0,0,0,..,0,0,0
LGA34530,0,5,0,5,..,25,0,25,0,25,..,20,0,18,0,18,..,3,0,3,0,3,..,7,0,14,0,14,..,0,0,0,0,0,..,3,0,3,0,3,..,82,16,94,3,97,..,367,40,411,14,424,..,38,5,43,2114,2156,16043,407,44,452,2124,18621,15881,..,..,..,..,15881,..,41,0,41,0,42,..,0,0,3,0,3,..,7,0,7,0,7,..,3,6,12,0,12,..,13,3,18,0,18,..,0,3,0,0,0,..,20,13,30,0,30,..,3,0,3,0,3,..,10,0,10,0,10,..,17,0,17,0,17,..,50,3,52,0,56,..,6,0,7,0,7,..,0,0,0,0,0,..,7,0,7,0,7,..,0,0,0,0,0,..,3,0,3,0,3,..,0,0,0,0,0,..,3,0,3,0,3,..,14,0,14,0,14,..,16,0,16,0,16,..,19,3,23,4,26,..,3,0,3
LGA34570,0,0,0,0,..,0,0,0,0,0,..,0,0,0,0,0,..,0,0,0,0,0,..,0,0,0,0,0,..,0,0,0,0,0,..,0,0,0,0,0,..,22,0,22,0,28,..,127,0,129,7,135,..,3,0,3,45,46,167,133,0,135,57,357,184,..,..,..,..,184,..,0,0,0,0,0,..,0,0,0,0,0,..,102,0,102,9,113,..,0,0,0,0,0,..,0,0,0,0,0,..,0,0,0,0,0,..,0,0,0,0,0,..,0,0,0,0,0,..,0,0,0,0,0,..,0,0,0,0,0,..,0,0,0,0,0,..,0,0,0,0,0,..,0,0,0,0,0,..,0,0,0,0,0,..,0,0,0,0,0,..,0,0,0,0,0,..,0,0,0,0,0,..,0,0,0,0,0,..,0,0,0,0,0,..,0,0,0,0,0,..,0,0,0,0,0,..,0,0,0
LGA34580,0,5,0,5,..,56,3,58,0,58,..,17,4,22,0,22,..,7,0,7,0,7,..,9,0,9,0,9,..,8,3,14,0,14,..,22,11,28,0,28,..,145,70,214,8,224,..,793,316,1106,15,1117,..,45,8,56,1735,1791,16397,839,322,1156,1749,19298,16528,..,..,..,..,16528,..,27,0,27,0,27,..,46,21,72,0,72,..,3,0,3,0,3,..,50,4,53,0,53,..,161,121,282,3,286,..,6,9,14,0,14,..,212,138,350,3,358,..,7,0,7,0,7,..,26,0,26,0,26,..,17,4,24,0,24,..,52,3,52,0,52,..,0,0,0,0,0,..,3,3,8,0,8,..,14,3,14,0,14,..,24,3,29,0,29,..,7,0,7,0,7,..,3,0,3,0,3,..,29,5,36,0,36,..,79,12,96,0,96,..,11,4,12,0,12,..,36,16,47,0,49,..,28,27,58
LGA34590,3,84,4,85,..,923,38,960,10,966,..,576,95,668,6,679,..,188,28,223,3,223,..,113,18,131,0,133,..,170,26,190,3,193,..,502,186,686,4,695,..,6427,1948,8376,201,8570,..,19133,3999,23132,346,23480,..,448,76,529,8885,9411,117003,19581,4079,23665,9232,149901,119046,..,..,..,..,119046,..,270,4,276,0,278,..,740,270,1010,8,1020,..,54,3,55,3,55,..,545,186,732,4,736,..,1221,475,1696,14,1708,..,91,40,133,0,137,..,1853,708,2564,21,2577,..,251,31,281,3,283,..,242,4,255,0,257,..,236,21,250,7,258,..,388,14,409,7,417,..,213,26,240,3,238,..,73,21,96,0,96,..,988,52,1047,9,1057,..,536,108,639,3,643,..,106,5,105,0,109,..,376,74,444,3,453,..,228,25,254,0,254,..,2307,283,2587,24,2612,..,217,23,238,4,241,..,228,38,264,0,264,..,369,203,570
LGA34710,0,0,0,0,..,8,0,8,0,8,..,0,0,0,0,0,..,0,0,0,0,0,..,0,0,0,0,0,..,0,0,0,0,0,..,0,0,0,0,0,..,7,4,9,0,15,..,32,12,46,0,48,..,9,0,9,162,166,1583,39,12,52,158,1791,1667,..,..,..,..,1667,..,0,0,0,0,0,..,3,0,3,0,3,..,0,0,0,0,0,..,0,3,3,0,3,..,0,0,0,0,0,..,0,0,0,0,0,..,0,5,5,0,5,..,0,0,0,0,0,..,0,0,0,0,0,..,0,0,0,0,0,..,0,0,0,0,0,..,0,0,0,0,0,..,0,0,0,0,0,..,7,0,7,0,7,..,0,0,0,0,0,..,3,0,3,0,3,..,0,0,0,0,0,..,0,0,0,0,0,..,11,0,11,0,11,..,0,0,0,0,0,..,0,0,0,0,0,..,0,0,0
LGA34770,0,21,0,21,..,603,24,627,7,640,..,57,0,61,0,62,..,24,0,20,0,20,..,36,4,36,0,41,..,5,0,5,0,5,..,25,13,39,0,39,..,479,80,557,19,578,..,2620,258,2873,45,2920,..,161,7,165,5093,5257,50077,2774,269,3040,5138,58256,49543,..,..,..,..,49543,..,283,3,290,4,294,..,12,0,12,0,15,..,25,3,27,0,26,..,27,15,40,0,44,..,123,55,178,3,184,..,3,8,15,0,15,..,155,82,236,3,235,..,14,0,15,0,15,..,64,3,63,0,63,..,52,3,57,0,57,..,129,4,133,0,136,..,14,0,17,0,15,..,34,7,43,0,43,..,68,6,78,0,78,..,54,11,62,0,64,..,37,3,35,0,35,..,27,5,34,0,34,..,83,3,90,0,90,..,305,34,341,0,339,..,86,12,99,0,107,..,31,3,37,0,33,..,18,0,13
LGA34800,0,0,0,0,..,0,0,0,0,0,..,0,0,0,0,0,..,0,0,0,0,0,..,0,0,0,0,0,..,0,0,0,0,0,..,0,0,0,0,0,..,3,0,3,0,3,..,6,0,6,0,6,..,0,0,0,36,36,393,6,0,6,36,432,328,..,..,..,..,328,..,0,0,0,0,0,..,0,0,0,0,0,..,0,0,0,0,0,..,0,0,0,0,0,..,0,0,0,0,0,..,0,0,0,0,0,..,0,0,0,0,0,..,0,0,0,0,0,..,3,0,3,0,3,..,0,0,0,0,0,..,0,0,0,0,0,..,0,0,0,0,0,..,0,0,0,0,0,..,3,0,3,0,3,..,0,0,0,0,0,..,0,0,0,0,0,..,0,0,0,0,0,..,0,0,0,0,0,..,5,0,5,0,5,..,0,0,0,0,0,..,0,0,0,0,0,..,0,0,0
LGA34830,0,0,0,0,..,0,0,0,0,0,..,0,0,0,0,0,..,0,0,0,0,0,..,0,0,0,0,0,..,0,0,0,0,0,..,0,0,0,0,0,..,4,0,8,0,8,..,12,0,15,0,13,..,0,0,0,4,4,131,12,0,15,9,151,137,..,..,..,..,137,..,0,0,0,0,0,..,0,0,0,0,0,..,9,0,9,0,8,..,0,0,0,0,0,..,0,0,0,0,0,..,0,0,0,0,0,..,0,0,0,0,0,..,0,0,0,0,0,..,0,0,0,0,0,..,0,0,0,0,0,..,0,0,0,0,0,..,0,0,0,0,0,..,0,0,0,0,0,..,0,0,0,0,0,..,0,0,0,0,0,..,0,0,0,0,0,..,0,0,0,0,0,..,0,0,0,0,0,..,0,0,0,0,0,..,0,0,0,0,0,..,0,0,0,0,0,..,0,0,0
LGA34860,0,0,0,0,..,84,0,84,0,84,..,8,0,8,0,10,..,0,0,0,0,0,..,0,0,0,0,0,..,0,0,0,0,0,..,3,0,3,0,3,..,35,9,46,3,44,..,223,21,247,3,253,..,16,0,16,653,663,5599,237,21,262,656,6515,5365,..,..,..,..,5365,..,5,0,5,0,5,..,0,0,0,0,0,..,0,0,0,0,0,..,4,0,4,0,4,..,8,7,17,3,17,..,0,0,0,0,0,..,11,6,23,3,24,..,0,0,0,0,0,..,6,0,7,0,7,..,3,0,3,0,3,..,11,0,11,0,11,..,0,0,0,0,0,..,0,3,3,0,3,..,6,0,6,0,6,..,17,3,24,0,24,..,3,0,3,0,3,..,0,0,0,0,0,..,6,0,6,0,6,..,39,6,47,0,47,..,0,0,0,0,0,..,0,0,0,0,0,..,3,0,3
LGA34880,0,0,0,0,..,22,0,22,0,22,..,25,3,28,0,32,..,0,0,0,0,0,..,5,0,5,0,5,..,0,0,0,0,0,..,3,0,4,0,4,..,117,10,127,4,133,..,900,146,1048,14,1067,..,39,3,45,1945,1990,8253,942,148,1095,1964,11310,8080,..,..,..,..,8080,..,19,0,19,0,19,..,0,0,0,0,0,..,37,3,40,0,40,..,6,3,6,0,6,..,31,32,67,3,64,..,0,0,0,0,0,..,42,33,72,3,74,..,27,8,34,0,34,..,28,0,28,0,28,..,32,4,41,0,41,..,93,5,92,0,92,..,9,3,13,0,13,..,0,0,0,0,0,..,3,0,3,0,3,..,14,3,16,0,21,..,3,0,3,0,3,..,0,0,0,0,0,..,3,0,7,0,11,..,27,5,31,4,32,..,336,86,417,7,426,..,26,12,35,0,40,..,7,4,11
LGA35010,3,59,0,60,..,981,36,1018,5,1021,..,560,57,616,8,628,..,70,8,77,0,77,..,136,25,158,0,158,..,35,3,39,0,39,..,162,42,210,0,210,..,2418,413,2838,77,2909,..,11634,1538,13167,174,13341,..,515,39,552,11981,12528,182301,12147,1569,13718,12152,208170,189081,..,..,..,..,189081,..,856,12,868,8,878,..,201,59,259,4,257,..,73,0,71,4,74,..,291,93,389,0,390,..,726,386,1115,15,1131,..,59,28,86,3,93,..,1077,511,1592,21,1611,..,77,13,90,0,90,..,388,5,394,3,401,..,410,23,431,7,439,..,649,20,673,6,673,..,163,9,172,3,175,..,53,0,54,0,54,..,732,36,771,9,781,..,278,50,322,4,326,..,105,12,120,0,120,..,54,6,54,0,54,..,260,31,292,4,300,..,1488,140,1623,19,1640,..,545,51,598,9,604,..,315,73,383,0,382,..,174,120,296
LGA35250,0,0,0,0,..,4,0,4,0,4,..,0,0,0,0,0,..,0,0,0,0,0,..,0,0,0,0,0,..,0,0,0,0,0,..,0,0,0,0,0,..,6,0,5,3,12,..,50,3,50,21,75,..,3,0,3,33,36,454,49,0,54,54,563,464,..,..,..,..,464,..,0,0,0,0,0,..,0,0,0,0,0,..,30,3,32,24,50,..,0,0,0,0,0,..,0,0,0,0,0,..,0,0,0,0,0,..,0,0,0,0,0,..,0,0,0,0,0,..,0,0,0,0,0,..,0,0,0,0,0,..,0,0,0,0,0,..,0,0,0,0,0,..,0,0,0,0,0,..,0,0,0,0,0,..,0,0,0,0,0,..,0,0,0,0,0,..,0,0,0,0,0,..,0,0,0,0,0,..,0,0,0,0,0,..,0,0,0,0,0,..,0,0,0,0,0,..,0,0,0
LGA35300,3,5,0,5,..,131,9,139,0,139,..,16,0,18,0,18,..,21,0,21,0,21,..,3,0,3,0,3,..,0,0,0,0,0,..,4,0,4,0,4,..,232,18,249,3,250,..,691,58,746,16,758,..,35,9,42,1144,1188,7708,726,66,788,1160,9656,7144,..,..,..,..,7144,..,50,0,50,0,50,..,0,0,0,0,0,..,23,3,26,3,35,..,4,4,9,0,9,..,9,3,16,0,16,..,0,0,0,0,0,..,17,13,27,0,27,..,0,0,0,0,0,..,5,0,5,0,5,..,10,0,15,0,15,..,17,0,17,0,17,..,11,0,11,0,11,..,0,0,0,0,0,..,32,4,36,0,36,..,8,0,10,0,10,..,7,0,7,0,7,..,4,0,3,0,3,..,8,0,13,0,13,..,66,6,76,0,76,..,12,0,14,0,17,..,6,0,6,0,6,..,0,0,0
LGA35600,0,0,0,0,..,3,0,3,0,3,..,0,0,0,0,0,..,0,0,0,0,0,..,0,0,0,0,0,..,0,0,0,0,0,..,36,16,58,0,58,..,16,0,14,3,18,..,68,22,90,3,93,..,3,0,3,135,138,1902,68,22,94,138,2131,1933,..,..,..,..,1933,..,0,0,0,0,0,..,0,0,0,0,0,..,6,0,6,0,6,..,0,0,0,0,0,..,0,0,3,0,0,..,0,0,0,0,0,..,0,0,3,0,0,..,0,0,0,0,0,..,0,0,0,0,0,..,0,0,0,0,0,..,3,0,3,0,3,..,0,0,0,0,0,..,0,0,0,0,0,..,0,0,0,0,0,..,0,0,0,0,0,..,0,0,0,0,0,..,0,0,0,0,0,..,0,0,0,0,0,..,0,0,0,0,0,..,0,0,0,0,0,..,0,0,0,0,0,..,0,0,0
LGA35670,0,0,0,0,..,0,0,0,0,0,..,0,0,0,0,0,..,0,0,0,0,0,..,0,0,0,0,0,..,0,0,0,0,0,..,0,0,0,0,0,..,58,0,64,0,64,..,149,14,161,0,163,..,0,0,0,11,12,319,148,14,163,16,495,290,..,..,..,..,290,..,0,0,0,0,0,..,0,0,0,0,0,..,103,3,100,0,100,..,0,0,0,0,0,..,0,0,0,0,0,..,0,0,0,0,0,..,0,0,0,0,0,..,0,0,0,0,0,..,0,0,0,0,0,..,0,0,0,0,0,..,0,0,0,0,0,..,0,0,0,0,0,..,0,0,0,0,0,..,0,0,0,0,0,..,0,0,0,0,0,..,0,0,0,0,0,..,0,0,0,0,0,..,0,0,0,0,0,..,0,0,0,0,0,..,0,0,0,0,0,..,0,0,0,0,0,..,0,0,0
LGA35740,0,4,0,4,..,42,3,45,0,45,..,70,3,72,0,77,..,0,0,0,0,0,..,17,5,18,0,18,..,5,0,5,0,5,..,5,4,10,0,10,..,196,15,210,10,228,..,1052,77,1125,19,1146,..,82,6,84,1615,1699,22499,1132,79,1208,1635,25340,23646,..,..,..,..,23646,..,41,0,42,0,44,..,0,0,3,0,3,..,3,0,3,0,3,..,26,4,25,0,25,..,40,19,58,0,57,..,0,0,4,0,4,..,66,26,90,0,90,..,6,0,11,0,11,..,77,3,83,0,84,..,126,7,130,0,131,..,250,6,249,0,256,..,32,0,32,0,32,..,5,0,5,0,5,..,17,3,19,0,19,..,4,0,4,0,4,..,0,0,0,0,0,..,0,0,0,0,0,..,15,0,19,0,18,..,40,4,46,0,44,..,90,3,93,0,93,..,54,4,55,0,60,..,15,0,15
LGA35760,0,0,0,0,..,29,3,32,3,29,..,8,0,6,0,6,..,3,0,3,0,3,..,0,0,0,0,0,..,0,0,0,0,0,..,0,0,0,0,0,..,72,11,82,3,82,..,207,54,264,7,273,..,23,0,28,614,638,4439,233,58,289,621,5353,4361,..,..,..,..,4361,..,11,0,11,0,11,..,0,0,0,0,0,..,0,0,0,0,0,..,0,0,0,0,0,..,10,8,14,0,14,..,0,0,0,0,0,..,10,9,19,0,19,..,0,0,0,0,0,..,5,0,5,0,5,..,12,0,12,0,12,..,7,0,7,0,7,..,0,0,0,0,0,..,0,0,0,0,0,..,0,0,3,0,3,..,3,0,3,0,3,..,0,0,0,0,0,..,0,0,5,0,5,..,3,3,5,0,5,..,10,5,14,0,14,..,5,0,8,0,8,..,8,3,7,0,7,..,16,20,39
LGA35780,0,0,0,0,..,3,0,3,0,3,..,0,0,0,0,0,..,0,0,0,0,0,..,0,0,0,0,0,..,0,0,0,0,0,..,0,0,0,0,0,..,482,138,614,9,621,..,831,222,1051,14,1068,..,3,25,24,60,87,208,837,244,1078,75,1359,191,..,..,..,..,191,..,0,0,0,0,0,..,0,0,0,0,0,..,380,68,452,3,451,..,0,0,0,0,0,..,0,0,0,0,0,..,0,0,0,0,0,..,0,0,0,0,0,..,0,0,0,0,0,..,0,0,0,0,0,..,0,0,0,0,0,..,4,0,4,0,4,..,0,0,0,0,0,..,0,0,0,0,0,..,0,0,0,0,0,..,0,0,0,0,0,..,0,0,0,0,0,..,0,0,0,0,0,..,0,0,0,0,0,..,0,0,0,0,0,..,0,0,0,0,0,..,0,0,0,0,0,..,0,0,0
LGA35790,0,0,0,0,..,0,0,0,0,0,..,0,0,0,0,0,..,0,0,0,0,0,..,0,0,0,0,0,..,0,0,0,0,0,..,0,0,0,0,0,..,34,5,34,7,41,..,52,7,56,11,70,..,0,0,0,37,39,1100,52,10,57,50,1209,1136,..,..,..,..,1136,..,0,0,0,0,0,..,0,0,0,0,0,..,22,3,21,4,34,..,0,0,0,0,0,..,0,0,0,0,0,..,0,0,0,0,0,..,0,0,0,0,0,..,0,0,0,0,0,..,0,0,0,0,0,..,0,0,0,0,0,..,0,0,0,0,0,..,0,0,0,0,0,..,0,0,0,0,0,..,0,0,0,0,0,..,0,0,0,0,0,..,0,0,0,0,0,..,0,0,0,0,0,..,0,0,0,0,0,..,0,0,0,0,0,..,0,0,0,0,0,..,0,0,0,0,0,..,0,0,0
LGA35800,0,0,0,0,..,0,0,0,0,0,..,0,0,0,0,0,..,0,0,0,0,0,..,0,0,0,0,0,..,0,0,0,0,0,..,0,0,0,0,0,..,3,0,3,0,3,..,14,0,14,0,14,..,3,0,3,54,57,746,17,0,17,54,815,754,..,..,..,..,754,..,0,0,0,0,0,..,0,0,0,0,0,..,0,0,0,0,0,..,0,0,0,0,0,..,0,0,0,0,0,..,0,0,0,0,0,..,0,0,0,0,0,..,0,0,0,0,0,..,0,0,0,0,0,..,0,0,0,0,0,..,0,0,0,0,0,..,0,0,0,0,0,..,0,0,0,0,0,..,0,0,0,0,0,..,0,0,0,0,0,..,0,0,0,0,0,..,0,0,0,0,0,..,0,0,0,0,0,..,0,0,0,0,0,..,0,0,0,0,0,..,0,0,0,0,0,..,0,0,0
LGA36070,0,0,0,0,..,0,0,0,0,0,..,0,0,0,0,0,..,0,0,0,0,0,..,0,0,0,0,0,..,0,0,0,0,0,..,0,0,0,0,0,..,0,0,3,0,3,..,212,3,219,3,217,..,3,0,6,9,12,136,215,6,219,14,375,136,..,..,..,..,136,..,0,0,0,0,0,..,0,0,0,0,0,..,225,5,226,3,225,..,0,0,0,0,0,..,0,0,0,0,0,..,0,0,0,0,0,..,0,0,0,0,0,..,0,0,0,0,0,..,0,0,0,0,0,..,0,0,0,0,0,..,0,0,0,0,0,..,0,0,0,0,0,..,0,0,0,0,0,..,0,0,0,0,0,..,0,0,0,0,0,..,0,0,0,0,0,..,0,0,0,0,0,..,0,0,0,0,0,..,0,0,0,0,0,..,0,0,0,0,0,..,0,0,0,0,0,..,0,0,0
LGA36150,0,0,0,0,..,0,0,0,0,0,..,0,0,0,0,0,..,0,0,0,0,0,..,0,0,0,0,0,..,0,0,0,0,0,..,0,0,0,0,0,..,0,0,0,0,0,..,4,0,4,0,4,..,0,0,0,25,25,410,4,0,4,25,436,355,..,..,..,..,355,..,0,0,0,0,0,..,0,0,0,0,0,..,0,0,0,0,0,..,0,0,0,0,0,..,0,0,0,0,0,..,0,0,0,0,0,..,0,0,0,0,0,..,0,0,0,0,0,..,0,0,0,0,0,..,0,0,0,0,0,..,0,0,0,0,0,..,0,0,0,0,0,..,0,0,0,0,0,..,0,0,0,0,0,..,0,0,0,0,0,..,0,0,0,0,0,..,0,0,0,0,0,..,0,0,0,0,0,..,0,0,0,0,0,..,0,0,0,0,0,..,0,0,0,0,0,..,0,0,0
LGA36250,0,22,0,22,..,216,10,223,3,231,..,169,20,193,3,195,..,31,0,31,0,30,..,41,5,48,3,51,..,24,0,28,0,32,..,66,15,83,0,80,..,818,140,954,9,969,..,3942,421,4363,51,4418,..,159,16,175,3018,3194,64379,4100,441,4544,3068,71985,66374,..,..,..,..,66374,..,375,3,378,3,383,..,74,13,88,0,91,..,26,0,26,0,26,..,115,32,148,0,151,..,337,85,421,8,430,..,15,0,16,0,16,..,469,119,583,10,591,..,95,10,105,3,106,..,186,3,190,0,190,..,167,10,176,3,180,..,277,6,282,4,281,..,157,9,163,0,164,..,7,0,7,0,7,..,132,7,137,0,133,..,136,18,147,0,155,..,51,3,55,0,55,..,19,3,21,0,21,..,70,3,74,0,74,..,409,32,440,6,441,..,205,20,221,9,226,..,121,13,135,0,135,..,47,6,56
LGA36300,0,0,0,0,..,0,0,0,0,0,..,0,0,0,0,0,..,0,0,0,0,0,..,0,0,0,0,0,..,0,0,0,0,0,..,0,0,0,0,0,..,0,0,0,0,0,..,10,0,10,0,10,..,3,0,5,38,39,365,7,0,13,38,410,345,..,..,..,..,345,..,0,0,0,0,0,..,0,0,0,0,0,..,0,0,0,0,0,..,0,0,0,0,0,..,0,0,0,0,0,..,0,0,0,0,0,..,0,0,0,0,0,..,0,0,0,0,0,..,0,0,0,0,0,..,0,0,0,0,0,..,0,0,0,0,0,..,0,0,0,0,0,..,0,0,0,0,0,..,3,0,3,0,3,..,0,0,0,0,0,..,0,0,0,0,0,..,0,0,0,0,0,..,0,0,0,0,0,..,3,0,3,0,3,..,0,0,0,0,0,..,0,0,0,0,0,..,0,0,0
LGA36370,3,28,0,28,..,287,16,303,4,303,..,26,4,30,0,30,..,82,71,150,0,150,..,20,0,26,0,24,..,4,0,4,0,4,..,102,99,205,0,206,..,453,207,658,15,668,..,1830,496,2324,26,2353,..,111,4,115,2880,2993,34060,1942,500,2439,2914,39402,35461,..,..,..,..,35461,..,93,0,93,0,93,..,7,3,14,0,14,..,63,3,71,3,70,..,39,15,57,0,54,..,99,27,128,0,130,..,4,0,8,0,8,..,145,40,186,4,191,..,3,0,3,0,3,..,15,0,15,0,15,..,28,3,28,0,28,..,51,3,52,0,52,..,10,0,11,0,13,..,46,7,52,0,50,..,66,0,68,0,68,..,72,5,74,4,82,..,52,3,55,0,56,..,11,4,17,0,17,..,88,11,94,0,94,..,336,31,361,5,366,..,13,0,13,0,13,..,27,0,29,0,29,..,29,12,40
LGA36510,0,4,0,4,..,23,0,23,0,23,..,29,0,29,0,29,..,0,0,0,0,0,..,8,3,9,0,9,..,0,0,0,0,0,..,6,0,6,0,6,..,100,14,112,3,114,..,506,70,577,9,579,..,50,0,49,1639,1687,17496,552,69,622,1643,19761,18143,..,..,..,..,18143,..,29,0,27,0,27,..,3,0,3,0,3,..,10,0,10,0,10,..,4,0,5,0,5,..,17,9,26,0,23,..,0,0,0,0,0,..,23,8,28,0,30,..,7,0,7,0,7,..,34,0,36,0,34,..,41,0,41,0,41,..,102,3,105,0,105,..,7,0,7,0,10,..,0,0,0,0,0,..,5,0,8,0,8,..,19,0,20,0,20,..,3,0,3,0,3,..,0,0,0,0,3,..,4,0,5,0,5,..,30,3,30,0,37,..,15,0,17,0,17,..,44,4,52,0,52,..,6,31,38
LGA36580,8,28,0,28,..,147,17,170,7,172,..,12,3,11,0,11,..,0,0,0,0,0,..,4,3,5,0,5,..,0,0,0,0,0,..,22,24,42,0,42,..,39,17,54,0,54,..,395,96,490,10,497,..,33,3,34,968,1000,10881,425,96,525,972,12381,10735,..,..,..,..,10735,..,17,0,17,0,17,..,3,0,4,0,4,..,0,0,0,0,0,..,0,0,0,0,0,..,25,15,38,0,38,..,3,0,3,0,3,..,24,15,44,0,44,..,3,0,3,0,3,..,14,0,14,0,14,..,14,0,14,0,12,..,56,0,56,0,56,..,5,0,6,0,6,..,0,0,0,0,0,..,6,0,6,0,6,..,3,0,4,0,4,..,0,0,0,0,0,..,0,0,0,0,0,..,0,0,0,0,0,..,11,0,12,0,12,..,8,0,8,0,11,..,3,0,7,0,7,..,9,0,11
LGA36630,0,3,0,3,..,60,0,63,0,63,..,7,0,7,0,7,..,0,0,0,0,0,..,5,0,3,0,3,..,0,0,0,0,0,..,12,0,14,0,14,..,50,14,66,5,64,..,308,28,332,5,338,..,67,12,74,1241,1323,14452,374,34,414,1246,16111,14514,..,..,..,..,14514,..,26,0,25,0,25,..,6,0,4,0,4,..,4,0,4,0,9,..,9,0,6,0,6,..,16,3,20,0,24,..,0,0,0,0,0,..,19,10,29,0,33,..,3,0,3,0,3,..,15,0,15,0,15,..,20,3,23,0,23,..,35,0,35,0,35,..,4,0,4,0,4,..,3,0,3,0,3,..,10,0,10,0,10,..,4,0,4,0,4,..,10,0,10,0,10,..,0,0,0,0,0,..,9,3,10,0,10,..,33,3,36,0,36,..,5,0,5,0,5,..,5,0,5,0,5,..,0,0,0
LGA36660,0,6,0,6,..,34,0,34,0,34,..,21,3,23,0,23,..,3,0,3,0,3,..,9,0,10,0,10,..,3,0,3,0,3,..,8,3,12,0,12,..,92,28,119,4,122,..,578,122,694,13,710,..,70,4,77,1028,1103,15473,646,124,776,1041,17285,15953,..,..,..,..,15953,..,21,0,21,0,21,..,5,0,4,0,4,..,4,0,4,0,4,..,5,3,14,0,14,..,42,26,65,0,65,..,0,4,5,0,5,..,46,30,79,0,79,..,15,4,15,0,18,..,20,0,22,0,22,..,21,0,21,0,25,..,53,9,64,0,64,..,6,0,4,0,4,..,0,0,0,0,0,..,15,0,15,0,16,..,8,0,8,0,8,..,0,0,0,0,0,..,3,0,3,0,3,..,5,0,4,0,4,..,34,4,43,0,39,..,145,41,190,3,196,..,6,4,9,0,9,..,19,14,32
LGA36720,0,27,0,27,..,277,11,292,3,296,..,280,14,292,4,293,..,27,0,23,0,23,..,124,22,143,0,138,..,17,0,23,0,22,..,77,24,100,0,100,..,1132,187,1324,26,1349,..,5869,610,6478,76,6557,..,364,29,390,8078,8474,126940,6230,639,6871,8154,141965,135631,..,..,..,..,135631,..,411,0,413,4,418,..,47,10,55,0,55,..,20,0,20,0,20,..,125,34,165,3,164,..,361,112,473,11,481,..,18,7,27,0,27,..,507,152,660,11,671,..,49,4,58,0,58,..,401,5,404,0,404,..,457,13,471,3,477,..,819,26,848,8,859,..,115,13,125,4,135,..,15,4,20,0,21,..,112,4,123,0,122,..,154,17,168,3,173,..,46,4,45,0,45,..,35,3,39,0,39,..,216,17,234,3,240,..,580,55,635,7,638,..,370,33,400,4,411,..,265,39,302,3,303,..,139,64,195
LGA36820,0,4,0,4,..,11,0,18,0,18,..,8,0,8,0,7,..,0,0,0,0,0,..,11,0,11,0,11,..,0,0,0,0,0,..,0,0,0,0,0,..,71,27,97,11,108,..,419,50,467,19,484,..,41,3,41,1003,1043,10688,457,52,505,1023,12214,10976,..,..,..,..,10976,..,9,0,9,0,9,..,3,0,3,0,3,..,26,0,28,3,30,..,6,0,8,0,8,..,13,4,15,4,21,..,0,0,0,0,0,..,17,6,20,4,26,..,3,0,3,0,3,..,31,0,27,0,27,..,14,0,18,0,18,..,78,0,77,0,77,..,3,0,3,0,3,..,0,0,0,0,0,..,3,0,3,0,3,..,4,0,4,0,4,..,0,0,0,0,0,..,0,0,0,0,0,..,6,0,4,0,4,..,15,0,11,0,11,..,91,18,108,0,113,..,22,5,26,0,26,..,7,3,6
LGA36910,0,39,0,39,..,395,9,406,5,407,..,118,5,121,0,121,..,72,4,77,0,76,..,34,4,42,0,38,..,11,0,12,0,12,..,47,5,53,0,53,..,1326,292,1620,24,1641,..,4451,687,5140,55,5191,..,176,14,193,5150,5341,67638,4634,696,5328,5207,78166,71904,..,..,..,..,71904,..,230,3,231,0,234,..,301,106,403,5,410,..,47,0,48,0,48,..,74,32,108,0,110,..,327,140,476,3,481,..,26,6,35,0,35,..,429,181,613,5,617,..,20,3,24,0,24,..,81,8,87,0,87,..,99,8,100,0,100,..,149,4,150,4,153,..,31,6,36,0,39,..,60,4,67,0,67,..,115,0,117,0,118,..,105,19,127,3,133,..,120,12,130,0,130,..,29,3,35,0,33,..,197,18,221,3,226,..,630,59,685,14,701,..,93,4,96,0,99,..,69,7,80,0,80,..,74,23,98
LGA36950,0,0,0,0,..,0,0,0,0,0,..,3,0,3,0,3,..,0,0,0,0,0,..,0,0,0,0,0,..,0,0,0,0,0,..,0,0,0,0,0,..,28,5,37,4,40,..,656,119,767,40,810,..,14,4,20,276,299,682,668,124,788,313,1788,653,..,..,..,..,653,..,3,0,3,0,3,..,0,0,0,0,0,..,698,73,770,36,808,..,0,0,3,0,3,..,0,0,0,0,0,..,0,0,0,0,0,..,3,0,3,0,3,..,0,0,0,0,0,..,0,0,0,0,0,..,4,0,4,0,4,..,0,0,0,0,0,..,0,0,0,0,0,..,0,0,0,0,0,..,0,0,0,0,0,..,3,0,3,0,3,..,0,0,0,0,0,..,0,0,0,0,0,..,0,0,0,0,0,..,7,0,7,0,7,..,3,0,3,0,3,..,3,0,3,0,7,..,0,0,0
LGA36960,0,0,0,0,..,0,0,0,0,0,..,0,0,0,0,0,..,0,0,0,0,0,..,0,0,0,0,0,..,0,0,0,0,0,..,0,0,0,0,0,..,60,13,79,0,77,..,1570,299,1868,96,1960,..,10,9,21,184,201,126,1585,304,1887,279,2295,114,..,..,..,..,114,..,0,0,0,0,0,..,0,0,0,0,0,..,1542,247,1787,83,1874,..,0,0,0,0,0,..,0,0,0,0,0,..,0,0,0,0,0,..,0,0,0,0,0,..,0,0,0,0,0,..,3,0,3,0,3,..,0,0,0,0,0,..,3,0,3,0,3,..,0,0,0,0,0,..,0,0,0,0,0,..,0,0,0,0,0,..,0,0,0,0,0,..,0,0,0,0,0,..,0,0,0,0,0,..,0,0,0,0,0,..,0,0,0,0,0,..,0,0,0,0,0,..,0,0,0,0,0,..,0,0,0
LGA37010,4,43,0,39,..,546,27,570,3,576,..,182,13,196,6,198,..,88,3,92,3,100,..,68,15,85,0,85,..,9,4,7,0,7,..,123,41,162,0,163,..,1555,342,1899,46,1940,..,5451,728,6177,93,6270,..,221,17,242,7724,7970,79112,5672,740,6414,7823,93352,79963,..,..,..,..,79963,..,226,0,224,0,224,..,91,18,109,0,109,..,235,10,245,6,250,..,137,42,178,0,178,..,241,66,309,3,310,..,14,0,13,0,13,..,389,107,495,5,500,..,18,0,22,0,22,..,78,3,82,0,82,..,145,12,159,0,159,..,281,10,290,4,294,..,161,31,194,3,195,..,42,0,42,0,42,..,142,7,151,0,151,..,92,18,113,0,114,..,87,4,87,0,87,..,39,0,43,0,43,..,123,29,153,0,153,..,529,56,590,0,589,..,386,36,417,4,426,..,133,8,141,0,142,..,100,37,133
LGA37300,0,3,0,3,..,13,0,13,0,13,..,0,0,0,0,0,..,4,0,4,0,4,..,0,4,4,0,4,..,0,0,0,0,0,..,0,0,0,0,0,..,49,11,58,0,62,..,143,22,160,3,163,..,11,0,12,207,217,1720,153,19,168,211,2097,1461,..,..,..,..,1461,..,3,0,3,0,3,..,0,0,0,0,0,..,40,5,40,3,43,..,0,0,0,0,0,..,9,0,9,0,9,..,0,0,0,0,0,..,5,0,5,0,5,..,0,0,0,0,0,..,7,0,7,0,7,..,0,0,0,0,0,..,0,0,0,0,0,..,0,0,0,0,0,..,0,0,0,0,0,..,0,0,0,0,0,..,0,0,0,0,0,..,0,0,0,0,0,..,0,0,0,0,0,..,0,0,0,0,0,..,0,0,0,0,0,..,0,0,0,0,0,..,3,0,3,0,3,..,0,0,0
LGA37310,0,5,0,5,..,177,0,180,0,184,..,18,3,24,0,24,..,5,3,11,0,11,..,0,0,3,0,3,..,0,0,3,0,3,..,5,0,5,0,12,..,87,18,107,4,110,..,557,44,600,5,608,..,38,0,39,1889,1926,14593,595,43,641,1892,17128,14066,..,..,..,..,14066,..,49,0,49,0,46,..,0,0,4,0,4,..,8,0,8,0,8,..,10,0,11,0,11,..,8,3,11,0,11,..,0,0,0,0,0,..,17,4,19,0,19,..,0,0,0,0,0,..,3,0,3,0,3,..,3,0,3,0,9,..,18,0,18,0,18,..,3,0,3,0,3,..,0,0,0,0,0,..,19,0,19,0,14,..,21,9,27,0,24,..,3,0,3,0,3,..,0,0,3,0,3,..,18,6,25,0,25,..,67,12,78,3,77,..,3,0,3,0,3,..,5,0,3,0,3,..,5,3,8
LGA37340,0,3,0,3,..,86,0,92,3,95,..,34,0,37,0,40,..,9,0,9,0,9,..,18,0,17,0,17,..,17,0,14,0,14,..,29,7,36,0,37,..,124,20,150,0,149,..,774,203,978,10,985,..,66,0,65,2292,2359,14147,835,206,1044,2304,17495,13218,..,..,..,..,13218,..,31,0,29,0,29,..,8,0,8,0,8,..,22,0,22,0,22,..,15,3,20,0,20,..,83,79,169,0,168,..,0,5,4,0,4,..,103,91,196,0,199,..,0,0,0,0,0,..,23,0,24,0,24,..,38,3,40,0,40,..,77,3,79,0,76,..,11,0,12,0,12,..,0,0,0,0,0,..,8,0,8,0,8,..,14,3,22,0,22,..,9,0,9,0,9,..,6,0,6,0,5,..,10,0,10,0,10,..,42,3,48,0,48,..,38,3,38,3,44,..,40,12,49,0,49,..,30,35,67
LGA37400,0,0,0,0,..,0,0,0,0,0,..,0,0,0,0,0,..,0,0,0,0,0,..,0,0,0,0,0,..,0,0,0,0,0,..,0,0,0,0,0,..,0,0,0,0,0,..,7,0,10,0,7,..,3,0,3,60,65,517,11,0,12,58,590,482,..,..,..,..,482,..,0,0,0,0,0,..,0,0,0,0,0,..,0,0,0,0,0,..,0,0,0,0,0,..,0,0,0,0,0,..,0,0,0,0,0,..,0,0,0,0,0,..,0,0,0,0,0,..,0,0,0,0,0,..,0,0,0,0,0,..,0,0,0,0,0,..,0,0,0,0,0,..,0,0,0,0,0,..,0,0,0,0,0,..,0,0,0,0,0,..,0,0,0,0,0,..,0,0,0,0,0,..,0,0,0,0,0,..,0,0,0,0,0,..,0,0,3,0,3,..,0,0,0,0,0,..,0,0,0
LGA37550,0,0,0,0,..,0,0,0,0,0,..,0,0,0,0,0,..,0,0,0,0,0,..,0,0,0,0,0,..,0,0,0,0,0,..,0,0,0,0,0,..,0,0,0,0,0,..,39,0,41,4,47,..,3,0,3,30,35,395,43,0,43,36,470,429,..,..,..,..,429,..,0,0,0,0,0,..,0,0,0,0,0,..,39,0,39,3,41,..,0,0,0,0,0,..,0,0,0,0,0,..,0,0,0,0,0,..,0,0,0,0,0,..,0,0,0,0,0,..,0,0,0,0,0,..,0,0,0,0,0,..,0,0,0,0,0,..,0,0,0,0,0,..,0,0,0,0,0,..,0,0,0,0,0,..,0,0,0,0,0,..,0,0,0,0,0,..,0,0,0,0,0,..,0,0,0,0,0,..,0,0,0,0,0,..,0,0,0,0,0,..,0,0,0,0,0,..,0,0,0
LGA37570,0,0,0,0,..,0,0,0,0,0,..,0,0,0,0,0,..,0,0,0,0,0,..,0,0,0,0,0,..,0,0,0,0,0,..,0,0,0,0,0,..,3,0,3,0,3,..,78,3,80,0,81,..,0,0,0,4,3,47,75,3,80,5,131,43,..,..,..,..,43,..,0,0,0,0,0,..,0,0,0,0,0,..,100,3,101,3,104,..,0,0,0,0,0,..,0,0,0,0,0,..,0,0,0,0,0,..,0,0,0,0,0,..,0,0,0,0,0,..,0,0,0,0,0,..,0,0,0,0,0,..,0,0,0,0,0,..,0,0,0,0,0,..,0,0,0,0,0,..,0,0,0,0,0,..,0,0,0,0,0,..,0,0,0,0,0,..,0,0,0,0,0,..,0,0,0,0,0,..,0,0,0,0,0,..,0,0,0,0,0,..,0,0,0,0,0,..,0,0,0
LGA37600,0,0,0,0,..,0,0,0,0,0,..,0,0,0,0,0,..,0,0,0,0,0,..,0,0,0,0,0,..,0,0,0,0,0,..,0,0,0,0,0,..,0,3,3,0,3,..,120,9,129,19,148,..,4,0,4,43,41,1087,123,9,134,58,1278,1075,..,..,..,..,1075,..,0,0,0,0,0,..,0,0,0,0,0,..,126,11,136,21,153,..,0,0,0,0,0,..,0,0,0,0,0,..,0,0,0,0,0,..,0,0,0,0,0,..,0,0,0,0,0,..,0,0,0,0,0,..,0,0,0,0,0,..,0,0,0,0,0,..,0,0,0,0,0,..,0,0,0,0,0,..,0,0,0,0,0,..,0,0,0,0,0,..,0,0,0,0,0,..,0,0,0,0,0,..,0,0,0,0,0,..,0,0,0,0,0,..,0,0,0,0,0,..,0,0,0,0,0,..,0,0,0
LGA39499,0,3,0,11,..,15,0,19,0,24,..,28,3,30,0,30,..,0,0,0,0,0,..,3,0,5,0,5,..,0,0,0,0,0,..,4,3,13,0,13,..,117,15,131,9,136,..,512,115,619,16,636,..,20,6,29,1515,1542,4759,530,118,650,1532,6937,3934,..,..,..,..,3934,..,4,0,4,0,4,..,7,0,6,0,6,..,11,0,11,0,11,..,20,4,26,0,24,..,78,50,129,0,131,..,3,7,10,0,10,..,101,59,163,3,161,..,0,0,0,0,0,..,27,0,26,0,26,..,46,7,56,0,56,..,37,3,39,0,40,..,3,0,4,0,4,..,0,0,0,0,0,..,10,0,11,0,11,..,6,0,6,0,6,..,7,0,7,0,7,..,0,0,0,0,0,..,4,0,4,0,4,..,25,0,29,0,29,..,21,3,27,0,27,..,11,5,12,0,19,..,10,13,25
LGA39799,0,0,0,0,..,0,0,0,0,0,..,0,0,0,0,0,..,0,0,0,0,0,..,0,0,0,0,0,..,0,0,0,0,0,..,0,0,0,0,0,..,0,0,0,0,0,..,7,0,7,0,7,..,0,0,0,6,6,56,7,0,7,6,66,56,..,..,..,..,56,..,0,0,0,0,0,..,0,0,0,0,0,..,0,0,0,0,0,..,0,0,0,0,0,..,0,0,0,0,0,..,0,0,0,0,0,..,0,0,0,0,0,..,0,0,0,0,0,..,0,0,0,0,0,..,0,0,0,0,0,..,0,0,0,0,0,..,0,0,0,0,0,..,0,0,0,0,0,..,0,0,0,0,0,..,0,0,0,0,0,..,0,0,0,0,0,..,0,0,0,0,0,..,0,0,0,0,0,..,0,0,0,0,0,..,3,0,3,0,3,..,0,0,0,0,0,..,0,0,0
