LGA_CODE_2016,F_GrDi_GrCer_GrDi_Mng,F_GrDi_GrCer_GrDi_Pro,F_GrDi_GrCer_GrDi_TTW,F_GrDi_GrCer_GrDi_CPS,F_GrDi_GrCer_GrDi_CA,F_GrDi_GrCer_GrDi_Sal,F_GrDi_GrCer_GrDi_MOD,F_GrDi_GrCer_GrDi_Lab,F_GrDi_GrCer_GrDi_IDNS,F_GrDi_GrCer_GrDi_Tot,F_GrDi_GrCer_GradCer_Mng,F_GrDi_GrCer_GradCer_Pro,F_GrDi_GrCer_GradCer_TTW,F_GrDi_GrCer_GradCer_CPS,F_GrDi_GrCer_GradCer_CA,F_GrDi_GrCer_GradCer_Sal,F_GrDi_GrCer_GradCer_MOD,F_GrDi_GrCer_GradCer_Lab,F_GrDi_GrCer_GradCer_IDNS,F_GrDi_GrCer_GradCer_Tot,F_BaDe_BaDe_Mng,F_BaDe_BaDe_Pro,F_BaDe_BaDe_TTW,F_BaDe_BaDe_CPS,F_BaDe_BaDe_CA,F_BaDe_BaDe_Sal,F_BaDe_BaDe_MOD,F_BaDe_BaDe_Lab,F_BaDe_BaDe_IDNS,F_BaDe_BaDe_Tot,F_AdvDi_Di_AdvDi_Di_NFD_Mng,F_AdvDi_Di_AdvDi_Di_NFD_Pro,F_AdvDi_Di_AdvDi_Di_NFD_TTW,F_AdvDi_Di_AdvDi_Di_NFD_CPS,F_AdvDi_Di_AdvDi_Di_NFD_CA,F_AdvDi_Di_AdvDi_Di_NFD_Sal,F_AdvDi_Di_AdvDi_Di_NFD_MOD,F_AdvDi_Di_AdvDi_Di_NFD_Lab,F_AdvDi_Di_AdvDi_Di_NFD_IDNS,F_AdvDi_Di_AdvDi_Di_NFD_Tot,F_AdvDi_Di_AdvDi_AsDe_Mng,F_AdvDi_Di_AdvDi_AsDe_Pro,F_AdvDi_Di_AdvDi_AsDe_TTW,F_AdvDi_Di_AdvDi_AsDe_CPS,F_AdvDi_Di_AdvDi_AsDe_CA,F_AdvDi_Di_AdvDi_AsDe_Sal,F_AdvDi_Di_AdvDi_AsDe_MOD,F_AdvDi_Di_AdvDi_AsDe_Lab,F_AdvDi_Di_AdvDi_AsDe_IDNS,F_AdvDi_Di_AdvDi_AsDe_Tot,F_AdvDi_Di_Dip_Mng,F_AdvDi_Di_Dip_Pro,F_AdvDi_Di_Dip_TTW,F_AdvDi_Di_Dip_CPS,F_AdvDi_Di_Dip_CA,F_AdvDi_Di_Dip_Sal,F_AdvDi_Di_Dip_MOD,F_AdvDi_Di_Dip_Lab,F_AdvDi_Di_Dip_IDNS,F_AdvDi_Di_Dip_Tot,F_Cert_CertIII_IV_Mng,F_Cert_CertIII_IV_Pro,F_Cert_CertIII_IV_TTW,F_Cert_CertIII_IV_CPS,F_Cert_CertIII_IV_CA,F_Cert_CertIII_IV_Sal,F_Cert_CertIII_IV_MOD,F_Cert_CertIII_IV_Lab,F_Cert_CertIII_IV_IDNS,F_Cert_CertIII_IV_Tot,F_Cert_CertI_II_Mng,F_Cert_CertI_II_Pro,F_Cert_CertI_II_TTW,F_Cert_CertI_II_CPS,F_Cert_CertI_II_CA,F_Cert_CertI_II_Sal,F_Cert_CertI_II_MOD,F_Cert_CertI_II_Lab,F_Cert_CertI_II_IDNS,F_Cert_CertI_II_Tot,F_Cert_Cert_nfd_Mng,F_Cert_Cert_nfd_Pro,F_Cert_Cert_nfd_TTW,F_Cert_Cert_nfd_CPS,F_Cert_Cert_nfd_CA,F_Cert_Cert_nfd_Sal,F_Cert_Cert_nfd_MOD,F_Cert_Cert_nfd_Lab,F_Cert_Cert_nfd_IDNS,F_Cert_Cert_nfd_Tot,F_LE_ID_Mng,F_LE_ID_Pro,F_LE_ID_TTW,F_LE_ID_CPS,F_LE_ID_CA,F_LE_ID_Sal,F_LE_ID_MOD,F_LE_ID_Lab,F_LE_ID_IDNS,F_LE_ID_Tot,F_LE_NS_Mng,F_LE_NS_Pro,F_LE_NS_TTW,F_LE_NS_CPS,F_LE_NS_CA,F_LE_NS_Sal,F_LE_NS_MOD,F_LE_NS_Lab,F_LE_NS_IDNS,F_LE_NS_Tot,F_Tot_Mng,F_Tot_Pro,F_Tot_TTW,F_Tot_CPS,F_Tot_CA,F_Tot_Sal,F_Tot_MOD,F_Tot_Lab,F_Tot_IDNS,F_Tot_Tot,P_PoDe_PoDe_NFD_Mng,P_PoDe_PoDe_NFD_Pro,P_PoDe_PoDe_NFD_TTW,P_PoDe_PoDe_NFD_CPS,P_PoDe_PoDe_NFD_CA,P_PoDe_PoDe_NFD_Sal,P_PoDe_PoDe_NFD_MOD,P_PoDe_PoDe_NFD_Lab,P_PoDe_PoDe_NFD_IDNS,P_PoDe_PoDe_NFD_Tot,P_PoDe_DoctDe_Mng,P_PoDe_DoctDe_Pro,P_PoDe_DoctDe_TTW,P_PoDe_DoctDe_CPS,P_PoDe_DoctDe_CA,P_PoDe_DoctDe_Sal,P_PoDe_DoctDe_MOD,P_PoDe_DoctDe_Lab,P_PoDe_DoctDe_IDNS,P_PoDe_DoctDe_Tot,P_PoDe_MasDe_Mng,P_PoDe_MasDe_Pro,P_PoDe_MasDe_TTW,P_PoDe_MasDe_CPS,P_PoDe_MasDe_CA,P_PoDe_MasDe_Sal,P_PoDe_MasDe_MOD,P_PoDe_MasDe_Lab,P_PoDe_MasDe_IDNS,P_PoDe_MasDe_Tot,P_GrDiGrCer_GrDiGrCerNFD_Mng,P_GrDiGrCer_GrDiGrCerNFD_Pro,P_GrDiGrCer_GrDiGrCerNFD_TTW,P_GrDiGrCer_GrDiGrCerNFD_CPS,P_GrDiGrCer_GrDiGrCerNFD_CA,P_GrDiGrCer_GrDiGrCerNFD_Sal,P_GrDiGrCer_GrDiGrCerNFD_MOD,P_GrDiGrCer_GrDiGrCerNFD_Lab,P_GrDiGrCer_GrDiGrCerNFD_IDNS,P_GrDiGrCer_GrDiGrCerNFD_Tot,P_GrDi_GrCer_GrDi_Mng,P_GrDi_GrCer_GrDi_Pro,P_GrDi_GrCer_GrDi_TTW,P_GrDi_GrCer_GrDi_CPS,P_GrDi_GrCer_GrDi_CA,P_GrDi_GrCer_GrDi_Sal,P_GrDi_GrCer_GrDi_MOD,P_GrDi_GrCer_GrDi_Lab,P_GrDi_GrCer_GrDi_IDNS,P_GrDi_GrCer_GrDi_Tot,P_GrDi_GrCer_GradCer_Mng,P_GrDi_GrCer_GradCer_Pro,P_GrDi_GrCer_GradCer_TTW,P_GrDi_GrCer_GradCer_CPS,P_GrDi_GrCer_GradCer_CA,P_GrDi_GrCer_GradCer_Sal,P_GrDi_GrCer_GradCer_MOD,P_GrDi_GrCer_GradCer_Lab,P_GrDi_GrCer_GradCer_IDNS,P_GrDi_GrCer_GradCer_Tot,P_BaDe_BaDe_Mng,P_BaDe_BaDe_Pro,P_BaDe_BaDe_TTW,P_BaDe_BaDe_CPS,P_BaDe_BaDe_CA,P_BaDe_BaDe_Sal,P_BaDe_BaDe_MOD,P_BaDe_BaDe_Lab,P_BaDe_BaDe_IDNS,P_BaDe_BaDe_Tot,P_AdvDi_Di_AdvDi_Di_NFD_Mng,P_AdvDi_Di_AdvDi_Di_NFD_Pro,P_AdvDi_Di_AdvDi_Di_NFD_TTW,P_AdvDi_Di_AdvDi_Di_NFD_CPS,P_AdvDi_Di_AdvDi_Di_NFD_CA,P_AdvDi_Di_AdvDi_Di_NFD_Sal,P_AdvDi_Di_AdvDi_Di_NFD_MOD,P_AdvDi_Di_AdvDi_Di_NFD_Lab,P_AdvDi_Di_AdvDi_Di_NFD_IDNS,P_AdvDi_Di_AdvDi_Di_NFD_Tot
LGA30250,0,0,0,0,0,0,0,0,0,0,0,0,0,0,0,0,0,0,0,0,0,5,0,3,0,0,0,0,0,11,0,0,0,0,0,0,0,0,0,0,0,0,0,0,0,0,0,0,0,7,0,0,0,3,4,0,0,0,0,10,0,3,3,3,3,0,0,3,0,13,0,0,0,3,0,0,0,0,0,5,0,0,0,0,0,0,0,0,0,0,0,0,0,0,0,0,0,0,0,0,0,0,0,4,0,0,0,0,0,6,3,18,3,16,10,3,0,3,0,58,0,0,0,0,0,0,0,0,0,0,0,0,0,0,0,0,0,0,0,0,0,0,0,0,0,0,0,0,0,3,0,0,0,0,0,0,0,0,0,0,0,0,0,0,0,0,0,0,0,0,0,0,0,0,0,0,0,0,0,0,3,11,0,3,4,0,0,0,0,22,0,0,0,0,0,0,0,0,0,0
LGA30300,3,14,0,6,0,0,0,0,0,21,0,3,0,0,0,0,0,0,0,3,40,117,0,7,21,4,0,0,0,191,0,0,0,0,0,0,0,0,0,0,15,12,0,3,16,3,0,3,0,57,21,4,0,22,16,7,0,11,0,82,15,7,9,34,36,6,0,5,0,120,3,0,0,4,3,4,0,7,0,21,0,0,0,3,3,3,0,0,0,18,0,0,0,3,0,0,0,0,0,4,9,0,0,4,0,12,0,3,7,32,109,174,15,87,97,37,5,33,5,562,0,0,0,0,0,0,0,0,0,0,0,3,0,0,0,0,0,0,0,3,5,11,0,4,0,3,0,0,0,23,0,0,0,0,0,0,0,0,0,0,5,12,0,6,0,0,0,0,0,31,0,3,0,0,0,0,0,0,0,3,71,141,3,15,22,7,0,8,0,275,0,0,0,0,0,0,0,0,0,3
LGA30370,10,41,0,7,7,3,0,0,0,66,0,3,0,0,0,0,0,0,0,6,75,292,10,32,56,10,0,6,3,483,0,0,0,0,0,0,0,0,0,3,32,29,6,12,22,0,7,7,3,107,26,27,5,47,42,10,4,11,0,175,56,27,53,107,129,35,20,48,4,474,11,0,3,12,15,3,6,7,0,55,12,0,4,13,24,4,0,10,0,78,4,3,4,3,0,0,0,5,0,20,19,9,4,12,14,12,3,18,11,88,253,467,91,235,307,81,41,121,18,1615,0,5,0,0,0,0,0,0,0,9,4,9,0,0,0,0,0,0,0,9,18,48,3,3,4,0,0,3,0,81,0,0,0,0,0,0,0,0,0,3,20,46,3,7,5,3,0,0,0,82,3,4,4,0,0,0,0,0,0,16,135,402,38,42,60,17,14,15,6,730,0,0,0,4,0,0,0,0,0,10
LGA30410,0,5,0,0,0,0,0,0,0,6,0,0,0,0,0,0,0,0,0,4,23,58,3,10,13,0,0,4,0,117,0,0,0,0,0,0,0,0,0,0,10,5,0,4,3,0,0,0,0,23,3,0,0,8,5,0,0,3,0,25,13,7,12,36,22,15,3,20,0,121,0,0,0,3,4,3,0,0,0,14,7,0,0,3,7,3,0,3,0,18,0,0,0,0,0,0,0,0,0,0,5,0,0,5,3,3,0,3,0,18,63,86,13,71,60,19,8,31,4,359,0,0,0,0,0,0,0,0,0,0,0,0,0,0,0,0,0,0,0,0,9,8,0,0,0,0,0,0,0,15,0,3,0,0,0,0,0,0,0,3,4,4,0,0,0,0,0,0,0,10,0,0,0,0,0,0,0,0,0,3,39,97,3,15,17,0,0,4,0,175,0,0,0,0,0,0,0,0,0,0
LGA30450,0,0,0,0,0,0,0,0,0,0,0,0,0,0,0,0,0,0,0,0,0,0,0,0,3,0,0,3,0,7,0,0,0,0,0,0,0,0,0,0,4,0,0,0,0,0,0,0,0,4,0,0,0,0,0,0,0,0,0,3,0,3,0,0,3,0,0,4,0,7,0,0,0,0,0,0,0,0,0,3,0,0,0,0,0,0,0,0,0,3,0,0,0,0,0,0,0,0,0,0,0,0,0,0,3,0,0,0,0,3,5,3,0,0,11,0,0,4,0,32,0,0,0,0,0,0,0,0,0,0,0,0,0,0,0,0,0,0,0,0,0,0,0,0,0,0,0,0,0,3,0,0,0,0,0,0,0,0,0,0,0,0,0,0,0,0,0,0,0,0,0,0,0,0,0,0,0,0,0,0,0,0,5,0,3,0,0,3,0,9,0,0,0,0,0,0,0,0,0,0
LGA30760,0,3,0,0,0,0,0,0,0,4,0,0,0,0,0,0,0,0,0,3,15,38,0,4,12,3,0,0,0,76,0,0,0,0,0,0,0,0,0,0,10,5,0,5,0,0,0,0,0,22,10,5,0,8,3,0,0,3,0,31,10,0,8,24,16,11,0,3,0,72,4,0,0,0,0,0,0,7,0,7,0,0,0,3,4,0,0,4,0,15,0,0,0,0,0,0,0,0,0,4,0,3,0,0,3,3,0,0,0,12,56,59,10,47,44,19,4,11,4,250,0,0,0,0,0,0,0,0,0,0,0,0,0,0,0,0,0,0,0,0,0,6,0,0,0,0,0,0,0,3,0,0,0,0,0,0,0,0,0,0,4,9,0,0,0,0,0,0,0,15,0,0,0,0,3,0,0,0,0,7,18,47,0,6,12,4,0,0,0,91,0,0,0,0,0,0,0,0,0,0
LGA30900,0,6,0,0,0,0,0,0,0,6,0,0,0,0,0,0,0,0,0,0,0,0,0,0,3,0,0,0,0,7,0,0,0,0,0,0,0,0,0,0,0,0,0,0,0,0,0,0,0,3,0,0,0,0,0,0,0,0,0,3,3,3,3,0,0,0,0,12,0,25,0,0,0,0,0,0,0,0,0,4,0,0,0,0,0,0,0,0,0,0,0,0,0,0,0,0,0,0,0,0,0,0,0,0,0,0,0,0,0,0,6,8,3,4,6,0,0,11,0,49,0,0,0,0,0,0,0,0,0,0,0,0,0,0,0,0,0,0,0,0,4,0,0,0,0,0,0,0,0,4,0,0,0,0,0,0,0,0,0,0,0,6,0,0,0,0,0,0,0,6,0,0,0,0,0,0,0,0,0,0,3,0,0,0,3,0,0,0,0,13,0,0,0,0,0,0,0,0,0,0
LGA31000,1018,6046,121,629,1020,142,10,66,65,9121,499,1939,30,105,402,53,0,13,22,3074,9313,48443,1810,6830,12061,3933,229,1913,807,85345,26,46,20,96,80,22,4,14,3,320,1365,3256,472,1848,2601,786,60,334,118,10849,2548,3302,1102,5327,5860,2014,136,751,251,21284,2097,2039,3203,7255,7520,2933,398,1491,292,27236,227,195,130,585,881,564,59,238,21,2904,445,453,191,1094,1690,631,81,336,53,4977,195,547,104,272,523,198,11,166,33,2049,297,670,143,579,736,365,53,323,390,3555,21858,84532,7720,25886,36334,12482,1081,6076,2330,198312,168,665,22,28,76,22,3,10,11,1009,1111,9336,139,97,272,65,27,48,69,11171,8825,24563,1134,1809,4278,1578,459,1006,516,44181,328,1054,35,70,177,68,15,43,22,1818,2098,9403,322,843,1420,279,82,158,120,14727,965,2708,112,204,590,91,22,48,42,4783,23070,88013,6302,10292,17825,7424,1889,4723,1743,161290,52,76,62,135,106,36,21,41,6,538
LGA31750,0,0,0,0,0,0,0,0,0,0,0,0,0,0,0,0,0,0,0,0,3,6,0,0,0,0,0,0,0,10,0,0,0,0,0,0,0,0,0,0,0,0,0,0,3,0,0,0,0,3,3,0,0,0,0,0,0,0,0,6,0,0,0,3,8,0,0,3,0,20,3,0,0,0,0,0,0,0,0,8,0,0,0,0,0,0,0,0,0,3,0,0,0,0,0,0,0,0,0,0,3,0,0,0,0,0,0,0,0,3,14,6,3,3,12,4,3,8,3,56,0,0,0,0,0,0,0,0,0,0,0,0,0,0,0,0,0,0,0,0,3,0,0,0,0,0,0,0,0,5,0,0,0,0,0,0,0,0,0,0,0,0,0,0,0,0,0,0,0,0,0,0,0,0,0,0,0,0,0,0,4,4,0,0,0,0,0,0,0,13,0,0,0,0,0,0,0,0,0,0
LGA31820,24,175,4,44,19,0,3,3,0,280,16,84,0,8,11,3,0,0,0,124,205,1872,40,207,250,52,5,94,16,2743,0,5,0,12,3,0,0,0,0,29,68,190,18,125,100,27,3,32,3,565,123,178,39,482,241,84,10,64,5,1217,228,134,332,988,703,315,36,242,26,3014,27,11,18,73,92,105,5,55,4,387,32,23,25,121,106,53,9,63,3,435,12,21,3,13,13,6,4,28,3,104,30,57,10,75,59,50,5,53,34,382,813,3026,503,2169,1621,704,73,651,104,9660,0,18,0,0,0,0,0,0,0,19,6,110,3,0,6,0,0,0,0,125,87,376,18,12,29,14,3,15,7,564,4,30,0,3,3,0,0,0,0,44,43,259,8,52,23,0,3,3,0,402,30,103,3,9,9,3,0,5,0,168,427,2739,130,300,301,76,23,164,25,4179,4,5,0,15,3,0,0,3,0,33
LGA31900,4,37,0,6,4,0,0,0,0,55,0,5,0,0,0,0,0,0,0,3,33,329,10,32,50,8,0,26,0,483,0,0,0,3,4,0,0,0,0,4,15,44,0,21,20,0,0,5,0,112,23,35,9,71,36,5,3,12,0,204,48,32,68,164,141,56,12,50,4,583,5,0,7,14,19,12,3,10,5,65,6,9,5,21,19,6,5,12,0,78,8,3,0,5,7,0,0,3,0,27,7,11,3,15,15,13,0,17,11,91,160,521,104,353,306,112,27,136,22,1747,0,0,0,0,0,0,0,0,0,3,0,10,0,0,0,0,0,0,0,10,13,27,5,0,6,0,0,5,0,56,0,3,0,0,0,0,0,0,0,9,15,43,4,8,3,0,0,0,0,74,0,5,0,0,0,0,0,0,0,3,92,453,24,45,48,13,4,45,3,729,0,0,0,3,4,0,0,0,0,12
LGA31950,0,0,0,0,0,0,0,0,0,0,0,0,0,0,0,0,0,0,0,0,4,0,0,0,0,0,0,0,0,9,0,0,0,0,0,0,0,0,0,0,3,0,0,0,0,0,0,0,0,3,0,4,0,0,0,0,0,0,0,5,3,0,0,0,3,0,0,4,0,15,0,0,0,0,3,0,0,3,0,5,0,0,0,0,0,0,0,0,0,0,0,0,0,0,0,0,0,0,0,0,0,0,0,0,0,0,0,0,0,0,12,7,0,3,4,0,3,3,0,41,0,0,0,0,0,0,0,0,0,0,0,0,0,0,0,0,0,0,0,0,0,0,0,0,0,0,0,0,0,0,0,0,0,0,0,0,0,0,0,0,0,0,0,0,0,0,0,0,0,0,0,0,0,0,0,0,0,0,0,0,4,0,0,0,0,0,0,0,0,12,0,0,0,0,0,0,0,0,0,0
LGA32080,73,571,10,120,65,21,0,4,4,872,26,150,3,9,28,3,0,3,0,226,618,4437,158,734,845,333,24,180,60,7386,4,5,0,20,12,3,0,0,0,53,223,469,56,377,325,131,8,69,28,1677,361,452,133,950,805,316,24,136,33,3214,409,338,667,1688,1574,640,85,320,61,5775,35,28,30,107,171,172,10,64,5,639,70,57,32,288,257,126,13,80,11,927,33,61,17,63,56,38,0,22,4,294,49,114,40,164,137,123,8,115,80,824,2100,7752,1170,4627,4405,1951,178,1017,288,23488,3,59,0,3,3,0,0,3,0,70,33,432,3,10,19,3,0,3,0,507,365,1210,42,132,169,63,12,37,20,2052,20,86,0,3,9,6,0,0,0,125,131,817,23,159,75,24,14,13,5,1269,50,204,12,18,35,8,0,7,0,336,1353,6784,489,1165,1095,501,124,322,108,11938,9,12,10,27,15,3,0,0,3,78
LGA32250,0,3,0,0,0,0,0,0,0,3,0,0,0,0,0,0,0,0,0,0,4,28,4,8,3,0,0,3,0,45,0,0,0,0,0,0,0,0,0,0,4,3,3,0,6,0,0,0,0,19,0,4,0,9,4,0,0,0,0,29,5,8,3,19,15,6,0,6,0,58,3,0,0,4,0,0,0,0,0,9,0,0,0,0,0,0,0,0,0,9,0,0,0,3,0,0,0,0,0,4,0,0,0,4,3,0,0,0,0,11,26,51,9,47,38,4,0,19,3,199,0,0,0,0,0,0,0,0,0,0,0,0,0,0,0,0,0,0,0,0,4,11,0,0,0,0,0,0,0,15,0,0,0,0,0,0,0,0,0,0,0,10,0,0,0,0,0,0,0,5,0,0,0,0,0,0,0,0,0,0,10,32,11,11,8,0,0,3,0,71,0,0,0,0,0,0,0,0,0,0
LGA32260,5,58,0,13,6,3,0,0,0,92,3,8,0,0,0,0,0,0,0,17,77,442,21,75,70,21,3,52,3,767,0,0,0,3,0,0,0,0,0,3,30,71,7,51,25,13,3,22,0,227,36,56,17,97,81,19,4,32,4,347,67,59,94,255,249,104,17,103,11,953,15,8,3,23,28,24,0,20,0,118,17,9,5,38,31,26,3,21,3,159,8,3,3,14,9,4,3,6,0,49,16,20,13,36,21,27,3,44,9,187,293,797,163,615,521,243,34,311,30,3013,0,3,0,0,0,0,0,0,0,3,6,13,0,3,0,0,0,0,0,18,35,88,4,3,15,3,0,9,0,153,3,9,0,0,0,0,0,4,0,11,20,89,3,14,7,6,0,0,0,132,6,13,0,0,0,0,0,0,0,24,168,630,48,111,78,32,12,95,11,1187,4,0,0,3,0,0,0,0,0,13
LGA32270,19,62,3,5,4,0,0,0,0,103,0,13,0,3,0,0,0,0,0,18,101,595,22,56,107,20,0,37,3,947,0,0,0,0,0,0,0,0,0,3,41,29,12,30,30,15,0,5,3,171,55,51,16,88,109,23,14,31,4,396,83,46,99,202,260,93,50,94,7,931,14,5,10,16,43,26,10,23,0,137,15,10,4,33,32,14,8,13,3,125,3,0,0,7,3,5,0,3,0,24,16,12,7,24,24,28,4,29,4,142,372,891,182,466,626,215,91,238,26,3113,0,0,0,0,0,0,0,0,0,3,0,11,0,0,0,0,0,0,0,14,32,111,11,4,20,3,0,0,0,186,0,6,0,0,3,0,0,0,0,13,30,92,10,9,8,0,0,0,0,146,8,23,7,3,0,0,0,0,0,32,231,852,80,84,119,28,31,52,3,1485,3,0,0,4,0,0,0,0,0,7
LGA32310,6,34,0,6,3,0,0,0,0,42,0,4,0,0,0,0,0,0,0,6,26,233,6,22,28,3,0,3,0,333,0,0,0,0,0,0,0,0,0,4,16,29,3,17,6,5,0,0,0,76,26,19,8,47,31,6,0,3,0,135,30,25,46,99,76,23,5,28,0,336,9,4,4,8,6,9,0,8,0,38,0,9,3,24,6,6,4,9,0,61,3,0,0,3,0,3,0,0,0,11,10,11,0,18,6,11,0,7,0,67,132,405,78,242,166,68,6,63,8,1156,0,0,0,0,0,0,0,0,0,3,0,17,0,0,0,0,0,0,0,14,10,43,0,0,0,0,0,0,0,57,0,4,0,0,0,0,0,0,0,4,10,50,0,6,6,0,0,0,0,68,3,4,0,0,0,0,0,0,0,14,56,326,17,32,33,7,0,6,3,483,0,0,0,0,0,0,0,0,0,3
LGA32330,0,0,0,0,0,0,0,0,0,4,0,0,0,0,0,0,0,0,0,0,0,0,0,0,0,0,0,0,0,0,0,0,0,0,0,0,0,0,0,0,0,0,0,3,0,0,0,0,0,7,0,0,0,6,0,0,0,0,0,5,0,3,4,6,3,0,0,0,0,10,0,0,0,0,0,0,0,0,0,0,0,0,0,0,0,0,0,0,0,0,0,0,0,0,0,0,0,0,0,0,0,0,0,0,0,0,0,0,0,0,5,8,4,18,3,0,0,0,0,33,0,0,0,0,0,0,0,0,0,0,0,0,0,0,0,0,0,0,0,0,0,0,0,0,0,0,0,0,0,0,0,0,0,0,0,0,0,0,0,0,0,0,0,0,0,0,0,0,0,4,0,0,0,0,0,0,0,0,0,0,0,0,0,0,0,0,0,0,0,0,0,0,0,0,0,0,0,0,0,0
LGA32450,0,4,0,0,3,0,0,0,0,8,0,3,0,5,0,0,0,0,0,6,4,63,0,9,17,0,0,0,0,97,0,0,0,0,0,0,0,0,0,0,4,5,0,3,3,4,0,3,0,25,7,6,4,6,12,0,3,4,0,38,6,7,5,18,22,4,13,11,0,84,0,0,0,3,5,3,0,3,0,13,0,0,0,3,0,0,0,0,0,11,0,0,0,0,3,0,0,0,0,3,3,0,0,3,9,0,0,0,0,16,27,102,20,47,63,17,15,24,0,319,0,0,0,0,0,0,0,0,0,0,0,0,0,0,0,0,0,0,0,0,3,26,4,0,3,0,0,0,0,43,0,0,0,0,0,0,0,0,0,3,0,8,0,0,3,0,0,0,0,15,0,3,0,5,0,0,0,0,0,6,28,109,8,15,19,0,4,3,0,180,0,0,0,0,0,0,0,0,0,0
LGA32500,0,13,0,3,0,0,0,0,0,25,0,3,0,0,0,0,0,0,0,8,19,64,3,7,12,3,0,14,0,133,0,0,0,0,0,0,0,0,0,3,4,13,0,8,4,3,0,3,0,43,7,13,3,19,9,3,0,4,0,65,14,16,13,41,31,13,3,14,4,146,4,0,0,9,6,0,0,8,0,21,4,3,0,3,0,0,0,9,0,19,0,0,0,0,0,0,0,0,0,4,3,5,0,5,9,0,0,9,3,40,58,159,24,102,84,32,6,62,13,531,0,0,0,0,0,0,0,0,0,0,0,6,0,0,0,0,0,0,0,10,6,18,0,4,0,0,0,0,0,34,0,0,0,0,0,0,0,0,0,0,0,24,0,4,0,0,0,0,0,26,0,3,0,0,3,0,0,0,0,5,42,106,4,19,17,5,3,23,3,210,0,0,0,0,0,0,0,0,0,4
LGA32600,0,0,0,0,0,0,0,0,0,0,0,0,0,0,0,0,0,0,0,0,0,0,0,0,0,0,0,0,0,3,0,0,0,0,0,0,0,0,0,0,0,0,0,0,0,0,0,0,0,0,0,0,0,0,0,0,0,0,0,4,0,0,0,3,3,0,0,0,0,6,0,0,0,0,0,0,0,0,0,4,0,0,0,0,0,0,0,0,0,0,0,0,0,0,0,0,0,0,0,0,0,0,0,0,0,0,0,0,0,3,7,0,3,8,3,0,0,7,0,23,0,0,0,0,0,0,0,0,0,0,0,0,0,0,0,0,0,0,0,0,0,0,0,0,0,0,0,0,0,0,0,0,0,0,0,0,0,0,0,0,0,0,0,0,0,0,0,0,0,0,0,0,0,0,0,0,0,0,0,0,0,7,0,0,0,0,0,0,0,12,0,0,0,0,0,0,0,0,0,0
LGA32750,0,0,0,0,0,0,0,0,0,0,0,0,0,0,0,0,0,0,0,0,3,0,0,4,5,0,0,0,0,16,0,0,0,0,0,0,0,0,0,0,0,0,0,0,0,0,0,3,0,8,0,0,0,0,0,0,0,0,0,0,0,0,3,3,3,0,0,5,0,20,0,0,0,0,0,0,0,0,0,3,0,0,0,0,0,0,0,0,0,0,0,0,0,0,0,0,0,0,0,0,0,0,0,0,0,0,0,0,0,0,4,3,3,8,9,0,0,11,0,41,0,0,0,0,0,0,0,0,0,0,0,0,0,0,0,0,0,0,0,0,0,0,0,0,3,0,0,0,0,6,0,0,0,0,0,0,0,0,0,0,0,0,0,0,0,0,0,0,0,0,0,0,0,0,0,0,0,0,0,0,3,3,0,4,8,0,0,0,0,22,0,0,0,0,0,0,0,0,0,0
LGA32770,0,3,0,0,0,0,0,0,0,8,0,0,0,0,0,0,0,0,0,0,0,6,0,0,0,0,0,0,0,13,0,0,0,0,0,0,0,0,0,0,0,0,0,5,0,0,0,0,0,5,3,0,0,0,3,0,0,0,0,5,0,3,0,8,4,0,0,0,0,22,0,0,0,3,0,0,0,0,0,3,0,0,0,3,0,0,0,0,0,5,0,0,0,0,0,0,0,0,0,0,0,0,0,3,0,0,0,0,0,4,7,23,0,20,12,0,0,0,4,62,0,0,0,0,0,0,0,0,0,0,0,0,0,0,0,0,0,0,0,0,0,3,0,0,0,0,0,0,0,10,0,0,0,0,0,0,0,0,0,0,0,6,0,0,0,0,0,0,0,7,0,0,0,0,0,0,0,0,0,0,0,21,0,3,0,0,0,0,0,23,0,0,0,0,0,0,0,0,0,0
LGA32810,7,29,0,11,7,3,0,0,0,66,0,10,0,0,0,0,0,0,0,11,64,207,23,81,46,35,0,18,3,479,3,0,0,0,0,0,0,0,0,3,24,23,6,34,28,19,0,13,0,153,35,16,6,71,21,20,0,18,0,189,40,19,57,119,87,59,3,53,3,437,8,3,3,10,12,4,0,10,0,49,11,9,3,20,19,13,3,8,0,88,3,0,3,6,3,3,0,4,0,16,17,13,6,19,17,17,0,12,4,94,232,361,109,373,247,184,8,141,14,1670,0,0,0,0,0,0,0,0,0,0,8,7,0,0,0,0,0,0,0,14,35,47,6,18,9,5,0,5,3,124,0,3,0,0,0,0,0,0,0,3,16,42,0,15,10,7,0,0,0,87,3,10,0,0,0,0,0,0,0,17,130,286,46,111,70,47,3,37,3,741,3,0,0,0,0,0,0,0,0,3
LGA33100,0,0,0,0,0,0,0,0,0,0,0,0,0,0,0,0,0,0,0,0,0,13,0,0,8,0,0,0,0,18,0,0,0,0,0,0,0,0,0,0,8,0,0,0,0,0,0,0,0,9,0,0,0,6,3,0,0,0,0,10,9,3,0,0,7,0,0,3,0,21,0,0,0,0,0,0,0,0,0,3,3,0,0,0,0,0,0,0,0,3,0,0,0,0,0,0,0,0,0,0,3,0,0,0,0,0,0,3,0,3,20,17,0,6,19,0,0,11,0,74,0,0,0,0,0,0,0,0,0,0,0,0,0,0,0,0,0,0,0,0,0,3,0,0,0,0,0,0,0,4,0,0,0,0,0,0,0,0,0,0,0,0,0,0,0,0,0,0,0,0,0,0,0,0,0,0,0,0,0,0,0,14,0,3,8,0,0,0,0,25,0,0,0,0,0,0,0,0,0,0
LGA33200,3,3,0,0,0,0,0,0,0,5,0,0,0,0,0,0,0,0,0,0,19,23,0,6,4,0,0,0,0,50,0,0,0,0,0,0,0,0,0,0,0,0,0,3,3,0,0,0,0,6,5,5,0,5,0,0,0,0,0,16,4,0,4,6,6,3,3,6,0,42,0,0,0,0,4,0,0,0,0,3,0,0,0,0,3,4,0,0,0,11,0,0,0,0,0,0,0,0,0,0,8,0,0,0,0,0,3,4,0,11,37,31,3,16,31,7,3,16,0,145,0,0,0,0,0,0,0,0,0,0,0,0,0,0,0,0,0,0,0,0,3,3,0,0,0,0,0,0,0,3,0,0,0,0,0,0,0,0,0,0,3,3,0,0,0,0,0,0,0,5,0,0,0,0,0,0,0,0,0,0,19,27,0,6,4,0,0,3,0,63,0,0,0,0,0,0,0,0,0,0
LGA33220,18,225,0,49,27,3,0,0,0,330,13,75,0,7,6,0,0,0,0,103,147,1839,25,217,210,51,4,40,7,2550,0,6,0,4,7,4,0,0,0,25,63,204,22,179,135,51,4,21,8,688,132,175,46,481,323,92,3,66,6,1318,193,174,365,1212,702,364,25,242,24,3288,22,8,17,84,114,95,3,55,5,405,32,31,24,165,104,73,7,40,3,481,9,17,0,28,23,20,0,4,7,102,24,54,24,105,65,47,11,60,27,417,703,3117,525,2538,1733,803,54,530,100,10104,0,14,0,0,0,0,0,0,0,17,5,93,0,0,0,3,0,0,3,108,93,398,4,18,23,4,0,3,3,554,8,27,0,0,0,0,0,0,3,43,39,314,12,62,31,6,3,0,4,473,26,97,0,7,15,3,0,0,0,149,323,2635,85,307,269,77,17,62,28,3808,3,10,3,5,7,4,0,7,0,39
LGA33360,13,134,0,27,9,0,0,0,0,185,6,38,3,3,7,0,0,0,0,58,166,1290,39,150,182,38,16,33,19,1938,3,0,0,3,3,0,0,0,0,12,38,121,12,93,77,20,7,20,3,393,84,132,44,228,186,66,24,24,4,791,148,110,328,611,574,244,72,177,14,2292,30,10,12,43,55,62,10,46,5,276,17,15,15,70,58,35,5,25,5,251,6,22,0,15,11,5,0,0,0,54,23,28,8,39,40,42,5,41,18,241,566,2076,479,1306,1224,523,145,371,67,6747,4,14,0,0,0,0,0,0,0,26,11,52,0,0,4,0,0,0,0,68,96,253,27,19,28,3,6,8,3,443,6,17,0,0,4,0,0,0,0,32,36,212,16,33,19,0,3,3,0,319,15,41,11,3,13,0,3,3,0,95,369,1915,208,216,248,63,72,76,35,3190,5,0,3,8,8,0,0,3,0,27
LGA33430,226,1510,17,342,226,72,4,27,16,2440,84,477,6,27,88,32,3,0,11,721,2613,13541,579,2437,3269,1508,88,624,213,24865,22,24,7,88,39,24,5,12,3,230,890,1578,214,1235,1398,628,44,223,66,6281,1466,1763,588,4022,3067,1479,86,486,144,13100,1496,1167,2335,5347,4798,2597,270,1180,180,19369,135,97,96,378,518,414,26,195,22,1883,308,259,134,891,1108,656,60,240,42,3703,116,230,48,154,313,150,8,75,26,1113,214,369,138,469,498,408,44,276,258,2680,8379,25058,4226,15703,15796,8197,646,3460,1032,82489,30,184,10,11,10,7,0,0,0,259,144,1560,9,20,36,17,7,12,19,1816,1722,5330,233,435,675,423,74,224,96,9212,60,294,14,18,31,12,5,7,13,451,459,2259,77,405,277,102,28,55,33,3698,169,627,23,51,111,44,9,6,11,1056,6104,22190,1862,3582,4375,2683,509,1376,481,43159,35,39,33,104,42,30,10,20,12,329
LGA33610,0,31,0,3,0,0,0,3,0,36,0,9,0,0,0,0,0,0,0,8,54,248,11,18,58,12,0,22,9,426,0,0,0,3,0,0,0,0,0,3,22,21,4,26,15,3,0,6,0,96,35,19,7,62,42,6,3,10,0,178,40,21,40,108,85,25,9,34,3,354,5,0,0,6,15,8,0,7,0,43,7,3,3,22,19,8,0,3,0,61,6,0,0,0,3,0,0,3,0,7,9,3,0,13,3,9,0,13,0,53,182,373,59,265,238,73,13,92,10,1305,0,0,0,0,0,0,0,0,0,0,0,7,0,0,0,0,0,0,0,6,18,31,0,0,0,3,0,0,0,56,0,0,0,0,0,0,0,0,0,0,8,30,0,3,0,0,0,3,0,47,0,12,0,0,0,0,0,0,0,11,129,314,17,32,60,14,8,37,4,622,3,0,0,3,0,0,0,0,0,3
LGA33620,15,92,3,19,14,3,0,0,0,149,7,30,0,0,0,0,0,0,0,45,117,748,22,79,119,20,3,37,5,1146,0,0,0,4,0,0,0,0,0,13,60,107,25,73,75,23,0,14,7,385,79,84,27,260,169,45,12,30,9,710,111,93,204,524,353,212,22,141,17,1673,14,3,5,31,61,44,3,28,0,197,16,10,13,81,53,31,4,25,4,229,0,12,3,9,11,3,0,4,3,50,32,27,10,35,26,31,4,22,22,203,473,1305,304,1127,898,431,48,306,68,4965,3,5,0,0,0,0,0,0,0,11,9,40,0,0,0,0,0,0,0,47,33,141,10,9,14,5,0,3,3,226,0,11,0,0,0,0,0,0,0,14,23,136,3,32,13,6,0,0,3,220,5,35,0,3,0,0,0,3,0,54,228,1055,54,121,146,37,21,56,11,1720,0,0,0,4,0,6,0,0,0,21
LGA33800,0,12,0,3,3,0,0,0,0,26,0,3,0,0,0,0,0,0,0,6,28,201,3,15,18,3,0,3,0,281,0,0,0,0,0,0,0,0,0,0,8,21,3,18,20,9,0,0,0,72,16,23,0,40,24,11,4,4,5,125,30,27,52,134,85,34,12,19,0,392,0,5,8,14,10,3,0,3,0,37,0,3,7,17,9,7,0,4,0,49,0,0,0,0,0,0,0,0,0,6,3,8,3,18,9,5,0,6,3,58,90,328,76,264,180,67,18,48,10,1081,0,0,0,0,0,0,0,0,0,0,0,5,0,0,0,0,0,0,0,5,9,30,3,0,4,0,0,0,0,41,0,0,0,0,0,0,0,0,0,0,3,23,0,6,3,0,0,0,0,35,0,4,0,0,0,0,0,0,0,10,60,307,5,20,25,8,6,4,0,440,3,0,0,0,0,0,0,0,0,3
LGA33830,0,0,0,0,0,0,0,0,0,5,0,0,0,0,0,0,0,0,0,0,0,9,0,0,0,0,0,0,0,8,0,0,0,0,0,0,0,0,0,0,0,3,0,0,0,0,0,0,0,4,5,0,0,3,0,0,0,0,0,6,0,0,0,9,16,3,0,5,0,31,0,0,0,0,0,0,0,0,0,3,0,0,0,0,0,0,0,0,0,0,0,0,0,0,0,0,0,0,0,0,0,3,0,0,0,0,0,0,3,4,3,14,0,22,11,3,0,6,3,63,0,0,0,0,0,0,0,0,0,0,0,0,0,0,0,0,0,0,0,0,0,0,0,0,0,0,0,0,0,0,0,0,0,0,0,0,0,0,0,0,0,3,0,0,0,0,0,0,0,3,0,0,0,0,0,0,0,0,0,0,0,8,0,0,0,0,0,0,0,11,0,0,0,0,0,0,0,0,0,0
LGA33960,53,416,13,132,52,18,0,9,6,697,25,150,4,14,30,5,0,0,0,233,509,3811,144,577,863,244,23,115,58,6342,3,4,0,30,14,0,0,10,0,56,167,349,50,312,307,85,21,48,14,1336,430,531,142,1316,1008,331,41,136,50,3984,515,435,770,2387,1955,759,182,528,70,7599,57,30,14,130,233,172,27,95,5,757,68,72,50,344,320,137,30,78,8,1109,20,37,15,42,57,34,12,21,7,232,40,85,30,153,123,78,19,112,79,724,2033,6789,1252,5510,5088,1879,352,1172,303,24372,10,30,3,3,8,0,0,0,0,56,37,241,3,7,9,0,0,3,3,303,317,1216,60,93,197,51,23,40,34,2037,15,64,0,3,12,3,0,3,0,95,94,605,21,168,83,21,7,11,14,1029,61,211,14,17,45,9,9,3,3,372,1144,5812,446,871,1167,392,184,297,102,10426,7,5,11,38,14,4,4,11,3,100
LGA33980,3,31,0,4,4,0,0,0,0,50,3,10,0,0,0,0,0,0,0,19,99,415,18,28,57,15,10,29,3,676,0,0,0,0,0,0,0,0,0,5,17,19,6,20,22,4,3,8,0,107,40,26,4,63,56,18,14,12,3,236,54,41,113,111,183,55,89,73,13,730,10,0,7,13,22,8,9,23,0,97,13,5,7,23,31,4,17,11,0,112,0,3,0,5,4,3,0,8,0,23,14,3,8,12,12,13,6,31,12,107,269,591,159,293,398,129,157,186,27,2213,0,0,0,0,0,0,0,0,0,0,0,10,0,0,0,0,0,0,0,5,47,61,7,5,9,0,4,3,0,134,0,0,0,0,0,0,0,0,0,0,12,53,4,6,7,0,3,3,0,96,10,12,3,3,0,0,0,0,0,28,200,651,68,50,69,15,37,35,6,1140,3,0,0,0,0,0,0,0,0,5
LGA34420,0,0,0,0,0,0,0,0,0,3,0,0,0,0,0,0,0,0,0,0,0,10,0,0,0,0,0,0,0,8,0,0,0,0,0,0,0,0,0,0,0,0,0,0,0,0,0,0,0,0,0,0,0,0,0,0,0,0,0,3,0,0,0,8,3,4,0,3,0,19,0,0,0,3,0,0,0,3,0,6,0,0,0,0,0,0,0,0,0,0,0,0,0,0,0,0,0,0,0,0,0,0,0,3,0,0,0,0,0,4,3,14,0,18,6,5,0,3,0,61,0,0,0,0,0,0,0,0,0,0,0,0,0,0,0,0,0,0,0,0,4,0,0,0,0,0,0,0,0,5,0,0,0,0,0,0,0,0,0,0,0,0,0,0,0,0,0,0,0,3,0,0,0,0,0,0,0,0,0,0,0,14,0,0,0,0,0,0,0,13,0,0,0,0,0,0,0,0,0,0
LGA34530,18,100,0,21,10,5,0,3,3,154,3,46,0,0,7,0,0,0,0,59,135,868,29,97,143,33,3,19,6,1327,0,8,0,4,0,0,0,0,0,14,39,85,9,57,47,12,0,11,4,265,64,76,19,156,116,37,3,12,3,499,98,59,185,368,331,124,28,67,5,1264,16,3,9,28,38,40,6,8,0,153,17,11,11,56,47,26,0,14,3,190,3,6,0,4,4,4,0,3,0,31,13,16,7,30,28,24,4,18,16,159,438,1463,275,832,781,300,52,158,45,4349,5,9,0,0,0,0,0,0,0,12,11,81,0,0,0,0,0,0,0,100,55,187,3,9,12,0,0,0,0,272,0,15,0,0,0,3,0,0,0,15,26,146,13,22,14,5,0,3,3,233,13,56,4,5,8,0,0,4,0,90,259,1218,79,146,171,45,21,32,10,1983,0,5,0,10,0,0,0,3,0,22
LGA34570,0,3,0,0,0,0,0,0,0,3,0,0,0,0,0,0,0,0,0,0,0,6,0,0,0,0,0,0,0,9,0,0,0,0,0,0,0,0,0,0,0,0,0,0,0,0,0,0,0,0,0,0,0,3,0,0,0,0,0,8,0,0,0,0,0,0,0,0,0,11,0,0,0,3,0,0,0,0,0,4,0,0,0,3,0,0,0,0,0,7,0,0,0,0,0,0,0,0,0,0,0,4,0,3,7,0,0,0,0,11,4,17,0,16,10,0,4,0,3,52,0,0,0,0,0,0,0,0,0,0,0,0,0,0,0,0,0,0,0,0,0,0,0,0,0,0,0,0,0,3,0,0,0,0,0,0,0,0,0,0,0,3,0,0,0,0,0,0,0,3,0,0,0,0,0,0,0,0,0,0,0,12,0,0,0,0,0,0,0,13,0,0,0,0,0,0,0,0,0,0
LGA34580,18,73,3,19,8,3,4,0,0,128,3,20,0,0,7,0,0,0,0,35,85,611,37,68,104,30,0,112,4,1050,0,3,0,7,0,0,0,0,0,10,32,65,6,74,46,13,3,15,4,253,95,81,31,209,141,33,3,48,5,646,83,74,171,398,295,116,24,115,13,1288,7,7,13,23,43,32,3,29,0,170,10,7,5,58,47,34,6,28,0,204,3,5,5,3,10,8,0,26,7,62,25,24,6,40,35,26,5,42,19,215,395,1113,288,907,751,288,53,422,47,4259,0,3,0,0,7,0,0,0,0,10,7,73,0,0,0,0,0,0,0,85,48,153,9,6,18,0,3,22,0,255,3,7,0,0,0,0,0,0,0,13,22,107,8,16,8,3,4,3,3,170,5,25,0,3,6,0,0,0,0,43,188,856,68,111,123,51,17,189,12,1611,0,4,3,6,0,0,0,0,0,12
LGA34590,73,570,3,195,105,13,3,16,11,988,38,211,0,15,38,8,0,0,0,307,743,5322,203,820,1347,414,49,239,86,9216,4,19,3,44,29,15,3,5,0,121,282,549,101,482,500,154,23,108,33,2242,621,699,231,1935,1645,482,67,243,58,5974,687,685,1107,3361,2991,1151,300,836,123,11248,56,55,49,214,336,255,41,157,15,1170,117,107,73,494,489,245,31,154,20,1737,31,89,28,75,138,40,10,35,13,453,93,129,54,238,247,164,46,154,134,1265,2976,9549,1895,7954,8075,3008,575,1977,504,36518,14,51,0,0,10,0,0,0,0,81,47,347,18,3,16,5,3,4,3,437,474,1522,98,150,274,108,74,73,33,2815,24,106,5,9,21,4,6,0,5,171,143,826,31,230,139,23,25,15,11,1432,66,277,10,24,54,6,3,0,6,457,1692,8024,724,1148,1843,724,343,509,172,15169,9,20,13,45,33,17,12,9,0,164
LGA34710,7,18,0,6,0,0,0,0,0,29,0,9,0,0,0,0,0,0,0,5,30,125,0,15,17,3,0,3,0,195,0,0,0,0,0,0,0,0,0,0,12,3,0,10,4,0,0,0,0,29,17,10,0,16,25,3,0,4,0,74,20,6,10,35,43,9,3,15,0,135,4,0,3,3,3,6,0,3,0,25,3,0,3,9,7,3,0,3,0,22,0,0,0,3,0,0,0,3,0,3,5,3,0,7,3,7,0,3,4,29,106,193,12,99,107,30,6,33,7,588,0,0,0,0,0,0,0,0,0,0,3,3,0,0,0,0,0,0,0,4,12,22,0,3,0,0,0,0,0,34,0,3,0,0,0,0,0,0,0,3,4,23,0,3,0,0,0,0,0,32,3,10,0,0,0,0,0,0,0,13,48,162,0,23,17,5,0,7,0,273,0,3,0,0,0,0,0,0,0,3
LGA34770,37,306,0,40,32,4,0,3,3,432,10,116,0,6,12,5,0,0,0,145,271,2792,59,282,391,98,26,90,18,4033,3,7,0,10,3,0,0,3,0,20,93,260,35,169,143,50,14,26,7,793,199,292,86,496,436,98,35,68,14,1717,280,267,549,1100,1111,460,166,297,33,4265,25,21,25,92,123,102,21,70,3,479,57,34,34,165,165,86,29,49,10,625,11,23,5,29,34,15,3,14,3,137,51,45,44,115,75,86,22,84,38,550,1117,4540,846,2524,2548,1013,315,710,126,13733,3,25,0,0,0,0,0,0,0,33,17,128,0,0,3,3,0,3,0,149,156,486,25,38,46,17,9,7,4,787,9,32,0,0,3,0,0,0,0,55,70,405,27,50,45,4,4,8,6,623,27,146,6,6,15,5,3,3,0,212,638,3981,264,393,461,148,117,144,42,6180,4,7,3,5,3,3,0,3,0,27
LGA34800,0,0,0,0,0,0,0,0,0,0,0,0,0,0,0,0,0,0,0,0,12,9,6,0,3,0,0,7,0,31,0,0,0,0,0,0,0,0,0,0,3,0,0,0,0,0,0,0,0,8,7,0,0,0,6,0,0,0,0,9,10,3,8,7,0,0,0,3,0,27,0,0,0,0,6,0,0,3,0,13,0,0,0,0,0,0,0,0,0,5,0,0,0,0,0,0,0,0,0,0,0,0,0,0,0,0,0,0,0,3,33,21,15,11,12,0,0,14,0,102,0,0,0,0,0,0,0,0,0,0,0,0,0,0,0,0,0,0,0,0,6,0,0,0,0,0,0,0,0,4,0,0,0,0,0,0,0,0,0,0,0,0,0,0,0,0,0,0,0,0,0,0,0,0,0,0,0,0,0,0,16,25,6,0,5,0,3,7,0,54,0,0,0,0,0,0,0,0,0,0
LGA34830,0,0,0,0,0,0,0,0,0,0,0,0,0,0,0,0,0,0,0,0,0,0,0,0,0,0,0,0,0,3,0,0,0,0,0,0,0,0,0,0,0,0,0,0,0,0,0,0,0,4,3,0,0,0,0,0,0,0,0,0,0,4,0,7,0,3,0,0,0,12,0,0,0,0,0,0,0,0,0,3,0,0,0,0,0,0,0,0,0,0,0,0,0,0,0,0,0,0,0,0,0,0,0,0,0,0,0,0,0,0,5,9,0,9,3,4,0,0,0,30,0,0,0,0,0,0,0,0,0,0,0,0,0,0,0,0,0,0,0,0,0,0,0,0,0,0,0,0,0,0,0,0,0,0,0,0,0,0,0,0,0,0,0,0,0,0,0,0,0,0,0,0,0,0,0,0,0,0,0,0,0,3,0,0,0,0,0,0,0,8,0,0,0,0,0,0,0,0,0,0
LGA34860,7,25,0,5,3,3,0,0,0,46,4,9,0,0,0,0,0,0,0,11,88,329,11,31,66,21,0,13,0,560,0,0,0,0,0,0,0,0,0,0,42,31,3,27,22,7,0,3,0,136,44,38,6,56,64,12,4,18,3,244,52,25,42,115,151,39,6,44,8,477,9,0,3,10,18,19,4,11,0,66,15,8,4,26,14,9,0,7,0,75,4,4,3,8,4,3,0,0,0,22,16,7,6,16,10,4,0,9,9,82,291,522,82,290,358,115,14,108,12,1783,0,4,0,0,0,0,0,0,0,3,0,0,0,0,0,0,0,0,0,7,14,49,0,5,8,4,0,0,0,88,0,0,0,0,0,0,0,0,0,4,12,37,3,5,4,3,0,3,0,67,3,9,0,3,0,0,0,0,0,16,152,444,41,47,74,33,9,23,0,826,0,0,0,0,0,0,0,0,0,3
LGA34880,7,39,0,10,4,0,0,0,0,65,3,11,0,4,3,0,0,0,0,18,82,366,11,61,65,19,0,46,3,645,3,0,0,0,0,0,0,0,0,5,25,57,3,34,43,12,0,8,3,192,35,45,3,100,81,15,3,19,4,309,62,40,70,202,152,57,13,51,5,643,4,0,4,17,25,16,0,8,0,77,16,4,4,38,13,13,0,4,0,98,4,3,0,3,6,6,0,3,0,22,16,14,10,36,13,25,3,20,6,140,270,655,114,502,413,163,17,174,25,2330,0,5,0,0,0,0,0,0,0,11,11,30,0,3,4,0,0,0,0,43,23,78,8,9,12,3,5,4,0,134,0,8,0,0,0,0,0,0,0,8,9,51,0,10,3,0,0,0,0,85,7,13,0,3,5,0,0,0,0,31,157,519,41,93,83,35,11,69,8,1013,3,0,4,0,0,0,0,0,0,8
LGA35010,173,1136,34,301,207,42,0,28,15,1935,73,470,3,21,77,14,0,8,9,675,1408,9535,319,1393,2158,573,43,370,143,15941,13,22,6,55,26,13,3,4,8,141,486,1044,137,826,904,251,29,109,46,3826,982,1101,350,2834,2363,725,83,310,94,8852,1125,1015,1789,5044,4213,1780,258,1019,158,16404,109,65,71,286,469,357,36,175,8,1581,190,158,82,688,691,327,27,175,31,2377,57,120,30,97,165,67,11,55,10,624,95,216,64,324,350,232,35,203,159,1665,5157,16852,2944,12036,11860,4455,531,2491,701,57034,25,98,4,9,16,4,0,3,4,166,103,635,19,9,38,11,7,4,5,832,980,2698,135,215,361,117,41,61,57,4666,51,142,4,8,22,8,7,5,4,251,358,1657,74,383,271,60,20,47,26,2889,180,621,26,52,113,20,6,8,12,1041,3354,14709,1016,1978,2965,957,272,733,276,26257,24,27,25,66,34,19,9,9,5,222
LGA35250,0,0,0,3,0,0,0,0,0,6,0,0,0,0,0,0,0,0,0,0,5,17,0,0,3,0,0,0,0,29,0,0,0,3,0,0,0,0,0,3,0,0,0,4,0,0,0,0,0,3,0,0,0,0,0,0,0,0,0,10,0,0,0,5,3,0,0,0,0,15,0,0,0,0,3,0,0,0,0,5,0,0,0,0,0,0,0,0,0,7,0,0,0,0,0,0,0,0,0,0,0,3,0,10,3,3,0,3,0,24,3,30,3,30,13,3,0,3,0,92,0,0,0,0,0,0,0,0,0,0,0,0,0,0,0,0,0,0,0,0,0,0,0,0,0,0,0,0,0,3,0,0,0,0,0,0,0,0,0,0,0,0,0,3,0,0,0,0,0,4,0,0,0,0,0,0,0,0,0,0,4,30,3,3,3,0,0,0,0,43,0,0,0,3,0,0,0,0,0,3
LGA35300,11,51,3,15,4,0,0,0,0,90,3,24,0,6,3,0,0,0,0,31,49,512,15,77,54,19,10,18,7,757,0,0,0,3,0,0,0,0,0,5,12,29,3,33,29,5,3,5,0,115,21,44,11,74,64,15,5,11,4,266,49,47,103,156,185,64,39,32,10,689,8,3,3,8,16,17,5,8,0,71,13,6,3,13,14,11,3,14,0,86,0,4,6,4,3,0,3,5,0,19,3,10,5,19,19,16,3,6,7,86,189,846,163,420,396,153,71,101,33,2363,0,3,0,0,0,0,0,0,0,9,3,15,0,0,0,0,0,0,0,17,42,135,11,7,6,6,3,6,3,221,0,10,0,0,0,0,0,0,0,8,12,66,3,23,4,0,0,0,0,112,5,24,0,7,3,0,0,0,0,41,107,762,61,104,61,33,24,24,7,1185,0,0,0,3,0,0,0,0,0,5
LGA35600,7,7,0,3,4,0,0,0,0,23,0,8,0,0,0,0,0,0,0,11,40,114,3,7,15,4,0,4,3,191,0,0,0,0,0,0,0,0,0,0,9,9,3,8,3,0,0,3,0,34,10,6,0,18,14,5,0,0,0,55,12,14,11,49,36,10,0,16,0,149,6,3,0,4,3,0,0,6,0,24,0,0,0,4,5,4,0,0,0,16,0,3,0,0,0,0,0,0,0,3,4,8,0,9,3,0,0,4,4,33,93,182,23,97,88,29,4,42,10,562,0,0,0,0,0,0,0,0,0,0,0,0,0,0,0,0,0,0,0,0,3,15,0,0,3,0,0,3,0,29,0,0,0,0,0,0,0,0,0,0,7,14,0,3,4,0,0,0,0,23,6,8,0,0,0,0,0,0,0,13,47,154,7,15,16,4,0,15,3,260,0,0,0,0,0,0,0,0,0,3
LGA35670,0,0,0,0,0,0,0,0,0,0,0,0,0,0,0,0,0,0,0,0,0,0,0,0,0,0,0,0,0,0,0,0,0,0,0,0,0,0,0,0,0,0,0,0,0,0,0,0,0,4,0,0,0,0,0,0,0,0,0,3,0,0,0,4,0,0,0,0,0,9,0,0,0,0,0,0,0,0,0,3,0,0,0,0,0,0,0,0,0,0,0,0,0,0,0,0,0,0,0,0,0,0,0,0,0,0,0,3,0,7,0,9,3,8,3,0,0,0,0,30,0,0,0,0,0,0,0,0,0,0,0,0,0,0,0,0,0,0,0,0,0,0,0,0,0,0,0,0,0,0,0,0,0,0,0,0,0,0,0,0,0,0,0,0,0,0,0,0,0,0,0,0,0,0,0,0,0,0,0,0,0,3,0,0,0,0,0,0,0,4,0,0,0,0,0,0,0,0,0,0
LGA35740,22,164,3,37,29,7,0,4,3,265,3,34,0,3,8,3,0,0,0,50,241,1226,50,216,226,87,4,43,23,2119,5,3,0,10,3,3,0,0,0,26,94,168,20,148,137,54,3,27,10,664,128,158,46,315,215,94,4,45,18,1024,141,88,251,489,384,212,21,112,11,1708,13,10,8,32,57,31,0,18,0,178,35,33,18,74,64,74,3,33,3,343,10,21,8,15,17,12,0,4,4,93,23,31,9,49,54,42,3,23,12,239,780,2249,423,1413,1216,631,45,323,95,7173,5,22,0,3,0,0,0,0,0,27,17,124,3,3,8,3,0,0,0,155,146,386,14,26,33,14,3,12,8,645,7,22,0,4,3,3,0,3,0,44,51,248,10,48,31,13,3,7,3,416,12,49,3,5,8,3,0,0,0,72,536,1993,142,310,292,165,28,89,45,3592,4,6,0,10,3,4,0,3,0,28
LGA35760,10,21,0,3,0,0,0,3,0,38,0,8,0,0,0,0,0,0,0,9,53,135,3,20,25,9,0,35,4,267,3,0,0,0,0,0,0,0,0,3,20,23,0,11,15,4,0,0,0,70,31,20,3,43,18,6,0,16,0,139,28,21,35,112,61,32,6,42,0,339,4,3,0,13,15,12,0,7,0,54,6,0,0,21,10,8,0,10,0,61,3,0,0,0,3,0,0,4,0,19,9,7,0,6,10,8,0,15,9,67,182,252,42,227,157,71,10,130,15,1087,0,0,0,0,0,0,0,0,0,0,3,6,0,0,0,0,0,0,0,8,13,15,3,0,3,3,0,4,0,39,0,4,0,0,0,0,0,0,0,3,11,25,0,3,0,0,0,4,0,46,3,10,0,0,0,0,0,0,0,12,88,184,6,24,28,14,3,62,4,412,3,0,0,3,0,0,0,0,0,3
LGA35780,3,4,0,0,0,0,0,0,0,7,0,0,0,0,0,0,0,0,0,0,8,30,0,7,8,0,0,0,0,53,0,0,0,3,0,0,0,0,0,4,4,6,0,3,0,0,0,0,0,16,8,3,0,22,20,0,0,0,0,56,3,9,0,30,23,12,0,10,0,89,0,0,0,3,3,0,0,7,0,14,0,0,0,3,4,0,0,0,0,8,0,0,0,0,0,0,0,0,0,0,0,3,0,6,7,3,0,3,0,22,31,67,5,84,61,17,3,16,3,285,0,0,0,0,0,0,0,0,0,0,0,0,0,0,0,0,0,0,0,0,3,9,0,3,0,0,0,0,0,12,0,0,0,0,0,0,0,0,0,0,4,12,0,0,0,0,0,0,0,18,0,0,0,0,0,0,0,0,0,0,16,45,0,8,7,0,0,0,3,79,0,0,0,4,0,0,0,0,0,3
LGA35790,0,4,0,0,0,0,0,0,0,6,0,0,0,0,0,0,0,0,0,0,3,23,0,7,0,0,0,0,0,37,0,0,0,0,0,0,0,0,0,0,0,0,0,0,0,0,0,0,0,3,3,0,0,11,4,0,0,0,0,17,0,3,3,27,12,0,0,4,0,56,0,6,0,7,4,0,0,0,0,16,0,0,0,0,0,0,0,0,0,3,0,0,0,3,0,0,0,0,0,3,0,0,0,3,0,0,0,0,0,5,5,51,3,56,20,4,0,8,0,151,0,0,0,0,0,0,0,0,0,0,0,0,0,0,0,0,0,0,0,0,6,7,0,0,0,0,0,0,0,13,0,0,0,0,0,0,0,0,0,0,0,7,0,0,0,0,0,0,0,8,0,0,0,0,0,0,0,0,0,0,7,29,0,12,0,0,0,0,0,46,0,0,0,0,0,0,0,0,0,0
LGA35800,4,8,0,0,0,0,0,0,0,14,0,0,0,0,0,0,0,0,0,0,11,32,0,3,0,0,0,0,0,50,0,0,0,0,0,0,0,0,0,0,12,3,0,3,0,0,0,0,0,16,6,8,0,7,8,0,0,3,0,34,8,4,3,13,10,9,0,6,0,58,0,0,0,0,0,0,0,0,0,5,3,0,3,3,3,0,0,0,0,10,0,0,0,0,0,0,0,0,0,0,0,3,0,0,0,0,0,3,0,8,54,61,6,28,28,12,0,12,0,201,0,0,0,0,0,0,0,0,0,0,0,0,0,0,0,0,0,0,0,0,6,4,0,0,0,0,0,0,0,12,0,0,0,0,0,0,0,0,0,0,3,8,0,0,0,0,0,0,0,9,0,0,0,0,0,0,0,0,0,4,21,33,0,3,0,0,0,0,0,62,0,0,0,0,0,0,0,0,0,0
LGA36070,0,0,0,0,0,0,0,0,0,0,0,0,0,0,0,0,0,0,0,0,3,6,0,0,0,0,0,0,0,9,0,0,0,0,0,0,0,0,0,0,0,0,0,0,0,0,0,0,0,0,3,0,0,4,0,0,0,0,0,9,0,3,3,5,4,0,0,0,0,13,0,0,0,0,0,0,0,0,0,0,0,0,0,0,0,0,0,0,0,0,0,0,0,0,0,0,0,0,0,0,0,0,0,3,0,0,0,0,0,4,11,10,0,16,5,0,0,0,0,44,0,0,0,0,0,0,0,0,0,0,0,0,0,0,0,0,0,0,0,0,0,3,0,0,0,0,0,0,0,4,0,0,0,0,0,0,0,0,0,0,0,0,0,0,0,0,0,0,0,4,0,0,0,0,0,0,0,0,0,0,3,6,0,0,0,0,0,0,0,8,0,0,0,0,0,0,0,0,0,0
LGA36150,3,0,0,0,0,0,0,0,0,3,0,0,0,0,0,0,0,0,0,0,0,15,0,3,10,0,0,0,0,32,0,0,0,0,0,0,0,0,0,0,4,0,0,3,0,0,0,0,0,6,3,0,0,9,0,0,0,0,0,13,5,3,7,10,5,3,0,5,0,43,0,0,0,0,0,0,0,0,0,4,0,0,3,0,0,0,0,4,0,5,0,0,0,0,0,0,0,0,0,0,0,0,0,0,0,0,0,0,0,3,24,27,9,27,18,3,0,14,0,120,0,0,0,0,0,0,0,0,0,0,0,0,0,0,0,0,0,0,0,0,3,0,0,0,0,0,0,0,0,4,0,0,0,0,0,0,0,0,0,0,3,0,0,0,0,0,0,0,0,3,0,0,0,0,0,0,0,0,0,0,7,17,0,3,10,0,0,0,0,38,0,0,0,0,0,0,0,0,0,0
LGA36250,79,410,6,105,68,13,0,3,3,702,20,146,4,12,28,4,0,3,0,211,570,3584,110,505,785,253,11,85,55,5964,3,11,0,17,12,5,0,3,0,49,202,448,64,320,446,104,3,47,19,1657,373,464,156,965,996,245,16,105,38,3354,418,343,656,1670,1598,605,64,348,54,5752,47,30,23,90,194,125,7,72,0,581,76,56,41,252,318,143,14,60,10,964,21,42,11,37,84,29,3,17,3,256,47,82,21,113,136,80,11,68,55,601,2047,6463,1111,4132,4782,1617,132,827,234,21346,14,27,0,3,6,0,0,0,0,49,42,295,5,4,13,0,3,0,4,370,451,1120,45,63,157,43,15,24,15,1936,20,50,3,7,3,0,0,0,0,86,174,600,21,127,91,27,11,12,4,1055,67,214,10,21,41,6,0,4,0,359,1493,5580,369,747,1051,433,90,229,101,10084,4,8,13,19,10,4,0,8,4,74
LGA36300,0,0,0,0,0,0,0,0,0,3,0,0,0,0,0,0,0,0,0,5,7,9,0,3,8,0,0,4,0,36,0,0,0,0,0,0,0,0,0,0,0,3,0,0,0,0,0,0,0,6,0,0,0,4,8,0,0,4,0,15,0,3,3,6,5,0,0,4,0,25,0,3,0,0,0,0,0,0,0,5,0,0,0,3,0,0,0,3,0,9,0,0,0,0,0,0,0,0,0,0,0,0,3,0,0,0,0,0,0,10,23,25,9,17,22,5,3,14,3,112,0,0,0,0,0,0,0,0,0,0,0,3,0,0,0,0,0,0,0,3,0,0,0,0,0,0,0,0,0,3,0,0,0,0,0,0,0,0,0,0,0,3,0,0,0,0,0,0,0,3,0,0,0,0,0,0,0,0,0,5,7,12,0,3,4,0,0,4,0,42,0,0,0,0,0,0,0,0,0,0
LGA36370,27,226,7,41,34,3,0,0,0,337,12,83,3,9,13,0,0,0,3,118,198,1942,64,231,282,59,8,47,16,2843,0,3,0,6,0,3,0,0,0,20,61,165,15,124,101,25,3,17,3,510,115,157,35,428,305,67,8,40,9,1170,182,177,292,887,812,278,55,162,26,2879,23,23,14,75,90,72,5,42,0,342,19,23,8,103,94,49,8,25,3,337,0,23,5,22,12,3,3,11,0,86,27,39,7,68,52,43,4,51,27,325,718,3188,463,2024,1821,611,99,401,100,9418,0,18,0,0,3,0,0,0,0,25,15,189,3,0,6,0,0,0,3,217,107,431,20,40,37,6,13,10,3,671,13,31,3,3,3,0,4,0,0,50,51,321,12,50,34,3,5,6,3,485,27,100,12,13,21,3,0,3,3,175,409,2863,223,341,383,90,48,98,28,4486,0,3,0,14,0,3,0,0,0,24
LGA36510,19,96,4,13,10,3,0,0,3,153,9,28,3,3,3,0,0,0,0,53,155,771,29,86,161,42,7,38,4,1295,0,0,4,0,4,0,0,0,0,13,55,108,22,76,74,27,0,13,0,373,109,91,50,193,163,49,9,46,8,718,112,65,171,408,324,116,16,124,12,1364,26,13,15,42,43,21,0,30,3,191,23,22,17,68,69,36,0,27,3,260,3,8,4,7,11,0,0,6,0,37,27,28,18,39,52,31,3,27,19,231,597,1410,330,949,934,323,40,315,61,4959,0,12,0,0,0,0,0,0,0,13,12,60,0,4,3,0,0,3,0,85,89,231,8,18,20,6,3,5,5,386,3,13,0,0,0,0,0,0,0,20,34,149,7,23,10,3,3,5,3,232,13,40,3,3,9,0,0,0,0,73,327,1131,71,150,201,51,24,70,14,2034,0,0,4,0,3,0,0,0,0,18
LGA36580,3,51,0,12,6,0,0,6,0,80,0,20,0,0,0,0,0,0,0,21,52,346,14,39,50,11,0,32,0,547,0,3,0,0,0,0,0,0,0,3,28,54,5,38,35,5,0,4,0,172,38,43,17,120,81,26,0,28,4,355,63,41,83,279,173,70,23,91,11,833,7,3,8,17,25,20,3,26,0,105,11,11,15,31,35,22,0,24,5,142,0,4,0,3,5,0,0,5,0,23,10,15,11,18,18,12,0,29,10,124,226,643,159,553,442,173,34,234,38,2500,3,3,0,0,0,0,0,0,0,3,5,21,0,0,0,0,0,0,0,21,21,62,0,4,4,0,0,0,3,102,0,3,0,0,0,0,0,0,0,6,8,63,3,13,6,3,0,6,0,109,0,18,3,0,3,0,0,0,0,33,117,484,48,55,61,25,0,60,12,861,3,5,0,0,0,0,0,0,0,11
LGA36630,10,67,0,8,16,0,0,0,0,104,4,18,0,0,0,0,0,0,0,24,90,573,7,71,68,16,3,13,4,850,0,3,0,3,3,0,0,0,0,11,40,64,9,59,40,13,4,11,3,243,45,76,16,176,94,29,3,21,0,451,111,59,133,358,222,113,19,80,5,1086,17,3,9,36,39,33,4,23,0,162,23,12,6,61,40,25,0,19,0,180,3,7,4,3,8,3,0,3,0,25,19,16,3,24,21,16,0,26,16,138,366,990,189,802,539,240,32,198,37,3395,0,7,0,0,0,0,0,0,0,7,0,14,0,0,0,0,0,0,0,15,30,112,3,9,6,0,0,0,3,161,4,4,0,0,0,0,0,0,0,4,16,89,5,11,16,7,0,3,0,150,6,20,0,0,0,0,0,0,0,31,177,807,34,99,82,28,14,32,12,1283,4,8,0,3,3,0,0,3,0,15
LGA36660,7,88,4,12,4,0,0,0,0,111,3,13,0,5,4,0,0,0,0,27,101,605,20,62,94,25,5,50,4,963,0,0,3,0,3,0,0,0,0,12,64,83,12,60,38,15,0,14,0,286,63,40,24,166,93,26,4,24,6,451,93,80,150,387,243,111,22,133,5,1229,11,3,9,23,41,23,10,33,0,148,15,13,12,51,40,35,6,20,0,184,6,4,0,3,4,0,0,3,0,26,26,17,7,41,30,32,4,26,15,189,406,1053,239,820,607,266,46,312,37,3782,0,3,0,0,0,0,0,0,0,8,12,28,0,0,3,0,0,0,0,38,46,133,0,4,13,3,0,9,3,217,3,8,0,0,0,0,0,0,0,7,19,136,6,15,9,0,0,0,0,178,7,21,0,6,4,0,0,0,0,46,224,881,53,102,125,39,7,71,8,1506,0,0,3,0,3,0,0,3,0,10
LGA36720,138,980,28,188,142,30,0,8,4,1527,47,321,8,21,50,9,0,9,0,466,1129,7663,300,1184,1586,502,32,263,86,12738,8,14,7,43,17,10,0,4,3,123,428,898,125,650,716,245,19,120,32,3235,635,855,280,1847,1499,543,41,240,63,6006,769,619,1364,3264,2583,1450,119,674,76,10920,76,57,65,212,279,262,16,95,11,1075,167,129,94,476,516,283,11,141,20,1837,52,81,45,74,119,59,9,30,15,485,110,170,63,239,200,196,18,109,121,1233,3871,13632,2405,8312,7925,3662,275,1744,443,42270,25,109,0,10,13,8,0,0,0,161,72,702,8,10,28,12,0,3,4,847,656,2282,68,148,252,91,13,84,39,3637,36,162,4,11,17,8,0,3,3,244,259,1456,62,214,183,53,13,32,14,2287,98,424,18,33,60,21,5,12,3,677,2569,12234,852,1682,2012,871,168,529,190,21108,17,21,13,58,18,20,0,11,3,165
LGA36820,9,73,0,12,8,0,0,0,5,102,0,13,3,0,0,0,0,0,0,20,99,513,12,58,89,14,0,21,3,815,0,0,0,0,3,4,0,0,0,5,33,77,13,53,49,12,0,7,3,255,42,47,13,125,90,28,3,14,0,372,80,46,99,230,188,91,10,54,6,804,11,0,4,20,22,19,0,15,0,89,21,4,7,43,29,12,3,20,0,143,0,4,0,3,4,5,0,3,0,18,20,24,3,32,20,14,0,25,8,152,340,897,164,584,515,201,16,170,30,2914,0,5,0,0,0,0,0,0,0,10,16,41,4,0,7,0,0,0,0,66,36,118,0,10,10,5,0,0,0,177,0,6,0,0,0,0,0,0,0,6,17,93,0,12,11,0,0,3,3,142,4,19,3,3,4,0,0,0,0,37,184,736,27,95,102,26,7,47,10,1239,3,0,0,0,3,4,0,0,0,8
LGA36910,71,560,14,87,74,8,0,6,3,832,32,134,3,12,38,0,0,0,0,216,580,4368,139,505,796,168,8,127,34,6732,0,7,0,26,11,4,0,0,0,56,196,440,46,259,275,63,3,51,19,1354,312,359,140,848,759,180,24,105,17,2755,399,350,684,1776,1617,633,69,469,34,6021,36,25,30,90,187,130,12,79,4,592,83,58,31,282,212,109,6,81,7,865,14,50,4,34,47,5,0,11,0,170,54,74,33,144,115,89,9,86,45,648,1970,7550,1148,4119,4240,1412,130,1054,168,21788,11,42,0,3,4,0,0,0,0,58,78,579,8,9,14,0,0,7,4,706,384,1372,53,85,139,45,19,91,11,2191,13,66,0,3,3,0,0,0,0,88,151,784,27,109,99,22,6,14,3,1221,55,192,18,20,59,3,0,0,3,353,1331,6832,419,742,1046,311,91,353,84,11217,9,13,9,26,18,4,0,7,3,77
LGA36950,0,10,0,3,3,0,0,0,0,17,0,5,0,0,3,0,0,0,0,8,11,97,0,9,8,3,0,0,0,135,0,0,0,0,0,0,0,0,0,0,4,9,0,7,3,0,0,0,0,28,9,14,3,20,15,0,0,0,0,58,8,8,6,38,35,11,0,3,0,112,4,0,0,8,9,0,0,7,0,34,0,0,0,8,3,0,0,0,0,13,0,0,0,0,0,0,0,0,0,7,5,3,5,11,9,6,3,7,7,54,51,172,7,109,97,18,9,19,13,500,0,0,0,0,0,0,0,0,0,0,3,0,0,0,0,0,0,0,0,6,6,36,0,7,5,0,0,0,0,52,0,3,0,0,0,0,0,0,0,3,0,12,0,7,5,0,0,0,0,23,0,5,0,0,3,0,0,0,0,13,28,135,3,19,15,3,0,3,4,203,0,0,0,0,0,0,0,0,0,4
LGA36960,0,6,0,6,0,0,0,0,0,14,0,0,0,0,0,0,0,0,0,0,3,44,0,0,3,0,0,0,0,47,0,0,0,0,3,0,0,0,0,3,0,8,0,13,0,0,0,0,0,26,3,10,0,14,13,0,0,0,0,40,5,16,0,36,37,11,0,8,0,119,3,0,0,6,5,10,0,11,0,39,0,0,0,0,0,0,0,3,0,6,0,0,0,0,0,0,0,0,0,3,0,0,0,11,7,7,0,9,0,34,25,87,0,83,67,29,0,32,6,329,0,0,0,0,0,0,0,0,0,0,0,0,0,0,0,0,0,0,0,0,3,3,0,0,0,0,0,0,0,8,0,0,0,0,0,0,0,0,0,0,3,6,0,6,0,0,0,0,0,13,0,0,0,0,0,0,0,0,0,0,5,44,0,0,3,0,0,0,0,61,0,0,0,0,3,0,0,0,0,4
LGA37010,60,561,8,122,79,14,3,11,9,870,39,223,4,10,32,3,0,0,4,318,678,5951,172,706,896,228,27,158,54,8863,3,0,4,24,0,3,0,6,0,39,153,425,51,330,274,66,14,40,12,1352,374,438,115,1206,863,244,31,103,37,3412,462,401,831,2047,1927,711,134,423,71,7014,45,35,40,151,213,158,8,77,3,725,59,59,31,279,268,103,9,57,6,871,17,59,13,49,68,24,0,11,3,246,22,121,27,124,100,88,16,84,48,637,2142,9590,1324,5124,4845,1670,243,984,246,26152,9,76,0,0,5,0,0,0,0,91,88,753,12,8,18,0,3,5,4,885,471,1380,76,98,143,33,13,39,19,2267,19,96,7,8,13,4,0,0,0,141,127,797,27,155,94,26,4,14,8,1258,77,275,11,21,47,6,0,3,5,445,1425,8719,505,1068,1169,369,160,308,106,13838,9,4,7,24,4,3,0,3,0,59
LGA37300,0,12,0,3,0,0,3,0,0,22,0,10,0,0,0,0,0,0,0,12,11,118,3,9,11,4,3,5,3,170,0,0,0,0,0,0,0,0,0,0,4,7,0,8,0,0,3,7,0,34,6,7,3,14,13,5,3,3,0,59,3,6,26,26,46,11,32,13,3,163,0,3,0,3,3,0,0,0,0,14,0,3,0,3,5,0,0,0,0,20,0,0,0,0,0,0,0,0,0,6,0,8,3,4,0,0,9,0,3,24,47,195,39,75,88,22,54,30,3,558,0,0,0,0,0,0,0,0,0,0,0,3,0,0,0,0,0,0,0,7,9,28,3,5,3,0,0,0,0,51,0,0,0,0,0,0,0,0,0,3,0,21,0,3,0,0,3,0,0,33,0,10,0,0,0,0,0,0,0,12,34,167,13,12,16,4,10,5,3,261,0,0,0,0,0,0,0,0,0,0
LGA37310,15,70,0,7,3,0,0,0,0,103,5,15,0,0,0,0,0,0,0,23,145,649,27,76,96,26,4,45,0,1062,0,0,0,4,0,0,0,0,0,5,55,71,9,41,42,7,0,18,0,259,74,53,20,130,140,19,11,24,3,471,95,61,126,265,323,97,34,86,3,1090,15,6,6,37,45,27,5,18,0,158,26,9,11,54,51,13,3,24,0,183,9,5,3,5,4,0,0,3,0,27,33,16,13,29,27,24,4,30,16,200,479,1025,219,646,743,225,64,252,32,3672,0,3,0,0,0,0,0,0,0,3,6,9,0,4,0,0,0,0,0,17,28,92,10,3,10,0,3,4,0,143,3,3,0,0,0,0,0,0,0,9,22,96,0,7,3,0,0,0,0,134,9,22,0,0,5,0,0,0,0,40,308,930,81,100,107,33,20,73,10,1663,0,0,0,4,0,3,0,0,0,10
LGA37340,14,67,0,9,9,3,0,0,0,100,4,13,0,3,3,0,0,0,0,24,131,534,34,132,113,57,5,65,11,1078,0,0,0,10,0,0,0,0,0,12,56,69,13,64,52,25,4,20,7,297,104,63,32,185,135,47,9,44,6,624,98,73,201,340,282,133,35,122,7,1293,19,11,3,35,30,37,8,30,4,179,32,9,10,43,40,29,7,29,0,202,9,5,6,7,10,3,3,17,0,64,26,15,13,30,25,31,4,68,14,230,504,947,306,867,717,376,68,398,51,4226,0,7,0,0,0,0,0,0,0,9,0,19,0,0,3,0,0,0,0,20,37,98,6,13,11,8,3,12,0,196,3,11,0,0,0,0,0,0,0,14,18,99,5,16,11,3,0,3,0,149,3,19,0,6,3,0,0,0,0,32,244,763,89,191,140,67,27,133,15,1669,5,3,0,6,8,0,0,0,0,25
LGA37400,0,0,0,0,0,0,0,0,0,0,0,0,0,0,0,0,0,0,0,0,10,20,0,3,0,0,0,0,0,38,3,0,0,0,0,0,0,0,0,3,3,0,0,0,0,0,0,0,0,4,6,0,0,7,6,3,0,0,0,19,7,0,9,11,13,3,0,9,0,48,3,0,0,0,3,0,0,0,0,3,3,0,0,4,0,0,0,0,0,5,0,0,0,0,0,0,0,0,0,0,0,0,3,0,0,0,0,0,0,10,32,29,11,29,15,9,0,11,0,143,0,0,0,0,0,0,0,0,0,0,0,0,0,0,0,0,0,0,0,0,4,10,0,0,0,0,0,0,0,9,0,0,0,0,0,0,0,0,0,0,0,0,0,0,0,0,0,0,0,4,0,0,0,0,0,0,0,0,0,3,18,21,3,4,0,0,0,0,0,54,3,0,0,0,0,0,0,0,0,3
LGA37550,0,0,0,0,0,0,0,0,0,0,0,0,0,0,0,0,0,0,0,0,3,8,0,0,0,0,0,0,0,7,0,0,0,0,0,0,0,0,0,0,0,0,0,0,0,0,0,0,0,3,3,0,0,3,0,0,0,0,0,5,0,0,0,9,4,3,0,0,0,17,0,0,0,0,4,0,0,0,0,9,0,0,0,0,0,0,0,0,0,0,0,0,0,0,0,0,0,0,0,0,0,0,0,3,0,0,0,0,0,3,9,8,3,16,7,4,0,0,0,49,0,0,0,0,0,0,0,0,0,0,0,0,0,0,0,0,0,0,0,0,0,0,0,0,0,0,0,0,0,0,0,0,0,0,0,0,0,0,0,0,0,0,0,3,0,0,0,0,0,3,0,0,0,0,0,0,0,0,0,0,3,9,0,3,0,0,0,0,0,13,0,0,0,0,0,0,0,0,0,0
LGA37570,0,0,0,0,0,0,0,0,0,0,0,0,0,0,0,0,0,0,0,0,0,0,0,0,0,0,0,0,0,0,0,0,0,0,0,0,0,0,0,0,0,0,0,0,0,0,0,0,0,0,0,0,0,0,0,0,0,0,0,3,0,3,0,5,0,0,0,0,0,9,0,0,0,3,0,0,0,0,0,3,0,0,0,0,0,0,0,0,0,0,0,0,0,0,0,0,0,0,0,0,0,0,0,0,0,0,0,0,0,0,3,3,0,8,5,0,0,0,0,18,0,0,0,0,0,0,0,0,0,0,0,0,0,0,0,0,0,0,0,0,0,0,0,0,0,0,0,0,0,0,0,0,0,0,0,0,0,0,0,0,0,0,0,0,0,0,0,0,0,0,0,0,0,0,0,0,0,0,0,0,0,3,0,0,0,0,0,0,0,5,0,0,0,0,0,0,0,0,0,0
LGA37600,0,3,0,4,0,0,0,0,0,6,0,0,0,0,0,0,0,0,0,0,0,15,0,3,0,0,0,0,0,20,0,0,0,0,0,0,0,0,0,0,3,0,0,3,0,0,0,0,0,9,3,5,0,3,10,0,0,0,0,20,3,3,0,22,13,0,0,3,0,47,0,0,0,4,4,0,0,4,0,11,0,0,0,0,3,0,0,0,0,3,0,0,0,0,0,0,0,0,0,0,3,0,0,4,3,0,0,4,0,13,11,32,0,43,30,3,0,7,3,128,0,0,0,0,0,0,0,0,0,0,0,0,0,0,0,0,0,0,0,0,0,0,0,0,0,0,0,0,0,3,0,0,0,0,0,0,0,0,0,0,4,4,0,4,0,0,0,0,0,10,0,0,0,0,0,0,0,0,0,0,3,27,0,3,0,0,0,0,0,34,0,0,0,0,0,0,0,0,0,0
LGA39499,0,10,0,3,3,3,0,0,0,18,0,4,0,0,0,0,0,0,0,8,29,122,3,54,23,16,0,120,5,371,0,0,0,0,0,0,0,0,0,0,7,18,4,5,0,3,0,4,4,50,6,15,4,36,16,5,0,24,0,100,14,18,31,38,41,16,5,25,3,184,0,0,0,5,0,0,0,3,0,17,3,4,0,5,4,6,0,9,0,27,3,0,0,3,0,0,0,7,0,12,0,10,0,7,4,0,0,12,12,45,74,226,44,162,96,58,12,209,21,894,0,4,0,0,0,0,0,0,0,4,0,21,3,0,0,0,0,0,0,25,14,46,0,11,4,0,3,15,0,89,0,0,0,0,0,0,0,0,0,7,3,13,0,3,3,0,0,0,0,26,3,7,0,0,0,0,0,0,0,13,55,207,14,79,30,25,15,179,8,613,0,0,3,0,0,0,0,0,0,3
LGA39799,0,0,0,0,0,0,0,0,0,0,0,0,0,0,0,0,0,0,0,0,0,3,0,0,0,0,0,0,0,0,0,0,0,0,0,0,0,0,0,0,0,0,0,0,0,0,0,0,0,3,0,3,0,0,0,0,0,0,0,3,0,0,0,0,0,0,0,0,0,7,0,0,0,0,0,0,0,0,0,3,0,0,0,0,0,0,0,0,0,0,0,0,0,0,0,0,0,0,0,0,0,0,0,0,0,0,0,0,0,0,0,7,0,0,3,0,0,0,0,17,0,0,0,0,0,0,0,0,0,0,0,0,0,0,0,0,0,0,0,0,0,0,0,0,0,0,0,0,0,3,0,0,0,0,0,0,0,0,0,0,0,0,0,0,0,0,0,0,0,0,0,0,0,0,0,0,0,0,0,0,0,3,0,0,0,0,0,0,0,0,0,0,0,0,0,0,0,0,0,0
