LGA_CODE_2016,FOL_Korean_NS,FOL_Korean_Tot,FOL_Macedonian_SEO,FOL_Macedonian_SOLSE_VWorW,FOL_Macedonian_SOLSE_NWorNAA,FOL_Macedonian_SOLSE_Tot,FOL_Macedonian_NS,FOL_Macedonian_Tot,FOL_Maltese_SEO,FOL_Maltese_SOLSE_VWorW,FOL_Maltese_SOLSE_NWorNAA,FOL_Maltese_SOLSE_Tot,FOL_Maltese_NS,FOL_Maltese_Tot,FOL_Persian_ED_SEO,FOL_Persian_ED_SOLSE_VWorW,FOL_Persian_ED_SOLSE_NWorNAA,FOL_Persian_ED_SOLSE_Tot,FOL_Persian_ED_NS,FOL_Persian_ED_Tot,FOL_Polish_SEO,FOL_Polish_SOLSE_VWorW,FOL_Polish_SOLSE_NWorNAA,FOL_Polish_SOLSE_Tot,FOL_Polish_NS,FOL_Polish_Tot,FOL_Russian_SEO,FOL_Russian_SOLSE_VWorW,FOL_Russian_SOLSE_NWorNAA,FOL_Russian_SOLSE_Tot,FOL_Russian_NS,FOL_Russian_Tot,FOL_Samoan_SEO,FOL_Samoan_SOLSE_VWorW,FOL_Samoan_SOLSE_NWorNAA,FOL_Samoan_SOLSE_Tot,FOL_Samoan_NS,FOL_Samoan_Tot,FOL_Serbian_SEO,FOL_Serbian_SOLSE_VWorW,FOL_Serbian_SOLSE_NWorNAA,FOL_Serbian_SOLSE_Tot,FOL_Serbian_NS,FOL_Serbian_Tot,FOL_SAL_Filipino_SEO,FOL_SAL_Filipino_SOLSE_VWorW,FOL_SAL_Filipin_SOLSE_NWorNAA,FOL_SAL_Filipino_SOLSE_Tot,FOL_SAL_Filipino_NS,FOL_SAL_Filipino_Tot,FOL_SAL_Indonesian_SEO,FOL_SAL_Indonesia_SOLSE_VWorW,FOL_SAL_Indones_SOLSE_NWorNAA,FOL_SAL_Indonesian_SOLSE_Tot,FOL_SAL_Indonesian_NS,FOL_SAL_Indonesian_Tot,FOL_SAL_Tagalog_SEO,FOL_SAL_Tagalog_SOLSE_VWorW,FOL_SAL_Tagalog_SOLSE_NWorNAA,FOL_SAL_Tagalog_SOLSE_Tot,FOL_SAL_Tagalog_NS,FOL_SAL_Tagalog_Tot,FOL_SAL_Oth_SEO,FOL_SAL_Oth_SOLSE_VWorW,FOL_SAL_Oth_SOLSE_NWorNAA,FOL_SAL_Oth_SOLSE_Tot,FOL_SAL_Oth_NS,FOL_SAL_Oth_Tot,FOL_SAL_Tot_SEO,FOL_SAL_Tot_SOLSE_VWorW,FOL_SAL_Tot_SOLSE_NWorNAA,FOL_SAL_Tot_SOLSE_Tot,FOL_SAL_Tot_NS,FOL_SAL_Tot_Tot,FOL_Spanish_SEO,FOL_Spanish_SOLSE_VWorW,FOL_Spanish_SOLSE_NWorNAA,FOL_Spanish_SOLSE_Tot,FOL_Spanish_NS,FOL_Spanish_Tot,FOL_Tamil_SEO,FOL_Tamil_SOLSE_VWorW,FOL_Tamil_SOLSE_NWorNAA,FOL_Tamil_SOLSE_Tot,FOL_Tamil_NS,FOL_Tamil_Tot,FOL_Thai_SEO,FOL_Thai_SOLSE_VWorW,FOL_Thai_SOLSE_NWorNAA,FOL_Thai_SOLSE_Tot,FOL_Thai_NS,FOL_Thai_Tot,FOL_Turkish_SEO,FOL_Turkish_SOLSE_VWorW,FOL_Turkish_SOLSE_NWorNAA,FOL_Turkish_SOLSE_Tot,FOL_Turkish_NS,FOL_Turkish_Tot,FOL_Vietnamese_SEO,FOL_Vietnamese_SOLSE_VWorW,FOL_Vietnamese_SOLSE_NWorNAA,FOL_Vietnamese_SOLSE_Tot,FOL_Vietnamese_NS,FOL_Vietnamese_Tot,FOL_Oth_SEO,FOL_Oth_SOLSE_VWorW,FOL_Oth_SOLSE_NWorNAA,FOL_Oth_SOLSE_Tot,FOL_Oth_NS,FOL_Oth_Tot,FOL_Tot_SEO,FOL_Tot_SOLSE_VWorW,FOL_Tot_SOLSE_NWorNAA,FOL_Tot_SOLSE_Tot,FOL_Tot_NS,FOL_Tot_Tot,F_LSatH_NS_SEO,F_LSatH_NS_SOLSE_VWorW,F_LSatH_NS_SOLSE_NWorNAA,F_LSatH_NS_SOLSE_Tot,F_LSatH_NS_NS,F_LSatH_NS_Tot,F_Tot_SEO,F_Tot_SOLSE_VWorW,F_Tot_SOLSE_NWorNAA,F_Tot_SOLSE_Tot,F_Tot_NS,F_Tot_Tot,PSEO_SEO,PSEO_SOLSE_VWorW,PSEO_SOLSE_NWorNAA,PSEO_SOLSE_Tot,PSEO_NS,PSEO_Tot,POL_Afrikaans_SEO,POL_Afrikaans_SOLSE_VWorW,POL_Afrikaans_SOLSE_NWorNAA,POL_Afrikaans_SOLSE_Tot,POL_Afrikaans_NS,POL_Afrikaans_Tot,POL_Arabic_SEO,POL_Arabic_SOLSE_VWorW,POL_Arabic_SOLSE_NWorNAA,POL_Arabic_SOLSE_Tot,POL_Arabic_NS,POL_Arabic_Tot,POL_AIndLng_SEO,POL_AIndLng_SOLSE_VWorW,POL_AIndLng_SOLSE_NWorNAA,POL_AIndLng_SOLSE_Tot,POL_AIndLng_NS,POL_AIndLng_Tot,POL_CL_Cantones_SEO,POL_CL_Cantones_SOLSE_VWorW,POL_CL_Cantones_SOLSE_NWorNAA,POL_CL_Cantones_SOLSE_Tot,POL_CL_Cantones_NS,POL_CL_Cantones_Tot,POL_CL_Mandarin_SEO,POL_CL_Mandarin_SOLSE_VWorW,POL_CL_Mandarin_SOLSE_NWorNAA,POL_CL_Mandarin_SOLSE_Tot,POL_CL_Mandarin_NS,POL_CL_Mandarin_Tot,POL_CL_Oth_SEO,POL_CL_Oth_SOLSE_VWorW,POL_CL_Oth_SOLSE_NWorNAA,POL_CL_Oth_SOLSE_Tot,POL_CL_Oth_NS,POL_CL_Oth_Tot,POL_CL_Tot_SEO,POL_CL_Tot_SOLSE_VWorW,POL_CL_Tot_SOLSE_NWorNAA,POL_CL_Tot_SOLSE_Tot,POL_CL_Tot_NS,POL_CL_Tot_Tot,POL_Croatian_SEO,POL_Croatian_SOLSE_VWorW,POL_Croatian_SOLSE_NWorNAA,POL_Croatian_SOLSE_Tot,POL_Croatian_NS,POL_Croatian_Tot,POL_Dutch_SEO,POL_Dutch_SOLSE_VWorW,POL_Dutch_SOLSE_NWorNAA,POL_Dutch_SOLSE_Tot,POL_Dutch_NS,POL_Dutch_Tot,POL_French_SEO,POL_French_SOLSE_VWorW,POL_French_SOLSE_NWorNAA,POL_French_SOLSE_Tot,POL_French_NS,POL_French_Tot,POL_German_SEO,POL_German_SOLSE_VWorW,POL_German_SOLSE_NWorNAA,POL_German_SOLSE_Tot,POL_German_NS,POL_German_Tot
LGA30250,0,0,..,0,0,0,0,0,..,0,0,0,0,0,..,0,0,0,0,0,..,0,0,0,0,0,..,0,0,0,0,0,..,0,0,0,0,0,..,0,0,0,0,0,..,0,0,0,0,0,..,0,0,0,0,0,..,0,0,0,0,0,..,0,0,0,0,0,..,3,0,3,0,3,..,0,0,0,0,0,..,0,0,0,0,0,..,0,0,0,0,0,..,0,0,0,0,0,..,0,0,0,0,0,..,12,0,13,0,13,..,520,42,563,7,566,..,0,0,3,14,10,56,517,48,569,18,635,135,..,..,..,..,135,..,0,0,0,0,0,..,0,0,0,0,0,..,973,94,1069,15,1084,..,0,0,0,0,0,..,0,0,0,0,0,..,0,0,0,0,0,..,0,0,0,0,0,..,0,0,0,0,0,..,0,0,0,0,0,..,0,0,0,0,0,..,0,0,0,0,0
LGA30300,0,0,..,0,0,0,0,0,..,0,0,0,0,0,..,0,0,0,0,0,..,0,0,0,0,0,..,0,0,0,0,0,..,0,0,0,0,0,..,0,0,0,0,0,..,0,0,0,0,0,..,3,0,3,0,3,..,6,0,6,0,6,..,0,0,0,0,0,..,8,0,8,0,8,..,0,0,0,0,0,..,0,0,0,0,0,..,3,0,3,0,3,..,0,0,0,0,0,..,0,0,0,0,0,..,16,3,15,3,18,..,55,5,62,3,62,..,7,0,7,157,162,1898,68,5,76,158,2129,3900,..,..,..,..,3900,..,29,0,32,0,32,..,0,0,0,0,0,..,11,0,11,0,11,..,0,0,3,0,3,..,4,0,3,0,3,..,0,0,0,0,0,..,3,3,6,0,6,..,0,0,0,0,0,..,0,0,0,0,0,..,0,0,3,0,3,..,3,0,3,0,3
LGA30370,0,0,..,0,0,0,0,0,..,0,0,0,0,0,..,0,0,0,0,0,..,0,0,0,0,0,..,3,0,3,0,3,..,0,0,0,0,0,..,0,0,0,0,0,..,23,0,23,0,23,..,0,0,0,0,0,..,32,3,32,0,35,..,3,0,3,0,3,..,66,3,62,0,63,..,3,0,3,0,3,..,4,4,3,0,3,..,8,0,3,0,3,..,0,0,0,0,0,..,26,35,59,0,59,..,56,16,73,3,72,..,240,70,309,5,319,..,14,3,14,521,533,6078,249,73,322,526,6928,12468,..,..,..,..,12468,..,26,0,26,0,26,..,0,0,0,0,3,..,3,0,3,0,3,..,5,4,7,0,7,..,14,29,43,0,43,..,0,3,3,0,7,..,24,33,58,0,60,..,3,0,3,0,3,..,10,0,10,0,10,..,6,0,6,0,6,..,4,0,4,0,4
LGA30410,0,0,..,0,0,0,0,0,..,0,0,0,0,0,..,0,0,0,0,0,..,0,0,0,0,0,..,0,0,0,0,0,..,0,0,0,0,0,..,0,0,0,0,0,..,3,0,3,0,3,..,0,0,0,0,0,..,3,0,3,0,3,..,0,0,0,0,0,..,3,0,3,0,3,..,0,0,0,0,0,..,0,0,0,0,0,..,3,0,3,0,3,..,0,0,0,0,0,..,0,0,0,0,0,..,4,0,4,0,4,..,37,0,34,0,36,..,0,0,0,88,92,1290,37,0,40,91,1419,2602,..,..,..,..,2602,..,12,0,12,0,12,..,0,0,0,0,0,..,3,0,3,0,3,..,0,0,0,0,0,..,0,0,0,0,0,..,0,0,0,0,0,..,0,0,0,0,0,..,0,0,0,0,0,..,0,0,0,0,0,..,0,0,0,0,0,..,10,0,10,0,10
LGA30450,0,0,..,0,0,0,0,0,..,0,0,0,0,0,..,0,0,0,0,0,..,0,0,0,0,0,..,0,0,0,0,0,..,0,0,0,0,0,..,0,0,0,0,0,..,0,0,0,0,0,..,0,0,0,0,0,..,0,0,0,0,0,..,0,0,0,0,0,..,0,0,0,0,0,..,0,0,0,0,0,..,0,0,0,0,0,..,0,0,0,0,0,..,0,0,0,0,0,..,0,0,0,0,0,..,0,0,0,0,0,..,0,0,0,0,0,..,0,0,0,6,9,113,0,0,0,6,123,250,..,..,..,..,250,..,0,0,0,0,0,..,0,0,0,0,0,..,0,0,0,0,0,..,0,0,0,0,0,..,0,0,0,0,0,..,0,0,0,0,0,..,0,0,0,0,0,..,0,0,0,0,0,..,0,0,0,0,0,..,0,0,0,0,0,..,0,0,0,0,0
LGA30760,0,0,..,0,0,0,0,0,..,0,0,0,0,0,..,0,0,0,0,0,..,0,0,0,0,0,..,0,0,0,0,0,..,0,0,0,0,0,..,0,0,0,0,0,..,3,0,3,0,3,..,0,0,0,0,0,..,3,0,3,0,3,..,0,0,0,0,0,..,3,0,3,0,3,..,0,0,0,0,0,..,0,0,0,0,0,..,0,0,0,0,0,..,0,0,0,0,0,..,0,0,0,0,0,..,3,0,3,0,3,..,17,0,13,0,13,..,0,0,0,53,55,887,17,0,21,53,958,1773,..,..,..,..,1773,..,0,0,0,0,0,..,0,0,0,0,0,..,6,0,6,0,6,..,0,0,0,0,0,..,0,0,0,0,0,..,0,0,0,0,0,..,0,0,0,0,0,..,0,0,0,0,0,..,0,0,0,0,0,..,0,0,0,0,0,..,0,0,0,0,0
LGA30900,0,0,..,0,0,0,0,0,..,0,0,0,0,0,..,0,0,0,0,0,..,0,0,0,0,0,..,0,0,0,0,0,..,0,0,0,0,0,..,0,0,0,0,0,..,0,0,0,0,0,..,0,0,0,0,0,..,0,0,0,0,0,..,0,0,0,0,0,..,0,0,0,0,0,..,0,0,0,0,0,..,0,0,0,0,0,..,0,0,0,0,0,..,0,0,0,0,0,..,0,0,0,0,0,..,0,0,0,0,0,..,3,0,9,0,9,..,0,0,0,37,37,157,3,0,9,37,201,345,..,..,..,..,345,..,0,0,0,0,0,..,0,0,0,0,0,..,0,0,0,0,0,..,0,0,0,0,0,..,0,0,0,0,0,..,0,0,0,0,0,..,0,0,0,0,0,..,0,0,0,0,0,..,0,0,0,0,0,..,0,0,0,0,0,..,3,0,3,0,3
LGA31000,41,5753,..,295,44,345,5,345,..,87,3,88,4,91,..,1645,319,1958,13,1966,..,1028,90,1113,13,1128,..,1244,169,1412,10,1416,..,1521,109,1631,22,1653,..,903,159,1066,13,1076,..,1906,53,1955,18,1969,..,1429,142,1573,14,1578,..,3110,65,3169,34,3205,..,1036,28,1065,6,1073,..,7474,281,7758,71,7823,..,4773,661,5433,36,5471,..,1364,130,1500,12,1508,..,1513,335,1856,11,1870,..,276,38,312,0,316,..,6405,3413,9817,54,9866,..,14419,2975,17397,407,17805,..,108691,22604,131299,1208,132510,..,1209,219,1431,30117,31545,410663,109902,22821,132731,31325,574720,812201,..,..,..,..,812201,..,2758,38,2795,15,2812,..,5169,1253,6425,55,6482,..,273,24,294,9,301,..,13394,3517,16912,86,16997,..,36018,10492,46508,192,46699,..,1961,758,2722,19,2737,..,51373,14771,66142,298,66440,..,1080,148,1231,11,1240,..,1591,50,1640,17,1660,..,4164,199,4370,29,4400,..,4215,130,4341,39,4383
LGA31750,0,0,..,0,0,0,0,0,..,0,0,0,0,0,..,0,0,0,0,0,..,0,0,0,0,0,..,0,0,0,0,0,..,0,0,0,0,0,..,0,0,0,0,0,..,0,0,0,0,0,..,0,0,0,0,0,..,0,0,0,0,0,..,0,0,0,0,0,..,0,0,0,0,0,..,0,0,0,0,0,..,0,0,0,0,0,..,0,0,0,0,0,..,0,0,0,0,0,..,0,0,0,0,0,..,0,0,3,0,3,..,4,0,3,0,3,..,0,0,0,13,13,143,4,0,3,13,164,313,..,..,..,..,313,..,0,0,0,0,0,..,0,0,0,0,0,..,0,0,0,0,0,..,0,0,0,0,0,..,0,0,0,0,0,..,0,0,0,0,0,..,0,0,0,0,0,..,0,0,0,0,0,..,0,0,0,0,0,..,0,0,0,0,0,..,0,0,0,0,0
LGA31820,4,73,..,0,0,0,0,0,..,12,0,17,3,16,..,3,0,3,0,3,..,14,0,12,0,12,..,23,0,27,0,27,..,3,0,3,0,3,..,3,0,3,0,3,..,92,10,96,3,97,..,13,4,14,0,14,..,133,7,142,0,142,..,35,3,32,0,32,..,267,20,284,5,288,..,39,9,49,0,47,..,11,0,14,0,14,..,51,12,61,0,59,..,43,6,45,0,45,..,40,33,81,0,81,..,301,46,343,12,357,..,1753,386,2141,36,2177,..,132,5,137,3081,3216,41788,1883,392,2281,3115,47180,82305,..,..,..,..,82305,..,168,4,173,3,175,..,37,3,46,0,45,..,29,0,34,0,34,..,73,42,112,0,112,..,196,196,393,5,395,..,13,6,22,0,22,..,286,245,535,5,534,..,28,0,25,0,25,..,123,4,127,0,130,..,102,7,107,0,108,..,262,6,268,5,275
LGA31900,0,17,..,0,0,0,0,0,..,0,0,0,0,0,..,0,0,0,0,0,..,0,0,0,0,0,..,0,0,0,0,0,..,0,0,0,0,0,..,0,0,0,0,0,..,24,3,22,0,22,..,4,0,4,0,4,..,18,0,14,0,14,..,0,0,0,0,0,..,38,3,45,0,45,..,11,0,11,0,10,..,0,0,0,0,0,..,3,0,8,0,8,..,0,0,0,0,0,..,6,10,12,0,15,..,60,11,65,3,68,..,461,109,574,8,583,..,25,3,29,571,604,7217,488,112,603,583,8402,14745,..,..,..,..,14745,..,30,0,30,0,30,..,0,0,0,0,0,..,20,0,18,0,17,..,14,8,17,0,17,..,8,13,25,0,25,..,0,0,0,0,0,..,21,22,44,0,44,..,4,0,4,0,4,..,6,0,6,0,6,..,21,4,31,0,31,..,21,0,21,0,21
LGA31950,0,0,..,0,0,0,0,0,..,0,0,0,0,0,..,0,0,0,0,0,..,0,0,0,0,0,..,0,0,0,0,0,..,0,0,0,0,0,..,0,0,0,0,0,..,0,0,0,0,0,..,0,0,0,0,0,..,0,0,0,0,0,..,0,0,0,0,0,..,0,0,0,0,0,..,0,0,0,0,0,..,0,0,0,0,0,..,0,0,0,0,0,..,0,0,0,0,0,..,0,0,0,0,0,..,0,0,0,0,0,..,3,0,6,0,7,..,3,0,3,25,29,112,7,0,5,28,144,253,..,..,..,..,253,..,0,0,0,0,0,..,0,0,0,0,0,..,0,0,0,3,5,..,0,0,0,0,0,..,0,0,0,0,0,..,0,0,0,0,0,..,0,0,0,0,0,..,0,0,0,0,0,..,0,0,0,0,0,..,0,0,0,0,0,..,0,0,0,0,0
LGA32080,0,501,..,3,0,4,0,4,..,24,0,24,0,24,..,38,3,40,0,40,..,65,7,70,0,70,..,73,10,85,0,85,..,69,3,73,4,74,..,25,0,26,0,30,..,270,7,278,4,281,..,113,11,128,0,129,..,523,25,548,3,552,..,98,4,102,3,101,..,998,51,1048,14,1065,..,177,15,197,3,193,..,41,0,41,0,41,..,239,51,290,3,293,..,15,0,19,0,19,..,117,43,155,0,155,..,2314,445,2758,68,2828,..,9602,1752,11353,171,11522,..,244,29,275,6696,6973,61016,9844,1784,11625,6866,79508,121832,..,..,..,..,121832,..,267,8,273,3,271,..,122,16,136,7,145,..,1055,89,1145,59,1203,..,396,110,509,3,511,..,890,261,1148,10,1166,..,72,31,100,0,102,..,1364,391,1761,15,1772,..,94,13,105,4,104,..,347,17,356,3,362,..,465,42,510,3,511,..,933,33,961,7,975
LGA32250,0,0,..,0,0,0,0,0,..,0,0,0,0,0,..,0,0,0,0,0,..,0,0,0,0,0,..,0,0,0,0,0,..,0,0,0,0,0,..,0,0,0,0,0,..,3,0,3,0,3,..,0,0,0,0,0,..,3,0,3,0,3,..,0,0,0,0,0,..,9,0,8,0,6,..,0,0,0,0,0,..,0,0,0,0,0,..,0,0,0,0,0,..,0,0,0,0,0,..,0,0,0,0,0,..,3,0,3,0,3,..,29,0,32,0,30,..,8,0,8,74,79,842,38,0,36,73,947,1714,..,..,..,..,1714,..,0,0,0,0,0,..,0,0,0,0,0,..,13,0,13,0,13,..,3,0,3,0,3,..,0,0,0,0,0,..,0,0,0,0,0,..,4,0,4,0,4,..,0,0,0,0,0,..,3,0,3,0,3,..,0,0,0,0,0,..,3,0,3,0,3
LGA32260,0,24,..,0,0,0,0,0,..,19,0,18,0,19,..,4,0,4,0,4,..,0,0,0,0,0,..,3,0,3,0,3,..,5,0,5,0,5,..,0,0,0,0,3,..,46,4,54,0,51,..,4,0,4,0,4,..,71,3,73,0,73,..,13,0,13,0,13,..,132,9,139,3,143,..,15,0,14,0,14,..,0,0,0,0,0,..,19,7,21,0,21,..,0,0,0,0,0,..,3,0,8,0,8,..,235,53,292,4,299,..,1152,240,1399,32,1424,..,44,9,49,1181,1236,11299,1199,252,1450,1210,13961,23271,..,..,..,..,23271,..,20,0,20,0,20,..,0,0,3,0,3,..,99,5,102,18,119,..,23,8,37,0,39,..,45,28,77,5,81,..,0,0,0,0,0,..,75,42,112,3,118,..,14,0,19,0,18,..,26,4,29,0,33,..,33,3,32,0,36,..,62,0,62,3,66
LGA32270,0,15,..,0,0,0,0,0,..,3,0,3,0,3,..,0,0,0,0,0,..,3,0,3,0,3,..,7,0,7,0,7,..,5,0,5,0,5,..,0,0,0,0,0,..,60,0,60,3,65,..,12,3,9,0,9,..,64,3,70,0,70,..,3,0,3,0,3,..,146,3,147,3,151,..,17,4,20,0,20,..,3,0,3,0,3,..,22,0,24,0,28,..,3,0,3,0,3,..,6,0,6,0,6,..,125,10,138,3,141,..,600,59,664,6,667,..,32,0,31,1419,1457,11117,633,63,699,1427,13240,23277,..,..,..,..,23277,..,162,0,162,0,162,..,0,0,3,0,3,..,0,0,3,0,3,..,11,10,28,0,28,..,45,23,70,0,70,..,0,0,0,0,0,..,58,39,100,0,100,..,4,0,4,0,4,..,11,0,11,0,11,..,19,0,18,0,18,..,34,4,34,0,34
LGA32310,0,0,..,0,0,0,0,0,..,0,0,0,0,0,..,6,0,6,0,6,..,4,0,4,0,4,..,0,0,0,0,0,..,0,0,0,0,0,..,0,0,0,0,0,..,19,0,19,0,19,..,7,0,7,0,7,..,13,0,13,0,13,..,4,0,4,0,4,..,35,0,35,0,35,..,0,0,0,0,0,..,0,0,0,0,0,..,0,0,0,0,0,..,0,0,0,0,0,..,7,3,13,0,13,..,31,0,29,0,29,..,143,3,146,0,147,..,17,0,17,578,599,5250,157,3,161,583,5992,10420,..,..,..,..,10420,..,6,0,6,0,6,..,0,0,0,0,0,..,24,0,24,3,30,..,0,0,0,0,3,..,7,0,7,0,7,..,0,0,0,0,0,..,9,0,9,0,7,..,0,0,0,0,0,..,6,0,6,0,6,..,5,0,5,0,5,..,15,0,15,0,15
LGA32330,0,0,..,0,0,0,0,0,..,0,0,0,0,0,..,0,0,0,0,0,..,0,0,0,0,0,..,0,0,0,0,0,..,0,0,0,0,0,..,0,0,0,0,0,..,0,0,0,0,0,..,0,0,0,0,0,..,0,0,0,0,0,..,0,0,0,0,0,..,0,0,0,0,0,..,0,0,0,0,0,..,0,0,0,0,0,..,0,0,0,0,0,..,0,0,0,0,0,..,0,0,0,0,0,..,3,0,3,0,3,..,28,0,28,0,28,..,3,0,3,15,25,589,28,0,31,15,635,1171,..,..,..,..,1171,..,0,0,0,0,0,..,0,0,0,0,0,..,43,0,42,0,42,..,0,0,0,0,0,..,0,0,0,0,0,..,0,0,0,0,0,..,0,0,0,0,0,..,0,0,0,0,0,..,0,0,0,0,0,..,0,0,0,0,0,..,0,0,0,0,0
LGA32450,0,0,..,0,0,0,0,0,..,0,0,0,0,0,..,0,0,0,0,0,..,0,0,0,0,0,..,0,0,0,0,0,..,0,0,0,0,0,..,0,0,0,0,0,..,6,4,6,0,6,..,0,0,0,0,0,..,10,0,11,0,11,..,0,0,0,0,0,..,16,3,16,0,16,..,0,0,0,0,0,..,0,0,0,0,0,..,0,0,0,0,0,..,0,0,0,0,0,..,0,0,0,0,0,..,8,0,8,0,7,..,50,6,62,0,59,..,4,0,4,190,195,1071,57,6,60,191,1327,2471,..,..,..,..,2471,..,0,0,0,0,0,..,0,0,0,0,0,..,9,0,9,0,9,..,0,0,0,0,0,..,12,0,12,0,12,..,0,0,0,0,0,..,12,0,8,0,8,..,3,0,3,0,3,..,3,0,3,0,3,..,3,0,3,0,3,..,5,0,5,0,5
LGA32500,0,3,..,0,0,0,0,0,..,0,0,0,0,0,..,0,0,0,0,0,..,0,0,0,0,0,..,0,0,0,0,0,..,0,0,0,0,0,..,0,0,0,0,0,..,5,0,5,0,5,..,0,0,0,0,0,..,9,0,9,0,9,..,0,0,0,0,0,..,14,0,14,0,14,..,0,0,0,0,0,..,0,0,0,0,0,..,3,0,3,0,3,..,0,0,0,0,0,..,0,0,0,0,0,..,27,5,30,0,31,..,159,29,194,3,197,..,6,3,13,291,299,1451,169,30,202,293,1950,3148,..,..,..,..,3148,..,8,0,8,0,13,..,0,0,0,0,0,..,120,4,123,0,124,..,3,0,3,0,3,..,11,6,15,0,17,..,0,0,0,0,0,..,7,6,17,0,21,..,0,0,0,0,0,..,3,0,3,0,3,..,11,3,16,0,16,..,37,0,37,0,37
LGA32600,0,0,..,0,0,0,0,0,..,0,0,0,0,0,..,0,0,0,0,0,..,0,0,0,0,0,..,0,0,0,0,0,..,0,0,0,0,0,..,0,0,0,0,0,..,0,0,0,0,0,..,0,0,0,0,0,..,0,0,0,0,0,..,0,0,0,0,0,..,0,0,0,0,0,..,0,0,0,0,0,..,0,0,0,0,0,..,0,0,0,0,0,..,0,0,0,0,0,..,0,0,0,0,0,..,3,0,3,0,3,..,4,0,4,0,4,..,0,0,0,34,34,105,4,0,4,34,145,213,..,..,..,..,213,..,0,0,0,0,0,..,0,0,0,0,0,..,0,0,0,0,0,..,0,0,0,0,0,..,0,0,0,0,0,..,0,0,0,0,0,..,0,0,0,0,0,..,0,0,0,0,0,..,0,0,0,0,0,..,0,0,0,0,0,..,0,0,0,0,0
LGA32750,0,0,..,0,0,0,0,0,..,0,0,0,0,0,..,0,0,0,0,0,..,0,0,0,0,0,..,0,0,0,0,0,..,0,0,0,0,0,..,0,0,0,0,0,..,0,0,0,0,0,..,0,0,0,0,0,..,0,0,0,0,0,..,0,0,0,0,0,..,0,0,0,0,0,..,0,0,0,0,0,..,0,0,0,0,0,..,0,0,0,0,0,..,0,0,0,0,0,..,0,0,0,0,0,..,0,0,3,0,3,..,3,0,5,0,5,..,0,0,0,20,24,111,3,3,5,20,142,239,..,..,..,..,239,..,0,0,0,0,0,..,0,0,0,0,0,..,0,0,0,0,0,..,0,0,0,0,0,..,0,0,0,0,0,..,0,0,0,0,0,..,0,0,0,0,0,..,0,0,0,0,0,..,0,0,0,0,0,..,0,0,0,0,0,..,0,0,0,0,0
LGA32770,0,0,..,0,0,0,0,0,..,0,0,0,0,0,..,0,0,0,0,0,..,0,0,0,0,0,..,0,0,0,0,0,..,0,0,0,0,0,..,0,0,0,0,0,..,0,0,0,0,0,..,0,0,0,0,0,..,0,0,0,0,0,..,0,0,0,0,0,..,0,0,0,0,0,..,0,0,0,0,0,..,0,0,0,0,0,..,0,0,0,0,0,..,0,0,0,0,0,..,0,0,0,0,0,..,8,0,9,11,18,..,32,0,32,11,38,..,0,0,0,11,11,641,32,0,32,18,692,1295,..,..,..,..,1295,..,0,0,0,0,0,..,0,0,0,0,0,..,31,0,31,0,33,..,0,0,0,0,0,..,0,0,0,0,0,..,0,0,0,0,0,..,0,0,0,0,0,..,0,0,0,0,0,..,0,0,0,0,0,..,0,0,0,0,0,..,0,0,0,0,0
LGA32810,0,15,..,0,0,0,0,0,..,0,0,0,0,0,..,0,0,0,0,0,..,3,0,6,0,6,..,7,0,6,0,6,..,0,0,0,0,0,..,5,0,5,0,5,..,3,0,3,0,3,..,8,0,8,0,8,..,10,0,10,0,10,..,0,0,0,0,0,..,17,0,17,0,17,..,25,3,25,0,25,..,0,0,0,0,0,..,17,6,29,3,28,..,0,0,0,0,0,..,5,3,6,0,6,..,44,0,42,0,46,..,408,38,448,16,465,..,18,0,18,786,804,4488,422,38,466,801,5758,9280,..,..,..,..,9280,..,9,0,5,0,5,..,0,0,0,0,0,..,82,9,96,13,109,..,12,5,18,0,18,..,33,8,38,0,38,..,0,0,0,0,0,..,47,12,62,0,62,..,3,0,3,0,3,..,45,0,45,0,45,..,79,3,82,0,82,..,103,0,105,0,107
LGA33100,0,0,..,0,0,0,0,0,..,0,0,0,0,0,..,0,0,0,0,0,..,0,0,0,0,0,..,0,0,0,0,0,..,0,0,0,0,0,..,0,0,0,0,0,..,0,0,0,0,0,..,0,0,0,0,0,..,0,0,0,0,0,..,0,0,0,0,0,..,0,0,0,0,0,..,0,0,0,0,0,..,0,0,0,0,0,..,0,0,3,0,3,..,0,0,0,0,0,..,0,0,0,0,0,..,0,0,0,0,0,..,7,0,9,0,9,..,3,0,3,41,40,317,10,0,9,41,369,702,..,..,..,..,702,..,0,0,0,0,0,..,0,0,0,0,0,..,0,0,0,0,0,..,0,0,0,0,0,..,3,0,3,0,3,..,0,0,0,0,0,..,3,0,3,0,3,..,0,0,0,0,0,..,0,0,0,0,0,..,0,0,0,0,0,..,4,0,4,0,4
LGA33200,0,0,..,0,0,0,0,0,..,0,0,0,0,0,..,0,0,0,0,0,..,0,0,0,0,0,..,0,0,0,0,0,..,0,0,0,0,0,..,0,0,0,0,0,..,0,0,0,0,0,..,0,0,0,0,0,..,0,0,0,0,0,..,0,0,0,0,0,..,3,0,3,0,3,..,0,0,0,0,0,..,0,0,0,0,0,..,0,0,0,0,0,..,0,0,0,0,0,..,0,0,0,0,0,..,4,0,3,0,3,..,10,3,13,0,13,..,0,0,0,62,62,685,10,3,13,62,756,1397,..,..,..,..,1397,..,0,0,0,0,0,..,0,0,0,0,0,..,0,0,0,0,0,..,0,0,0,0,0,..,0,0,0,0,0,..,0,0,0,0,0,..,0,3,3,0,3,..,0,0,0,0,0,..,0,0,0,0,0,..,0,0,0,0,0,..,0,0,0,0,0
LGA33220,0,8,..,3,0,3,0,3,..,13,0,12,0,12,..,9,0,9,0,9,..,25,3,24,0,24,..,17,0,17,0,17,..,16,0,16,0,16,..,8,0,12,0,12,..,107,0,104,0,110,..,17,4,19,0,19,..,146,4,151,0,156,..,23,0,24,0,24,..,290,9,300,0,302,..,47,0,50,0,49,..,19,0,25,0,25,..,74,10,82,0,80,..,4,0,4,0,4,..,23,11,33,0,33,..,324,65,389,10,404,..,1749,172,1924,27,1951,..,127,4,139,3532,3671,46105,1881,181,2061,3556,51730,90068,..,..,..,..,90068,..,112,6,117,0,117,..,44,0,46,0,41,..,47,0,47,0,47,..,52,8,54,0,54,..,147,31,181,0,181,..,19,4,23,0,24,..,217,38,258,3,257,..,30,3,31,0,31,..,159,6,166,3,172,..,140,12,147,0,149,..,386,12,394,13,409
LGA33360,0,26,..,3,0,3,0,3,..,5,0,5,0,5,..,18,0,19,0,19,..,19,0,20,0,20,..,26,7,29,0,29,..,8,0,8,0,8,..,9,0,12,0,12,..,135,11,145,3,142,..,24,0,24,0,24,..,216,20,230,8,233,..,31,0,31,0,31,..,400,28,426,6,434,..,48,9,52,4,58,..,47,9,55,0,54,..,71,8,77,0,77,..,3,0,3,0,3,..,10,10,19,0,19,..,301,39,339,13,353,..,1716,201,1917,34,1945,..,65,6,72,2046,2120,25925,1780,209,1992,2077,29989,53274,..,..,..,..,53274,..,382,3,385,3,391,..,90,11,104,4,107,..,19,4,25,0,25,..,25,11,30,0,30,..,137,40,177,3,181,..,6,3,6,0,6,..,165,51,212,3,220,..,21,4,24,0,24,..,56,0,56,0,62,..,47,4,58,0,58,..,112,0,115,3,119
LGA33430,16,1803,..,140,17,159,3,158,..,140,4,148,4,151,..,363,50,412,3,414,..,520,57,574,0,576,..,711,100,819,10,822,..,229,10,232,3,238,..,475,84,560,3,563,..,717,18,733,3,739,..,401,19,424,13,434,..,1097,29,1122,10,1127,..,233,15,247,0,244,..,2442,81,2521,22,2549,..,1496,162,1659,21,1684,..,143,5,147,0,147,..,809,187,1001,7,1005,..,205,33,234,0,239,..,415,96,508,5,516,..,5219,688,5908,90,5997,..,31246,5163,36413,340,36750,..,737,70,813,19713,20526,228312,31984,5237,37223,20050,285586,446894,..,..,..,..,446894,..,1545,16,1561,7,1567,..,1509,209,1723,11,1733,..,60,3,60,4,61,..,2274,693,2964,20,2989,..,7001,2211,9211,55,9269,..,430,157,586,3,589,..,9702,3058,12761,83,12842,..,942,113,1057,12,1071,..,917,23,942,7,949,..,2028,105,2131,29,2160,..,2213,62,2282,23,2307
LGA33610,0,0,..,0,0,0,0,0,..,0,0,0,0,0,..,0,0,0,0,0,..,0,0,0,0,0,..,0,0,0,0,0,..,0,0,0,0,0,..,0,0,0,0,0,..,21,0,20,0,20,..,0,0,0,0,0,..,14,0,13,0,13,..,3,0,3,0,3,..,37,3,38,0,38,..,0,0,0,0,0,..,3,0,3,0,3,..,3,0,4,0,4,..,0,0,0,0,0,..,0,0,0,0,0,..,16,5,15,0,15,..,134,26,162,0,168,..,5,0,5,501,505,4616,145,26,170,498,5288,9236,..,..,..,..,9236,..,51,0,55,0,55,..,3,4,7,0,7,..,4,0,3,0,3,..,14,6,22,0,22,..,19,18,34,0,34,..,0,0,0,0,0,..,26,28,54,0,59,..,0,0,0,0,0,..,3,0,3,0,3,..,3,0,3,0,3,..,16,0,16,0,16
LGA33620,0,6,..,0,0,0,0,0,..,3,0,3,0,3,..,0,0,0,0,0,..,7,0,7,0,8,..,11,7,15,0,17,..,6,0,6,0,6,..,3,0,3,0,3,..,48,3,51,0,51,..,11,0,11,0,11,..,57,4,61,0,62,..,18,0,18,0,19,..,127,4,136,0,141,..,12,0,12,3,15,..,5,0,8,0,8,..,18,0,21,0,21,..,0,0,0,0,0,..,13,9,18,0,18,..,92,19,105,3,113,..,635,58,693,19,711,..,48,8,58,1904,1959,22313,688,66,753,1919,24985,44326,..,..,..,..,44326,..,82,5,82,0,82,..,11,0,11,0,16,..,9,3,13,0,13,..,8,4,13,0,13,..,42,16,60,3,62,..,0,0,4,0,4,..,57,22,82,3,81,..,12,3,18,0,18,..,56,0,58,3,60,..,58,4,61,0,65,..,153,5,154,5,161
LGA33800,0,0,..,0,0,0,0,0,..,0,0,0,0,0,..,0,0,0,0,0,..,0,0,0,0,0,..,0,0,0,0,0,..,0,0,0,0,0,..,0,0,0,0,0,..,10,0,10,0,10,..,3,0,3,0,3,..,7,0,8,0,8,..,5,0,5,0,5,..,21,0,21,0,21,..,3,3,4,0,4,..,0,0,0,0,0,..,3,0,4,0,4,..,0,0,0,0,0,..,0,0,0,0,0,..,24,4,31,0,31,..,317,69,387,10,393,..,12,0,13,374,392,4549,329,69,398,383,5332,9289,..,..,..,..,9289,..,0,0,0,0,0,..,0,0,0,0,0,..,30,4,38,0,38,..,3,3,7,0,7,..,7,3,6,0,6,..,0,0,0,0,0,..,7,3,16,0,16,..,0,0,0,0,0,..,9,0,10,0,10,..,6,0,6,0,6,..,14,0,14,0,14
LGA33830,0,0,..,0,0,0,0,0,..,0,0,0,0,0,..,0,0,0,0,0,..,0,0,0,0,0,..,0,0,0,0,0,..,0,0,0,0,0,..,0,0,0,0,0,..,0,0,0,0,0,..,0,0,0,0,0,..,0,0,0,0,0,..,0,0,0,0,0,..,0,0,0,0,0,..,0,0,0,0,0,..,0,0,0,0,0,..,0,0,0,0,0,..,0,0,0,0,0,..,0,0,0,0,0,..,0,0,0,0,0,..,311,13,323,3,329,..,0,0,0,34,34,56,311,13,323,41,423,141,..,..,..,..,141,..,0,0,0,0,0,..,0,0,0,0,0,..,658,21,677,14,688,..,0,0,0,0,0,..,0,0,0,0,0,..,0,0,0,0,0,..,0,0,0,0,0,..,0,0,0,0,0,..,0,0,0,0,0,..,0,0,0,0,0,..,0,0,0,0,0
LGA33960,3,117,..,10,0,11,0,11,..,19,0,19,0,25,..,87,28,119,0,122,..,86,17,102,0,106,..,89,8,96,0,95,..,1902,171,2075,36,2108,..,69,11,80,0,80,..,305,17,324,0,321,..,70,6,76,0,76,..,465,15,477,7,482,..,76,8,89,0,93,..,920,45,967,5,973,..,441,79,524,0,527,..,125,12,130,0,133,..,131,26,155,3,162,..,21,6,25,0,25,..,619,330,949,11,957,..,2626,609,3231,65,3294,..,9846,1735,11580,173,11755,..,275,27,298,5905,6207,79978,10118,1766,11882,6080,97937,158562,..,..,..,..,158562,..,342,7,350,3,352,..,437,50,487,10,497,..,93,3,94,4,96,..,227,64,285,4,290,..,581,273,855,8,864,..,52,31,80,0,80,..,853,365,1217,10,1231,..,73,14,87,0,87,..,293,4,298,3,299,..,238,18,252,9,259,..,351,20,363,0,370
LGA33980,0,4,..,0,0,0,0,0,..,0,0,0,0,0,..,3,0,3,0,3,..,0,0,0,0,0,..,3,3,6,0,6,..,3,0,3,0,3,..,0,0,0,0,0,..,40,0,36,0,36,..,24,0,23,0,23,..,80,5,84,0,84,..,0,0,0,0,0,..,139,4,143,0,143,..,10,0,12,0,12,..,0,0,0,0,0,..,30,4,31,0,31,..,0,0,0,0,0,..,3,0,6,0,6,..,74,8,83,3,89,..,423,39,458,7,466,..,27,0,31,1093,1121,7929,450,40,487,1099,9516,17007,..,..,..,..,17007,..,102,3,108,0,108,..,4,0,4,0,4,..,4,0,4,0,4,..,11,5,12,0,12,..,28,10,39,0,39,..,0,0,0,0,0,..,38,14,50,0,50,..,4,0,4,0,4,..,3,0,3,0,3,..,18,0,18,0,18,..,19,0,19,0,19
LGA34420,0,0,..,0,0,0,0,0,..,0,0,0,0,0,..,0,0,0,0,0,..,0,0,0,0,0,..,0,0,0,0,0,..,0,0,0,0,0,..,0,0,0,0,0,..,0,0,0,0,0,..,0,0,0,0,0,..,0,0,0,0,0,..,0,0,0,0,0,..,0,0,0,0,0,..,0,0,0,0,0,..,0,0,0,0,0,..,0,0,0,0,0,..,0,0,0,0,0,..,0,0,0,0,0,..,0,0,0,0,0,..,18,0,18,15,31,..,0,0,0,9,12,456,18,0,15,23,493,865,..,..,..,..,865,..,0,0,0,0,0,..,0,0,0,0,0,..,27,0,27,17,44,..,0,0,0,0,0,..,0,0,0,0,0,..,0,0,0,0,0,..,0,0,0,0,3,..,0,0,0,0,0,..,0,0,0,0,0,..,0,0,0,0,0,..,0,0,0,0,0
LGA34530,0,3,..,0,0,0,0,0,..,0,0,0,0,0,..,0,0,4,0,4,..,8,0,8,0,8,..,11,0,11,0,11,..,0,0,0,0,0,..,0,0,0,0,0,..,20,0,20,0,20,..,5,0,5,0,5,..,35,0,35,0,38,..,8,0,9,0,9,..,74,3,73,0,77,..,19,0,25,0,25,..,3,0,3,0,3,..,21,4,29,0,29,..,0,0,0,0,0,..,11,3,10,0,10,..,90,10,94,7,104,..,456,38,494,9,503,..,48,0,47,1218,1267,15881,501,43,543,1225,17649,31929,..,..,..,..,31929,..,85,0,91,0,86,..,8,0,11,0,11,..,22,0,20,0,26,..,12,12,22,0,22,..,22,6,31,0,31,..,0,6,7,0,7,..,34,21,59,0,59,..,4,0,10,0,10,..,20,0,20,0,20,..,43,0,43,0,43,..,97,3,96,4,100
LGA34570,0,0,..,0,0,0,0,0,..,0,0,0,0,0,..,0,0,0,0,0,..,0,0,0,0,0,..,0,0,0,0,0,..,0,0,0,0,0,..,0,0,0,0,0,..,0,0,0,0,0,..,0,0,0,0,0,..,0,0,0,0,0,..,0,0,0,0,0,..,0,0,0,0,0,..,0,0,0,0,0,..,0,0,0,0,0,..,0,0,0,0,0,..,0,0,0,0,0,..,0,0,0,0,0,..,21,0,21,0,21,..,126,0,126,9,134,..,0,0,0,41,38,184,131,0,131,43,360,354,..,..,..,..,354,..,0,0,0,0,0,..,0,0,0,0,0,..,209,0,210,17,220,..,0,0,0,0,0,..,0,0,0,0,0,..,0,0,0,0,0,..,0,0,0,0,0,..,0,0,0,0,0,..,0,0,0,0,0,..,0,0,0,0,0,..,0,0,0,0,0
LGA34580,0,58,..,0,0,0,0,0,..,8,0,8,0,8,..,3,0,3,0,3,..,3,0,6,0,6,..,6,0,7,0,7,..,6,0,9,0,9,..,4,0,4,0,4,..,39,3,45,0,44,..,20,9,24,3,29,..,24,3,26,3,33,..,19,3,18,0,18,..,103,17,116,4,121,..,29,3,34,0,34,..,6,0,6,0,6,..,15,0,15,0,15,..,8,5,12,0,12,..,35,14,44,0,44,..,158,39,205,3,206,..,943,298,1241,16,1252,..,67,3,72,1457,1523,16528,1004,301,1311,1472,19309,32920,..,..,..,..,32920,..,47,0,47,0,47,..,106,51,158,0,162,..,8,0,8,0,8,..,74,4,80,0,80,..,250,208,464,5,464,..,7,11,20,0,20,..,334,227,563,5,570,..,4,3,8,0,9,..,48,0,48,0,48,..,36,7,46,0,46,..,96,5,101,0,101
LGA34590,0,569,..,58,4,58,0,58,..,37,4,45,3,42,..,141,75,220,7,224,..,196,26,225,5,224,..,217,25,241,0,243,..,1996,132,2132,40,2173,..,319,64,378,3,384,..,528,20,550,3,550,..,205,25,236,5,240,..,786,35,815,3,822,..,141,8,151,3,151,..,1664,82,1751,15,1761,..,679,110,793,7,795,..,126,25,159,0,159,..,232,49,281,0,286,..,118,29,147,0,147,..,414,251,670,4,670,..,6223,2247,8472,177,8646,..,19799,4757,24554,332,24881,..,433,82,511,9038,9548,119046,20230,4833,25067,9368,153480,236052,..,..,..,..,236052,..,520,12,533,5,532,..,1608,506,2116,21,2141,..,88,4,93,3,97,..,1039,330,1365,13,1379,..,2289,854,3144,19,3166,..,169,76,238,0,245,..,3492,1261,4752,35,4785,..,486,61,545,8,549,..,466,13,475,4,481,..,484,31,508,6,518,..,747,23,770,17,786
LGA34710,0,0,..,0,0,0,0,0,..,0,0,0,0,0,..,0,0,0,0,0,..,0,0,0,0,0,..,0,0,0,0,0,..,0,0,0,0,0,..,0,0,0,0,0,..,4,0,4,0,4,..,0,0,0,0,0,..,3,0,3,0,3,..,3,0,3,0,3,..,13,0,13,0,13,..,0,0,0,0,0,..,0,0,0,0,0,..,0,0,0,0,0,..,0,0,0,0,0,..,0,0,0,0,0,..,13,0,13,0,13,..,43,5,47,0,47,..,3,0,3,154,162,1667,46,5,48,154,1869,3244,..,..,..,..,3244,..,6,0,6,0,6,..,3,0,3,0,3,..,0,0,0,0,0,..,0,7,8,0,8,..,0,0,0,0,0,..,0,0,0,0,0,..,0,5,6,0,6,..,0,0,0,0,0,..,0,0,0,0,0,..,0,0,0,0,0,..,3,0,3,0,3
LGA34770,0,13,..,0,0,0,0,0,..,160,9,173,0,174,..,11,0,10,0,10,..,23,3,22,0,22,..,31,0,35,0,35,..,23,0,23,0,19,..,7,0,7,3,12,..,267,21,293,6,295,..,34,0,37,0,42,..,442,28,462,9,469,..,54,6,58,0,58,..,796,60,850,16,863,..,79,10,86,0,86,..,28,0,25,0,25,..,115,22,136,0,136,..,4,0,4,0,4,..,24,12,39,0,39,..,517,75,589,16,608,..,3002,341,3337,50,3392,..,164,12,173,3602,3776,49543,3167,353,3516,3649,56713,99620,..,..,..,..,99620,..,573,5,581,9,586,..,25,3,29,0,27,..,43,7,48,0,52,..,57,32,86,6,87,..,213,100,309,3,317,..,16,15,27,0,27,..,279,140,421,3,423,..,22,0,22,0,22,..,121,3,122,0,123,..,99,3,103,0,103,..,227,10,239,0,236
LGA34800,0,0,..,0,0,0,0,0,..,0,0,0,0,0,..,0,0,0,0,0,..,0,0,0,0,0,..,0,0,0,0,0,..,0,0,0,0,0,..,0,0,0,0,0,..,0,0,0,0,0,..,0,0,0,0,0,..,0,0,0,0,0,..,0,0,0,0,0,..,0,0,0,0,0,..,0,0,0,0,0,..,0,0,0,0,0,..,0,0,0,0,0,..,0,0,0,0,0,..,0,0,0,0,0,..,0,0,0,0,0,..,12,0,12,0,12,..,0,0,0,22,22,328,12,0,12,22,364,717,..,..,..,..,717,..,0,0,0,0,0,..,0,0,0,0,0,..,0,0,0,0,0,..,0,0,0,0,0,..,0,0,0,0,0,..,0,0,0,0,0,..,0,0,0,0,0,..,0,0,0,0,0,..,3,0,3,0,3,..,0,0,0,0,0,..,3,0,3,0,3
LGA34830,0,0,..,0,0,0,0,0,..,0,0,0,0,0,..,0,0,0,0,0,..,0,0,0,0,0,..,0,0,0,0,0,..,0,0,0,0,0,..,0,0,0,0,0,..,0,0,0,0,0,..,0,0,0,0,0,..,0,0,0,0,0,..,0,0,0,0,0,..,0,0,0,0,0,..,0,0,0,0,0,..,0,0,0,0,0,..,0,0,0,0,0,..,0,0,0,0,0,..,0,0,0,0,0,..,9,0,6,0,6,..,15,0,16,0,17,..,0,0,0,5,9,137,17,0,15,3,157,270,..,..,..,..,270,..,0,0,0,0,0,..,0,0,0,0,0,..,9,0,9,0,12,..,0,0,0,0,0,..,0,0,0,0,0,..,0,0,0,0,0,..,0,0,0,0,0,..,0,0,0,0,0,..,0,0,0,0,0,..,0,0,0,0,0,..,0,0,0,0,0
LGA34860,0,3,..,0,0,0,0,0,..,0,0,0,0,0,..,0,0,0,0,0,..,0,0,0,0,0,..,3,0,3,0,3,..,3,0,3,0,3,..,0,0,0,0,0,..,25,0,28,0,28,..,0,0,0,0,0,..,46,0,52,0,52,..,3,0,3,0,3,..,78,3,80,0,80,..,9,0,9,0,9,..,0,0,0,0,0,..,3,0,3,0,3,..,0,0,0,0,0,..,0,0,0,0,0,..,28,8,34,0,30,..,197,25,226,0,231,..,17,0,19,537,559,5365,221,29,247,542,6150,10959,..,..,..,..,10959,..,16,0,16,0,16,..,0,0,3,0,3,..,3,0,3,0,3,..,7,0,7,0,7,..,24,12,31,3,36,..,0,3,3,0,3,..,31,9,40,3,40,..,0,0,0,0,0,..,10,0,7,0,7,..,6,0,6,0,6,..,11,0,11,0,11
LGA34880,0,11,..,0,0,0,0,0,..,3,0,3,0,3,..,3,0,3,0,3,..,7,0,7,0,9,..,5,0,5,0,5,..,3,0,3,0,3,..,3,0,3,0,8,..,24,0,24,0,28,..,8,0,8,0,8,..,20,0,24,0,24,..,12,0,12,0,12,..,65,0,64,0,67,..,15,5,24,0,22,..,0,0,0,0,0,..,15,3,22,0,22,..,5,0,5,0,5,..,3,0,8,0,8,..,99,23,120,4,128,..,899,198,1093,25,1114,..,48,4,54,994,1053,8080,947,207,1149,1018,10251,16333,..,..,..,..,16333,..,39,0,39,0,39,..,0,0,0,0,0,..,65,3,71,0,72,..,15,7,15,0,15,..,51,56,114,3,112,..,3,0,3,0,3,..,67,64,134,3,135,..,61,5,70,0,70,..,47,0,45,0,51,..,72,15,86,0,83,..,186,10,195,0,196
LGA35010,0,296,..,19,0,21,0,21,..,55,0,55,4,55,..,109,17,132,0,132,..,232,13,246,3,246,..,234,28,264,0,264,..,990,65,1054,17,1070,..,67,6,71,0,71,..,604,14,622,5,624,..,153,14,164,0,167,..,955,41,995,15,1010,..,146,0,146,0,146,..,1858,71,1925,28,1954,..,575,68,641,11,648,..,93,9,107,0,107,..,325,61,384,8,390,..,24,7,28,0,28,..,186,91,275,3,278,..,2632,428,3056,86,3142,..,13812,1893,15707,239,15944,..,547,43,586,11528,12106,189081,14356,1937,16295,11762,217136,371380,..,..,..,..,371380,..,1698,26,1724,14,1735,..,430,107,539,11,548,..,136,7,141,5,146,..,503,174,674,5,681,..,1248,656,1904,13,1918,..,108,42,151,3,154,..,1856,867,2726,23,2754,..,170,17,184,0,184,..,679,17,696,3,704,..,799,30,829,10,841,..,1219,31,1249,10,1257
LGA35250,0,0,..,0,0,0,0,0,..,0,0,0,0,0,..,0,0,0,0,0,..,0,0,0,0,0,..,0,0,0,0,0,..,0,0,0,0,0,..,0,0,0,0,0,..,0,0,0,0,0,..,0,0,0,0,0,..,3,0,3,0,3,..,0,0,0,0,0,..,3,0,3,0,3,..,0,0,0,0,0,..,0,0,0,0,0,..,0,0,0,0,0,..,0,0,0,0,0,..,0,0,0,0,0,..,6,0,3,0,3,..,37,4,46,25,65,..,3,0,3,43,44,464,46,3,47,68,579,915,..,..,..,..,915,..,0,0,0,0,0,..,0,0,0,0,0,..,65,5,65,44,111,..,0,0,0,0,0,..,0,0,0,0,0,..,0,0,0,0,0,..,0,0,0,0,0,..,0,0,0,0,0,..,3,0,3,0,3,..,0,0,0,0,0,..,3,0,3,0,3
LGA35300,0,0,..,0,0,0,0,0,..,0,0,0,0,0,..,0,0,0,0,0,..,7,0,7,0,7,..,9,0,7,0,7,..,21,3,25,0,25,..,4,0,4,0,4,..,109,0,113,3,115,..,10,0,10,0,10,..,86,3,91,0,90,..,16,0,14,0,14,..,228,8,231,4,237,..,11,0,17,0,17,..,20,3,22,0,22,..,11,0,14,0,14,..,4,0,4,0,4,..,3,0,3,0,3,..,211,22,236,12,250,..,760,64,821,19,839,..,20,0,20,1005,1023,7144,783,64,846,1022,9012,14855,..,..,..,..,14855,..,95,3,100,0,100,..,3,0,3,0,3,..,43,10,52,7,55,..,10,4,19,0,21,..,27,11,32,0,32,..,0,3,4,0,4,..,38,16,55,0,51,..,6,0,7,0,7,..,3,0,3,0,3,..,32,0,29,0,29,..,39,3,37,0,42
LGA35600,0,0,..,0,0,0,0,0,..,0,0,0,0,0,..,0,0,0,0,0,..,0,0,0,0,0,..,0,0,0,0,0,..,0,0,0,0,0,..,0,0,0,0,0,..,4,0,4,0,4,..,0,0,0,0,0,..,10,0,10,0,10,..,0,0,0,0,0,..,11,0,11,0,11,..,0,0,0,0,0,..,0,0,0,0,0,..,4,0,3,0,3,..,0,0,0,0,0,..,13,38,51,3,53,..,5,0,8,0,8,..,48,43,95,0,100,..,6,0,6,151,152,1933,52,43,97,148,2180,3831,..,..,..,..,3831,..,4,0,4,0,4,..,0,0,0,0,0,..,7,0,7,0,7,..,0,0,0,0,0,..,3,0,4,0,6,..,0,0,0,0,0,..,3,0,4,0,6,..,0,0,0,0,0,..,0,0,0,0,0,..,0,0,0,0,0,..,4,0,4,0,4
LGA35670,0,0,..,0,0,0,0,0,..,0,0,0,0,0,..,0,0,0,0,0,..,0,0,0,0,0,..,0,0,0,0,0,..,0,0,0,0,0,..,0,0,0,0,0,..,0,0,0,0,0,..,0,0,0,0,0,..,0,0,0,0,0,..,0,0,0,0,0,..,0,0,0,0,0,..,0,0,0,0,0,..,0,0,0,0,0,..,0,0,0,0,0,..,0,0,0,0,0,..,0,0,0,0,0,..,58,0,58,0,58,..,157,3,163,0,163,..,0,0,0,6,10,290,157,3,161,6,464,608,..,..,..,..,608,..,0,0,0,0,0,..,0,0,0,0,0,..,184,10,201,0,203,..,0,0,0,0,0,..,0,0,0,0,0,..,0,0,0,0,0,..,0,0,0,0,0,..,0,0,0,0,0,..,0,0,0,0,0,..,0,0,0,0,0,..,0,0,0,0,0
LGA35740,0,15,..,6,0,6,0,6,..,7,0,7,0,7,..,0,0,0,0,0,..,19,0,24,3,27,..,20,3,23,0,23,..,0,0,0,0,0,..,3,0,3,0,3,..,33,0,33,0,33,..,17,10,24,4,27,..,49,0,55,0,55,..,13,0,13,0,13,..,117,9,124,4,126,..,84,4,86,0,87,..,3,0,3,0,3,..,46,9,62,0,62,..,0,0,0,0,0,..,16,4,20,0,20,..,233,34,261,6,266,..,1364,113,1485,19,1503,..,67,3,71,1590,1657,23646,1432,116,1552,1610,26810,46145,..,..,..,..,46145,..,84,0,90,0,85,..,12,3,17,0,17,..,14,0,14,0,14,..,36,5,43,0,41,..,66,24,93,0,93,..,0,0,4,0,4,..,110,31,145,3,142,..,16,4,22,0,22,..,147,0,152,0,154,..,227,10,236,0,241,..,440,14,456,0,458
LGA35760,0,39,..,0,0,0,0,0,..,0,0,0,0,0,..,0,0,0,0,0,..,0,0,0,0,0,..,0,0,0,0,0,..,0,0,0,0,0,..,0,0,0,0,0,..,17,3,19,0,19,..,0,0,0,0,0,..,16,0,16,0,16,..,3,0,3,0,3,..,37,3,41,0,41,..,0,0,0,0,0,..,0,0,0,0,0,..,3,0,6,0,6,..,0,0,0,0,0,..,0,0,0,0,3,..,45,7,46,0,46,..,172,50,222,0,223,..,10,5,16,526,542,4361,182,56,238,530,5129,8803,..,..,..,..,8803,..,16,0,16,0,16,..,4,0,3,0,3,..,0,0,0,0,0,..,0,0,0,0,0,..,22,15,37,0,37,..,0,4,4,0,4,..,21,19,42,0,42,..,0,0,0,0,0,..,10,0,6,0,6,..,25,0,24,0,24,..,9,0,9,0,9
LGA35780,0,0,..,0,0,0,0,0,..,0,0,0,0,0,..,0,0,0,0,0,..,0,0,0,0,0,..,0,0,0,0,0,..,0,0,0,0,0,..,0,0,0,0,0,..,0,0,0,0,0,..,0,0,0,0,0,..,3,0,3,0,3,..,0,0,0,0,0,..,3,0,3,0,3,..,0,0,0,0,0,..,0,0,0,0,0,..,0,0,0,0,0,..,0,0,0,0,0,..,0,0,0,0,0,..,601,102,698,8,706,..,988,171,1155,8,1167,..,9,23,26,54,80,191,991,188,1181,61,1434,400,..,..,..,..,400,..,0,0,0,0,0,..,0,0,0,0,0,..,728,151,876,3,881,..,0,0,0,0,0,..,0,0,0,0,0,..,0,0,0,0,0,..,0,0,0,0,0,..,0,0,0,0,0,..,0,0,0,0,0,..,0,0,0,0,0,..,4,0,4,0,4
LGA35790,0,0,..,0,0,0,0,0,..,0,0,0,0,0,..,0,0,0,0,0,..,0,0,0,0,0,..,0,0,0,0,0,..,0,0,0,0,0,..,0,0,0,0,0,..,0,0,0,0,0,..,0,0,0,0,0,..,0,0,0,0,0,..,0,0,0,0,0,..,0,0,0,0,0,..,0,0,0,0,0,..,0,0,0,0,0,..,0,0,0,0,0,..,0,0,0,0,0,..,0,0,0,0,0,..,25,3,30,6,40,..,48,9,53,15,71,..,0,3,3,25,25,1136,48,10,61,35,1235,2238,..,..,..,..,2238,..,0,0,0,0,0,..,0,0,0,0,0,..,42,6,44,14,63,..,0,0,0,0,0,..,0,0,0,0,0,..,0,0,0,0,0,..,0,0,0,0,0,..,0,0,0,0,0,..,0,0,0,0,0,..,0,0,0,0,0,..,0,0,0,0,0
LGA35800,0,0,..,0,0,0,0,0,..,0,0,0,0,0,..,0,0,0,0,0,..,0,0,0,0,0,..,0,0,0,0,0,..,0,0,0,0,0,..,0,0,0,0,0,..,0,0,0,0,0,..,0,0,0,0,0,..,0,0,0,0,0,..,0,0,0,0,0,..,0,0,0,0,0,..,0,0,0,0,0,..,0,0,0,0,0,..,0,0,0,0,0,..,0,0,0,0,0,..,0,0,0,0,0,..,4,0,4,0,4,..,5,0,9,0,9,..,4,0,4,54,62,754,14,0,12,54,824,1503,..,..,..,..,1503,..,3,0,3,0,3,..,0,0,0,0,0,..,0,0,0,0,0,..,0,0,0,0,0,..,0,0,0,0,0,..,0,0,0,0,0,..,0,0,0,0,0,..,0,0,0,0,0,..,0,0,0,0,0,..,0,0,0,0,0,..,3,0,3,0,3
LGA36070,0,0,..,0,0,0,0,0,..,0,0,0,0,0,..,0,0,0,0,0,..,0,0,0,0,0,..,0,0,0,0,0,..,0,0,0,0,0,..,0,0,0,0,0,..,0,0,0,0,0,..,0,0,0,0,0,..,0,0,0,0,0,..,0,0,0,0,0,..,0,0,0,0,3,..,0,0,0,0,0,..,0,0,0,0,0,..,0,0,0,0,0,..,0,0,0,0,0,..,0,0,0,0,0,..,0,0,0,0,0,..,231,5,233,4,238,..,3,0,3,10,11,136,229,5,233,14,378,268,..,..,..,..,268,..,0,0,0,0,0,..,0,0,0,0,0,..,429,9,437,5,446,..,0,0,0,0,0,..,4,0,4,0,4,..,0,0,0,0,0,..,4,0,4,0,4,..,0,0,0,0,0,..,0,0,0,0,0,..,0,0,0,0,0,..,0,0,0,0,0
LGA36150,0,0,..,0,0,0,0,0,..,0,0,0,0,0,..,0,0,0,0,0,..,0,0,0,0,0,..,0,0,0,0,0,..,0,0,0,0,0,..,0,0,0,0,0,..,0,0,0,0,0,..,0,0,0,0,0,..,0,0,0,0,0,..,0,0,0,0,0,..,0,0,0,0,0,..,0,0,0,0,0,..,0,0,0,0,0,..,0,0,0,0,0,..,0,0,0,0,0,..,0,0,0,0,0,..,0,0,0,0,0,..,4,0,4,0,4,..,3,0,3,11,19,355,4,0,4,11,377,764,..,..,..,..,764,..,0,0,0,0,0,..,0,0,0,0,0,..,0,0,0,0,0,..,0,0,0,0,0,..,0,0,0,0,0,..,0,0,0,0,0,..,0,0,0,0,0,..,0,0,0,0,0,..,0,0,0,0,0,..,0,0,0,0,0,..,0,0,0,0,0
LGA36250,3,53,..,13,3,10,0,10,..,21,0,24,0,24,..,35,3,36,3,35,..,103,19,123,0,123,..,90,13,104,0,104,..,52,3,55,0,55,..,39,6,49,0,49,..,135,3,138,0,142,..,45,0,46,0,46,..,210,4,213,0,218,..,44,0,42,0,45,..,428,10,443,3,447,..,201,19,225,0,224,..,30,0,27,0,27,..,108,22,124,0,126,..,18,8,27,0,27,..,85,27,104,3,105,..,954,149,1103,10,1118,..,4788,510,5298,62,5357,..,180,18,202,3093,3295,66374,4967,527,5496,3152,75022,130749,..,..,..,..,130749,..,729,9,735,6,742,..,154,25,178,3,180,..,50,4,57,0,57,..,209,57,263,3,261,..,564,136,701,16,721,..,30,0,29,0,29,..,800,191,998,14,1010,..,183,19,202,8,207,..,311,5,317,0,321,..,296,12,313,4,315,..,525,11,531,5,542
LGA36300,0,0,..,0,0,0,0,0,..,0,0,0,0,0,..,0,0,0,0,0,..,0,0,0,0,0,..,0,0,0,0,0,..,0,0,0,0,0,..,0,0,0,0,0,..,0,0,0,0,0,..,0,0,0,0,0,..,0,0,0,0,0,..,0,0,0,0,0,..,0,0,0,0,0,..,0,0,0,0,0,..,0,0,0,0,0,..,0,0,0,0,0,..,0,0,0,0,0,..,0,0,0,0,0,..,0,0,0,0,0,..,7,0,7,0,7,..,0,0,0,26,26,345,7,0,7,26,378,710,..,..,..,..,710,..,0,0,0,0,0,..,0,0,0,0,0,..,0,0,0,0,0,..,0,0,0,0,0,..,0,0,0,0,0,..,0,0,0,0,0,..,0,0,0,0,0,..,0,0,0,0,0,..,0,0,0,0,0,..,0,0,0,0,0,..,0,0,0,0,0
LGA36370,0,40,..,0,0,0,0,0,..,0,0,0,0,0,..,16,3,15,0,15,..,4,0,10,0,10,..,15,0,17,0,17,..,12,0,12,0,12,..,0,0,0,0,0,..,137,10,140,0,144,..,17,0,16,0,16,..,188,10,197,0,199,..,42,4,40,0,40,..,374,28,397,0,398,..,30,0,36,0,36,..,51,11,56,0,56,..,50,8,52,0,52,..,4,0,4,0,4,..,108,101,209,0,209,..,404,105,515,16,527,..,1888,348,2237,30,2269,..,85,9,93,2501,2594,35461,1976,356,2330,2528,40321,69520,..,..,..,..,69520,..,186,0,189,0,188,..,24,6,27,0,27,..,104,6,104,4,113,..,79,30,107,0,105,..,178,51,226,6,233,..,17,5,18,0,18,..,271,81,351,7,360,..,5,0,5,0,5,..,35,0,35,0,35,..,47,0,47,0,47,..,109,3,109,0,109
LGA36510,0,41,..,0,0,0,0,0,..,3,0,4,0,4,..,0,0,0,0,0,..,14,4,21,0,21,..,21,3,23,0,23,..,3,0,3,0,3,..,3,0,7,0,7,..,16,0,16,0,20,..,17,0,17,0,17,..,24,0,24,0,24,..,10,0,10,0,10,..,69,0,69,0,70,..,15,0,15,0,15,..,4,0,4,0,4,..,17,7,21,0,21,..,0,0,0,0,0,..,4,0,4,0,4,..,111,6,118,0,120,..,619,73,695,8,703,..,53,3,51,1413,1466,18143,669,76,746,1424,20308,35640,..,..,..,..,35640,..,49,0,50,0,50,..,16,0,15,0,15,..,30,0,30,0,30,..,16,3,12,0,12,..,34,10,41,0,46,..,0,0,0,0,0,..,47,11,58,0,64,..,12,0,12,0,12,..,63,0,62,0,64,..,62,0,66,0,66,..,178,4,182,0,186
LGA36580,0,11,..,3,0,3,0,3,..,3,0,3,0,3,..,3,0,3,0,3,..,0,0,0,0,0,..,9,0,10,0,10,..,12,0,12,0,19,..,4,0,4,0,4,..,55,4,59,0,62,..,3,0,3,0,3,..,68,7,73,0,79,..,25,3,27,0,27,..,150,12,163,3,167,..,5,0,8,0,11,..,0,0,0,0,0,..,19,0,19,0,26,..,0,0,0,0,0,..,15,22,39,0,39,..,42,6,45,0,45,..,444,69,509,10,514,..,35,0,40,925,967,10735,478,64,550,934,12215,21618,..,..,..,..,21618,..,24,0,25,0,25,..,10,0,14,0,14,..,5,0,5,0,5,..,3,0,3,0,3,..,32,28,63,0,64,..,3,0,3,0,3,..,39,28,73,0,72,..,8,0,8,0,8,..,32,0,32,0,32,..,23,0,23,0,20,..,93,3,99,0,96
LGA36630,0,0,..,0,0,0,0,0,..,0,0,0,0,0,..,0,0,0,0,0,..,8,0,4,0,4,..,0,0,0,0,0,..,3,0,8,0,8,..,0,0,0,0,0,..,60,3,65,0,65,..,3,0,3,0,3,..,50,0,51,0,51,..,8,0,11,0,11,..,125,9,125,0,125,..,5,0,5,0,5,..,0,0,0,0,0,..,12,3,12,0,12,..,0,0,0,0,0,..,7,4,16,0,16,..,71,8,79,3,81,..,404,39,443,3,453,..,54,10,71,1037,1109,14514,463,47,514,1045,16071,28966,..,..,..,..,28966,..,48,0,50,0,50,..,10,0,15,0,15,..,10,0,10,0,16,..,12,5,11,0,11,..,22,10,32,0,31,..,0,0,0,0,0,..,33,16,44,0,49,..,3,0,3,0,3,..,25,0,25,0,25,..,27,3,31,0,31,..,72,0,71,0,71
LGA36660,0,32,..,0,0,0,0,0,..,0,0,0,0,0,..,3,0,3,0,3,..,8,3,11,0,16,..,9,0,9,0,9,..,3,0,3,0,3,..,9,0,9,0,9,..,38,0,38,0,38,..,3,0,3,0,3,..,47,4,51,0,50,..,6,0,6,0,8,..,92,4,99,0,101,..,24,4,30,0,30,..,0,0,0,0,0,..,13,3,17,0,17,..,3,0,3,0,3,..,5,3,6,0,6,..,81,18,100,3,98,..,670,140,813,13,831,..,61,6,69,977,1046,15953,733,147,886,992,17831,31421,..,..,..,..,31421,..,44,0,44,0,44,..,15,0,13,0,13,..,8,0,8,0,8,..,16,11,25,0,25,..,73,50,125,0,125,..,0,6,7,0,7,..,87,64,150,0,150,..,31,5,36,0,36,..,35,5,41,0,39,..,41,0,41,0,44,..,97,9,106,0,106
LGA36720,0,195,..,14,0,15,0,15,..,22,0,22,3,21,..,42,4,47,3,51,..,117,5,118,3,125,..,116,10,128,3,132,..,32,0,32,0,32,..,26,7,31,0,31,..,200,4,202,0,209,..,112,7,125,3,126,..,292,12,300,3,303,..,60,0,64,3,61,..,671,26,690,7,698,..,338,20,356,0,359,..,26,0,26,0,26,..,300,53,355,0,358,..,12,3,17,0,18,..,99,27,120,3,127,..,1417,176,1592,43,1635,..,7405,744,8154,126,8277,..,356,18,374,8123,8495,135631,7761,767,8528,8245,152403,262574,..,..,..,..,262574,..,814,4,816,4,822,..,154,26,177,0,177,..,34,0,40,0,40,..,228,71,294,3,300,..,572,195,767,11,780,..,25,11,37,0,37,..,821,278,1092,17,1111,..,90,13,101,0,104,..,713,11,720,3,725,..,800,30,826,4,832,..,1512,51,1564,14,1577
LGA36820,0,6,..,0,0,0,0,0,..,0,0,3,0,3,..,3,0,3,0,3,..,4,0,9,0,9,..,3,0,3,0,3,..,0,0,0,0,0,..,0,0,0,0,0,..,19,0,19,0,20,..,4,0,3,0,3,..,18,0,20,0,19,..,12,0,7,0,7,..,56,5,58,3,61,..,10,0,8,0,14,..,0,0,0,0,0,..,13,0,14,0,11,..,0,0,0,0,0,..,5,0,5,0,5,..,100,6,109,10,121,..,503,59,560,20,579,..,32,4,38,1029,1059,10976,536,61,593,1047,12617,21661,..,..,..,..,21661,..,16,0,16,0,16,..,8,0,9,0,9,..,47,0,46,4,55,..,8,0,10,0,10,..,17,7,30,4,32,..,0,0,0,0,0,..,24,8,36,4,36,..,9,0,8,0,8,..,52,0,57,0,57,..,35,3,36,0,36,..,155,3,158,0,158
LGA36910,3,102,..,3,0,3,0,3,..,4,0,4,0,4,..,60,11,74,0,74,..,25,0,27,0,32,..,34,4,38,3,39,..,18,3,19,0,19,..,20,3,22,0,22,..,235,9,238,6,247,..,35,0,39,0,39,..,279,4,285,4,289,..,52,4,54,0,54,..,606,17,624,11,629,..,112,17,128,0,128,..,47,3,49,0,49,..,58,7,68,0,66,..,6,0,6,0,6,..,43,13,57,0,57,..,1096,338,1431,19,1455,..,4373,839,5214,69,5276,..,186,21,203,5220,5430,71904,4562,859,5415,5286,82607,139538,..,..,..,..,139538,..,436,5,443,4,444,..,703,171,878,7,879,..,66,0,69,0,69,..,141,50,196,3,196,..,641,278,922,14,934,..,42,9,58,0,58,..,832,339,1165,16,1181,..,36,3,43,0,43,..,141,6,152,0,152,..,185,17,197,0,197,..,272,13,284,5,293
LGA36950,0,0,..,0,0,0,0,0,..,0,0,0,0,0,..,0,0,0,0,0,..,0,0,0,0,0,..,0,0,0,0,0,..,0,0,0,0,0,..,0,0,0,0,0,..,0,0,0,0,0,..,0,0,0,0,0,..,0,0,0,0,0,..,0,0,0,0,0,..,4,0,4,0,4,..,6,0,6,0,4,..,0,0,0,0,0,..,0,0,0,0,0,..,0,0,0,0,0,..,0,0,0,0,0,..,32,4,35,0,39,..,762,80,843,37,882,..,16,4,18,267,289,653,772,88,861,311,1826,1335,..,..,..,..,1335,..,3,0,3,0,3,..,0,0,0,0,0,..,1290,185,1478,70,1553,..,3,0,4,0,4,..,0,0,0,0,0,..,0,0,0,0,0,..,3,0,5,0,5,..,0,0,0,0,0,..,0,0,0,0,0,..,6,0,6,0,6,..,0,0,0,0,0
LGA36960,0,0,..,0,0,0,0,0,..,0,0,0,0,0,..,0,0,0,0,0,..,0,0,0,0,0,..,0,0,0,0,0,..,0,0,0,0,0,..,0,0,0,0,0,..,0,0,0,0,0,..,0,0,0,0,0,..,0,0,0,0,0,..,0,0,0,0,0,..,0,0,0,0,0,..,0,0,0,0,0,..,0,0,0,0,0,..,0,0,0,0,0,..,0,0,0,0,0,..,0,0,0,0,0,..,48,6,56,3,57,..,1592,256,1852,86,1942,..,9,4,13,154,171,114,1600,262,1860,247,2221,243,..,..,..,..,243,..,0,0,0,0,0,..,0,0,0,0,0,..,3048,529,3577,178,3753,..,0,0,0,0,0,..,0,0,0,0,0,..,0,0,0,0,0,..,0,0,0,0,0,..,0,0,0,0,0,..,3,0,3,0,3,..,0,0,0,0,0,..,5,0,5,0,5
LGA37010,0,139,..,5,0,5,0,10,..,17,0,17,0,17,..,43,4,43,0,43,..,43,5,47,0,47,..,67,9,74,0,75,..,31,3,37,0,36,..,13,0,13,0,13,..,288,14,303,0,306,..,77,9,85,0,85,..,488,17,508,7,513,..,81,0,84,0,84,..,931,45,980,9,987,..,198,18,219,0,220,..,88,7,95,0,95,..,145,27,177,0,176,..,7,0,7,0,7,..,125,59,186,0,186,..,1709,342,2053,50,2099,..,6198,852,7052,96,7144,..,209,19,226,6075,6292,79963,6405,863,7272,6167,93402,159081,..,..,..,..,159081,..,436,6,443,4,445,..,228,30,254,4,259,..,431,23,453,14,465,..,277,75,358,3,361,..,461,112,575,3,579,..,27,4,29,0,29,..,768,198,961,10,968,..,40,5,42,0,43,..,158,7,169,0,169,..,281,18,297,5,298,..,528,14,549,7,555
LGA37300,0,0,..,0,0,0,0,0,..,0,0,0,0,0,..,0,0,0,0,0,..,0,0,0,0,0,..,0,0,0,0,0,..,0,0,0,0,0,..,0,0,0,0,0,..,8,0,8,0,8,..,0,0,0,0,0,..,20,0,20,0,20,..,3,0,3,0,3,..,34,0,34,0,34,..,0,0,0,0,0,..,0,0,0,0,0,..,16,3,14,0,14,..,0,0,0,0,0,..,0,0,0,0,0,..,40,11,48,0,48,..,152,13,166,3,168,..,11,0,11,165,175,1461,162,13,176,171,1806,3173,..,..,..,..,3173,..,3,0,3,0,3,..,0,0,0,0,0,..,80,10,87,4,92,..,4,0,4,0,4,..,9,0,9,0,9,..,0,0,0,0,0,..,14,0,14,0,14,..,0,0,0,0,0,..,5,0,5,0,5,..,0,0,0,0,0,..,3,0,3,0,3
LGA37310,0,7,..,0,0,0,0,0,..,0,0,0,0,0,..,3,0,3,0,3,..,4,0,4,0,4,..,4,0,4,0,4,..,0,0,0,0,0,..,3,0,3,0,3,..,80,3,79,0,79,..,3,0,3,0,3,..,87,7,96,3,93,..,15,4,21,0,21,..,189,11,196,3,198,..,14,3,23,0,23,..,4,0,7,0,7,..,16,3,15,0,15,..,0,0,0,0,0,..,9,0,12,3,9,..,77,8,87,6,89,..,504,54,556,15,571,..,34,3,42,1639,1681,14066,544,56,602,1653,16322,28657,..,..,..,..,28657,..,108,0,108,0,109,..,11,0,10,0,10,..,14,0,14,0,14,..,12,3,21,0,21,..,24,3,28,0,28,..,3,0,3,0,3,..,42,6,47,0,47,..,6,0,6,0,6,..,5,0,5,0,5,..,7,0,7,0,11,..,37,0,39,0,39
LGA37340,0,67,..,0,0,0,0,0,..,3,0,3,0,4,..,0,0,0,0,0,..,16,0,17,0,17,..,9,0,9,0,9,..,0,0,0,0,0,..,4,0,4,0,4,..,61,0,61,0,60,..,10,3,12,0,12,..,88,0,93,0,92,..,16,0,16,0,16,..,175,4,179,4,178,..,21,0,21,0,21,..,6,0,10,0,10,..,54,14,67,0,69,..,3,3,8,0,8,..,25,14,39,0,39,..,152,13,161,4,163,..,928,204,1127,15,1143,..,48,3,48,1873,1922,13218,972,206,1180,1889,16284,27373,..,..,..,..,27373,..,62,0,64,0,69,..,15,8,17,0,17,..,34,0,41,0,41,..,36,11,51,0,52,..,132,138,276,0,276,..,4,6,11,0,11,..,178,164,341,3,342,..,3,0,3,0,3,..,48,0,49,0,49,..,90,11,99,0,99,..,106,4,114,0,116
LGA37400,0,0,..,0,0,0,0,0,..,0,0,0,0,0,..,0,0,0,0,0,..,0,0,0,0,0,..,0,0,0,0,0,..,0,0,0,0,0,..,0,0,0,0,0,..,0,0,0,0,0,..,0,0,0,0,0,..,0,0,0,0,0,..,0,0,0,0,0,..,0,0,0,0,0,..,0,0,0,0,0,..,0,0,0,0,0,..,0,0,0,0,0,..,0,0,0,0,0,..,0,0,0,0,0,..,0,0,0,0,0,..,5,0,9,0,9,..,3,0,3,48,46,482,9,0,11,48,538,1004,..,..,..,..,1004,..,0,0,0,0,0,..,0,0,0,0,0,..,3,0,3,0,3,..,0,0,0,0,0,..,0,0,0,0,0,..,0,0,0,0,0,..,0,0,0,0,0,..,0,0,0,0,0,..,0,0,0,0,0,..,0,0,0,0,0,..,3,0,3,0,3
LGA37550,0,0,..,0,0,0,0,0,..,0,0,0,0,0,..,0,0,0,0,0,..,0,0,0,0,0,..,0,0,0,0,0,..,0,0,0,0,0,..,0,0,0,0,0,..,0,0,0,0,0,..,0,0,0,0,0,..,0,0,0,0,0,..,0,0,0,0,0,..,0,0,0,0,0,..,0,0,0,0,0,..,0,0,0,0,0,..,0,0,0,0,0,..,0,0,0,0,0,..,0,0,0,0,0,..,0,0,0,0,0,..,40,0,40,3,44,..,0,0,3,22,22,429,38,0,42,24,492,817,..,..,..,..,817,..,0,0,0,0,0,..,0,0,0,0,0,..,74,0,74,10,87,..,0,0,0,0,0,..,0,0,0,0,0,..,0,0,0,0,0,..,0,0,0,0,0,..,0,0,0,0,0,..,0,0,0,0,0,..,0,0,0,0,0,..,0,0,0,0,0
LGA37570,0,0,..,0,0,0,0,0,..,0,0,0,0,0,..,0,0,0,0,0,..,0,0,0,0,0,..,0,0,0,0,0,..,0,0,0,0,0,..,0,0,0,0,0,..,0,0,0,0,0,..,0,0,0,0,0,..,0,0,0,0,0,..,0,0,0,0,0,..,0,0,0,0,0,..,0,0,0,0,0,..,0,0,0,0,0,..,0,0,0,0,0,..,0,0,0,0,0,..,0,0,0,0,0,..,0,0,0,0,0,..,100,3,101,3,104,..,0,0,0,0,0,43,100,3,104,8,148,88,..,..,..,..,88,..,0,0,0,0,0,..,0,0,0,0,0,..,171,5,180,4,184,..,0,0,0,0,0,..,0,0,0,0,0,..,0,0,0,0,0,..,0,0,0,0,0,..,0,0,0,0,0,..,0,0,0,0,0,..,0,0,0,0,0,..,0,0,0,0,0
LGA37600,0,0,..,0,0,0,0,0,..,0,0,0,0,0,..,0,0,0,0,0,..,0,0,0,0,0,..,0,0,0,0,0,..,0,0,0,0,0,..,0,0,0,0,0,..,0,0,0,0,0,..,0,0,0,0,0,..,0,0,0,0,0,..,0,0,0,0,0,..,0,0,0,0,0,..,0,0,0,0,0,..,0,0,0,0,0,..,0,0,0,0,0,..,0,0,0,0,0,..,0,0,0,0,0,..,0,0,0,0,0,..,126,11,136,21,153,..,7,0,7,39,50,1075,137,11,142,60,1278,2165,..,..,..,..,2165,..,0,0,0,0,0,..,0,0,0,0,0,..,244,15,261,40,300,..,0,0,0,0,0,..,0,0,0,0,0,..,0,0,0,0,0,..,0,0,0,0,0,..,0,0,0,0,0,..,0,0,0,0,0,..,0,0,0,0,0,..,0,0,0,0,0
LGA39499,0,25,..,0,0,0,0,0,..,0,0,0,0,0,..,3,0,3,0,3,..,8,0,8,0,8,..,3,0,3,0,3,..,4,0,4,0,4,..,0,0,0,0,0,..,6,0,6,0,6,..,12,0,12,0,12,..,11,0,11,0,11,..,4,0,6,0,6,..,39,0,41,0,41,..,35,0,35,0,35,..,3,0,7,0,7,..,5,3,9,0,12,..,0,0,0,0,0,..,11,6,23,0,23,..,106,20,130,3,132,..,514,136,650,5,657,..,10,0,10,966,979,3934,528,136,658,978,5572,8697,..,..,..,..,8697,..,13,0,13,0,17,..,18,3,16,0,18,..,28,3,29,0,29,..,29,9,41,0,46,..,130,90,214,0,216,..,8,7,13,0,13,..,167,101,271,3,275,..,3,0,3,0,3,..,43,0,48,0,48,..,99,8,112,0,108,..,72,4,79,0,80
LGA39799,0,0,..,0,0,0,0,0,..,0,0,0,0,0,..,0,0,0,0,0,..,0,0,0,0,0,..,0,0,0,0,0,..,0,0,0,0,0,..,0,0,0,0,0,..,0,0,0,0,0,..,0,0,0,0,0,..,0,0,0,0,0,..,0,0,0,0,0,..,0,0,0,0,0,..,3,0,3,0,3,..,0,0,0,0,0,..,5,0,5,0,5,..,0,0,0,0,0,..,0,0,0,0,0,..,0,0,0,0,0,..,10,0,10,0,10,..,3,0,3,8,15,56,15,0,15,8,87,110,..,..,..,..,110,..,0,0,0,0,0,..,0,0,0,0,0,..,0,0,0,0,0,..,0,0,0,0,0,..,0,0,0,0,0,..,0,0,0,0,0,..,0,0,0,0,0,..,3,0,3,0,3,..,0,0,0,0,0,..,0,0,0,0,0,..,0,0,0,0,0
