LGA_CODE_2016,M_Tot_15_19,M_Tot_20_24,M_Tot_25_34,M_Tot_35_44,M_Tot_45_54,M_Tot_55_64,M_Tot_65_74,M_Tot_75_84,M_Tot_85ov,M_Tot_Tot,F_Ag_For_Fshg_15_19,F_Ag_For_Fshg_20_24,F_Ag_For_Fshg_25_34,F_Ag_For_Fshg_35_44,F_Ag_For_Fshg_45_54,F_Ag_For_Fshg_55_64,F_Ag_For_Fshg_65_74,F_Ag_For_Fshg_75_84,F_Ag_For_Fshg_85ov,F_Ag_For_Fshg_Tot,F_Mining_15_19,F_Mining_20_24,F_Mining_25_34,F_Mining_35_44,F_Mining_45_54,F_Mining_55_64,F_Mining_65_74,F_Mining_75_84,F_Mining_85ov,F_Mining_Tot,F_Manufact_15_19,F_Manufact_20_24,F_Manufact_25_34,F_Manufact_35_44,F_Manufact_45_54,F_Manufact_55_64,F_Manufact_65_74,F_Manufact_75_84,F_Manufact_85ov,F_Manufact_Tot,F_El_Gas_Wt_Waste_15_19,F_El_Gas_Wt_Waste_20_24,F_El_Gas_Wt_Waste_25_34,F_El_Gas_Wt_Waste_35_44,F_El_Gas_Wt_Waste_45_54,F_El_Gas_Wt_Waste_55_64,F_El_Gas_Wt_Waste_65_74,F_El_Gas_Wt_Waste_75_84,F_El_Gas_Wt_Waste_85ov,F_El_Gas_Wt_Waste_Tot,F_Constru_15_19,F_Constru_20_24,F_Constru_25_34,F_Constru_35_44,F_Constru_45_54,F_Constru_55_64,F_Constru_65_74,F_Constru_75_84,F_Constru_85ov,F_Constru_Tot,F_WhlesaleTde_15_19,F_WhlesaleTde_20_24,F_WhlesaleTde_25_34,F_WhlesaleTde_35_44,F_WhlesaleTde_45_54,F_WhlesaleTde_55_64,F_WhlesaleTde_65_74,F_WhlesaleTde_75_84,F_WhlesaleTde_85ov,F_WhlesaleTde_Tot,F_RetTde_15_19,F_RetTde_20_24,F_RetTde_25_34,F_RetTde_35_44,F_RetTde_45_54,F_RetTde_55_64,F_RetTde_65_74,F_RetTde_75_84,F_RetTde_85ov,F_RetTde_Tot,F_Accom_food_15_19,F_Accom_food_20_24,F_Accom_food_25_34,F_Accom_food_35_44,F_Accom_food_45_54,F_Accom_food_55_64,F_Accom_food_65_74,F_Accom_food_75_84,F_Accom_food_85ov,F_Accom_food_Tot,F_Trans_post_wrehsg_15_19,F_Trans_post_wrehsg_20_24,F_Trans_post_wrehsg_25_34,F_Trans_post_wrehsg_35_44,F_Trans_post_wrehsg_45_54,F_Trans_post_wrehsg_55_64,F_Trans_post_wrehsg_65_74,F_Trans_post_wrehsg_75_84,F_Trans_post_wrehsg_85ov,F_Trans_post_wrehsg_Tot,F_Info_media_teleco_15_19,F_Info_media_teleco_20_24,F_Info_media_teleco_25_34,F_Info_media_teleco_35_44,F_Info_media_teleco_45_54,F_Info_media_teleco_55_64,F_Info_media_teleco_65_74,F_Info_media_teleco_75_84,F_Info_media_teleco_85ov,F_Info_media_teleco_Tot,F_Fin_Insur_15_19,F_Fin_Insur_20_24,F_Fin_Insur_25_34,F_Fin_Insur_35_44,F_Fin_Insur_45_54,F_Fin_Insur_55_64,F_Fin_Insur_65_74,F_Fin_Insur_75_84,F_Fin_Insur_85ov,F_Fin_Insur_Tot,F_RtnHir_REst_15_19,F_RtnHir_REst_20_24,F_RtnHir_REst_25_34,F_RtnHir_REst_35_44,F_RtnHir_REst_45_54,F_RtnHir_REst_55_64,F_RtnHir_REst_65_74,F_RtnHir_REst_75_84,F_RtnHir_REst_85ov,F_RtnHir_REst_Tot,F_Pro_scien_tec_15_19,F_Pro_scien_tec_20_24,F_Pro_scien_tec_25_34,F_Pro_scien_tec_35_44,F_Pro_scien_tec_45_54,F_Pro_scien_tec_55_64,F_Pro_scien_tec_65_74,F_Pro_scien_tec_75_84,F_Pro_scien_tec_85ov,F_Pro_scien_tec_Tot,F_Admin_supp_15_19,F_Admin_supp_20_24,F_Admin_supp_25_34,F_Admin_supp_35_44,F_Admin_supp_45_54,F_Admin_supp_55_64,F_Admin_supp_65_74,F_Admin_supp_75_84,F_Admin_supp_85ov,F_Admin_supp_Tot,F_Public_admin_sfty_15_19,F_Public_admin_sfty_20_24,F_Public_admin_sfty_25_34,F_Public_admin_sfty_35_44,F_Public_admin_sfty_45_54,F_Public_admin_sfty_55_64,F_Public_admin_sfty_65_74,F_Public_admin_sfty_75_84,F_Public_admin_sfty_85ov,F_Public_admin_sfty_Tot,F_Educ_trng_15_19,F_Educ_trng_20_24,F_Educ_trng_25_34,F_Educ_trng_35_44,F_Educ_trng_45_54,F_Educ_trng_55_64,F_Educ_trng_65_74,F_Educ_trng_75_84,F_Educ_trng_85ov,F_Educ_trng_Tot,F_HlthCare_SocAs_15_19,F_HlthCare_SocAs_20_24,F_HlthCare_SocAs_25_34,F_HlthCare_SocAs_35_44,F_HlthCare_SocAs_45_54,F_HlthCare_SocAs_55_64,F_HlthCare_SocAs_65_74,F_HlthCare_SocAs_75_84,F_HlthCare_SocAs_85ov,F_HlthCare_SocAs_Tot,F_Art_recn_15_19,F_Art_recn_20_24,F_Art_recn_25_34,F_Art_recn_35_44,F_Art_recn_45_54,F_Art_recn_55_64,F_Art_recn_65_74,F_Art_recn_75_84,F_Art_recn_85ov,F_Art_recn_Tot,F_Oth_scs_15_19,F_Oth_scs_20_24,F_Oth_scs_25_34,F_Oth_scs_35_44,F_Oth_scs_45_54,F_Oth_scs_55_64,F_Oth_scs_65_74,F_Oth_scs_75_84,F_Oth_scs_85ov,F_Oth_scs_Tot
LGA30250,8,16,24,33,28,18,4,0,0,138,0,0,0,0,0,0,0,0,0,0,0,0,0,3,0,0,0,0,0,4,0,0,0,0,0,0,0,0,0,0,0,0,0,0,0,0,0,0,0,0,0,0,0,0,0,0,0,0,0,0,0,0,0,0,0,0,0,0,0,0,0,0,3,0,0,0,0,0,0,7,0,0,0,0,0,0,0,0,0,0,0,0,0,0,0,0,0,0,0,0,0,0,0,0,0,0,0,0,0,0,0,0,0,0,0,0,0,0,0,0,0,0,0,0,0,0,0,0,0,0,0,0,0,0,0,0,0,0,0,0,0,0,0,0,0,0,0,0,0,0,3,0,3,10,3,3,0,0,0,21,0,3,12,3,3,3,0,0,0,22,0,3,0,9,7,3,0,0,0,19,0,0,0,0,0,0,0,0,0,0,0,0,6,6,0,0,0,0,0,18
LGA30300,50,82,196,229,264,214,91,27,4,1162,10,5,32,31,45,52,18,7,0,203,0,0,0,0,0,0,0,0,0,0,0,0,3,3,3,0,0,0,0,9,0,0,0,0,0,0,0,0,0,0,0,0,5,5,5,6,3,0,0,16,0,0,4,6,6,0,0,0,0,21,22,11,22,21,18,14,10,0,0,124,9,4,17,5,13,5,3,0,0,54,0,0,4,7,3,0,0,0,0,17,0,0,0,0,0,0,0,0,0,4,0,0,6,9,0,3,0,0,0,17,0,3,0,0,3,0,0,0,0,8,0,0,7,3,3,6,0,0,0,26,5,0,3,0,6,9,0,0,0,30,0,7,9,11,9,5,0,0,0,47,6,14,32,41,37,25,7,0,0,161,3,13,43,35,56,35,9,0,0,199,0,0,0,0,0,0,0,0,0,3,0,3,4,9,5,0,0,0,0,23
LGA30370,217,336,821,822,845,697,259,75,5,4066,11,20,68,87,111,100,72,21,8,507,3,19,44,44,36,6,0,3,0,145,15,14,33,29,24,15,3,0,0,130,0,5,19,9,14,9,0,0,0,57,3,10,11,19,10,8,0,0,0,63,0,3,17,19,8,5,0,0,0,54,70,31,48,75,86,46,8,0,0,364,49,28,47,32,39,24,6,0,0,214,0,0,8,17,23,11,5,0,0,60,0,0,0,0,0,3,0,0,0,13,3,7,17,9,10,8,0,0,0,48,0,4,7,7,8,4,0,0,0,33,8,8,23,26,18,5,0,0,0,97,3,10,18,23,34,22,6,0,0,116,0,11,28,31,40,16,3,0,0,132,5,24,93,124,101,73,9,3,0,432,14,28,74,74,119,98,18,0,0,424,0,0,10,3,4,0,0,0,0,14,6,12,38,23,22,20,4,0,0,117
LGA30410,30,77,122,131,185,147,53,22,0,766,7,11,27,27,34,39,14,4,0,166,0,0,0,0,0,0,0,0,0,0,3,0,0,0,3,0,0,0,0,6,0,0,0,0,0,0,0,0,0,7,0,0,4,0,4,0,0,0,0,11,4,0,0,4,0,0,0,0,0,8,9,3,13,10,14,6,3,0,0,61,4,3,0,4,6,11,3,0,0,32,0,0,3,5,10,3,0,0,0,26,0,0,0,0,0,4,0,0,0,3,0,0,0,0,0,3,0,0,0,3,0,0,0,0,4,0,0,0,0,3,0,3,4,10,3,0,0,0,0,18,0,0,4,3,10,3,3,0,0,22,0,0,6,12,19,9,3,0,0,51,3,12,25,26,22,10,0,0,0,100,4,9,20,16,28,28,5,0,0,117,0,0,0,0,0,0,0,0,0,6,0,3,3,0,0,3,0,0,0,11
LGA30450,10,7,17,11,28,18,5,0,0,98,0,4,3,3,5,6,0,0,0,26,0,0,0,0,0,0,0,0,0,0,0,0,0,0,0,0,0,0,0,0,0,0,0,0,0,0,0,0,0,0,0,0,0,0,0,0,0,0,0,0,0,0,0,0,0,0,0,0,0,0,0,0,0,0,0,0,0,0,0,5,0,0,0,0,3,0,0,0,0,7,0,0,0,0,0,0,0,0,0,0,0,0,0,0,0,0,0,0,0,0,0,0,0,0,0,0,0,0,0,0,0,0,0,0,0,0,0,0,0,0,0,0,0,0,0,0,0,0,0,0,0,0,0,0,0,0,0,0,0,0,4,0,7,3,8,0,3,0,0,21,0,0,0,3,0,0,0,0,0,8,0,0,0,0,0,3,0,0,0,3,0,0,0,0,0,0,0,0,0,0,0,0,0,0,0,0,0,0,0,0
LGA30760,21,26,81,92,91,119,45,8,0,492,0,3,12,10,22,25,16,4,0,98,0,0,0,0,0,0,0,0,0,0,0,0,0,3,3,0,0,0,0,8,0,0,0,0,0,0,0,0,0,0,0,0,0,0,0,0,0,0,0,4,0,0,0,0,3,3,0,0,0,12,8,3,9,14,7,7,0,0,0,48,3,0,4,5,10,4,4,0,0,31,0,0,0,3,5,3,0,0,0,13,0,0,0,0,0,0,0,0,0,0,0,0,0,0,0,0,0,0,0,4,0,0,0,0,3,0,0,0,0,3,0,0,0,3,3,0,0,0,0,9,0,0,0,4,0,3,0,0,0,11,0,6,11,10,10,11,0,0,0,38,0,8,19,16,13,4,4,0,0,58,0,3,9,18,19,18,4,0,0,82,0,0,0,3,0,0,0,0,0,3,0,0,3,3,0,0,0,0,0,9
LGA30900,10,15,26,14,23,28,5,0,0,121,3,9,12,3,8,8,3,0,0,44,0,0,0,0,0,0,0,0,0,0,0,0,0,0,0,0,0,0,0,0,0,0,0,0,0,0,0,0,0,0,0,0,0,0,0,0,0,0,0,0,0,0,0,0,0,0,0,0,0,0,0,3,0,0,0,0,0,0,0,9,0,0,0,3,0,0,0,0,0,6,0,0,0,0,0,0,0,0,0,0,0,0,0,0,0,0,0,0,0,0,0,0,0,0,0,0,0,0,0,0,0,0,0,0,0,0,0,0,0,0,0,0,0,0,0,0,0,0,0,0,0,0,0,0,0,0,0,0,0,0,0,0,3,0,3,5,0,0,0,15,0,0,6,0,3,3,0,0,0,15,0,0,0,0,0,0,0,0,0,3,0,0,0,0,0,0,0,0,0,0,0,0,0,0,0,0,0,0,0,0
LGA31000,12646,31083,76726,67875,57938,36511,9733,1204,139,293858,29,75,199,219,164,118,45,17,0,859,8,84,832,731,356,131,14,0,0,2154,381,622,1907,1954,2028,1144,226,15,0,8276,4,57,474,597,388,186,13,4,0,1728,115,436,1417,1455,1238,702,149,17,0,5533,125,443,1267,1257,1260,655,137,5,0,5158,4188,6035,5805,3566,3659,2422,637,38,3,26345,5803,5194,5170,2143,1731,976,207,13,7,21248,97,541,1964,1901,1762,934,169,13,0,7379,201,547,1095,861,653,360,74,6,0,3789,92,802,3528,3274,2181,1059,179,18,3,11137,194,732,1614,1258,1279,785,270,43,10,6186,420,3018,8020,6605,4551,2288,547,51,4,25506,213,1141,3177,2406,1984,1256,305,24,5,10510,138,1040,4953,6013,5139,2748,361,13,0,20414,902,2651,8121,9617,10607,6708,1226,86,7,39928,1041,5362,15333,12788,12439,8635,1669,87,0,57350,451,748,1217,920,711,449,153,18,0,4676,501,1297,2782,2111,1925,1069,265,20,3,9977
LGA31750,4,9,17,25,20,32,12,0,0,123,3,4,8,3,0,9,0,0,0,27,0,0,0,0,0,0,0,0,0,0,0,0,0,0,0,0,0,0,0,0,0,0,0,0,0,0,0,0,0,0,0,0,0,0,0,0,0,0,0,4,0,0,0,0,0,0,0,0,0,0,0,0,0,0,0,0,0,0,0,3,0,0,3,0,3,5,0,0,0,9,0,0,0,0,0,0,0,0,0,0,0,0,0,0,0,0,0,0,0,0,0,0,0,0,0,0,0,0,0,0,0,0,0,0,0,0,0,0,0,0,0,0,0,0,0,0,0,0,0,0,0,0,0,0,0,0,0,0,0,0,0,3,13,9,9,3,0,0,0,26,0,0,0,3,0,3,0,0,0,7,0,0,0,0,0,0,0,0,0,0,0,0,0,0,0,0,0,0,0,3,0,0,0,0,0,0,0,0,0,0
LGA31820,1124,1512,3173,3404,3973,3287,821,121,15,17435,30,104,248,155,234,182,80,22,5,1053,0,3,5,15,17,9,0,0,0,50,35,32,85,89,135,99,17,3,0,488,0,0,3,7,19,4,0,0,0,37,8,10,63,76,87,61,15,0,0,316,11,18,34,38,47,34,10,0,0,199,446,258,347,404,469,325,40,0,0,2294,436,204,216,194,196,139,27,0,0,1422,6,18,30,66,70,55,19,0,0,267,12,24,21,19,23,9,0,0,0,110,7,36,103,72,94,43,10,0,0,360,16,37,59,63,45,58,14,4,0,294,20,51,134,131,129,102,37,4,0,613,18,33,104,136,161,125,29,5,0,616,7,24,139,160,184,138,14,0,0,663,31,79,305,609,647,457,73,5,0,2203,90,283,728,905,1200,965,137,4,0,4308,16,15,20,26,36,27,8,7,0,163,40,50,117,105,138,82,26,3,0,551
LGA31900,258,364,680,814,962,880,263,58,6,4283,8,36,58,63,82,65,45,7,0,367,0,3,4,8,3,0,0,0,0,23,4,20,37,28,50,34,12,0,0,181,0,0,3,3,10,0,0,0,0,23,5,3,9,12,8,19,0,0,0,59,0,3,11,12,7,10,0,0,0,40,96,40,75,96,101,76,8,0,0,496,70,38,33,40,40,33,0,0,0,262,0,0,8,16,15,15,5,0,0,59,8,3,5,0,3,0,0,0,0,13,3,10,18,24,21,15,0,0,0,100,3,4,9,10,11,4,3,0,0,46,8,17,32,42,40,28,11,0,0,168,3,12,19,28,37,37,13,0,0,138,0,3,33,39,44,25,0,0,0,145,7,24,76,112,144,109,22,0,0,497,28,52,104,121,163,157,29,0,0,656,3,0,6,9,9,0,0,0,0,28,12,19,20,27,34,19,3,0,0,128
LGA31950,3,9,15,23,14,15,8,0,0,85,0,3,3,0,0,5,0,0,0,10,0,0,0,0,0,0,0,0,0,0,0,0,0,0,0,0,0,0,0,0,0,0,0,0,0,0,0,0,0,0,0,3,0,0,0,0,0,0,0,5,0,0,0,0,0,0,0,0,0,0,0,0,4,0,0,0,0,0,0,4,0,0,0,0,0,6,0,0,0,8,0,0,0,0,0,0,0,0,0,0,0,0,0,0,0,0,0,0,0,0,0,0,0,0,0,0,0,0,0,0,0,0,0,0,0,0,0,0,0,0,0,0,0,0,0,0,0,0,0,0,0,0,0,0,0,0,0,0,0,3,0,0,3,0,4,3,0,0,0,14,0,0,0,0,0,0,0,0,0,3,0,0,0,0,0,3,0,0,0,3,0,0,3,0,0,0,0,0,0,3,0,0,0,0,0,0,0,0,0,3
LGA32080,1905,2948,7450,8185,8243,5854,1592,188,32,36397,13,37,68,67,100,82,30,14,0,408,0,14,40,53,29,14,3,0,0,147,35,22,106,132,147,105,20,6,0,570,3,3,20,33,34,23,0,0,0,122,19,46,146,196,222,127,31,3,0,786,21,27,78,139,130,100,19,0,0,514,776,547,775,796,885,608,165,9,4,4570,763,495,894,747,579,371,82,9,0,3936,33,101,272,318,338,191,50,5,0,1311,20,39,57,49,43,17,0,0,0,228,14,47,179,168,184,106,16,0,0,717,34,66,144,180,204,142,35,6,0,811,35,137,393,483,383,226,75,0,0,1731,28,111,339,375,426,288,57,3,0,1625,13,117,564,741,618,367,56,9,0,2484,67,225,849,1250,1413,863,131,12,0,4813,113,568,1751,1962,1969,1445,237,16,3,8064,62,66,142,150,125,78,18,3,0,639,74,145,316,371,301,167,55,4,0,1445
LGA32250,23,38,81,78,87,97,27,3,0,440,0,5,18,5,12,8,3,0,0,47,0,0,0,0,0,0,0,0,0,0,0,0,0,0,0,0,0,0,0,0,0,0,0,0,0,0,0,0,0,0,3,0,0,3,3,4,0,0,0,17,0,0,0,0,4,3,0,0,0,3,0,3,5,10,6,3,4,0,0,33,3,7,3,5,10,10,3,0,0,45,0,0,0,0,3,0,0,0,0,8,0,0,0,0,0,0,0,0,0,0,0,0,3,0,0,0,0,0,0,3,0,0,0,0,0,0,0,0,0,0,0,0,0,0,0,0,0,0,0,3,0,0,3,8,4,3,0,0,0,14,4,0,10,12,10,5,0,0,0,47,5,5,16,12,15,10,3,0,0,51,0,0,7,13,17,14,3,0,0,63,0,0,0,0,0,0,0,0,0,0,0,0,0,0,0,0,0,0,0,6
LGA32260,349,550,1170,1122,1458,1338,396,96,5,6486,37,96,198,137,162,130,57,8,0,825,0,0,6,5,13,3,0,0,0,24,11,18,16,35,44,50,15,0,0,179,3,0,0,3,4,0,0,0,0,11,3,4,15,27,24,29,0,0,0,100,6,5,14,18,14,16,4,0,0,76,125,61,92,121,151,135,24,4,0,712,98,49,91,67,93,78,14,0,0,487,4,15,16,21,39,18,9,0,0,121,0,0,0,7,7,3,0,0,0,23,0,3,26,17,28,17,0,0,0,102,0,7,9,17,9,29,7,0,0,81,14,10,44,43,45,29,11,0,0,192,7,15,25,42,58,43,9,0,0,198,0,16,33,51,73,59,9,0,0,240,7,35,119,169,219,185,37,0,0,775,9,37,140,168,272,268,41,0,0,946,3,3,21,11,9,10,3,0,0,65,11,21,32,49,37,38,9,0,0,203
LGA32270,378,653,1856,1748,1614,1097,282,57,5,7689,22,42,105,95,137,103,65,12,0,578,11,56,150,115,67,41,7,0,0,439,6,9,21,22,28,7,3,0,0,90,0,0,4,0,9,0,0,0,0,15,7,11,37,43,38,15,3,0,0,153,5,12,29,19,30,8,0,0,0,100,102,73,152,165,151,99,15,3,0,755,109,73,113,113,84,60,6,0,0,564,3,14,33,32,56,30,6,3,0,180,0,4,5,3,9,6,0,0,0,25,8,11,27,20,19,3,0,0,0,93,7,17,26,26,17,15,3,0,0,109,14,22,52,51,34,18,0,0,3,199,5,20,46,71,47,35,3,0,0,231,4,16,69,65,67,56,10,0,0,283,11,84,232,230,222,91,16,0,0,882,17,56,166,143,149,87,10,0,0,623,4,5,8,11,5,5,0,0,0,35,14,38,66,45,34,23,4,0,0,223
LGA32310,172,174,411,470,491,438,140,25,3,2319,10,12,35,47,40,33,21,4,0,202,0,3,12,12,17,6,0,0,0,55,6,3,7,8,5,5,0,0,0,44,0,0,0,0,0,0,0,0,0,3,0,0,6,10,11,10,3,0,0,34,0,3,9,11,5,3,3,0,0,35,61,33,40,45,57,32,7,3,0,277,36,14,25,34,34,20,3,0,0,180,0,0,4,11,20,7,3,0,0,48,0,0,0,7,0,4,0,0,0,10,0,6,9,11,11,3,0,0,0,39,0,3,0,0,3,4,3,0,0,28,4,7,19,14,13,4,0,0,0,55,3,3,9,18,11,18,3,0,0,71,6,3,26,30,32,15,6,0,0,116,6,46,77,108,131,82,22,4,0,468,12,20,65,98,116,100,15,0,0,434,4,3,6,0,4,0,0,0,0,16,7,12,19,26,14,15,5,0,0,92
LGA32330,0,5,8,11,19,17,0,0,0,64,0,0,0,0,0,0,0,0,0,0,0,0,0,0,0,0,0,0,0,0,0,0,0,0,0,0,0,0,0,0,0,0,0,0,0,0,0,0,0,0,0,0,0,0,0,0,0,0,0,0,0,0,0,0,0,0,0,0,0,0,0,0,0,0,0,0,0,0,0,0,0,0,0,0,0,0,0,0,0,0,0,0,0,0,0,0,0,0,0,0,0,0,0,0,0,0,0,0,0,0,3,0,0,0,0,0,0,0,0,3,0,0,0,0,0,0,0,0,0,0,0,0,0,0,0,0,0,0,0,0,0,0,0,0,0,0,0,0,0,0,0,0,5,0,4,0,0,0,0,9,0,0,3,5,0,4,3,0,0,16,0,0,8,10,3,4,0,0,0,27,0,0,0,0,0,0,0,0,0,0,0,3,0,5,4,0,0,0,0,14
LGA32450,33,78,239,196,185,161,48,6,0,936,5,9,18,9,9,13,8,0,0,61,0,6,22,12,16,4,0,0,0,58,0,0,4,0,0,0,0,0,0,8,0,0,0,0,0,0,0,0,0,0,0,3,7,0,5,3,0,0,0,18,0,0,5,3,9,0,0,0,0,15,8,3,10,8,5,8,3,0,0,48,3,3,9,4,7,4,0,0,0,38,0,0,7,9,8,5,0,0,0,34,0,0,0,0,3,0,0,0,0,3,4,0,6,0,0,0,0,0,0,12,0,0,0,0,3,0,0,0,0,7,0,0,3,5,3,0,0,0,0,8,3,4,4,3,3,4,3,0,0,21,3,6,18,10,22,7,0,0,0,72,0,13,29,19,11,15,0,0,0,80,3,0,18,11,11,16,3,0,0,62,0,0,0,0,0,0,0,0,0,3,0,0,3,3,3,3,0,0,0,13
LGA32500,39,86,178,187,198,160,58,9,0,917,5,19,24,7,8,11,3,0,0,82,0,0,0,0,3,0,0,0,0,3,0,0,0,0,3,0,0,0,0,3,0,0,0,0,0,0,0,0,0,0,0,3,3,6,4,0,3,0,0,19,0,0,0,0,0,0,0,0,0,4,4,3,16,12,20,17,0,0,0,59,14,16,19,20,15,28,4,3,0,120,0,0,0,3,7,3,0,0,0,13,0,0,0,0,0,0,0,0,0,0,0,0,0,0,0,0,0,0,0,0,0,0,0,0,0,3,0,0,0,6,0,0,3,12,5,5,0,0,0,25,0,3,4,10,11,7,0,0,0,36,0,3,9,16,21,15,0,0,0,65,0,4,28,33,21,22,3,0,0,111,0,8,23,19,34,54,3,0,0,147,0,3,0,3,4,7,0,0,0,18,4,3,3,9,5,4,0,0,0,29
LGA32600,0,8,10,10,14,12,3,3,0,57,0,3,4,0,6,0,0,0,0,21,0,0,0,0,0,0,0,0,0,0,0,0,0,0,0,0,0,0,0,0,0,0,0,0,0,0,0,0,0,0,0,0,0,0,0,0,0,0,0,0,0,0,0,0,0,0,0,0,0,0,0,0,0,0,0,0,0,0,0,4,0,0,0,0,0,0,0,0,0,0,0,0,0,0,0,0,0,0,0,0,0,0,0,0,0,0,0,0,0,0,0,0,0,0,0,0,0,0,0,0,0,0,0,0,0,0,0,0,0,0,0,0,0,0,0,0,0,0,0,0,0,0,0,0,0,0,0,0,0,0,0,0,0,7,3,0,0,0,0,16,0,0,3,0,0,7,0,0,0,8,0,0,0,0,0,3,0,0,0,7,0,0,0,0,0,0,0,0,0,0,0,0,0,0,0,0,0,0,0,0
LGA32750,11,7,16,19,17,14,9,0,0,85,3,0,8,9,0,7,0,0,0,28,0,0,0,0,0,0,0,0,0,0,0,0,0,0,0,0,0,0,0,0,0,0,0,0,0,0,0,0,0,0,0,0,0,0,0,0,0,0,0,0,0,0,0,0,0,0,0,0,0,0,0,0,0,0,0,0,0,0,0,6,0,6,0,0,0,0,0,0,0,6,0,0,0,0,0,0,0,0,0,0,0,0,0,0,0,0,0,0,0,0,0,0,0,0,0,0,0,0,0,0,0,0,0,0,0,0,0,0,0,0,0,0,0,0,0,0,0,0,0,0,0,0,0,0,0,0,0,0,0,3,3,0,4,5,4,0,0,0,0,16,0,0,0,3,0,0,0,0,0,7,0,0,0,0,0,0,0,0,0,5,0,0,0,0,0,0,0,0,0,0,0,0,0,0,0,0,0,0,0,0
LGA32770,3,17,24,49,23,10,0,0,0,135,0,0,0,0,0,0,0,0,0,0,0,0,0,0,0,0,0,0,0,0,0,0,0,0,0,0,0,0,0,0,0,0,0,0,0,0,0,0,0,0,0,0,0,0,0,0,0,0,0,0,0,0,0,0,0,0,0,0,0,0,3,0,3,3,0,0,0,0,0,11,0,0,0,0,0,0,0,0,0,0,0,0,0,0,0,0,0,0,0,0,0,0,0,0,0,0,0,0,0,0,0,0,0,0,0,0,0,0,0,0,0,0,0,0,0,0,0,0,0,0,0,0,0,3,3,0,0,0,0,5,0,0,0,0,0,0,0,0,0,0,0,0,3,5,4,3,0,0,0,16,0,3,19,9,9,6,0,0,0,45,0,3,10,8,3,3,0,0,0,30,0,0,0,0,0,0,0,0,0,0,0,3,9,10,3,0,0,0,0,33
LGA32810,134,163,546,571,634,548,170,38,8,2806,0,3,3,14,7,6,6,7,0,45,0,0,3,0,0,0,0,0,0,4,0,3,10,12,21,3,3,0,0,53,0,0,0,0,0,0,0,0,0,0,0,0,9,10,16,5,3,0,0,44,0,0,4,3,4,5,0,0,0,21,29,18,44,66,78,58,26,3,0,327,44,73,195,116,144,100,30,5,0,704,9,18,29,29,22,22,4,3,0,131,0,0,0,3,4,3,0,0,0,12,0,0,11,10,9,0,0,0,0,31,0,4,8,14,23,20,7,0,0,77,3,3,9,24,23,31,3,0,0,105,0,12,41,47,50,36,7,3,0,199,0,7,13,33,25,19,7,0,0,101,0,7,52,58,57,65,4,3,0,248,4,20,52,72,105,81,20,0,0,350,3,0,12,15,13,11,3,0,0,68,3,3,17,29,25,15,0,0,0,96
LGA33100,14,11,28,30,53,47,16,5,0,204,4,3,14,11,16,5,6,0,0,63,0,0,0,0,0,0,0,0,0,0,0,0,0,0,0,0,0,0,0,0,0,0,0,0,0,0,0,0,0,0,0,0,0,0,0,0,0,0,0,4,0,0,0,0,0,0,0,0,0,0,0,0,0,0,3,0,3,0,0,8,4,3,0,0,4,5,0,0,0,18,0,0,0,0,0,0,0,0,0,3,0,0,0,0,0,0,0,0,0,0,0,0,0,0,0,0,0,0,0,0,0,0,0,0,0,0,0,0,0,0,0,0,0,0,0,0,3,0,0,7,0,0,3,0,0,0,0,0,0,3,0,3,11,0,7,3,0,0,0,24,0,0,6,3,5,3,0,0,0,16,0,0,3,0,3,0,0,0,0,12,0,0,0,0,0,0,0,0,0,0,0,0,0,0,0,0,0,0,0,0
LGA33200,19,39,71,64,93,86,43,16,3,434,3,4,14,9,26,17,22,4,0,111,0,0,0,0,0,0,0,0,0,0,0,0,0,0,0,0,0,0,0,3,0,0,0,0,0,0,0,0,0,0,0,0,0,0,3,3,0,0,0,10,0,0,0,3,0,0,0,0,0,3,0,8,8,5,11,7,0,0,0,35,3,3,3,8,3,7,4,0,0,23,0,0,4,3,3,0,3,0,0,14,0,0,0,0,0,0,0,0,0,0,0,0,3,0,0,0,0,0,0,4,0,0,0,0,0,0,0,0,0,3,0,0,0,3,0,3,0,0,0,7,0,0,0,0,3,0,0,0,0,6,3,3,8,4,8,9,0,0,0,36,0,4,10,5,9,7,0,0,0,42,0,0,3,3,8,7,6,0,0,29,0,0,0,0,0,0,0,0,0,0,0,0,4,0,0,0,0,0,0,6
LGA33220,968,1247,2694,3312,3753,3222,753,112,22,16078,6,0,26,35,57,62,37,14,3,243,0,0,4,12,13,7,0,0,0,34,44,29,55,73,93,59,6,0,0,366,3,3,18,26,19,18,3,0,0,94,9,12,57,68,108,73,22,0,0,345,4,13,20,27,45,31,5,0,0,151,441,265,354,413,478,287,63,3,0,2304,391,190,251,253,274,189,40,3,0,1586,8,3,26,54,84,56,12,0,0,250,9,24,38,29,24,24,4,0,0,146,8,12,49,71,73,38,6,3,0,261,11,23,36,60,96,61,7,0,0,310,28,40,109,122,139,113,24,0,0,570,13,24,86,139,183,112,33,3,0,585,7,24,147,231,264,157,27,0,0,858,21,103,333,630,739,421,65,0,0,2314,77,267,695,936,1267,1110,123,8,0,4488,21,11,21,40,22,17,3,0,0,142,45,53,115,146,140,122,20,0,0,646
LGA33360,854,1275,3200,3519,3568,2353,432,53,3,15253,3,4,19,24,45,38,33,7,0,181,3,12,48,47,25,9,0,0,0,142,29,45,163,162,144,59,11,0,0,614,3,13,26,45,23,22,3,0,0,136,3,26,111,119,94,62,9,0,0,437,5,20,36,51,48,24,4,0,0,182,303,206,312,326,365,183,25,0,0,1729,282,180,236,175,188,101,10,4,0,1183,11,26,135,130,169,75,9,3,0,559,3,11,21,13,10,7,0,0,0,63,0,13,47,49,60,24,3,0,0,205,8,25,71,61,63,34,17,0,0,281,14,40,127,139,153,61,6,0,0,543,10,35,94,103,146,83,6,0,0,471,3,33,122,165,161,87,13,0,0,584,20,126,375,504,476,241,35,0,0,1778,45,166,391,403,467,281,34,0,0,1801,17,6,30,20,21,12,3,0,0,110,26,63,123,126,101,40,10,3,0,491
LGA33430,6964,12295,29165,30132,28279,19558,6271,741,64,133473,17,23,78,107,116,71,44,13,0,462,0,6,69,61,49,39,5,3,0,230,235,252,636,854,978,638,176,14,0,3786,3,8,61,75,71,50,3,0,0,273,66,236,858,1091,986,603,147,7,4,4006,66,166,507,596,551,276,97,4,0,2269,2433,2742,3273,2757,3104,2115,536,28,4,16996,3189,2474,3126,2024,1763,1076,253,16,4,13923,42,148,526,567,697,404,126,15,0,2516,119,226,402,372,387,196,38,6,0,1747,51,280,927,924,865,516,113,15,0,3695,90,340,792,840,923,728,268,28,3,4014,149,690,1859,2050,1641,992,326,19,3,7737,119,477,1401,1430,1506,1067,263,22,0,6271,33,207,970,1443,1317,768,124,3,0,4877,263,847,2946,4126,3952,2568,430,33,0,15171,440,1902,5533,5504,6205,4651,963,45,3,25247,351,604,799,720,683,425,94,4,0,3678,212,529,1388,1206,1006,626,162,9,0,5143
LGA33610,134,215,483,477,562,510,176,42,10,2606,12,23,78,62,71,68,38,9,0,358,0,0,0,0,0,0,0,0,0,4,0,5,11,12,12,10,0,0,0,48,0,0,0,0,0,0,0,0,0,3,0,3,8,15,13,5,0,0,0,51,0,3,10,16,6,7,0,0,0,42,36,33,38,56,59,41,11,0,0,278,47,28,45,24,21,27,3,0,0,192,0,3,8,8,16,14,3,0,0,59,0,0,0,8,3,0,0,0,0,13,0,4,20,8,5,0,0,0,0,46,0,0,3,5,3,3,0,0,0,14,4,13,36,25,21,13,3,0,0,123,0,0,12,17,16,11,3,0,0,66,0,0,16,22,6,14,0,0,0,65,12,18,67,97,90,57,3,0,0,339,10,36,76,70,109,87,6,0,0,399,3,0,0,0,0,0,3,0,0,10,3,3,21,16,22,18,3,0,0,80
LGA33620,527,700,1499,1720,2175,1870,504,106,17,9115,22,25,55,110,99,139,90,11,0,548,0,0,10,7,7,3,0,0,0,33,24,25,57,64,79,67,11,0,3,334,0,0,3,3,5,0,0,0,0,10,5,17,33,54,53,36,9,0,0,214,9,8,28,19,52,20,5,0,0,147,215,126,211,235,270,170,41,4,0,1264,189,82,110,132,120,90,6,0,0,732,0,9,26,29,44,44,10,0,0,169,4,10,6,19,15,8,3,0,0,59,4,11,28,22,39,27,5,0,0,130,10,9,21,27,44,33,9,0,0,156,7,32,84,110,92,63,14,0,0,398,10,9,34,69,91,62,14,0,0,286,9,11,63,91,109,87,11,0,0,379,11,43,167,266,405,257,26,4,0,1173,46,109,226,317,498,426,66,3,0,1687,4,6,16,19,17,4,4,0,0,64,22,48,61,77,66,39,8,0,0,329
LGA33800,139,185,358,410,569,556,224,68,6,2518,3,7,11,19,32,38,23,8,3,143,0,4,0,3,0,0,0,0,0,5,8,7,7,11,28,20,0,0,0,86,0,0,0,3,0,0,0,0,0,3,0,3,3,3,11,9,3,0,0,34,0,0,3,0,11,0,0,0,0,19,41,18,40,51,60,49,13,0,0,278,57,15,18,22,38,22,4,3,0,180,0,0,3,12,11,11,0,0,0,37,3,0,3,4,0,0,0,0,0,8,4,8,12,11,13,8,0,0,0,52,0,0,5,3,0,0,3,0,0,21,3,9,20,19,29,7,12,0,0,96,0,0,5,17,23,13,8,0,0,63,0,4,24,32,30,12,0,0,0,103,3,9,46,58,93,85,12,0,0,317,10,28,51,77,150,106,24,0,0,449,0,0,0,0,3,0,0,0,0,10,5,8,11,20,16,13,0,0,0,75
LGA33830,4,15,30,41,30,9,4,0,0,136,0,0,0,0,0,0,0,0,0,0,0,0,0,0,0,0,0,0,0,0,0,0,0,0,0,0,0,0,0,0,0,0,0,0,0,0,0,0,0,0,0,0,0,0,0,0,0,0,0,0,0,0,0,0,0,0,0,0,0,0,0,0,0,0,0,0,0,0,0,0,0,0,0,0,0,0,0,0,0,0,0,0,0,0,0,0,0,0,0,0,0,0,0,0,0,0,0,0,0,0,0,0,0,0,0,0,0,0,0,0,0,0,0,0,0,0,0,0,0,0,0,0,0,0,0,0,0,0,0,0,0,3,0,0,0,0,0,0,0,5,0,0,12,5,3,4,0,0,0,28,0,3,3,0,0,3,0,0,0,12,0,0,3,3,7,5,0,0,0,18,0,0,0,0,0,0,0,0,0,0,0,3,3,7,3,4,0,0,0,29
LGA33960,2368,4706,11272,10135,9106,5677,1104,123,16,44507,5,37,43,57,70,35,17,5,0,274,0,14,41,40,39,13,0,0,0,152,84,171,466,497,574,267,40,0,0,2095,4,11,75,86,56,34,0,0,0,271,17,73,242,190,168,93,17,3,0,800,28,69,229,215,192,78,13,0,0,814,781,918,1168,917,812,465,59,7,0,5120,1062,540,519,307,268,131,22,0,0,2851,33,86,273,280,265,153,29,3,0,1112,47,53,100,67,46,23,0,3,0,342,27,114,538,378,251,107,4,0,0,1428,22,91,213,179,161,96,20,0,0,779,56,207,590,417,296,176,30,3,0,1773,49,138,368,341,323,238,33,3,0,1492,29,186,837,893,796,368,43,0,0,3144,83,296,1101,1344,1354,806,138,3,0,5121,198,872,2190,2075,2124,1340,209,11,0,9020,43,53,97,89,74,41,12,0,0,410,86,198,424,349,271,149,29,3,0,1501
LGA33980,247,448,1550,1539,1238,797,156,23,8,6000,10,40,51,87,65,75,31,13,0,363,17,69,271,159,113,25,0,0,0,655,5,9,24,13,17,8,0,0,0,74,0,0,3,5,5,0,0,0,0,23,4,8,21,22,6,8,3,0,0,66,0,5,14,6,9,0,0,0,0,30,58,34,84,81,84,41,4,0,0,386,69,46,100,95,84,42,4,0,0,447,6,9,26,32,36,23,4,0,0,130,0,3,3,3,3,0,0,0,0,15,0,0,10,7,4,3,0,0,0,27,3,3,22,10,11,8,0,0,0,53,0,9,33,21,3,3,0,0,0,77,3,31,46,40,50,34,3,0,0,207,6,11,48,58,61,34,4,0,0,220,7,58,173,181,94,39,10,0,0,562,22,24,97,78,79,44,4,0,0,349,3,0,14,10,12,3,0,0,0,40,11,13,42,37,26,5,3,0,0,143
LGA34420,3,9,27,26,26,18,3,0,0,118,0,0,0,0,0,0,0,0,0,3,0,0,0,0,0,0,0,0,0,0,0,0,0,0,0,0,0,0,0,0,0,0,0,0,0,0,0,0,0,0,0,0,0,0,0,0,0,0,0,0,0,0,0,0,0,0,0,0,0,0,0,0,3,0,6,0,0,0,0,6,0,0,0,0,0,0,0,0,0,3,0,0,0,0,0,0,0,0,0,4,0,0,0,0,0,0,0,0,0,0,0,0,0,0,0,0,0,0,0,0,0,0,0,0,0,0,0,0,0,0,0,0,0,0,0,0,0,0,0,0,0,0,0,0,0,0,0,0,0,3,0,0,6,17,11,3,0,0,0,38,4,10,9,8,3,3,0,0,0,35,0,0,3,3,5,3,0,0,0,7,0,0,0,0,0,0,0,0,0,0,0,0,0,0,3,4,0,0,0,3
LGA34530,476,629,1279,1658,1928,1566,341,61,6,7950,16,4,26,21,46,48,38,6,0,215,0,8,35,23,35,12,0,0,0,123,24,3,19,29,38,34,8,0,0,145,0,4,20,30,23,8,0,0,0,84,4,8,44,59,71,42,5,0,0,245,9,5,16,26,22,19,3,0,0,96,207,102,145,174,213,161,16,0,0,1015,181,113,91,110,118,71,16,3,0,701,3,13,26,27,46,36,3,0,0,155,3,7,7,5,3,12,0,0,0,40,3,6,41,37,34,9,3,0,0,129,5,16,28,24,30,22,7,5,0,140,16,21,50,81,79,54,10,0,0,311,5,13,55,75,77,43,9,0,0,276,8,19,91,94,139,84,9,0,0,434,16,46,190,355,399,252,35,3,0,1288,30,94,213,297,429,334,53,6,0,1456,7,11,16,14,30,18,7,0,0,94,23,44,60,70,64,40,4,0,0,310
LGA34570,9,5,21,21,22,11,3,0,0,99,0,0,0,0,0,0,0,0,0,0,0,0,0,0,0,0,0,0,0,0,0,0,0,0,0,0,0,0,0,0,0,0,0,0,0,0,0,0,0,0,0,0,0,0,0,0,0,0,0,0,0,0,0,0,0,0,0,0,0,0,0,0,0,0,0,0,0,0,0,4,0,0,0,0,0,0,0,0,0,0,0,0,0,0,0,0,0,0,0,0,0,0,0,0,0,0,0,0,0,0,0,0,0,0,0,0,0,0,0,0,0,0,0,0,0,0,0,0,0,0,0,0,0,0,0,0,0,0,0,0,0,0,0,0,0,0,0,0,0,0,0,0,7,0,5,3,0,0,0,15,4,3,17,3,3,3,0,0,0,35,0,0,4,3,0,0,0,0,0,9,0,0,0,0,0,3,0,0,0,0,3,3,0,4,3,3,0,0,0,18
LGA34580,521,748,1568,1655,1877,1442,419,77,11,8312,29,125,248,107,131,114,51,7,0,814,0,0,6,10,5,4,0,0,0,33,17,23,54,66,100,67,5,0,0,330,0,4,3,15,8,4,0,0,0,37,9,11,23,32,46,24,5,0,0,151,3,13,29,37,28,18,5,0,0,128,127,106,130,175,184,91,15,0,0,834,210,96,78,67,77,53,11,0,0,585,8,14,32,48,64,38,9,0,0,222,7,4,3,4,3,0,0,0,0,26,4,18,32,35,35,18,0,0,0,144,8,16,19,19,24,21,4,0,0,110,18,60,82,83,74,45,14,0,0,375,4,17,56,50,70,59,16,0,0,283,4,18,79,94,123,58,10,0,0,386,19,73,174,281,312,203,30,4,0,1095,33,102,205,261,387,275,44,0,0,1312,3,16,10,10,18,6,3,3,0,73,11,34,65,35,55,40,9,3,0,253
LGA34590,3852,7284,16092,16132,14490,10282,2327,168,18,70645,16,28,87,103,128,81,21,3,0,470,0,9,51,40,48,24,3,0,0,179,109,246,697,799,927,544,94,5,0,3432,3,23,69,83,79,38,9,0,0,304,43,162,469,495,504,296,55,3,0,2030,48,121,368,424,401,253,39,3,0,1659,1263,1320,1583,1443,1431,917,170,3,0,8133,1483,741,773,520,460,257,42,3,0,4276,29,136,448,497,625,372,65,6,0,2182,44,77,160,110,103,68,11,0,0,569,23,133,566,513,437,220,19,6,0,1912,44,139,337,279,253,163,38,3,0,1265,61,307,768,805,588,334,74,3,0,2930,53,208,607,627,616,431,81,7,0,2626,51,178,781,997,865,513,65,5,0,3453,149,471,1501,1963,1908,1336,195,4,0,7528,291,1122,2822,2781,2952,2125,366,12,0,12464,131,115,164,167,135,89,24,3,0,820,166,328,644,528,502,298,66,0,0,2535
LGA34710,75,80,161,154,196,212,61,16,4,961,3,4,8,14,22,28,12,3,4,93,0,0,0,0,0,0,0,0,0,3,3,0,0,4,0,0,0,0,0,15,0,0,0,0,0,0,0,0,0,3,3,0,3,0,3,0,0,0,0,9,0,0,5,6,0,0,0,0,0,19,20,10,14,15,19,26,3,0,0,101,22,8,13,6,9,11,9,0,0,83,0,0,4,3,0,3,4,0,0,21,0,4,0,3,5,3,0,0,0,13,0,3,9,5,3,0,0,0,0,27,0,0,3,0,3,0,0,0,0,6,0,4,8,3,9,6,0,0,0,33,4,5,4,7,8,3,0,0,0,41,0,5,23,23,20,7,0,0,0,85,0,12,27,31,41,20,3,0,0,144,6,20,46,38,49,39,5,0,0,209,0,3,0,3,4,3,0,0,0,13,0,3,7,6,4,11,0,0,0,22
LGA34770,1570,2361,5999,6002,6607,4785,1015,156,13,28518,4,16,43,78,102,105,85,21,3,455,11,75,284,212,170,65,8,0,0,827,44,71,139,173,199,124,15,5,0,776,6,9,28,19,30,16,0,0,0,112,12,47,136,135,181,103,19,0,0,636,28,34,109,121,132,67,3,0,0,492,554,405,626,661,744,465,76,3,0,3535,526,306,390,367,321,209,45,0,0,2171,3,42,182,171,244,139,24,3,0,806,15,35,39,26,23,11,3,0,0,156,14,47,146,134,124,58,7,0,0,523,28,50,110,96,103,81,6,0,0,480,48,117,365,263,228,109,18,4,0,1163,20,70,184,216,243,137,31,4,0,903,20,74,273,277,327,149,23,0,0,1147,44,140,532,888,932,554,74,6,0,3165,116,391,1018,960,1242,966,130,4,0,4823,43,26,53,59,37,25,9,0,0,250,86,137,233,221,187,119,25,0,0,1009
LGA34800,3,23,61,62,57,51,15,3,0,285,3,11,16,21,11,22,10,0,0,87,0,0,0,0,0,3,0,0,0,3,0,0,0,0,0,0,0,0,0,0,0,0,0,0,0,0,0,0,0,0,0,0,4,3,0,0,0,0,0,4,0,0,0,0,0,0,0,0,0,0,0,3,3,3,4,7,0,0,0,19,0,3,0,3,3,0,4,0,0,17,0,0,0,3,0,0,0,0,0,5,0,0,0,0,0,0,0,0,0,0,0,0,0,0,0,0,0,0,0,0,0,0,0,0,0,0,0,0,0,0,0,0,0,0,0,0,0,0,0,3,0,0,0,0,0,0,0,0,0,3,0,3,5,7,4,0,0,0,0,23,0,0,6,3,3,0,0,0,0,15,0,0,0,0,9,3,0,0,0,15,0,0,0,0,0,0,0,0,0,0,0,0,0,0,0,0,0,0,0,3
LGA34830,0,4,8,8,5,10,0,0,0,45,0,0,0,0,0,0,0,0,0,0,0,0,0,0,0,0,0,0,0,0,0,0,0,0,0,0,0,0,0,0,0,0,0,0,0,0,0,0,0,0,0,0,0,0,0,0,0,0,0,0,0,0,0,0,0,0,0,0,0,0,0,0,0,0,0,0,0,0,0,0,0,0,0,0,0,0,0,0,0,0,0,0,0,0,0,0,0,0,0,0,0,0,0,0,0,0,0,0,0,0,0,0,0,0,0,0,0,0,0,0,0,0,0,0,0,0,0,0,0,0,0,0,0,0,0,0,0,0,0,0,0,0,0,0,0,0,0,0,0,0,4,4,0,5,0,7,0,0,0,21,0,0,0,0,0,0,0,0,0,8,0,0,0,3,5,0,0,0,0,5,0,0,0,0,0,0,0,0,0,0,0,0,0,0,0,0,0,0,0,3
LGA34860,204,289,767,628,677,553,202,66,10,3398,15,8,37,80,91,86,69,25,4,417,0,0,18,14,3,3,0,0,0,38,5,10,11,18,18,4,3,0,0,67,0,3,6,11,3,0,0,0,0,26,0,3,19,16,3,9,4,0,0,58,3,6,13,13,8,5,0,0,0,58,38,36,62,51,62,33,8,0,0,287,25,26,46,31,37,21,4,0,0,196,0,3,13,15,16,17,3,4,0,79,3,3,4,3,3,0,0,0,0,20,0,7,19,12,7,8,0,0,0,47,3,7,10,4,6,3,0,0,0,35,13,13,30,20,17,7,7,0,0,96,0,7,14,17,14,20,4,0,0,72,0,14,72,76,57,34,7,0,0,253,6,34,117,84,76,57,10,0,0,384,12,47,138,105,166,107,15,3,0,598,3,3,3,7,4,0,0,0,0,26,3,13,18,11,20,12,5,0,0,80
LGA34880,227,310,688,817,1066,857,270,62,4,4296,7,41,98,86,93,76,46,13,0,466,0,3,7,8,10,8,6,0,0,37,6,13,23,15,31,25,11,0,0,124,0,3,4,4,3,0,0,0,0,18,3,6,14,20,30,17,3,0,0,81,3,3,11,9,19,20,0,0,0,61,69,42,56,86,104,85,27,0,0,465,85,34,44,57,65,45,11,0,0,338,6,3,6,23,24,18,8,0,0,83,0,4,6,0,3,6,0,0,0,18,3,8,3,11,22,7,0,0,0,58,0,3,10,13,13,5,10,0,0,56,7,15,29,35,38,33,0,3,0,155,5,8,27,26,46,26,17,0,0,159,4,8,47,77,71,52,3,0,0,263,8,13,79,135,168,104,14,3,0,519,13,31,97,152,227,192,35,5,0,753,3,3,7,10,19,19,4,0,0,64,11,5,31,30,30,17,3,0,0,123
LGA35010,5898,9206,19800,22687,22337,14714,3350,309,30,98334,39,162,323,174,202,138,48,6,0,1094,0,11,106,120,74,37,0,0,0,356,191,234,507,782,906,498,99,4,0,3227,12,17,102,158,128,60,6,0,0,494,69,183,546,670,655,329,61,3,0,2511,46,131,332,432,480,225,39,5,0,1691,2001,1823,2206,2088,2251,1448,219,13,0,12041,2522,1195,1007,740,711,419,71,6,0,6662,52,219,581,717,742,470,89,3,0,2869,79,109,157,179,148,89,18,0,0,775,30,180,785,872,748,354,43,0,0,3012,66,207,433,400,396,263,71,10,0,1856,143,411,1167,1377,1135,606,156,10,3,5012,82,275,654,840,932,539,124,9,0,3452,33,260,1246,1664,1627,877,100,4,3,5807,227,571,1968,3280,3333,1951,277,13,0,11624,473,1775,4012,4776,5421,3776,572,12,0,20811,162,179,249,292,222,130,56,5,0,1296,213,403,860,796,755,433,113,8,0,3586
LGA35250,7,10,37,32,27,14,11,3,0,155,0,0,0,0,0,0,0,0,0,0,0,0,0,0,0,0,0,0,0,0,0,0,0,0,0,0,0,0,0,0,0,0,0,0,0,0,0,0,0,0,0,0,0,0,0,0,0,0,0,0,0,0,0,0,0,0,0,0,0,0,0,3,3,3,3,0,0,0,0,16,0,0,0,0,0,0,0,0,0,0,0,0,0,0,0,0,0,0,0,0,0,0,0,0,0,0,0,0,0,0,0,0,0,0,0,0,0,0,0,0,0,0,0,0,0,0,0,0,0,0,0,0,0,0,0,0,0,0,0,0,0,0,9,3,3,7,0,0,0,26,0,3,5,14,6,3,0,0,0,32,3,3,12,14,6,6,0,0,0,46,0,5,8,0,7,3,0,0,0,23,0,0,0,3,0,0,0,0,0,3,3,0,0,3,7,3,0,0,0,17
LGA35300,262,498,1400,1058,988,626,151,13,0,5005,8,7,9,5,12,3,3,0,0,48,6,40,169,114,69,26,0,0,0,419,6,8,20,19,18,4,0,0,0,77,0,0,7,3,5,0,0,0,0,21,0,3,19,13,18,10,5,0,0,62,0,7,14,11,13,5,3,0,0,54,78,63,85,89,84,52,11,3,0,467,55,46,72,50,53,29,7,0,0,310,0,9,32,26,28,23,5,0,0,124,8,9,9,6,4,3,0,0,0,37,0,5,22,10,10,3,0,0,0,55,0,4,18,17,7,11,0,3,0,68,3,14,29,22,11,13,3,0,0,94,5,17,45,27,45,22,8,0,0,162,5,33,95,64,83,31,4,0,0,316,11,80,179,147,144,60,13,0,0,635,20,86,236,168,213,102,21,0,0,843,0,3,5,0,5,6,3,0,0,23,19,20,53,41,23,14,4,0,0,170
LGA35600,58,92,197,192,205,206,61,15,0,1035,3,5,20,23,24,18,14,3,0,113,0,0,0,0,0,0,0,0,0,0,6,13,13,9,5,0,0,0,0,53,0,0,0,0,0,0,0,0,0,0,0,0,3,3,5,0,0,0,0,7,0,6,9,0,4,0,0,0,0,23,10,7,18,22,26,21,8,0,0,116,14,17,6,10,20,11,3,0,0,84,0,0,0,4,6,8,0,0,0,22,0,0,0,0,0,3,0,0,0,3,0,0,3,3,3,5,0,0,0,13,0,0,0,0,0,0,0,0,0,9,3,0,11,6,3,5,0,0,0,34,0,3,4,3,6,11,0,0,0,30,3,0,19,20,13,14,0,0,0,66,3,16,44,34,34,30,3,0,0,155,3,17,45,37,53,60,4,0,0,225,0,0,0,3,0,0,0,0,0,4,3,0,3,3,4,8,0,0,0,25
LGA35670,0,15,19,29,22,9,3,0,0,98,0,0,0,0,0,0,0,0,0,0,0,4,10,0,0,0,0,0,0,15,0,0,0,0,0,0,0,0,0,0,0,0,0,0,0,0,0,0,0,0,0,0,0,0,0,0,0,0,0,0,0,0,0,0,0,0,0,0,0,0,0,3,0,0,0,0,0,0,0,3,0,0,0,0,0,0,0,0,0,0,0,0,0,0,0,0,0,0,0,0,0,0,0,0,0,0,0,0,0,0,0,0,0,0,0,0,0,0,0,0,0,0,0,0,0,0,0,0,0,0,0,0,0,0,0,0,0,0,0,0,0,0,0,0,0,0,0,0,0,3,0,0,4,6,4,0,0,0,0,14,0,0,0,0,0,0,0,0,0,0,0,0,0,3,3,0,0,0,0,11,0,0,0,0,0,0,0,0,0,0,0,0,0,0,3,0,0,0,0,6
LGA35740,671,666,1452,2335,2777,2322,753,90,3,11070,5,4,13,16,28,41,18,3,3,127,0,4,11,3,10,5,0,0,0,38,24,14,30,38,70,63,10,0,0,256,0,0,7,3,3,4,0,0,0,18,7,7,30,79,92,55,19,0,0,293,13,4,19,53,58,39,6,0,0,191,232,115,168,236,402,284,88,3,0,1529,291,163,258,258,273,190,35,0,0,1466,0,9,22,29,44,40,7,0,0,142,3,8,6,17,25,16,8,5,0,94,3,7,34,54,73,42,10,0,0,226,8,21,49,73,107,75,24,3,0,363,9,24,95,170,190,135,39,3,0,665,12,27,56,123,168,107,23,0,0,515,3,3,36,86,126,71,10,0,0,353,11,34,122,296,457,321,42,3,0,1297,32,77,244,467,705,599,93,3,0,2227,15,15,26,46,48,29,14,0,0,194,30,42,98,115,127,68,13,0,0,489
LGA35760,121,145,394,387,519,475,225,56,9,2335,11,34,71,75,95,62,66,20,0,432,0,0,4,5,4,3,0,0,0,21,3,0,11,10,10,11,0,0,0,45,0,0,0,0,0,0,0,0,0,4,0,0,6,4,7,4,3,0,0,31,3,0,3,5,8,0,0,0,0,24,39,19,34,33,39,36,14,0,0,222,20,9,23,26,38,21,4,0,0,138,0,3,3,4,17,13,4,0,0,50,0,0,0,0,0,0,0,0,0,6,0,3,8,8,6,0,5,0,0,30,0,0,3,4,3,5,3,0,0,22,0,3,7,10,4,9,0,0,0,44,3,13,23,15,19,17,3,0,0,100,3,3,17,24,14,18,0,0,0,84,3,11,37,56,90,62,12,0,0,268,16,23,41,68,98,103,19,0,0,370,0,0,0,0,3,0,0,0,0,5,8,6,11,15,10,6,0,0,0,58
LGA35780,26,44,86,78,68,54,12,0,0,371,0,0,0,0,0,0,0,0,0,0,0,0,0,0,0,0,0,0,0,0,0,0,0,0,0,0,0,0,0,0,0,0,0,0,0,0,0,0,0,0,0,0,0,4,3,0,0,0,0,11,0,0,0,0,0,0,0,0,0,0,8,7,6,10,3,3,0,0,0,36,3,0,5,3,0,0,0,0,0,18,0,0,0,0,3,0,0,0,0,3,0,0,0,0,0,0,0,0,0,0,0,0,0,0,0,0,0,0,0,0,0,0,0,0,0,0,0,0,0,3,0,0,0,0,3,0,0,0,0,7,0,0,3,0,0,0,0,0,0,4,9,5,15,20,19,9,0,0,0,77,0,11,32,19,15,13,0,0,0,98,5,11,38,30,31,18,0,0,0,131,0,0,0,0,0,0,0,0,0,3,8,5,12,9,3,3,0,0,0,29
LGA35790,11,19,39,55,67,27,5,0,0,237,0,0,0,0,0,0,0,0,0,0,0,0,0,0,0,0,0,0,0,0,0,0,0,0,0,0,0,0,0,0,0,0,0,0,0,0,0,0,0,0,0,0,0,0,0,0,0,0,0,0,0,0,0,0,0,0,0,0,0,0,0,0,0,0,0,3,0,0,0,4,0,0,4,0,0,0,0,0,0,8,0,0,0,0,0,0,0,0,0,0,0,0,0,0,0,0,0,0,0,0,0,0,0,0,0,0,0,0,0,0,0,0,0,0,0,0,0,0,0,0,0,0,0,3,0,0,0,0,0,3,0,0,0,0,0,3,0,0,0,6,4,4,7,13,16,5,0,0,0,45,6,11,24,10,18,6,0,0,0,71,4,3,21,8,20,26,0,0,0,88,0,0,0,0,0,0,0,0,0,0,3,0,3,7,3,4,0,0,0,19
LGA35800,5,23,67,63,69,96,31,8,0,366,0,4,11,10,21,12,15,0,0,72,0,0,0,0,0,0,0,0,0,0,0,0,0,0,0,0,0,0,0,4,0,0,0,0,0,0,0,0,0,0,0,0,4,0,0,0,0,0,0,4,0,0,3,0,0,0,0,0,0,5,0,3,9,5,4,6,0,0,0,34,0,0,7,0,12,7,0,0,0,27,0,0,0,0,0,0,0,0,0,3,0,0,0,0,0,0,0,0,0,3,0,0,0,0,0,0,0,0,0,3,0,0,0,0,0,0,0,0,0,0,0,0,0,0,0,0,0,0,0,6,0,0,0,0,3,0,0,0,0,4,0,0,9,5,15,3,0,0,0,35,0,7,14,9,13,12,0,0,0,62,0,3,13,8,13,18,0,0,0,57,0,0,0,0,0,0,0,0,0,3,0,0,0,0,6,3,0,0,0,11
LGA36070,11,9,18,28,30,15,9,0,0,115,0,0,0,0,3,0,0,0,0,4,0,0,0,0,0,0,0,0,0,0,0,0,0,0,0,0,0,0,0,0,0,0,0,0,0,0,0,0,0,0,0,0,0,0,0,0,0,0,0,0,0,0,0,0,0,0,0,0,0,0,0,0,0,0,0,0,0,0,0,3,0,0,3,0,0,0,0,0,0,4,0,0,0,0,0,0,0,0,0,0,0,0,0,0,0,0,0,0,0,0,0,0,0,0,0,0,0,0,0,0,0,0,0,0,0,0,0,0,0,0,0,0,0,0,0,0,0,0,0,3,0,0,0,0,0,0,0,0,0,3,0,3,5,11,6,0,0,0,0,19,0,9,8,4,3,0,0,0,0,18,0,0,3,4,3,3,0,0,0,16,0,0,0,0,0,0,0,0,0,3,0,0,4,0,4,0,0,0,0,11
LGA36150,20,21,49,36,60,49,19,3,3,248,3,3,12,5,12,5,4,0,0,46,0,0,0,3,0,0,0,0,0,3,0,0,0,0,3,0,0,0,0,4,0,0,0,0,0,0,0,0,0,0,0,0,0,0,0,0,0,0,0,0,0,0,0,0,0,0,0,0,0,0,0,3,4,6,3,5,0,0,0,18,0,3,10,3,4,5,0,0,0,22,0,0,0,0,0,3,3,0,0,4,0,0,0,0,0,0,0,0,0,0,0,0,0,0,0,0,0,0,0,4,0,0,0,0,0,0,0,0,0,0,0,0,0,0,3,0,0,0,0,3,0,0,0,0,0,0,0,0,0,4,0,0,12,0,9,3,0,0,0,25,0,3,12,4,13,5,0,0,0,37,0,9,8,4,3,5,0,0,0,29,0,0,0,0,0,0,0,0,0,4,0,0,4,0,0,0,0,0,0,5
LGA36250,2277,3224,6490,7572,8458,6406,1481,144,23,36082,12,18,18,49,64,36,11,9,0,222,3,4,33,40,22,15,4,0,0,123,82,104,255,384,452,272,46,0,0,1594,3,11,35,48,58,25,3,0,0,181,31,66,228,307,324,198,27,0,0,1179,21,50,174,193,241,123,34,5,0,835,749,594,657,653,831,600,108,3,0,4191,919,387,264,241,225,170,40,0,0,2249,18,73,167,240,288,191,39,3,0,1018,24,37,72,65,89,61,3,0,0,344,14,64,283,307,282,177,13,0,0,1140,25,70,140,141,206,133,38,6,0,761,59,174,354,497,503,262,70,3,0,1933,32,103,258,325,369,263,62,0,0,1404,8,76,376,557,623,373,45,0,0,2067,101,274,676,1073,1313,855,123,7,3,4423,200,576,1330,1513,1991,1521,268,7,0,7406,60,66,70,85,117,53,12,3,0,467,81,165,295,270,320,206,43,3,0,1389
LGA36300,19,27,58,33,40,53,12,4,0,232,4,9,17,3,12,14,0,0,0,60,0,0,0,0,0,0,0,0,0,0,0,0,0,0,3,0,0,0,0,3,0,0,0,0,0,0,0,0,0,0,0,0,0,0,0,0,0,0,0,3,0,0,0,0,0,0,0,0,0,4,0,0,5,3,0,4,0,0,0,9,0,0,3,0,5,3,0,0,0,15,0,0,0,3,3,0,0,0,0,10,0,0,0,0,0,0,0,0,0,0,0,0,4,0,0,0,0,0,0,5,0,0,0,0,0,0,0,0,0,0,0,0,3,0,0,0,0,0,0,4,0,3,3,0,0,0,0,0,0,11,0,0,6,6,8,8,0,0,0,27,0,0,8,0,3,3,0,0,0,17,0,3,0,4,6,8,0,0,0,17,0,0,0,0,0,0,0,0,0,0,0,0,3,0,0,0,0,0,0,3
LGA36370,1120,1817,4173,3528,3652,2743,609,80,11,17735,13,10,25,38,46,60,38,20,3,256,0,22,45,37,45,7,3,0,0,156,28,51,123,134,97,38,3,0,0,477,0,23,130,82,51,22,0,0,0,312,11,22,57,80,95,59,5,0,0,334,10,21,61,49,47,23,0,3,0,222,407,338,397,361,397,250,56,3,0,2207,499,249,250,186,199,113,19,0,0,1517,4,37,102,83,116,68,13,0,0,436,7,19,24,18,18,9,4,0,0,91,4,21,87,71,58,43,4,0,0,294,27,32,63,39,63,34,6,0,0,270,26,89,173,148,122,67,14,0,0,644,12,41,90,96,137,85,19,0,0,485,8,77,300,262,259,156,26,0,0,1089,57,143,484,637,664,450,59,3,0,2492,76,417,977,787,965,757,118,3,0,4100,17,16,24,25,24,14,8,3,0,129,46,83,150,104,122,97,13,3,0,608
LGA36510,505,614,1211,1793,2196,1768,630,112,10,8838,12,29,75,77,102,124,81,31,0,522,0,3,0,11,0,0,0,0,0,18,30,21,41,78,91,43,12,0,0,316,0,3,6,5,15,3,0,0,0,30,15,13,45,65,69,53,9,0,0,275,5,15,15,21,43,28,0,0,0,133,144,90,129,148,195,129,26,7,0,872,218,99,101,112,118,85,22,0,0,753,3,11,15,45,68,30,22,0,0,201,0,4,5,13,20,11,5,0,0,65,0,14,34,38,41,25,0,0,0,157,0,9,20,32,42,38,10,0,0,155,17,20,75,117,118,68,17,0,0,435,4,21,37,72,93,76,18,6,0,319,3,7,57,122,129,65,16,0,0,400,15,41,136,297,362,256,53,5,0,1166,33,80,203,312,432,362,65,4,0,1492,21,18,28,36,36,15,5,0,0,158,17,39,54,74,65,52,12,0,0,312
LGA36580,267,352,876,990,1138,990,315,56,12,4987,8,16,34,44,60,76,44,6,0,283,0,0,4,3,5,0,0,0,0,13,25,26,96,90,76,51,3,0,0,364,0,3,5,7,3,7,4,0,0,30,8,6,20,31,23,11,9,0,0,110,6,7,14,19,18,12,0,0,0,79,79,71,74,93,102,67,15,0,0,497,77,32,48,39,64,31,6,0,0,298,3,9,15,26,29,37,7,0,0,129,6,0,3,6,7,5,6,0,0,30,0,4,16,19,24,10,0,0,0,78,0,9,15,9,14,19,3,0,0,71,3,11,39,27,34,29,5,0,0,148,3,10,22,33,31,40,11,0,0,153,3,4,37,58,93,57,5,0,0,265,10,21,89,139,174,115,7,0,0,553,15,65,131,188,198,185,28,3,0,814,8,9,6,13,22,14,3,0,0,67,11,14,31,28,34,28,8,0,0,152
LGA36630,383,506,1025,1109,1388,1175,426,101,15,6123,9,17,32,70,87,91,82,22,0,415,0,0,13,13,16,3,0,0,0,39,26,19,49,44,73,46,4,3,0,266,0,5,12,14,16,12,0,0,0,53,6,9,16,18,17,8,3,0,0,79,4,6,8,13,19,6,9,0,0,68,140,88,108,118,155,90,15,4,0,716,93,54,68,70,91,45,17,3,0,448,0,5,7,18,23,18,12,3,0,92,0,3,15,6,3,8,4,0,0,37,0,5,25,10,19,12,0,0,0,67,3,6,7,13,19,23,0,0,0,75,12,19,52,43,48,36,6,0,0,223,3,7,21,36,32,26,15,0,0,136,10,20,44,82,59,47,3,0,0,268,10,39,159,223,268,184,27,3,0,914,34,80,179,255,320,326,44,0,0,1244,3,4,8,6,16,0,0,0,0,39,13,16,36,48,40,23,8,0,0,185
LGA36660,514,634,1164,1311,1616,1486,551,109,24,7409,22,31,82,104,104,135,65,29,0,575,0,3,8,3,5,4,0,0,0,20,15,22,61,79,83,70,20,0,0,359,0,0,0,4,0,3,0,0,0,8,0,3,27,30,32,24,4,0,0,130,3,0,8,20,13,9,3,0,0,59,151,105,132,157,203,142,34,4,0,918,198,84,92,88,112,92,24,4,0,687,0,4,19,41,46,40,15,0,0,159,3,13,8,6,10,8,4,0,0,54,5,3,33,26,25,18,3,0,0,108,3,10,6,21,19,16,8,3,0,91,13,23,59,66,52,52,10,3,0,279,9,10,20,40,67,44,6,4,0,197,0,7,30,70,88,55,13,0,0,262,14,40,122,235,308,204,38,0,0,958,41,68,192,225,379,350,49,4,0,1303,5,3,8,6,19,11,3,0,0,62,13,20,45,49,47,42,8,0,0,226
LGA36720,3925,5372,12014,14456,15290,11202,2999,324,42,65631,21,65,130,149,169,170,93,24,3,829,3,4,55,50,41,20,8,0,0,169,165,132,277,384,499,326,67,0,0,1846,8,15,54,84,59,42,4,0,0,265,29,75,401,498,547,331,64,0,0,1949,40,69,164,222,254,151,30,0,0,945,1399,1150,1293,1365,1701,1168,262,11,6,8355,1834,1043,1069,860,899,602,106,10,0,6434,15,52,144,178,308,209,53,7,0,972,53,72,120,118,125,81,18,0,0,584,32,148,415,495,476,237,25,0,0,1834,47,130,265,329,416,295,93,11,0,1584,84,250,723,1028,880,494,138,9,0,3593,67,198,477,622,768,505,106,11,0,2752,15,85,429,650,751,451,45,7,0,2444,122,277,1230,2268,2592,1577,227,15,0,8316,237,982,2704,3283,4213,3183,525,24,4,15150,146,157,240,276,231,123,42,8,0,1227,138,261,534,584,614,329,76,3,0,2535
LGA36820,324,333,701,876,1123,1074,402,77,7,4913,18,35,56,59,90,84,49,6,3,394,0,0,4,5,5,3,0,0,0,23,5,8,10,24,30,26,5,0,0,112,0,0,3,3,4,4,0,0,0,10,0,7,24,27,33,14,4,0,0,106,0,5,8,6,12,15,3,0,0,52,127,52,74,90,127,136,22,3,0,632,86,40,59,51,84,62,12,4,0,396,5,3,8,13,28,19,7,3,0,90,5,4,7,11,8,6,0,0,0,43,0,5,18,28,18,10,0,0,0,80,3,3,12,18,9,28,12,4,0,90,10,11,33,45,62,39,13,0,0,223,4,9,21,30,28,41,12,0,0,142,0,10,42,60,85,56,0,0,0,242,4,20,100,168,211,174,27,7,0,717,22,49,122,190,294,275,59,0,0,1014,7,0,5,6,21,15,3,0,0,66,12,10,29,35,37,33,15,0,0,166
LGA36910,2379,3602,7763,7292,7725,6147,1891,279,40,37117,51,101,199,244,286,317,232,58,10,1481,0,10,42,26,40,16,0,0,0,141,78,116,225,272,270,169,28,3,0,1162,0,0,32,28,48,12,3,0,0,127,22,67,211,185,195,126,22,0,0,836,22,56,107,127,140,89,10,3,0,553,678,546,662,652,737,514,116,5,0,3908,863,398,397,285,277,207,43,3,0,2482,14,37,98,126,156,143,46,0,0,622,15,32,44,22,32,23,7,0,0,181,29,135,337,280,233,115,13,3,0,1144,33,80,109,110,114,81,30,5,0,555,69,205,428,379,297,206,59,0,0,1647,23,64,179,193,253,194,54,4,0,970,34,137,430,457,503,276,38,0,0,1876,107,276,923,1344,1625,1142,198,14,0,5632,197,739,1683,1657,2048,1655,258,6,0,8256,51,43,72,70,70,28,8,0,0,349,95,181,309,214,238,162,46,7,0,1253
LGA36950,25,59,172,135,137,113,24,3,0,671,0,0,0,0,0,0,0,0,0,0,0,0,0,0,0,0,0,0,0,0,0,0,0,0,0,0,0,0,0,0,0,0,0,0,0,0,0,0,0,0,0,0,7,4,4,4,0,0,0,17,0,0,0,0,0,0,0,0,0,3,11,5,16,15,3,7,0,0,0,61,4,8,9,12,3,4,4,0,0,44,0,5,7,3,12,0,0,0,0,30,0,0,0,0,0,0,0,0,0,0,0,0,0,0,0,0,0,0,0,3,0,0,3,3,0,0,0,0,0,3,0,0,3,3,0,7,0,0,0,13,0,3,3,11,4,0,3,0,0,22,0,9,34,48,19,4,3,0,0,117,4,15,33,27,26,20,4,0,0,132,6,11,56,53,40,40,8,0,0,214,0,0,3,0,0,3,0,0,0,3,0,3,3,0,4,0,0,0,0,17
LGA36960,15,53,134,133,119,71,10,0,0,528,0,0,0,0,0,0,0,0,0,0,0,0,0,0,0,0,0,0,0,0,0,0,0,0,0,0,0,0,0,0,0,0,0,3,0,0,0,0,0,3,0,0,0,0,0,0,0,0,0,4,0,0,0,0,0,0,0,0,0,0,0,6,9,13,0,5,0,0,0,38,0,0,0,0,4,0,0,0,0,6,0,0,0,0,0,0,0,0,0,3,0,0,0,0,0,0,0,0,0,0,0,0,0,0,0,0,0,0,0,0,0,0,0,0,0,0,0,0,0,0,0,0,0,0,0,0,0,0,0,0,0,0,0,0,0,0,0,0,0,3,4,11,18,31,30,7,0,0,0,100,0,19,40,29,24,23,0,0,0,140,3,0,18,17,20,19,3,0,0,76,0,0,0,0,3,6,0,0,0,8,3,5,8,11,6,3,0,0,0,41
LGA37010,2741,5433,10397,9249,8894,6142,1351,136,16,44362,6,16,29,32,45,38,12,5,0,188,4,15,44,55,55,26,0,0,0,203,75,77,211,196,223,141,29,0,0,945,0,16,104,126,89,37,0,0,0,374,21,60,203,274,242,149,30,0,0,981,13,38,138,115,139,78,19,0,0,538,927,969,951,802,860,563,96,3,0,5180,1074,829,702,491,464,260,50,3,0,3871,23,52,191,183,233,160,29,7,0,878,43,61,98,84,61,34,9,0,0,390,17,66,268,210,171,95,16,0,0,848,44,87,198,161,155,115,29,3,0,796,45,217,497,462,351,238,48,9,0,1858,41,123,298,294,349,254,33,3,0,1393,64,401,1075,1097,1013,525,59,3,0,4243,118,417,1257,1563,1613,985,166,14,0,6140,194,967,2405,2212,2324,1716,277,10,4,10108,73,86,126,104,90,58,15,7,0,558,95,211,401,313,291,169,53,3,0,1545
LGA37300,55,97,310,324,279,158,16,3,0,1248,0,0,0,0,0,0,0,0,0,0,4,14,80,57,51,16,0,0,0,215,0,5,3,7,3,0,0,0,0,21,0,0,0,0,0,0,0,0,0,3,0,5,5,4,4,0,0,0,0,19,0,0,3,0,0,0,0,0,0,5,20,3,10,18,11,11,0,0,0,76,7,8,17,9,25,5,0,0,0,75,0,0,4,5,3,3,0,0,0,19,0,0,0,0,0,0,0,0,0,0,0,0,3,0,4,0,0,0,0,8,0,0,3,11,4,4,0,0,0,18,0,0,0,3,0,0,0,0,0,9,5,3,10,13,6,6,0,0,0,38,0,0,12,14,8,3,0,0,0,35,0,3,47,48,41,15,0,0,0,152,3,9,47,29,44,13,4,0,0,147,0,0,0,0,3,0,0,0,0,4,0,0,4,4,3,3,0,0,0,18
LGA37310,469,699,1610,1605,1655,1284,545,127,22,8027,18,34,92,134,160,180,138,35,3,789,0,5,35,26,20,7,0,0,0,99,12,16,39,32,36,17,3,0,0,160,0,7,20,15,18,3,0,0,0,64,7,26,51,38,51,19,5,3,0,205,11,14,22,45,27,25,3,0,0,152,149,79,126,153,164,109,20,3,0,799,122,78,80,111,85,59,6,0,0,541,3,3,10,40,33,30,9,0,0,137,3,3,9,10,8,3,0,0,0,39,5,15,42,27,21,11,0,0,0,111,3,16,14,20,16,11,4,0,0,81,10,32,88,82,54,30,13,0,0,308,6,13,46,45,49,46,12,0,0,214,10,20,79,77,85,58,5,0,0,336,20,68,197,273,241,132,16,0,0,950,33,74,165,178,260,186,33,4,0,940,7,5,5,9,5,4,0,0,0,36,24,31,42,45,47,37,9,0,0,234
LGA37340,412,729,1923,1730,1746,1426,399,55,11,8425,10,59,122,87,86,78,39,11,0,502,0,7,38,25,29,17,0,0,0,110,5,12,27,45,35,23,3,0,0,148,0,3,0,3,3,0,0,0,0,15,0,4,37,39,42,23,3,0,0,152,8,9,15,14,23,17,3,0,0,86,141,87,164,162,216,177,32,0,0,980,130,250,368,188,190,140,29,3,0,1296,8,30,108,73,57,47,12,3,0,334,7,9,7,12,11,10,0,0,0,55,3,6,22,31,30,10,0,0,0,112,3,19,32,37,34,25,3,0,0,152,4,17,64,75,59,41,14,0,0,279,16,44,126,120,99,55,3,3,0,473,3,19,48,62,49,37,0,0,0,214,12,35,162,226,217,114,23,0,0,784,24,55,169,219,234,227,36,0,0,947,0,13,17,11,12,12,0,0,0,68,11,23,60,75,60,31,12,0,0,271
LGA37400,14,14,56,50,62,74,23,3,0,299,0,0,10,12,16,19,4,0,0,58,0,0,0,0,0,0,0,0,0,0,0,0,0,0,0,0,0,0,0,0,0,0,0,0,0,3,0,0,0,3,0,0,0,0,0,0,0,0,0,3,0,0,3,0,0,0,0,0,0,3,4,6,4,0,12,0,0,0,0,34,3,4,8,4,11,0,0,0,0,31,0,0,0,3,0,3,0,0,0,10,0,0,0,0,0,0,0,0,0,0,0,0,0,0,0,0,0,0,0,3,0,0,0,0,0,0,0,0,0,0,0,0,0,0,0,0,0,0,0,5,0,0,0,0,0,0,0,0,0,3,4,5,9,8,13,8,0,0,0,43,0,7,6,11,3,3,0,0,0,21,0,8,4,0,11,7,0,0,0,36,0,0,4,0,0,0,0,0,0,11,0,0,3,0,0,3,0,0,0,4
LGA37550,6,8,23,18,19,19,0,0,0,100,0,0,0,0,0,0,0,0,0,3,0,0,0,0,0,0,0,0,0,0,0,0,0,0,0,0,0,0,0,0,0,0,0,0,0,0,0,0,0,0,0,0,0,0,0,0,0,0,0,0,0,0,0,0,0,0,0,0,0,0,0,0,0,0,0,0,0,0,0,0,0,0,0,0,3,0,0,0,0,3,0,0,0,0,0,0,0,0,0,0,0,0,0,0,0,0,0,0,0,0,0,0,0,0,0,0,0,0,0,0,0,0,0,0,0,0,0,0,0,0,0,0,0,3,0,0,0,0,0,3,0,0,0,0,0,0,0,0,0,0,3,3,0,5,7,0,0,0,0,16,0,0,0,5,4,8,0,0,0,17,0,0,5,7,7,6,6,0,0,29,0,0,0,0,0,0,0,0,0,0,0,0,5,0,3,0,0,0,0,14
LGA37570,0,3,3,6,10,6,0,0,0,35,0,0,0,0,0,0,0,0,0,0,0,0,0,0,0,0,0,0,0,0,0,0,0,0,0,0,0,0,0,0,0,0,0,0,0,0,0,0,0,0,0,0,0,0,0,0,0,0,0,0,0,0,0,0,0,0,0,0,0,0,0,0,0,0,0,0,0,0,0,0,0,0,0,0,0,0,0,0,0,0,0,0,0,0,0,0,0,0,0,0,0,0,0,0,0,0,0,0,0,0,0,0,0,0,0,0,0,0,0,0,0,0,0,0,0,0,0,0,0,0,0,0,0,0,0,0,0,0,0,0,0,0,0,0,0,0,0,0,0,0,0,0,3,3,3,3,0,0,0,12,0,0,3,3,0,0,0,0,0,3,0,0,0,0,3,0,0,0,0,7,0,0,0,0,0,0,0,0,0,0,0,3,0,0,0,0,0,0,0,3
LGA37600,3,24,51,30,30,22,0,0,0,161,0,0,0,0,0,0,0,0,0,0,0,0,0,0,0,0,0,0,0,0,0,0,0,0,0,0,0,0,0,0,0,0,0,0,0,0,0,0,0,0,0,0,0,0,0,0,0,0,0,0,0,0,0,0,0,0,0,0,0,0,0,0,0,0,0,0,0,0,0,3,0,0,0,0,0,0,0,0,0,3,0,0,0,0,0,0,0,0,0,0,0,0,0,0,0,0,0,0,0,0,0,0,0,0,0,0,0,0,0,0,0,0,0,0,0,0,0,0,0,0,0,0,0,3,0,0,0,0,0,3,0,0,0,0,0,0,0,0,0,3,0,6,12,8,10,0,0,0,0,44,0,7,8,12,15,3,0,0,0,49,0,3,3,13,17,7,0,0,0,51,0,0,0,0,0,0,0,0,0,0,0,3,4,6,3,0,0,0,0,16
LGA39499,52,223,564,324,310,212,59,3,0,1743,10,85,93,3,3,20,3,0,0,216,0,0,4,3,10,3,0,0,0,19,3,3,16,5,6,3,0,0,0,37,0,0,0,0,3,0,0,0,0,3,0,3,4,0,6,3,0,0,0,23,0,3,7,0,0,3,0,0,0,12,5,20,23,9,16,20,0,0,0,89,21,56,85,15,20,27,3,0,0,230,0,3,3,3,10,10,0,0,0,28,3,0,6,0,3,0,0,0,0,9,0,0,0,7,0,3,0,0,0,17,0,0,4,0,3,6,0,0,0,16,0,6,23,8,7,14,0,0,0,63,0,19,28,7,17,15,0,0,0,85,3,6,16,10,13,9,3,0,0,56,0,3,30,23,12,14,3,0,0,88,0,14,55,28,39,38,8,0,0,171,0,7,15,7,3,4,0,0,0,33,3,10,15,9,5,12,0,0,0,50
LGA39799,3,3,3,9,8,5,0,0,0,31,0,0,0,0,0,0,0,0,0,0,0,0,0,0,0,0,0,0,0,0,0,0,0,0,0,0,0,0,0,0,0,0,0,0,0,0,0,0,0,0,0,0,0,0,0,0,0,0,0,0,0,0,0,0,0,0,0,0,0,0,0,0,0,0,0,0,0,0,0,3,0,0,0,0,0,0,0,0,0,3,0,0,0,0,0,0,0,0,0,0,0,0,0,0,0,0,0,0,0,0,0,0,0,0,0,0,0,0,0,0,0,0,0,0,0,0,0,0,0,0,0,0,0,0,0,0,0,0,0,0,0,0,0,0,0,0,0,0,0,0,0,0,0,0,0,0,0,0,0,0,0,0,0,0,3,0,0,0,0,4,0,0,3,3,0,4,0,0,0,10,0,0,0,0,0,0,0,0,0,0,0,0,0,0,0,0,0,0,0,0
