LGA_CODE_2016,Ag_For_Fish_OcMngr,Ag_For_Fish_OcProf,Ag_For_Fish_OcTechTrdW,Ag_For_Fish_OcComPerS,Ag_For_Fish_OcClericAdm,Ag_For_Fish_OcSalesWk,Ag_For_Fish_OcMacOp_Driv,Ag_For_Fish_OcLab,Ag_For_Fish_OcID_NS,Agri_for_fish_Tot,Mining_OcMngr,Mining_OcProf,Mining_OcTechTrdW,Mining_OcComPerS,Mining_OcClericAdm,Mining_OcSalesWk,Mining_OcMacOp_Driv,Mining_OcLab,Mining_OcID_NS,Mining_Tot,Manufact_OcMngr,Manufact_OcProf,Manufact_OcTechTrdW,Manufact_OcComPerS,Manufact_OcClericAdm,Manufact_OcSalesWk,Manufact_OcMacOp_Driv,Manufact_OcLab,Manufact_OcID_NS,Manufacturing_Tot,El_Gas_W_W_OcMngr,El_Gas_W_W_OcProf,El_Gas_W_W_OcTechTrdW,El_Gas_W_W_OcComPerS,El_Gas_W_W_OcClericAdm,El_Gas_W_W_OcSalesWk,El_Gas_W_W_OcMacOp_Driv,El_Gas_W_W_OcLab,El_Gas_W_W_OcID_NS,El_Gas_W_W_Tot,Construc_OcMngr,Construc_OcProf,Construc_OcTechTrdW,Construc_OcComPerS,Construc_OcClericAdm,Construc_OcSalesWk,Construc_OcMacOp_Driv,Construc_OcLab,Construc_OcID_NS,Construction_Tot,WhlesaleTde_OcMngr,WhlesaleTde_OcProf,WhlesaleTde_OcTechTrdW,WhlesaleTde_OcComPerS,WhlesaleTde_OcClericAdm,WhlesaleTde_OcSalesWk,WhlesaleTde_OcMacOp_Driv,WhlesaleTde_OcLab,WhlesaleTde_OcID_NS,WhlesaleTde_Tot,RetTde_OcMngr,RetTde_OcProf,RetTde_OcTechTrdW,RetTde_OcComPerS,RetTde_OcClericAdm,RetTde_OcSalesWk,RetTde_OcMacOp_Driv,RetTde_OcLab,RetTde_OcID_NS,RetTde_Tot,Acom_food_OcMngr,Acom_food_OcProf,Acom_food_OcTechTrdW,Acom_food_OcComPerS,Acom_food_OcClericAdm,Acom_food_OcSalesWk,Acom_food_OcMacOp_Driv,Acom_food_OcLab,Acom_food_OcID_NS,Acom_food_scs_Tot,Trans_po_wh_OcMngr,Trans_po_wh_OcProf,Trans_po_wh_OcTechTrdW,Trans_po_wh_OcComPerS,Trans_po_wh_OcClericAdm,Trans_po_wh_OcSalesWk,Trans_po_wh_OcMacOp_Driv,Trans_po_wh_OcLab,Trans_po_wh_OcID_NS,Trans_po_wh_Tot,Infon_med_tel_OcMngr,Infon_med_tel_OcProf,Infon_med_tel_OcTechTrdW,Infon_med_tel_OcComPerS,Infon_med_tel_OcClericAdm,Infon_med_tel_OcSalesWk,Infon_med_tel_OcMacOp_Driv,Infon_med_tel_OcLab,Infon_med_tel_OcID_NS,Infon_med_tel_Tot,Fin_and_ins_s_OcMngr,Fin_and_ins_s_OcProf,Fin_and_ins_s_OcTechTrdW,Fin_and_ins_s_OcComPerS,Fin_and_ins_s_OcClericAdm,Fin_and_ins_s_OcSalesWk,Fin_and_ins_s_OcMacOp_Driv,Fin_and_ins_s_OcLab,Fin_and_ins_s_OcID_NS,Fin_and_ins_s_Tot,Rent_hi_re_es_OcMngr,Rent_hi_re_es_OcProf,Rent_hi_re_es_OcTechTrdW,Rent_hi_re_es_OcComPerS,Rent_hi_re_es_OcClericAdm,Rent_hi_re_es_OcSalesWk,Rent_hi_re_es_OcMacOp_Driv,Rent_hi_re_es_OcLab,Rent_hi_re_es_OcID_NS,Rent_hi_re_es_Tot,Prof_sci_tec_OcMngr,Prof_sci_tec_OcProf,Prof_sci_tec_OcTechTrdW,Prof_sci_tec_OcComPerS,Prof_sci_tec_OcClericAdm,Prof_sci_tec_OcSalesWk,Prof_sci_tec_OcMacOp_Driv,Prof_sci_tec_OcLab,Prof_sci_tec_OcID_NS,Prof_sci_tec_Tot,Admin_sup_s_OcMngr,Admin_sup_s_OcProf,Admin_sup_s_OcTechTrdW,Admin_sup_s_OcComPerS,Admin_sup_s_OcClericAdm,Admin_sup_s_OcSalesWk,Admin_sup_s_OcMacOp_Driv,Admin_sup_s_OcLab,Admin_sup_s_OcID_NS,Admin_sup_s_Tot,Pub_adm_sfty_OcMngr,Pub_adm_sfty_OcProf,Pub_adm_sfty_OcTechTrdW,Pub_adm_sfty_OcComPerS,Pub_adm_sfty_OcClericAdm,Pub_adm_sfty_OcSalesWk,Pub_adm_sfty_OcMacOp_Driv,Pub_adm_sfty_OcLab,Pub_adm_sfty_OcID_NS,Pub_adm_sfty_Tot,Educ_training_OcMngr,Educ_training_OcProf,Educ_training_OcTechTrdW,Educ_training_OcComPerS,Educ_training_OcClericAdm,Educ_training_OcSalesWk,Educ_training_OcMacOp_Driv,Educ_training_OcLab,Educ_training_OcID_NS,Educ_training_Tot,Hlth_care_soc_OcMngr,Hlth_care_soc_OcProf,Hlth_care_soc_OcTechTrdW,Hlth_care_soc_OcComPerS,Hlth_care_soc_OcClericAdm,Hlth_care_soc_OcSalesWk,Hlth_care_soc_OcMacOp_Driv,Hlth_care_soc_OcLab,Hlth_care_soc_OcID_NS,Hlth_care_soc_Tot,ArtRecreatOcMngr,ArtRecreatOcProf,ArtRecreatOcTechTrdW,ArtRecreatOcComPerS,ArtRecreatOcClericAdm,ArtRecreatOcSalesWk,ArtRecreatOcMacOp_Driv,ArtRecreatOcLab,ArtRecreatOcID_NS,ArtRecreatTot,Other_scs_OcMngr,Other_scs_OcProf,Other_scs_OcTechTrdW,Other_scs_OcCom_PS_W,Other_scs_OcClericAdmin,Other_scs_OcSalesWk,Other_scs_OcMacOp_Driv,Other_scs_OcLab,Other_scs_OcID_NS,Other_scs_Tot,ID_NS_OcMngr,ID_NS_OcProf,ID_NS_OcTechTrdW,ID_NS_OcComPerS,ID_NS_OcClericAdm,ID_NS_OcSalesWk,ID_NS_OcMacOp_Driv,ID_NS_OcLab,ID_NS_OcID_NS,ID_NS_Tot
LGA30250,0,0,0,0,0,0,0,4,0,4,0,3,3,0,0,0,5,0,0,6,3,0,0,0,0,0,0,0,0,3,0,0,0,0,0,0,0,0,0,0,3,0,7,0,0,0,0,3,0,15,0,0,0,0,0,0,0,0,0,0,0,0,0,0,0,4,0,3,0,17,0,0,0,0,0,0,0,0,0,0,0,0,0,0,0,0,0,0,0,3,0,0,0,0,0,0,0,0,0,0,0,0,0,0,0,0,0,0,0,0,0,0,0,0,0,0,0,0,0,0,0,0,0,0,0,0,0,0,0,0,0,3,0,0,0,0,0,0,0,6,3,0,12,21,3,0,4,12,3,67,4,11,4,15,3,0,0,0,0,31,0,6,3,15,0,0,0,3,0,24,0,3,0,0,4,0,0,0,0,9,3,5,3,8,7,0,0,3,0,34,3,0,0,0,0,0,0,0,3,10
LGA30300,408,21,36,0,35,3,59,175,7,756,3,3,3,0,0,0,5,0,0,13,5,0,9,0,4,7,3,8,0,34,0,0,12,0,3,0,4,0,0,20,13,0,35,0,17,0,31,12,0,110,7,10,8,0,10,25,3,3,0,69,24,4,19,0,9,103,4,24,0,188,22,0,17,24,3,0,0,21,0,83,3,0,0,0,14,0,38,3,0,63,0,0,0,0,0,0,0,0,0,3,3,4,0,0,14,0,0,0,0,16,0,0,0,0,3,6,0,0,0,9,0,12,0,0,17,0,0,3,0,36,3,3,0,3,7,0,0,24,0,38,7,15,5,24,29,0,12,21,0,125,12,88,4,46,9,0,0,14,0,184,13,87,8,74,26,0,0,18,0,237,0,3,0,0,0,0,0,0,0,6,8,3,44,7,10,0,0,12,0,75,4,7,15,4,10,10,6,13,16,92
LGA30370,998,15,33,3,48,3,45,264,13,1414,36,75,337,0,53,0,535,25,6,1069,42,27,123,9,22,18,40,233,5,512,21,24,160,3,45,3,48,42,7,354,33,3,128,0,50,3,102,51,0,370,19,12,28,0,11,47,8,40,0,166,70,7,38,4,26,308,10,60,3,525,57,0,44,83,17,34,3,71,3,314,26,10,4,0,41,3,114,8,0,202,0,6,3,0,5,3,0,0,0,24,7,12,0,0,41,0,0,0,3,62,3,0,3,0,15,22,3,0,0,54,11,46,13,0,64,3,0,6,0,143,10,3,10,12,38,0,17,93,3,184,26,35,26,41,73,0,62,48,3,318,25,258,10,120,36,0,3,37,0,491,30,142,17,177,57,0,0,47,3,469,5,9,0,4,3,0,0,4,0,25,15,23,124,28,32,7,3,23,3,243,29,6,41,8,20,8,31,51,50,248
LGA30410,295,4,14,3,11,0,9,126,0,461,3,0,3,0,0,0,11,0,0,18,3,0,7,0,6,4,0,3,0,23,0,0,10,0,10,0,3,3,0,25,13,8,30,0,6,0,44,17,0,121,4,0,3,0,7,4,0,0,0,13,11,3,5,0,3,53,0,3,3,74,21,0,0,6,0,0,0,17,0,51,15,3,0,3,20,4,21,15,0,87,0,7,3,0,0,0,0,0,0,11,0,0,0,0,0,0,0,0,0,3,0,0,0,0,0,0,3,0,0,8,0,19,10,0,16,0,0,0,0,52,3,0,0,8,4,0,3,7,0,28,8,12,16,14,29,0,24,16,0,126,14,53,0,31,6,0,0,12,0,113,4,38,3,50,11,0,0,19,0,136,0,0,3,0,0,0,0,4,0,16,3,4,17,3,4,0,0,0,3,31,9,6,3,5,11,5,0,8,11,54
LGA30450,26,0,3,0,3,0,5,23,0,68,0,0,0,0,0,0,0,0,0,0,0,0,0,0,0,0,0,0,0,3,0,0,0,0,0,0,0,0,0,3,0,0,3,0,0,0,6,0,0,5,0,0,0,0,0,0,0,0,0,0,3,0,0,0,0,0,0,0,0,9,5,0,3,0,0,0,0,0,0,13,0,0,0,0,0,0,0,0,0,7,0,0,0,0,0,0,0,0,0,0,0,0,0,0,0,0,0,0,0,0,0,0,0,0,0,0,0,0,0,0,0,0,0,0,0,0,0,0,0,3,0,0,0,0,0,0,0,0,0,0,3,6,15,0,12,0,14,11,0,52,0,4,0,0,0,0,0,0,0,8,0,0,0,0,0,0,0,0,0,4,0,0,0,0,0,0,0,0,0,0,0,0,0,0,0,0,0,0,0,0,0,0,0,0,0,0,0,0,0,0
LGA30760,194,7,3,0,8,3,5,69,4,296,0,0,3,0,0,0,7,0,0,8,0,0,4,0,0,5,3,3,0,15,0,0,3,0,0,0,0,0,0,9,0,0,18,0,0,0,8,18,3,53,3,0,0,0,4,18,0,4,0,30,13,0,13,0,3,40,3,3,0,77,18,0,6,7,0,0,0,14,0,41,3,0,3,0,16,3,20,0,0,39,0,0,0,0,0,0,0,0,0,0,0,0,0,0,4,0,0,0,0,4,0,0,0,0,0,8,0,0,0,8,0,3,0,0,8,0,0,0,0,13,0,0,0,3,3,0,0,12,0,13,8,10,17,16,20,0,17,17,0,104,8,33,0,16,8,0,0,4,0,67,7,27,4,37,6,0,0,10,0,86,0,0,0,0,0,0,0,0,0,3,0,0,10,4,0,0,0,3,0,20,3,0,5,3,0,0,3,13,13,38
LGA30900,34,4,8,0,4,0,3,61,3,108,0,0,0,0,0,0,3,0,0,3,0,0,0,0,0,0,0,0,0,0,0,0,0,0,0,0,0,0,0,3,0,0,3,0,0,0,12,3,0,13,0,0,0,0,0,0,0,0,0,0,3,0,0,0,0,3,0,0,0,10,3,0,0,0,0,0,0,0,0,3,0,0,0,0,0,0,0,0,0,3,0,0,0,0,0,0,0,0,0,0,0,0,0,0,0,0,0,0,0,0,0,0,0,0,0,0,0,0,0,0,0,0,0,0,0,0,0,0,0,0,0,0,0,0,0,0,0,0,0,0,6,0,4,4,11,0,5,3,0,38,3,6,0,9,0,0,0,4,0,18,0,0,0,0,0,0,0,0,0,3,0,0,0,0,0,0,0,0,0,0,0,0,0,0,0,0,0,0,0,3,0,0,0,0,0,0,0,3,0,6
LGA31000,729,347,151,18,271,95,94,482,27,2232,1722,3186,855,28,1006,46,512,110,73,7537,4988,3521,6153,336,2919,1790,3081,5239,290,28312,1123,1912,972,14,1033,114,409,173,67,5818,6163,3036,17358,65,4328,625,1599,4876,353,38406,3484,2658,1114,99,2666,2500,1890,818,134,15378,7916,3430,2442,487,2858,26115,1869,3644,242,49001,6745,811,5514,12954,1427,5079,865,7830,230,41446,3415,3656,1406,1185,5708,1438,9218,1470,370,27869,1524,3783,1338,88,1441,930,61,182,123,9474,3444,8174,262,67,8797,1080,54,57,414,22356,1837,1680,385,174,2287,5615,185,472,174,12823,7334,35908,4704,172,9583,874,162,454,500,59693,2445,2966,1268,2063,3068,516,391,7367,195,20281,5669,13195,2066,7201,12237,222,433,756,749,42528,4911,35863,1597,7714,6251,302,102,1390,263,58395,4315,38210,2570,17841,11211,544,446,2150,492,77779,1643,2528,782,2573,1169,454,83,672,98,9998,2054,2418,6614,3715,2236,442,273,1575,163,19486,3024,3117,2539,974,2705,1520,1687,2126,3921,21628
LGA31750,32,0,4,0,7,0,3,22,0,65,0,0,5,0,0,0,0,0,3,10,0,0,0,0,0,0,0,0,0,3,0,0,0,0,0,0,0,0,0,0,3,0,3,0,0,0,8,5,0,20,0,0,0,0,0,0,0,0,0,0,4,0,0,0,0,5,0,0,0,8,8,0,0,0,0,0,0,3,0,16,3,0,0,0,0,0,3,0,0,4,0,0,0,0,0,0,0,0,0,0,0,0,0,0,0,0,0,0,0,0,0,0,0,0,0,0,0,0,0,0,0,0,0,0,0,0,0,0,0,0,0,0,0,0,0,0,0,0,0,0,4,3,10,7,16,3,12,6,0,58,0,6,0,3,0,0,0,0,0,7,0,0,0,0,0,0,0,0,0,3,0,0,0,0,0,0,0,0,0,3,0,0,0,0,0,0,0,0,0,3,3,0,0,0,0,0,0,0,3,10
LGA31820,1165,60,104,3,136,20,394,1421,24,3332,20,19,193,0,17,0,407,24,10,695,264,106,682,21,207,136,355,390,22,2183,16,13,131,0,37,6,65,62,3,334,237,45,1219,3,258,31,341,412,28,2563,118,37,66,3,91,152,122,80,3,682,579,61,282,25,213,2242,103,367,10,3887,418,17,266,591,83,326,58,581,14,2345,117,29,58,27,236,41,676,58,14,1268,39,66,46,3,30,55,5,7,0,260,65,117,10,3,286,22,5,0,8,516,43,30,13,3,104,247,14,25,8,486,76,432,198,0,356,21,11,45,3,1144,42,78,90,68,158,31,39,572,11,1088,120,240,185,325,427,17,98,211,16,1649,184,1638,68,695,231,15,7,170,8,3018,254,1909,211,1931,815,22,39,324,30,5533,44,51,43,60,24,16,7,28,5,283,68,79,686,141,144,28,7,112,9,1280,141,72,241,65,125,114,130,244,298,1425
LGA31900,801,27,53,0,91,13,302,385,12,1674,7,11,75,0,5,0,93,7,0,193,61,69,323,0,72,17,164,235,13,951,6,8,44,0,16,3,21,23,0,124,38,0,196,0,43,3,64,37,8,398,18,6,10,0,22,29,9,8,0,115,113,15,54,0,41,378,11,90,5,720,60,0,39,86,10,79,9,93,3,388,15,4,8,0,47,10,121,17,3,228,3,5,10,0,3,6,0,0,0,26,17,28,0,0,72,0,0,3,0,118,7,0,0,0,18,30,3,0,0,68,11,97,39,0,87,7,0,10,0,259,11,16,18,17,40,0,7,94,6,198,27,47,42,63,82,0,30,73,6,370,38,295,21,148,49,0,3,54,0,598,31,185,20,353,91,3,3,69,3,755,8,0,3,16,3,0,0,7,0,38,18,16,158,26,41,3,3,46,0,305,20,12,55,9,28,26,55,53,65,308
LGA31950,9,0,0,0,3,0,0,17,0,26,0,0,0,0,0,0,0,0,0,0,0,0,0,0,0,0,0,0,0,0,0,0,0,0,0,0,0,0,0,0,0,0,0,0,0,0,4,0,0,5,0,0,0,0,0,0,0,0,0,0,0,0,3,0,0,3,0,3,0,11,9,0,3,3,0,0,0,0,0,17,0,0,0,0,0,0,0,0,0,8,0,0,0,0,0,0,0,0,0,0,0,0,0,0,0,0,0,0,0,0,0,0,0,0,0,0,0,0,0,0,3,0,0,0,0,0,0,0,0,3,0,0,0,0,0,0,0,3,0,7,4,0,4,3,7,0,4,4,3,37,0,3,0,0,0,0,0,0,0,10,0,0,0,0,0,0,0,0,0,3,0,4,0,0,0,0,0,0,0,3,3,0,0,0,8,0,0,0,0,13,3,3,0,0,3,0,0,4,0,11
LGA32080,408,124,91,75,81,32,105,251,7,1175,68,90,351,12,59,4,409,41,13,1051,349,151,1114,49,256,191,303,254,27,2700,73,69,261,7,95,14,94,37,13,663,689,138,3011,7,600,90,484,825,54,5901,288,79,183,12,285,418,321,111,11,1705,1184,219,469,74,418,4450,243,602,42,7690,1289,101,1016,1709,487,799,117,1691,51,7273,438,678,293,542,666,327,1378,219,50,4590,87,155,132,4,67,101,10,23,5,591,136,317,18,0,538,47,7,7,16,1085,186,71,73,18,242,683,43,122,10,1456,241,1679,451,15,856,60,9,48,22,3392,280,244,247,521,392,96,91,1189,32,3099,573,1154,628,1250,1579,31,114,349,121,5796,451,3596,167,1273,667,20,18,260,33,6503,471,4257,338,3277,1499,61,81,373,74,10445,202,252,161,465,116,96,22,99,21,1440,201,293,1353,442,337,56,49,298,20,3050,305,260,479,189,287,197,182,335,587,2830
LGA32250,33,10,13,0,12,0,9,70,0,149,0,0,0,0,0,0,0,0,0,4,0,0,5,0,0,0,0,4,0,9,0,0,7,0,0,0,0,3,0,12,8,0,19,0,14,0,13,11,3,67,0,0,0,0,0,0,4,9,0,14,17,3,4,0,6,16,3,4,0,53,27,0,11,17,3,3,0,11,0,66,10,4,0,0,10,0,10,12,0,44,0,0,4,0,0,0,0,0,0,3,0,0,0,0,3,0,0,0,0,3,0,0,3,0,0,0,0,0,0,4,0,0,0,0,0,0,0,0,0,3,0,7,5,3,3,0,0,6,0,28,9,10,14,30,25,0,15,9,3,118,8,29,4,30,4,0,0,3,0,75,3,24,6,31,9,0,0,9,0,82,0,0,0,0,0,0,0,0,0,4,0,5,4,4,0,0,3,0,0,18,3,0,13,3,3,0,0,5,19,51
LGA32260,947,52,77,4,106,7,265,1150,32,2634,10,7,67,0,9,0,103,9,3,213,87,25,317,0,70,32,204,189,12,943,4,7,58,0,13,0,28,23,0,132,94,9,361,0,71,5,112,100,0,758,24,7,10,0,22,74,27,21,3,187,158,20,96,4,53,621,14,101,11,1082,176,4,75,168,37,86,16,188,4,759,50,19,46,7,98,17,246,31,8,515,6,16,14,0,11,7,0,3,0,54,17,26,0,0,70,0,4,3,3,129,5,6,0,0,25,83,6,3,0,124,22,121,46,0,117,3,0,11,0,329,26,23,27,31,45,4,11,185,0,354,41,96,49,138,152,3,26,100,6,608,55,459,35,252,77,0,5,70,3,959,37,320,47,456,141,5,4,94,10,1114,8,33,10,39,7,5,6,17,0,134,30,36,243,45,44,4,0,41,3,448,48,27,88,19,53,33,68,166,109,606
LGA32270,1018,31,53,6,76,6,92,424,9,1719,193,244,992,19,169,5,1485,125,42,3269,43,4,104,0,38,21,63,26,0,299,16,3,41,0,6,3,54,9,0,142,68,12,266,4,109,4,157,74,10,702,47,22,66,0,49,72,46,17,0,318,155,21,69,5,62,606,20,133,4,1086,121,5,108,176,50,106,11,268,0,847,39,13,28,11,107,26,303,35,12,568,10,6,23,0,8,9,0,0,0,53,16,26,0,0,71,11,0,0,0,122,23,9,32,3,42,62,32,12,0,214,24,119,67,0,84,4,8,18,4,328,15,17,36,20,65,3,37,179,4,383,46,104,51,93,148,4,51,46,7,551,85,547,23,221,105,4,9,73,0,1062,31,249,14,245,119,3,4,35,0,706,12,9,9,11,11,0,10,7,0,70,24,30,299,46,71,9,16,63,3,566,37,16,89,19,51,26,72,56,97,459
LGA32310,321,14,19,0,12,4,19,169,3,569,23,25,134,4,16,0,225,15,0,438,19,6,46,3,11,7,13,25,0,134,3,0,19,0,3,0,5,3,0,29,28,3,110,0,21,3,60,43,0,265,15,9,5,0,9,19,10,13,0,84,73,6,50,0,30,229,14,36,7,445,54,0,24,55,12,38,4,88,0,274,14,3,10,0,32,3,76,18,3,172,0,4,6,0,0,3,0,0,0,22,8,4,0,0,31,0,0,0,0,41,3,0,5,0,9,21,5,3,0,46,10,34,15,0,24,4,3,3,0,89,5,8,6,3,16,0,0,60,3,104,29,23,56,50,71,5,37,21,0,298,45,302,23,123,45,0,3,76,0,623,18,156,21,214,62,6,3,46,7,536,0,12,3,12,0,0,0,5,0,40,9,11,73,26,18,6,5,28,0,183,17,5,23,12,13,19,16,40,40,189
LGA32330,0,0,0,0,0,0,0,0,0,0,0,0,0,0,0,0,0,0,0,0,0,0,0,0,0,0,0,0,0,0,0,0,0,0,0,0,0,0,0,0,0,0,0,0,0,0,0,0,0,0,0,0,0,0,0,0,0,0,0,0,0,0,0,0,0,0,0,0,0,0,0,0,0,0,0,0,0,0,0,0,0,0,0,0,0,0,0,0,0,0,0,0,0,0,0,0,0,0,0,0,0,0,0,0,3,0,0,0,0,3,0,0,0,0,0,0,0,0,0,0,0,0,0,0,0,0,0,0,0,0,0,0,0,0,0,0,0,0,0,0,4,5,8,4,9,0,3,14,0,40,0,3,0,17,3,0,0,3,0,29,3,0,3,17,4,0,0,3,0,29,0,0,0,0,0,0,0,0,0,0,0,0,0,9,3,0,0,3,0,19,0,0,0,0,0,0,0,0,0,0
LGA32450,77,11,6,0,13,0,3,57,0,175,28,62,97,3,27,0,142,22,3,388,6,0,9,0,4,0,6,3,0,28,0,0,0,0,0,0,3,0,0,6,12,3,25,0,20,0,31,21,0,106,0,0,0,0,6,11,0,3,0,19,16,0,4,0,4,46,0,15,0,83,24,0,7,7,3,0,3,17,0,63,9,4,19,0,27,3,71,17,5,151,0,3,3,0,0,0,0,0,0,7,5,4,3,0,3,0,0,0,0,13,0,0,0,0,0,4,0,0,0,7,0,0,3,0,6,0,0,5,0,14,0,4,6,0,9,0,3,13,0,36,7,25,13,28,33,3,12,13,0,141,9,51,3,24,3,0,0,6,0,99,3,23,3,22,8,0,0,4,0,72,0,3,0,3,0,0,0,0,0,8,0,3,16,4,7,0,0,11,0,47,0,0,9,3,7,0,4,3,16,52
LGA32500,85,20,13,0,10,3,13,90,0,231,3,0,3,0,0,0,13,0,0,22,4,0,7,0,0,0,0,5,0,15,0,0,8,0,3,0,6,3,0,22,12,5,73,0,10,0,51,33,0,185,0,0,0,0,0,4,0,3,0,6,20,4,13,3,3,60,6,13,3,120,49,5,23,51,16,8,4,45,0,205,5,8,0,3,12,0,16,0,0,47,0,3,0,0,0,0,0,0,0,3,0,0,0,0,0,0,0,0,0,5,0,0,0,0,0,3,0,0,0,6,4,18,4,0,17,0,0,0,0,38,3,11,6,4,6,0,0,27,0,62,19,25,26,25,36,0,11,28,4,176,11,81,3,42,10,0,0,7,0,154,9,85,5,55,22,0,0,16,3,195,0,30,4,3,4,4,0,3,0,52,5,17,25,8,11,0,3,3,3,73,9,15,13,4,3,12,6,17,14,94
LGA32600,24,0,4,4,0,0,0,14,0,44,0,0,0,0,0,0,0,0,0,4,0,0,0,0,0,0,0,0,0,0,0,0,0,0,0,0,0,0,0,0,0,0,0,0,0,0,4,0,0,11,0,0,0,0,0,0,0,0,0,0,0,0,0,0,0,3,0,0,0,4,3,0,0,0,0,0,0,0,0,3,0,0,0,0,0,0,0,0,0,0,0,0,0,0,0,0,0,0,0,0,0,0,0,0,0,0,0,0,0,0,0,0,0,0,0,0,0,0,0,0,0,0,0,0,0,0,0,0,0,0,0,0,0,0,0,0,0,0,0,0,3,0,3,5,3,0,4,9,0,29,0,4,0,6,0,0,0,0,0,12,0,0,0,0,0,0,0,0,0,5,0,0,0,0,0,0,0,0,0,0,0,0,0,0,0,0,0,0,0,0,3,0,0,0,0,0,0,0,4,4
LGA32750,20,0,4,0,4,0,0,19,0,52,0,0,0,0,0,0,0,0,0,0,0,0,0,0,0,0,0,0,0,3,0,0,0,0,0,0,0,0,0,0,0,0,3,0,0,0,0,4,0,10,0,0,0,0,0,0,0,0,0,0,0,0,0,0,0,7,0,0,0,4,8,0,0,4,0,0,0,4,0,17,0,0,0,0,0,0,0,0,0,0,0,0,0,0,0,0,0,0,0,0,0,0,0,0,0,0,0,0,0,0,0,0,0,0,0,0,0,0,0,0,0,0,0,0,4,0,0,0,0,3,0,0,0,3,0,0,0,4,0,5,4,3,10,7,11,0,6,7,0,40,0,3,0,3,0,0,0,0,0,7,0,0,0,0,0,0,0,0,0,5,0,3,0,0,0,0,0,0,0,3,0,0,0,0,0,0,0,0,0,0,3,0,0,0,0,0,0,0,0,4
LGA32770,0,0,0,0,0,0,0,3,0,6,0,0,0,0,0,0,0,0,0,0,0,0,0,0,0,0,0,0,0,0,0,0,0,0,0,0,0,0,0,0,3,0,3,0,0,0,0,3,0,8,0,0,0,0,0,0,0,0,0,0,3,0,7,0,0,7,0,5,0,20,0,0,0,0,0,0,0,0,0,3,0,0,0,0,0,0,0,0,0,0,0,0,0,0,0,0,0,0,0,0,0,0,0,0,0,0,0,0,0,0,0,0,0,0,0,0,0,0,0,0,0,0,0,0,3,0,0,0,0,3,0,0,0,0,0,0,0,0,0,0,6,4,3,11,7,0,4,11,0,57,0,24,6,36,0,0,0,6,0,78,0,9,5,19,3,0,0,4,0,47,0,0,0,0,0,0,0,0,0,0,3,3,0,13,9,7,0,11,6,49,0,0,0,0,0,0,0,0,4,3
LGA32810,95,9,5,3,8,0,23,35,3,196,0,4,17,0,0,0,24,0,0,52,29,10,93,3,11,8,29,36,3,230,0,0,14,0,4,0,11,6,3,33,47,4,216,0,33,3,25,53,3,377,10,3,4,3,3,9,4,0,0,39,82,14,26,5,26,272,13,52,3,496,315,11,229,317,102,89,11,263,13,1352,39,66,16,77,46,24,88,32,3,395,3,16,3,0,7,7,0,0,0,34,5,9,0,0,24,0,0,0,0,44,13,4,5,0,19,69,4,4,0,121,14,77,16,3,51,3,0,6,0,174,38,30,50,56,46,22,6,172,3,414,21,37,17,37,58,0,15,48,7,238,19,167,11,83,21,0,0,23,0,332,20,146,12,169,49,3,0,8,3,414,23,35,11,20,10,4,0,7,3,118,18,8,92,34,18,0,0,19,0,188,32,23,49,28,24,15,15,41,60,270
LGA33100,93,7,4,0,4,0,3,53,0,164,0,0,0,0,0,0,3,0,0,3,0,0,0,0,0,0,0,0,0,3,0,0,3,0,0,0,0,0,0,3,0,0,0,0,0,0,10,4,0,17,0,0,0,0,0,0,0,0,0,0,3,0,4,0,0,3,0,0,0,10,4,0,11,4,0,0,0,15,0,28,0,0,0,0,3,0,4,0,0,14,0,0,0,0,0,0,0,0,0,0,0,0,0,0,0,0,0,0,0,0,0,0,0,0,0,0,0,0,0,0,0,5,0,0,5,0,0,0,0,14,0,0,3,0,3,0,0,0,0,10,7,3,11,5,11,0,6,3,0,50,0,10,0,5,0,0,0,3,0,17,0,3,0,3,0,0,0,4,0,15,0,0,0,0,0,0,0,0,0,0,0,0,0,0,0,0,0,0,0,3,0,0,0,0,0,0,0,3,0,5
LGA33200,197,4,3,0,9,0,3,64,3,280,0,0,0,0,0,0,3,0,0,7,0,0,4,0,0,0,0,11,0,11,0,0,8,0,0,0,0,0,0,12,4,0,11,0,9,0,9,7,0,34,0,0,0,0,0,8,0,0,0,8,8,0,7,0,3,26,3,3,0,56,15,0,6,9,0,3,0,11,0,39,8,0,0,0,10,0,38,10,0,65,0,0,0,0,0,0,0,0,0,0,0,0,0,0,3,0,0,0,0,5,0,0,0,0,0,3,0,0,0,3,0,3,0,0,5,0,0,0,0,7,0,0,0,0,3,0,0,7,0,16,10,9,15,20,18,0,22,14,0,101,3,16,0,17,0,0,0,4,0,44,0,11,0,16,3,0,0,6,0,37,0,3,0,0,0,0,0,0,0,3,0,0,13,0,0,0,0,3,0,20,3,0,5,0,0,0,3,12,3,31
LGA33220,374,19,31,0,32,20,105,281,8,876,36,25,154,8,10,0,293,44,3,572,250,80,602,20,181,107,264,245,15,1764,18,51,164,0,88,12,93,46,8,484,246,47,1363,4,283,39,300,490,15,2798,87,24,43,0,69,128,69,68,4,488,548,92,300,26,193,2286,101,390,17,3956,510,21,330,703,120,352,70,637,15,2763,88,51,89,25,230,44,649,85,8,1274,31,54,48,3,88,60,15,13,0,314,31,96,3,0,224,20,4,3,5,388,57,23,22,3,107,303,22,26,4,561,63,409,168,0,337,19,13,38,3,1059,43,96,78,92,218,18,16,540,9,1104,141,315,121,585,516,17,82,197,14,1987,183,1703,69,704,267,11,19,154,13,3118,235,1851,196,2286,713,33,56,341,37,5744,38,77,38,79,23,11,10,26,4,301,84,71,660,154,141,21,25,185,4,1336,120,67,245,86,126,93,127,213,306,1388
LGA33360,292,6,20,0,14,4,31,130,9,509,80,122,371,7,75,0,244,72,10,986,279,341,1339,31,238,58,1127,213,59,3682,65,72,298,10,84,10,125,109,19,782,235,82,1310,3,299,16,427,574,33,2991,79,40,100,3,88,74,95,39,11,533,316,49,177,14,122,1483,74,325,14,2586,339,12,188,430,72,261,34,483,6,1832,178,260,324,43,328,40,806,204,29,2205,15,20,20,0,20,27,3,3,0,110,26,59,11,0,149,11,0,3,3,254,61,19,48,3,102,177,27,33,8,473,123,343,505,6,271,7,107,202,8,1575,57,50,83,43,108,8,35,446,9,838,73,219,116,281,260,11,68,160,10,1201,125,1165,49,474,170,9,6,131,12,2146,73,666,64,871,283,9,11,86,15,2079,17,25,19,76,22,4,3,13,3,183,67,51,474,131,121,16,13,89,8,974,87,79,266,44,95,50,126,179,211,1135
LGA33430,419,103,148,16,129,70,74,313,16,1293,218,225,433,16,125,9,637,127,32,1834,2467,906,4301,178,1534,1036,1555,1912,112,14000,202,165,374,3,198,49,363,138,21,1516,3606,900,14445,45,3164,460,1914,5151,286,29955,1527,748,417,46,1056,1386,774,306,66,6321,4939,1180,1545,307,1729,16387,1008,2038,158,29292,4323,528,3340,6926,1619,3217,390,4700,185,25241,1075,673,365,598,1878,487,4249,406,109,9840,571,1120,697,72,768,577,34,141,74,4051,947,2180,73,31,2899,382,27,36,138,6711,1002,619,214,92,1404,3810,131,312,136,7717,1804,7757,1699,65,3755,473,77,219,143,15978,1265,873,848,1344,1946,634,209,4078,115,11307,978,2225,816,2969,2941,101,196,656,192,11075,1640,11944,583,3899,2067,142,76,636,135,21125,1550,12626,1053,10321,4733,276,206,1402,212,32380,1048,1082,993,2128,739,640,278,692,118,7721,923,668,4555,1893,985,284,132,857,77,10372,1790,1160,1944,543,1725,1150,913,1376,2205,12806
LGA33610,636,46,76,3,84,6,159,310,16,1342,3,0,7,0,0,0,22,3,0,37,19,3,53,0,20,10,18,49,0,167,5,3,21,0,4,0,16,0,0,52,40,7,144,0,26,3,72,51,0,350,20,19,12,0,20,33,13,7,0,132,83,12,52,9,41,220,19,53,3,480,66,3,30,74,5,30,7,61,3,280,23,4,10,0,31,13,108,16,3,202,3,5,4,0,4,5,0,0,0,22,6,17,3,0,28,0,0,0,3,64,0,0,0,0,4,27,0,0,0,35,5,69,17,0,62,0,0,3,0,159,3,8,5,3,26,0,4,50,0,96,18,20,13,35,44,0,11,23,3,168,24,214,4,96,27,0,3,30,0,401,15,135,16,191,50,0,0,33,3,449,3,0,7,3,3,0,0,5,0,24,9,7,105,21,28,7,0,17,0,194,22,10,37,14,20,14,29,27,30,206
LGA33620,845,52,42,3,54,14,84,455,13,1551,17,8,111,3,14,3,187,13,4,369,150,59,373,35,95,44,284,458,16,1522,15,3,73,3,10,3,32,13,3,153,161,21,718,0,142,17,257,299,13,1625,58,14,45,0,66,131,45,52,3,409,271,39,160,34,106,1110,43,207,7,1987,198,6,140,289,34,145,30,250,12,1099,69,24,49,16,149,30,386,58,6,785,14,23,46,0,18,27,9,5,0,135,19,36,3,0,100,10,3,6,8,176,21,11,14,0,47,149,9,19,3,275,32,243,100,0,234,10,7,11,4,633,28,37,56,55,79,3,22,286,3,561,48,135,91,152,255,12,73,116,12,901,81,773,55,404,125,0,11,95,6,1551,81,583,62,864,279,11,8,125,9,2019,15,47,15,42,15,0,6,11,0,153,31,43,456,57,73,16,3,69,3,759,87,34,154,39,76,45,89,132,183,836
LGA33800,419,15,20,0,24,3,167,107,10,769,8,7,26,0,0,0,39,0,0,80,28,30,213,3,23,8,145,107,3,566,7,0,26,0,4,0,7,0,0,40,15,0,126,0,23,3,39,28,3,243,13,3,9,0,5,21,14,7,0,68,54,9,35,3,23,231,11,44,0,413,41,0,23,66,13,50,3,75,0,265,10,3,9,4,28,5,51,16,0,126,0,3,3,0,3,5,0,0,0,20,6,17,0,0,46,0,0,0,0,78,0,0,0,0,9,15,4,7,0,32,6,48,24,0,64,0,3,5,0,155,4,8,10,16,26,0,6,41,0,112,17,36,27,44,65,3,28,41,3,271,31,209,11,91,33,0,0,30,0,407,16,129,23,239,71,3,6,29,6,517,0,15,3,3,0,0,0,3,0,29,8,13,108,13,20,3,3,12,0,172,19,11,34,7,25,19,27,30,32,197
LGA33830,0,0,0,0,0,0,0,3,0,3,0,0,3,0,3,0,18,0,0,24,0,0,0,0,0,0,0,0,0,0,0,0,0,0,0,0,0,0,0,0,3,0,0,0,0,0,0,4,0,7,0,0,0,0,0,0,0,0,0,0,0,0,3,0,0,0,0,0,0,5,0,0,0,0,0,0,0,0,0,0,0,0,0,0,0,0,0,0,0,0,0,0,0,0,0,0,0,0,0,0,0,0,0,0,0,0,0,0,0,0,0,0,0,0,0,0,0,0,0,0,0,0,0,0,0,0,0,0,0,0,0,5,0,0,0,0,0,3,0,11,3,4,13,16,13,0,8,13,3,75,0,10,0,10,0,0,0,0,0,19,0,3,0,10,0,0,0,5,0,21,0,0,0,0,0,0,0,0,0,4,8,9,4,3,6,0,4,6,6,48,0,0,0,0,0,0,0,0,3,8
LGA33960,197,27,60,0,69,32,66,248,4,697,77,124,183,9,101,5,216,37,7,754,865,376,1888,52,887,271,1488,2505,98,8425,98,140,261,6,204,19,231,84,22,1060,550,172,3473,15,634,86,759,1296,72,7049,347,207,303,12,501,381,646,291,23,2714,1138,226,521,81,578,4756,578,922,36,8839,711,48,453,1169,122,940,108,1080,22,4655,359,223,348,104,1055,154,2794,364,68,5464,109,199,173,12,164,162,12,29,19,884,189,410,40,6,1266,116,28,5,29,2099,132,76,79,17,281,587,92,105,15,1384,354,1451,624,36,937,83,57,117,40,3697,168,264,276,197,454,43,144,1284,39,2862,751,1316,996,2072,1727,32,296,299,158,7647,438,3199,307,1592,794,29,48,387,55,6846,483,3214,426,4522,1667,66,103,522,82,11091,132,142,93,225,93,42,15,70,11,826,205,244,1539,441,357,80,77,362,24,3324,301,196,654,185,401,246,621,654,708,3969
LGA33980,618,7,31,8,35,0,50,282,4,1041,203,381,1094,14,212,4,1718,83,40,3757,26,21,124,0,26,11,63,22,3,297,7,4,33,0,14,0,45,7,0,109,17,13,130,0,51,4,80,48,9,346,11,6,49,0,3,23,21,12,0,130,78,11,41,0,19,299,3,49,3,510,108,3,92,139,50,54,5,190,0,650,45,7,47,4,67,7,189,34,6,401,0,9,7,0,4,5,0,0,0,19,4,3,0,0,21,3,0,0,0,30,16,0,15,0,17,36,11,6,0,102,10,47,45,0,27,4,7,0,0,143,12,14,38,10,44,0,72,165,3,355,37,53,45,56,107,0,44,55,4,406,40,333,19,151,51,0,11,52,0,657,10,111,14,158,71,0,0,24,0,386,4,9,3,23,3,0,0,4,0,55,14,14,174,27,36,5,3,29,0,308,23,9,54,13,16,17,46,30,55,262
LGA34420,3,0,0,0,0,0,0,3,0,6,0,0,0,0,0,0,0,0,0,0,0,0,0,0,0,0,0,0,0,0,0,0,0,0,0,0,0,0,0,0,0,0,8,0,0,0,0,0,0,13,0,0,0,0,0,0,0,0,0,0,0,0,0,0,0,6,0,3,0,12,3,0,0,0,0,0,0,0,0,3,0,0,0,0,0,0,0,0,0,4,0,0,0,0,0,0,0,0,0,0,0,0,0,0,0,0,0,0,0,0,0,0,0,0,0,0,0,0,0,0,0,0,0,0,0,0,0,0,0,0,0,0,0,3,0,0,0,0,0,5,12,5,17,24,8,5,6,9,0,91,4,11,0,26,3,0,0,0,0,51,0,0,0,6,5,0,0,0,0,22,0,0,0,0,0,0,0,0,0,0,0,0,0,3,0,3,5,4,0,16,0,0,0,0,0,0,0,0,3,6
LGA34530,344,11,23,3,31,6,22,178,8,627,75,49,440,0,56,0,790,36,10,1463,92,23,215,14,58,43,42,75,6,571,29,41,115,3,72,5,32,8,9,309,157,17,744,3,175,13,165,216,10,1499,70,15,76,0,39,75,56,20,8,361,223,31,107,21,82,867,27,137,3,1500,178,12,141,330,77,131,16,231,8,1125,61,46,62,17,112,19,256,36,7,613,7,19,30,0,11,20,0,4,0,92,30,53,4,0,103,7,0,3,3,203,30,10,13,5,58,109,14,13,3,252,46,213,101,0,156,13,7,15,3,552,47,46,42,27,88,4,33,190,3,478,93,185,110,227,254,7,40,71,13,986,124,919,44,300,169,4,10,93,14,1675,75,619,51,651,248,14,12,84,10,1757,35,28,25,35,23,8,0,10,0,170,45,30,360,86,67,13,8,53,3,655,50,27,105,26,61,27,41,65,129,534
LGA34570,0,0,0,0,0,0,0,0,0,3,0,0,0,0,0,0,0,0,0,0,0,0,0,0,0,0,0,0,0,0,0,0,0,0,0,0,0,0,0,0,0,0,0,0,0,0,0,7,0,7,0,0,0,0,0,0,0,0,0,0,3,0,0,0,0,3,0,3,0,9,0,0,0,0,0,0,0,0,0,0,0,0,0,0,0,0,0,0,0,0,0,0,0,0,0,0,0,0,0,0,0,0,0,0,0,0,0,0,0,0,0,0,0,0,0,0,0,0,0,0,0,0,0,0,0,0,0,0,0,0,0,0,0,0,0,0,0,0,0,0,3,5,10,9,3,0,8,18,0,50,0,11,0,23,0,0,0,0,0,41,0,5,3,4,6,0,0,12,0,26,0,3,0,0,0,0,0,0,0,3,3,3,0,6,6,0,0,6,4,34,0,0,0,0,0,0,0,0,10,19
LGA34580,781,46,85,9,99,15,159,966,23,2177,16,11,49,0,17,3,103,19,3,211,118,41,288,7,76,46,148,367,15,1114,14,21,58,4,16,0,67,30,0,218,101,26,588,3,104,30,198,253,11,1307,74,32,58,3,70,79,67,58,5,455,204,25,141,14,82,753,46,159,3,1428,143,0,80,223,19,182,7,208,10,879,91,21,85,11,225,25,577,62,7,1098,15,25,24,0,12,18,0,3,0,96,17,33,3,0,127,6,0,3,3,205,14,3,9,3,41,96,18,10,0,199,22,236,112,8,176,13,6,16,0,592,37,37,40,28,73,6,23,221,7,465,76,127,94,236,200,0,61,87,12,891,92,620,92,345,149,6,13,105,12,1441,74,467,70,650,186,3,12,90,5,1542,14,24,31,38,9,9,0,17,0,142,30,30,333,60,55,15,16,46,0,586,79,26,116,26,67,32,100,136,131,719
LGA34590,322,36,110,6,73,25,87,461,15,1134,88,148,213,5,124,3,237,58,7,889,1379,575,3187,50,1433,496,2392,3168,160,12839,117,126,284,0,266,24,346,94,18,1270,1258,356,7587,26,1602,220,1458,3135,136,15780,717,428,466,16,1005,776,1316,442,51,5225,1784,386,846,113,1031,7283,1054,1300,80,13863,999,99,750,1622,242,1315,188,1734,56,7015,792,285,382,153,2015,219,5307,523,89,9757,186,282,297,11,284,177,28,53,27,1355,327,665,52,14,1587,191,28,27,35,2917,246,105,173,42,470,951,139,156,36,2322,511,2395,929,43,1510,145,81,154,54,5824,284,394,469,350,840,97,284,2075,45,4843,536,1323,468,1659,2138,71,154,398,107,6859,649,4612,351,2454,1107,48,39,566,63,9900,694,4144,635,6365,2273,118,141,703,101,15175,203,247,176,413,168,117,66,132,22,1554,392,374,2853,722,679,140,130,562,21,5876,642,443,1298,237,866,432,1117,1242,1297,7569
LGA34710,184,3,16,3,0,4,0,64,0,280,0,0,6,0,3,0,8,0,0,14,5,4,13,0,0,12,6,4,0,45,0,0,9,0,0,0,4,5,0,16,18,0,54,0,8,0,34,23,0,129,4,0,3,0,10,13,7,0,0,39,30,3,21,0,6,96,3,20,0,184,28,0,18,29,12,6,3,27,0,123,8,0,7,4,17,3,26,3,0,72,3,13,5,0,3,0,0,0,0,25,8,6,0,0,17,0,0,0,0,35,0,0,0,0,3,5,3,0,0,19,0,22,7,0,23,3,0,0,0,57,4,4,4,8,12,3,4,18,0,60,14,20,17,38,54,0,19,26,4,198,20,92,5,35,14,0,0,18,0,183,19,109,8,66,36,0,0,12,0,251,4,7,5,10,4,4,0,13,0,47,3,7,50,3,9,0,0,5,0,84,11,9,10,3,5,10,5,11,27,87
LGA34770,1066,44,55,3,78,24,275,288,18,1844,404,347,2403,6,377,30,2601,276,77,6516,361,189,1226,13,310,136,519,614,47,3425,55,31,184,3,79,13,119,34,4,516,450,93,1722,8,487,47,484,579,40,3922,232,137,581,7,265,319,296,99,28,1969,654,119,365,45,322,3010,177,531,20,5252,507,17,399,838,150,489,64,814,18,3297,290,253,385,33,595,64,1480,183,50,3343,30,86,52,0,29,70,10,7,5,289,73,170,11,5,388,31,3,5,11,701,101,35,114,12,177,304,54,58,11,863,148,920,407,0,519,34,45,69,17,2161,65,103,163,90,259,20,126,698,7,1532,160,452,260,486,541,20,126,237,28,2318,245,2127,114,836,343,10,25,213,16,3933,235,2113,171,1830,857,34,43,315,32,5647,59,54,49,114,48,28,7,44,4,406,191,122,1392,253,279,30,94,225,21,2604,200,111,455,72,232,159,263,270,434,2202
LGA34800,119,4,14,0,7,0,0,47,7,190,0,16,6,0,0,0,13,3,0,50,0,0,0,0,0,0,0,0,0,4,0,0,3,0,0,0,0,0,0,3,3,0,18,0,4,0,9,4,0,32,0,0,0,0,0,7,0,0,0,7,15,0,0,0,0,8,0,3,0,28,9,0,4,4,3,0,0,8,0,27,3,0,0,0,0,0,3,3,0,11,0,0,0,0,0,0,0,0,0,0,0,0,0,0,0,0,3,0,0,4,0,0,0,0,0,0,0,0,0,3,0,0,0,0,0,0,0,0,0,3,0,0,3,0,0,0,0,3,4,7,6,9,4,10,11,0,9,15,0,62,3,6,0,3,0,0,0,0,0,15,0,5,0,5,0,0,0,5,0,20,0,0,0,0,0,0,0,0,0,0,0,0,4,0,0,0,0,0,0,10,0,0,0,0,0,0,4,0,3,6
LGA34830,0,0,0,0,0,0,0,0,0,0,0,0,0,0,0,0,3,0,0,7,0,0,0,0,0,0,0,0,0,3,0,0,0,0,0,0,0,0,0,3,0,0,0,0,0,0,0,0,0,3,0,0,0,0,0,0,0,0,0,0,0,0,0,0,0,0,0,0,0,3,0,0,0,0,0,0,0,0,0,0,0,0,0,0,0,0,0,0,0,0,0,0,0,0,0,0,0,0,0,0,0,0,0,0,0,0,0,0,0,0,0,0,0,0,0,0,0,0,0,0,0,0,0,0,0,0,0,0,0,0,0,0,0,0,3,0,0,0,0,4,9,12,5,0,6,3,0,3,0,37,0,3,0,0,0,0,0,0,0,4,0,0,0,7,5,0,0,0,0,8,0,0,0,0,0,0,0,0,0,0,0,0,0,0,0,0,0,0,0,3,0,0,0,0,0,0,0,0,0,0
LGA34860,877,11,32,0,47,10,38,222,12,1239,27,27,100,3,25,0,69,23,8,275,29,8,59,0,20,14,34,48,0,216,11,3,46,0,29,0,38,11,3,150,73,9,162,0,49,3,95,71,3,464,25,5,21,0,25,62,17,15,0,178,82,6,55,8,27,237,14,42,3,476,94,0,42,65,14,33,3,74,0,320,32,4,26,3,64,9,136,9,4,293,4,5,3,0,3,10,0,0,0,32,4,22,0,0,34,4,0,0,0,67,13,4,10,0,7,33,4,9,0,85,13,60,22,3,44,4,0,3,0,143,3,7,7,8,18,3,0,71,0,115,51,92,59,89,140,3,74,60,4,566,21,253,13,99,34,0,0,28,0,463,35,247,25,217,113,3,5,42,3,690,10,8,4,14,3,0,0,9,0,40,10,8,116,21,32,3,12,20,0,224,43,11,47,21,37,19,40,64,45,317
LGA34880,675,15,53,8,40,7,60,524,8,1398,17,11,58,0,17,0,116,9,0,229,37,12,140,4,24,25,41,100,3,385,3,3,41,0,11,0,20,15,4,95,78,3,276,0,51,9,78,99,10,615,26,14,9,0,28,62,14,17,0,170,138,14,51,12,36,404,15,73,0,750,98,6,64,137,30,64,3,105,6,514,30,50,35,17,69,16,132,28,3,376,7,11,13,3,8,0,0,0,0,46,13,16,0,0,52,3,3,0,4,85,10,3,0,0,15,50,5,6,3,97,11,104,42,0,80,3,0,3,0,249,21,29,34,32,43,3,14,102,0,276,47,91,52,184,149,3,28,49,8,616,46,321,30,181,47,0,0,37,0,665,40,308,26,340,133,7,11,64,12,937,10,42,22,24,12,9,0,11,0,124,26,22,150,27,35,0,0,25,4,298,40,23,52,24,35,30,30,54,79,366
LGA35010,663,79,147,9,137,55,129,1275,29,2524,278,384,483,16,203,16,579,95,30,2082,1802,709,3720,90,1502,804,1761,2158,109,12650,281,374,567,5,415,37,439,177,28,2321,1931,515,9837,38,2082,329,1869,3615,207,20414,997,560,451,22,977,986,823,366,42,5223,3089,663,1414,195,1422,10928,960,1885,101,20655,1733,140,1161,2984,408,2015,372,2500,66,11380,1043,900,844,384,2524,532,4506,822,141,11695,310,569,476,12,400,288,35,65,37,2195,677,1228,102,21,2528,292,29,28,77,4980,407,186,127,43,682,1501,134,202,42,3325,1203,4366,1448,53,2676,214,97,230,91,10370,521,553,591,625,1099,157,233,2655,46,6476,1333,2483,929,3427,3834,79,289,600,241,13217,1123,7759,497,3493,1639,84,67,677,81,15419,1233,8027,910,9431,4151,187,182,1124,149,25400,337,457,281,713,354,143,34,198,38,2556,640,582,3831,1123,877,145,146,648,53,8046,919,645,1469,355,1039,612,900,1110,1523,8571
LGA35250,0,0,0,0,0,0,0,0,0,3,0,0,0,0,0,0,0,0,0,0,0,0,0,0,0,0,0,0,0,0,0,0,0,0,0,0,0,0,0,0,0,0,3,0,0,0,0,0,0,3,0,0,0,0,0,0,0,0,0,0,3,4,4,0,5,13,6,0,0,28,0,0,0,0,0,0,0,0,0,0,0,0,0,0,0,0,0,0,0,0,0,0,0,0,0,0,0,0,0,0,0,0,0,0,0,0,0,0,0,0,0,0,0,0,0,0,0,0,0,0,0,0,0,0,0,0,0,0,0,3,4,6,4,10,0,0,5,7,0,41,12,0,21,20,10,0,5,28,3,95,3,20,4,28,0,0,0,0,0,63,4,12,4,16,3,0,0,0,0,37,0,3,0,0,0,0,0,0,0,3,0,3,4,15,0,0,0,0,0,26,0,0,0,0,0,0,0,0,0,8
LGA35300,49,6,3,0,5,4,7,57,0,130,106,323,1034,10,101,5,1025,138,35,2783,30,12,106,0,38,14,40,16,3,259,7,13,44,0,9,0,8,8,3,97,27,7,215,0,56,0,30,42,9,392,24,7,44,0,31,26,29,13,4,179,105,8,44,0,40,422,19,78,4,729,71,0,64,97,23,60,10,142,3,476,29,12,23,9,80,16,148,13,4,333,5,14,6,0,11,15,0,4,0,56,7,8,0,0,41,0,0,0,0,67,25,8,16,4,13,38,3,10,0,114,13,60,35,7,35,0,3,3,0,155,21,26,34,21,29,7,22,127,3,293,30,94,37,180,146,4,30,27,10,557,49,390,22,185,57,0,0,47,0,754,49,417,30,275,176,7,8,35,15,1008,13,3,7,12,4,5,0,3,0,47,27,20,182,47,42,4,3,28,3,354,23,12,70,23,31,12,38,38,65,321
LGA35600,217,11,6,3,9,0,12,95,8,367,0,0,4,0,0,0,5,0,0,11,15,0,11,0,4,7,5,88,0,132,0,0,8,0,0,0,0,0,0,17,11,0,51,0,8,0,16,23,0,106,7,0,5,0,14,13,8,26,0,70,36,4,28,3,11,98,4,17,0,194,33,0,15,27,3,10,0,22,0,108,8,0,9,0,28,3,34,15,0,95,3,7,0,0,0,0,0,0,0,12,3,4,0,0,9,0,0,0,0,12,3,0,4,0,0,4,0,0,0,9,0,23,7,0,16,0,0,0,0,45,3,8,0,6,3,0,3,23,0,44,17,24,22,52,35,3,33,21,0,200,17,101,4,42,14,0,0,14,0,188,28,101,11,76,35,0,0,14,0,264,0,3,5,0,0,0,0,0,0,6,3,3,40,4,7,0,0,7,0,60,9,3,12,6,10,4,12,25,21,94
LGA35670,0,0,0,0,0,0,0,3,0,5,0,3,8,0,0,0,24,3,0,41,0,0,0,0,0,0,0,0,0,3,0,0,0,0,0,0,0,0,0,0,0,0,5,0,0,0,0,3,0,4,0,0,0,0,0,0,0,0,0,0,3,0,0,0,0,3,0,0,0,6,0,0,0,0,0,0,0,0,0,0,0,0,0,0,0,0,0,0,0,4,0,0,0,0,0,0,0,0,0,0,0,0,0,0,0,0,0,0,0,0,0,0,0,0,0,0,0,0,0,0,0,0,0,0,0,0,0,0,0,3,0,0,0,0,0,0,0,0,0,5,7,3,19,4,4,0,0,7,0,48,0,0,0,0,0,0,0,0,0,3,0,0,0,11,0,0,0,0,0,14,0,0,0,0,0,0,0,0,0,0,0,3,3,0,0,4,0,4,0,14,0,0,0,0,0,0,0,0,0,8
LGA35740,143,17,38,0,18,9,8,107,0,347,24,15,73,7,15,0,128,13,3,283,185,64,300,19,82,81,60,90,0,877,15,22,44,0,17,4,40,20,0,156,358,50,1137,0,206,25,187,359,24,2354,131,48,28,10,72,122,46,25,0,483,424,105,170,34,120,1425,37,229,12,2552,561,25,449,739,168,187,21,519,16,2687,65,70,27,34,135,34,285,42,9,710,35,78,37,0,27,21,4,3,3,216,81,149,6,4,154,30,0,8,19,452,85,43,9,8,122,366,11,23,5,664,127,703,155,3,288,26,4,18,11,1335,92,37,143,87,132,25,15,464,5,1002,87,201,59,203,170,6,19,58,10,809,108,1094,52,353,133,13,9,69,11,1829,129,1130,53,962,398,19,17,138,18,2877,41,129,44,97,42,16,3,30,4,408,70,44,420,189,81,11,11,69,3,906,170,129,163,47,115,82,50,128,172,1053
LGA35760,783,8,30,5,46,5,42,457,8,1382,4,11,31,0,6,0,93,12,0,149,22,0,35,4,9,11,37,52,5,174,0,0,20,0,4,0,14,3,0,42,25,6,77,0,20,0,46,51,3,216,11,0,6,0,3,27,4,9,0,62,57,4,38,0,16,169,5,24,3,319,41,3,21,47,9,9,5,53,3,183,18,0,7,0,36,12,68,3,3,145,0,0,3,0,0,0,0,0,0,13,5,3,0,0,29,0,0,0,0,37,0,0,0,0,9,17,3,3,0,37,8,16,7,0,22,0,0,7,0,74,13,9,6,3,19,0,6,113,3,172,23,15,16,20,61,0,49,28,3,219,25,151,11,84,22,0,0,32,0,331,9,117,19,199,37,0,0,45,0,425,0,9,3,3,3,0,0,0,0,18,4,11,61,16,16,3,0,14,0,129,25,6,20,3,17,11,17,55,60,208
LGA35780,0,0,0,0,0,0,0,0,0,4,0,0,0,0,0,0,3,0,0,3,0,0,0,0,0,0,3,0,0,5,0,0,4,0,0,0,0,0,0,4,14,0,30,0,8,0,12,18,0,69,0,0,0,0,0,0,0,0,0,0,11,0,0,0,0,31,7,8,0,57,9,0,7,4,4,0,0,5,0,30,0,0,0,0,3,0,3,3,0,14,0,0,0,0,0,0,0,0,0,0,0,0,0,0,0,0,0,0,0,0,0,0,0,0,0,0,0,0,0,3,0,3,0,0,5,0,0,0,0,8,0,5,0,0,0,0,0,0,0,6,13,20,17,18,40,13,18,25,3,180,10,42,10,56,10,0,0,8,0,135,20,37,7,68,22,0,4,19,0,178,0,0,0,0,0,0,0,0,0,3,7,6,17,11,0,0,9,19,0,75,0,0,4,0,3,3,0,3,8,20
LGA35790,0,0,0,0,0,0,0,0,0,3,0,0,0,0,0,0,0,0,0,0,0,0,0,0,0,0,0,0,0,0,0,0,3,0,0,0,0,0,0,0,0,0,4,0,0,0,0,0,0,10,0,0,0,0,0,0,0,0,0,0,0,0,0,0,0,9,0,3,0,11,5,0,0,3,0,0,0,0,0,14,0,0,0,0,0,0,0,0,0,3,0,0,0,0,0,0,0,0,0,0,0,0,0,0,0,0,0,0,0,0,0,0,0,0,0,0,0,0,0,3,0,0,0,0,9,0,0,0,0,9,0,3,0,0,0,0,0,5,0,9,7,3,19,31,27,3,12,23,0,123,5,42,0,39,5,0,0,8,0,112,6,26,9,60,7,0,3,18,0,135,0,0,0,0,0,0,0,0,0,0,0,4,10,12,3,0,0,3,3,47,3,0,0,0,0,0,0,0,4,8
LGA35800,167,3,3,0,3,0,0,37,0,214,0,0,3,0,0,0,3,0,0,9,6,0,0,0,0,0,0,3,0,12,0,0,4,0,0,0,0,0,0,7,3,0,16,0,3,0,8,9,0,34,3,0,0,0,0,4,0,0,0,13,10,0,5,0,5,25,0,7,0,53,21,0,3,6,0,0,0,6,0,41,7,0,0,0,7,0,9,0,0,28,0,3,0,0,0,0,0,0,0,3,0,0,0,0,3,0,0,0,0,3,0,0,0,0,0,0,0,0,0,0,0,3,0,0,0,0,0,0,0,10,0,6,0,0,0,0,0,6,0,13,8,10,12,16,20,0,21,4,0,90,11,32,0,19,10,0,0,6,0,67,3,16,3,26,9,0,0,6,3,68,0,4,3,0,0,0,0,0,0,11,0,0,9,3,4,0,0,3,0,22,5,0,7,0,3,3,0,8,6,34
LGA36070,7,0,0,0,0,0,0,6,0,18,0,0,0,0,0,0,0,0,0,0,0,0,0,0,0,0,0,0,0,0,0,0,0,0,0,0,0,0,0,0,0,0,3,0,0,0,0,4,0,10,0,0,0,0,0,0,0,0,0,0,7,0,0,0,0,0,5,0,0,13,0,0,0,0,0,0,0,0,0,4,0,0,0,0,0,0,0,0,0,0,0,0,0,0,0,0,0,0,0,0,0,0,0,0,0,0,0,0,0,0,0,0,0,0,0,0,0,0,0,0,0,0,0,0,0,0,0,0,0,3,0,0,0,0,3,0,0,0,0,3,5,7,8,9,4,3,3,10,5,69,0,4,0,12,3,0,0,3,0,25,0,3,0,12,3,0,4,4,0,32,0,8,0,0,0,0,0,0,0,9,3,0,3,7,3,3,0,0,0,21,0,0,0,0,0,0,0,3,0,4
LGA36150,74,3,3,0,5,0,3,36,0,130,0,0,3,0,0,0,0,0,0,5,0,0,4,0,0,0,0,3,0,10,0,0,3,0,0,0,0,0,0,7,0,0,9,0,0,0,9,3,0,29,0,0,0,0,0,0,0,0,0,3,6,0,6,0,5,8,3,3,0,29,14,0,3,6,0,0,0,3,0,29,0,0,4,0,6,0,19,0,0,28,0,0,0,0,0,0,0,0,0,0,0,0,0,0,3,0,0,0,0,3,0,0,0,0,0,0,0,0,0,3,0,0,0,0,3,0,0,0,0,3,0,0,0,0,0,0,0,5,0,3,6,8,9,8,15,0,8,14,3,63,3,13,0,18,6,0,0,3,0,39,3,9,0,7,3,0,0,5,0,30,0,0,0,0,0,0,0,0,0,6,0,0,8,0,0,0,0,0,0,11,0,0,0,0,3,0,0,3,11,19
LGA36250,153,26,48,0,59,29,28,216,8,565,122,151,203,3,73,5,191,36,11,807,945,400,1463,54,663,323,568,900,48,5360,116,111,217,3,155,4,134,50,12,795,986,270,4024,12,958,149,607,1282,64,8345,555,263,214,8,486,416,353,146,21,2457,1155,234,420,56,515,3926,299,598,36,7241,603,48,388,1184,142,612,125,766,20,3893,504,338,249,118,925,167,1484,296,46,4130,165,215,210,9,130,118,17,34,9,909,286,487,31,3,917,115,7,8,27,1887,155,87,48,25,278,611,62,56,23,1342,557,1698,554,16,1022,98,30,89,31,4097,242,230,226,235,436,55,66,1002,25,2513,401,868,281,863,1341,28,63,188,63,4089,439,3037,192,1186,634,27,14,258,27,5802,492,2886,403,3085,1550,56,55,306,37,8872,161,159,102,271,118,32,17,65,10,930,253,228,1393,418,363,66,47,229,21,3019,430,306,502,115,440,220,256,350,502,3110
LGA36300,82,4,5,0,7,3,7,38,4,143,0,0,0,0,0,0,0,0,0,3,0,0,4,0,0,0,0,3,0,15,0,0,0,0,0,0,0,0,0,4,0,0,3,0,3,0,4,8,0,21,3,0,0,0,0,0,0,0,0,8,7,0,3,0,0,11,0,0,0,17,3,0,4,0,3,0,0,4,0,19,4,0,0,0,8,0,9,5,0,24,0,0,0,0,0,0,0,0,0,0,0,3,0,0,3,0,0,0,0,8,0,0,0,0,0,3,0,0,0,6,0,0,0,0,5,0,0,0,0,4,0,0,0,0,0,0,0,3,0,12,7,3,12,9,11,0,19,9,0,76,0,6,0,9,0,0,0,3,0,22,3,8,0,9,0,0,0,0,0,26,0,0,0,0,0,0,0,0,0,0,0,3,3,0,4,0,0,0,0,6,4,0,6,0,4,0,0,5,4,23
LGA36370,340,14,52,3,45,17,36,174,14,698,67,68,650,0,81,4,794,80,11,1750,169,58,477,22,125,93,207,868,16,2043,65,163,326,7,259,7,68,46,16,951,213,62,1180,6,275,25,276,419,21,2476,97,45,247,7,122,202,185,101,3,1012,482,63,258,34,199,2103,120,373,17,3642,391,12,267,616,100,422,45,608,8,2469,148,96,254,37,398,39,967,147,20,2121,27,62,75,0,20,40,6,23,0,252,56,119,5,0,253,22,3,0,3,466,60,27,41,11,74,203,31,29,6,480,83,557,213,0,312,11,10,32,11,1228,47,88,85,53,133,9,35,456,7,908,187,421,220,576,612,21,101,153,27,2303,222,1696,142,664,403,7,24,180,12,3352,210,1768,165,1864,777,28,46,288,39,5192,42,29,44,85,39,12,6,29,0,288,88,115,735,185,170,27,27,148,11,1505,110,54,223,74,113,100,103,173,215,1168
LGA36510,827,15,81,13,56,16,66,396,14,1488,4,10,48,0,16,0,88,5,0,174,183,49,316,23,101,67,124,281,16,1150,19,18,70,0,37,3,45,23,0,207,208,30,769,4,200,18,240,326,15,1817,92,28,51,0,74,94,57,51,3,448,261,43,112,10,70,757,49,139,5,1457,193,15,152,374,55,101,16,262,10,1164,81,24,41,17,160,25,397,37,5,779,15,37,44,3,30,4,4,11,0,154,31,57,4,0,121,13,5,3,0,237,24,16,20,4,52,131,10,18,3,280,71,346,125,4,196,15,3,9,4,774,35,21,64,37,93,12,13,272,7,555,125,160,107,232,241,6,63,78,20,1031,100,815,92,306,137,9,6,111,9,1586,98,569,68,678,242,8,9,95,7,1778,34,72,75,38,29,15,10,57,3,325,55,52,347,91,70,8,12,47,0,682,96,48,136,41,82,61,99,148,129,838
LGA36580,515,12,35,3,26,9,52,208,0,850,12,3,36,0,8,0,65,16,0,141,104,32,246,10,83,32,115,508,8,1145,12,11,32,0,26,5,53,18,4,169,77,18,343,0,70,9,157,173,6,853,48,14,36,0,33,44,33,41,0,254,110,16,76,3,45,441,25,108,6,836,77,0,38,114,14,49,4,95,0,401,53,23,31,7,98,19,310,33,10,580,0,13,8,0,13,6,0,3,0,50,12,16,3,0,60,3,0,0,0,100,13,10,7,3,17,58,12,8,3,127,29,109,50,3,65,4,5,5,5,278,10,17,27,17,43,5,15,118,0,261,51,71,63,200,145,3,40,55,13,638,46,332,41,171,63,3,8,68,5,733,29,280,36,411,115,11,9,49,8,939,15,15,22,29,15,7,0,20,0,122,21,21,171,34,34,7,12,31,5,343,61,25,67,24,32,14,60,83,85,441
LGA36630,827,16,37,0,43,9,81,322,6,1356,22,15,125,3,18,0,225,27,3,440,113,23,183,7,83,35,138,486,14,1075,22,51,177,3,29,3,41,49,0,376,58,7,323,3,64,11,135,137,3,734,35,12,17,0,30,62,28,13,0,206,180,32,126,5,69,670,37,119,4,1241,148,0,63,151,23,82,8,172,6,654,43,0,9,0,77,14,200,18,4,373,3,21,17,0,6,15,0,3,0,74,12,17,3,0,64,10,3,7,0,111,13,4,0,0,21,68,6,0,0,122,6,114,55,4,117,4,9,9,0,325,9,14,24,19,35,3,4,132,3,248,47,92,63,129,124,3,68,82,15,607,77,607,32,280,89,3,4,69,4,1169,60,422,47,678,190,8,12,102,12,1534,11,18,11,19,4,3,0,4,0,66,21,28,221,48,41,15,6,53,3,438,71,14,81,24,46,21,44,94,124,519
LGA36660,1018,33,75,0,77,19,101,604,15,1941,10,4,35,0,10,0,72,10,0,143,142,53,242,10,82,43,99,547,12,1232,6,3,35,0,8,3,34,18,0,115,115,7,433,3,86,18,133,189,12,1009,38,16,25,0,37,48,34,50,4,251,219,31,133,15,81,817,125,163,6,1586,226,0,129,267,40,127,17,246,6,1070,79,15,63,5,144,21,418,56,8,799,8,18,31,0,11,19,0,12,0,104,15,30,0,0,99,10,0,0,3,157,14,11,3,0,32,92,6,3,0,159,26,170,73,0,162,4,4,11,3,454,24,36,21,23,54,3,6,153,0,314,56,84,60,118,168,4,59,78,4,638,72,679,43,276,107,0,3,87,0,1275,68,460,60,673,170,14,17,100,11,1573,10,20,19,27,21,6,0,12,3,124,26,42,300,53,67,12,5,52,3,559,63,24,85,17,61,42,45,111,141,595
LGA36720,889,125,200,15,131,48,94,770,24,2299,160,184,560,18,70,3,755,99,28,1884,1088,348,2042,105,674,547,541,872,49,6267,154,155,313,5,186,30,275,97,23,1241,1825,406,7870,18,1574,235,1173,2507,153,15766,608,257,212,22,386,687,370,162,21,2731,2352,455,949,116,749,8002,300,1199,47,14176,1847,139,1499,3157,512,1355,212,2143,59,10923,416,460,259,184,846,164,1810,224,43,4402,214,414,291,10,201,186,24,54,21,1399,389,1023,76,7,1415,499,45,38,78,3568,342,199,119,19,548,1460,70,120,47,2932,725,3415,989,28,1761,146,32,119,52,7280,382,360,508,441,938,109,73,2148,40,4998,496,1185,420,1316,1455,49,98,384,75,5477,844,6744,339,2102,1020,39,56,436,56,11634,900,7569,611,6410,2843,135,105,733,96,19408,320,523,356,579,229,126,62,166,26,2405,382,305,2437,872,501,100,68,435,28,5132,761,558,925,251,692,502,380,680,986,5735
LGA36820,631,24,57,5,56,15,81,409,10,1281,13,19,87,0,5,0,124,9,3,257,41,16,160,3,36,31,54,74,0,411,7,3,50,0,7,0,26,3,0,103,95,7,332,0,78,14,135,111,5,783,30,3,18,0,18,53,19,15,0,155,161,20,86,5,65,577,30,117,0,1058,146,4,70,150,29,59,9,144,0,608,33,15,13,5,74,7,161,8,0,324,5,10,24,0,21,5,0,0,0,67,23,24,3,0,68,3,0,3,0,121,19,3,4,0,22,76,8,9,3,130,18,164,39,0,128,5,3,10,0,374,19,7,30,29,46,11,13,111,4,269,47,105,38,190,114,3,24,49,9,573,66,509,33,200,77,3,3,66,0,965,57,437,38,473,152,9,3,84,10,1263,21,43,17,19,8,3,3,10,0,127,27,32,189,36,42,4,3,37,0,358,53,33,57,20,42,28,36,63,87,415
LGA36910,2389,189,256,8,260,53,294,1054,40,4533,108,102,315,7,93,6,546,93,16,1285,564,205,1408,42,402,271,476,1430,42,4840,66,97,334,0,119,10,140,63,4,835,653,199,2854,23,651,76,649,905,42,6056,301,148,271,0,306,452,325,307,11,2137,998,187,500,48,389,3770,206,632,23,6756,720,18,531,1093,129,695,68,962,12,4226,290,97,258,35,585,75,1444,172,38,3002,55,124,115,3,68,86,28,12,4,494,215,477,25,11,1023,87,11,7,26,1876,118,66,59,26,213,431,46,63,9,1033,220,1504,429,18,865,42,19,65,16,3165,103,129,178,140,274,24,25,848,6,1734,492,981,582,886,1217,24,224,275,47,4734,527,4268,313,1375,859,25,14,388,32,7806,431,3979,334,3570,1402,62,59,599,52,10501,94,97,81,180,74,27,9,97,9,667,194,230,1433,350,304,55,45,288,12,2911,306,175,487,90,254,169,251,391,467,2593
LGA36950,3,4,3,0,0,0,0,13,0,28,0,0,3,0,0,0,0,0,0,4,0,0,3,0,0,0,0,0,0,8,0,0,12,0,0,0,0,0,0,9,20,0,64,0,7,0,0,15,3,112,0,0,0,0,0,0,0,0,0,3,22,3,5,4,8,52,0,4,4,97,20,0,8,16,5,0,0,18,3,71,6,26,8,7,13,4,26,10,4,105,0,3,3,0,0,0,0,0,0,9,3,0,0,0,0,0,0,0,0,5,3,0,0,0,4,0,0,0,0,5,3,6,0,0,8,0,0,0,0,16,4,10,3,0,3,0,0,14,0,35,28,31,13,52,90,0,5,27,7,259,22,84,10,43,21,0,0,9,0,185,22,109,15,86,37,0,0,19,3,298,0,5,0,3,3,0,0,0,0,9,0,4,13,11,3,0,3,8,3,48,3,5,8,10,8,5,0,10,21,67
LGA36960,0,5,0,0,0,0,0,0,0,4,0,0,0,0,0,0,0,0,0,0,0,0,0,0,0,0,0,0,0,0,0,0,3,0,0,0,0,0,0,0,3,0,15,0,0,0,3,22,0,42,0,0,0,0,0,0,0,0,0,0,14,0,0,0,0,45,0,9,3,73,0,0,0,4,0,0,0,0,0,5,0,8,0,0,0,0,0,0,0,11,0,0,0,0,0,0,0,4,0,4,0,0,0,0,0,0,0,0,0,0,0,0,0,0,0,0,0,0,0,0,0,0,0,0,0,0,0,0,0,0,0,8,0,0,0,0,0,3,0,6,18,69,43,48,75,3,12,55,7,339,10,66,11,58,15,0,0,13,0,176,9,23,9,45,18,6,0,9,5,131,3,10,0,3,5,0,0,3,0,16,3,18,24,5,10,7,4,35,10,121,0,0,3,3,7,3,0,0,16,33
LGA37010,216,33,47,3,44,19,53,190,4,612,148,204,610,22,92,9,868,105,27,2069,469,246,1295,37,394,284,659,613,39,4037,152,228,401,0,287,17,139,84,11,1325,746,194,3393,15,780,123,716,1037,63,7066,285,143,222,3,306,397,393,131,9,1877,1117,241,496,94,468,4975,274,846,25,8538,952,54,766,1825,269,999,131,1545,24,6581,390,234,326,95,681,135,1952,272,36,4122,118,223,289,0,227,115,19,39,20,1049,161,367,23,5,654,50,18,13,9,1305,166,71,91,23,269,608,57,80,14,1377,296,1788,666,13,799,70,26,90,30,3785,164,198,309,179,361,38,131,1269,25,2673,1239,1615,1293,3910,2499,38,625,377,207,11810,563,4509,303,1599,870,26,32,334,41,8277,532,5341,360,3821,1852,94,89,496,73,12659,171,153,110,396,127,55,24,108,6,1146,218,213,1544,511,366,55,48,295,15,3263,259,210,559,149,312,230,253,345,568,2882
LGA37300,0,0,0,0,0,4,0,3,0,10,41,68,295,10,41,0,430,16,4,906,6,4,80,0,3,3,36,10,0,143,0,0,3,0,3,0,3,0,0,13,10,5,58,0,10,0,12,15,0,105,0,0,3,0,0,6,12,0,0,18,15,4,3,0,8,62,0,16,0,103,16,0,12,29,9,6,0,31,0,108,10,10,6,8,10,3,18,8,0,67,0,0,0,0,0,0,0,0,0,3,0,0,0,0,8,0,0,0,0,11,8,0,3,0,6,6,0,8,0,25,0,5,4,0,11,0,0,3,0,19,4,3,8,3,9,0,0,28,0,61,9,8,3,23,17,0,0,0,0,63,11,99,5,41,14,0,0,12,3,191,5,72,7,43,24,0,0,9,4,174,0,3,4,3,0,0,0,0,0,6,3,0,24,3,8,3,4,0,0,47,5,5,18,3,11,0,13,4,5,58
LGA37310,1728,51,98,4,114,21,174,570,22,2788,49,56,211,0,56,0,185,34,11,595,90,25,299,5,78,29,93,108,3,727,37,30,171,0,41,0,87,30,10,410,133,23,523,3,150,4,295,166,12,1309,48,34,49,0,73,118,44,44,3,410,175,24,137,11,100,690,40,134,10,1332,154,5,106,175,33,133,16,224,0,844,67,12,28,0,104,11,307,28,7,569,10,13,14,0,4,11,0,0,0,57,20,48,4,0,93,0,3,0,3,174,17,6,17,0,39,74,11,7,4,164,30,196,59,0,152,9,3,16,3,464,12,22,23,14,41,0,8,193,4,324,45,81,93,167,185,8,110,103,13,801,78,619,38,264,90,0,4,86,3,1176,41,322,38,441,129,8,5,80,6,1075,5,10,9,25,8,3,0,10,0,72,22,38,259,48,63,13,8,60,9,521,63,33,136,21,69,34,70,69,114,612
LGA37340,531,26,58,6,72,5,137,603,10,1463,34,57,293,4,38,0,566,31,16,1021,59,29,248,0,43,39,106,94,6,626,7,5,38,0,7,4,38,10,0,112,164,13,560,3,106,4,169,151,10,1183,40,13,37,0,38,66,42,22,5,253,237,33,110,5,61,855,44,149,4,1500,482,64,442,538,182,154,66,525,19,2483,120,194,117,60,149,66,383,120,15,1217,10,22,16,0,22,18,0,0,0,85,17,21,0,0,87,4,0,0,0,140,36,6,18,3,37,112,17,28,0,259,47,199,61,0,139,14,9,20,0,482,64,56,77,69,109,22,48,338,3,790,34,64,52,160,127,0,30,56,8,533,48,510,40,232,61,0,9,65,4,971,52,328,37,479,133,14,8,59,5,1115,27,37,24,36,13,6,0,23,0,156,35,27,298,78,52,3,11,64,4,573,68,63,140,35,70,47,57,112,138,719
LGA37400,107,0,9,3,0,0,0,37,0,150,0,0,0,0,0,0,4,0,0,5,0,0,7,0,0,0,0,0,0,10,0,0,4,0,0,0,0,0,0,10,7,0,8,0,0,0,9,6,0,38,5,0,0,0,0,4,0,0,0,12,15,0,8,0,3,19,0,0,0,48,19,0,8,3,0,0,0,11,0,39,4,0,0,3,6,3,18,4,0,35,0,0,0,0,0,0,0,0,0,0,0,0,0,0,0,0,0,0,0,3,0,0,0,0,0,0,0,0,0,0,0,3,3,0,0,0,0,0,0,8,0,0,0,0,0,0,0,0,0,3,6,7,8,19,16,0,13,10,3,87,0,16,0,7,3,0,0,0,0,32,3,15,3,10,8,0,0,3,0,41,5,4,0,0,3,0,0,0,0,13,0,0,10,0,0,0,0,4,0,15,0,0,4,3,0,0,3,3,4,24
LGA37550,3,0,0,0,0,0,0,7,0,10,0,0,0,0,0,0,0,0,0,0,0,0,0,0,0,0,0,0,0,0,0,0,0,0,0,0,0,0,0,0,0,0,0,0,0,0,0,0,0,3,0,0,0,0,0,0,0,0,0,0,0,0,0,0,0,0,0,0,0,3,0,0,0,0,0,0,0,0,0,3,0,0,0,0,0,0,0,0,0,0,0,0,0,0,0,0,0,0,0,0,0,0,0,0,0,0,0,0,0,0,0,0,0,0,0,0,0,0,0,0,0,0,0,0,8,0,0,0,0,8,0,0,0,0,0,0,0,0,0,0,3,0,3,11,5,3,4,10,3,45,3,12,0,17,0,0,0,4,0,38,8,3,8,19,0,0,0,6,0,42,0,0,0,0,0,0,0,0,0,0,3,3,3,6,3,0,0,3,6,35,0,0,0,0,0,0,0,0,4,4
LGA37570,0,0,0,0,0,0,0,0,0,0,0,0,0,0,0,0,0,0,0,0,0,0,0,0,0,0,0,0,0,0,0,0,0,0,0,0,0,0,0,0,0,0,0,0,0,0,0,0,0,0,0,0,0,0,0,0,0,0,0,0,0,0,0,0,0,0,0,0,0,0,0,0,0,0,0,0,0,0,0,0,0,0,0,0,0,0,0,0,0,0,0,0,0,0,0,0,0,0,0,0,0,0,0,0,0,0,0,0,0,0,0,0,0,0,0,0,0,0,0,0,0,0,0,0,0,0,0,0,0,0,0,0,0,0,0,0,0,0,0,3,4,7,3,5,6,0,0,4,0,25,0,0,0,3,0,0,0,0,0,3,0,0,0,4,0,0,0,0,0,10,0,0,0,0,0,0,0,0,0,0,0,3,0,3,0,0,0,3,0,5,0,0,0,0,0,0,0,0,0,7
LGA37600,0,4,0,0,0,0,0,0,0,4,0,0,0,0,0,0,0,0,0,0,0,0,0,0,0,0,0,0,0,0,0,0,0,0,0,0,0,0,0,0,0,0,0,0,0,0,0,3,0,4,0,0,0,0,0,0,0,0,0,0,0,0,0,0,0,3,0,0,0,5,0,0,0,0,0,0,0,0,0,3,0,0,0,0,0,0,0,0,0,0,0,0,0,0,0,0,0,0,0,0,0,0,0,0,0,0,0,0,0,0,0,0,0,0,0,0,0,0,0,0,0,0,0,0,3,0,0,0,0,7,0,0,0,0,0,0,0,0,0,3,12,11,16,20,18,3,3,17,3,92,0,20,0,31,3,0,0,14,0,68,12,14,3,33,12,0,0,7,3,79,0,0,0,0,0,0,0,0,0,0,0,7,9,7,5,0,3,5,3,44,0,0,3,0,0,0,0,0,18,19
LGA39499,42,7,14,0,0,0,25,334,0,420,7,10,21,0,7,0,37,11,0,92,16,5,37,0,7,3,19,46,4,153,3,3,9,0,0,0,3,3,0,29,19,9,123,0,14,3,42,86,6,298,6,0,7,0,6,4,9,14,3,55,26,7,8,0,12,85,4,19,0,177,50,11,44,139,23,28,9,76,3,381,3,14,4,9,18,4,88,7,0,154,3,8,5,0,7,5,0,0,0,26,3,10,0,0,6,5,0,3,0,28,5,4,0,0,3,14,5,5,0,42,15,66,17,0,26,4,0,5,3,129,8,7,11,12,14,7,7,92,0,162,12,27,6,31,26,0,3,9,3,131,8,72,0,29,13,3,3,9,0,140,7,126,7,75,13,3,0,3,3,244,10,25,3,16,3,5,4,8,0,72,7,6,43,16,9,3,5,15,0,99,12,26,31,10,13,9,33,55,65,257
LGA39799,0,0,0,0,0,0,0,0,0,3,0,0,0,0,0,0,0,0,0,0,0,0,0,0,0,0,0,0,0,0,0,0,0,0,0,0,0,0,0,0,3,0,3,0,0,0,0,0,0,14,0,0,0,0,0,0,0,0,0,0,3,0,0,0,0,5,0,0,0,5,0,0,0,0,0,0,0,0,0,3,0,0,0,0,3,0,0,0,0,4,0,0,0,0,0,0,0,0,0,0,0,0,0,0,0,0,0,0,0,0,0,0,0,0,0,0,0,0,0,0,0,0,0,0,0,0,0,0,0,0,0,3,0,0,0,0,0,0,0,0,0,0,0,0,0,0,0,0,0,4,0,3,0,0,0,0,0,0,0,4,0,0,0,0,4,0,0,0,0,10,0,0,0,0,0,0,0,0,0,0,0,0,0,0,0,0,0,0,0,0,0,0,0,0,0,0,0,0,3,4
