LGA_CODE_2016,M_PoDe_PoDe_NFD_Mng,M_PoDe_PoDe_NFD_Pro,M_PoDe_PoDe_NFD_TTW,M_PoDe_PoDe_NFD_CPS,M_PoDe_PoDe_NFD_CA,M_PoDe_PoDe_NFD_Sal,M_PoDe_PoDe_NFD_MOD,M_PoDe_PoDe_NFD_Lab,M_PoDe_PoDe_NFD_IDNS,M_PoDe_PoDe_NFD_Tot,M_PoDe_DoctDe_Mng,M_PoDe_DoctDe_Pro,M_PoDe_DoctDe_TTW,M_PoDe_DoctDe_CPS,M_PoDe_DoctDe_CA,M_PoDe_DoctDe_Sal,M_PoDe_DoctDe_MOD,M_PoDe_DoctDe_Lab,M_PoDe_DoctDe_IDNS,M_PoDe_DoctDe_Tot,M_PoDe_MasDe_Mng,M_PoDe_MasDe_Pro,M_PoDe_MasDe_TTW,M_PoDe_MasDe_CPS,M_PoDe_MasDe_CA,M_PoDe_MasDe_Sal,M_PoDe_MasDe_MOD,M_PoDe_MasDe_Lab,M_PoDe_MasDe_IDNS,M_PoDe_MasDe_Tot,M_GrDiGrCer_GrDiGrCerNFD_Mng,M_GrDiGrCer_GrDiGrCerNFD_Pro,M_GrDiGrCer_GrDiGrCerNFD_TTW,M_GrDiGrCer_GrDiGrCerNFD_CPS,M_GrDiGrCer_GrDiGrCerNFD_CA,M_GrDiGrCer_GrDiGrCerNFD_Sal,M_GrDiGrCer_GrDiGrCerNFD_MOD,M_GrDiGrCer_GrDiGrCerNFD_Lab,M_GrDiGrCer_GrDiGrCerNFD_IDNS,M_GrDiGrCer_GrDiGrCerNFD_Tot,M_GrDi_GrCer_GrDi_Mng,M_GrDi_GrCer_GrDi_Pro,M_GrDi_GrCer_GrDi_TTW,M_GrDi_GrCer_GrDi_CPS,M_GrDi_GrCer_GrDi_CA,M_GrDi_GrCer_GrDi_Sal,M_GrDi_GrCer_GrDi_MOD,M_GrDi_GrCer_GrDi_Lab,M_GrDi_GrCer_GrDi_IDNS,M_GrDi_GrCer_GrDi_Tot,M_GrDi_GrCer_GradCer_Mng,M_GrDi_GrCer_GradCer_Pro,M_GrDi_GrCer_GradCer_TTW,M_GrDi_GrCer_GradCer_CPS,M_GrDi_GrCer_GradCer_CA,M_GrDi_GrCer_GradCer_Sal,M_GrDi_GrCer_GradCer_MOD,M_GrDi_GrCer_GradCer_Lab,M_GrDi_GrCer_GradCer_IDNS,M_GrDi_GrCer_GradCer_Tot,M_BaDe_BaDe_Mng,M_BaDe_BaDe_Pro,M_BaDe_BaDe_TTW,M_BaDe_BaDe_CPS,M_BaDe_BaDe_CA,M_BaDe_BaDe_Sal,M_BaDe_BaDe_MOD,M_BaDe_BaDe_Lab,M_BaDe_BaDe_IDNS,M_BaDe_BaDe_Tot,M_AdvDi_Di_AdvDi_Di_NFD_Mng,M_AdvDi_Di_AdvDi_Di_NFD_Pro,M_AdvDi_Di_AdvDi_Di_NFD_TTW,M_AdvDi_Di_AdvDi_Di_NFD_CPS,M_AdvDi_Di_AdvDi_Di_NFD_CA,M_AdvDi_Di_AdvDi_Di_NFD_Sal,M_AdvDi_Di_AdvDi_Di_NFD_MOD,M_AdvDi_Di_AdvDi_Di_NFD_Lab,M_AdvDi_Di_AdvDi_Di_NFD_IDNS,M_AdvDi_Di_AdvDi_Di_NFD_Tot,M_AdvDi_Di_AdvDi_AsDe_Mng,M_AdvDi_Di_AdvDi_AsDe_Pro,M_AdvDi_Di_AdvDi_AsDe_TTW,M_AdvDi_Di_AdvDi_AsDe_CPS,M_AdvDi_Di_AdvDi_AsDe_CA,M_AdvDi_Di_AdvDi_AsDe_Sal,M_AdvDi_Di_AdvDi_AsDe_MOD,M_AdvDi_Di_AdvDi_AsDe_Lab,M_AdvDi_Di_AdvDi_AsDe_IDNS,M_AdvDi_Di_AdvDi_AsDe_Tot,M_AdvDi_Di_Dip_Mng,M_AdvDi_Di_Dip_Pro,M_AdvDi_Di_Dip_TTW,M_AdvDi_Di_Dip_CPS,M_AdvDi_Di_Dip_CA,M_AdvDi_Di_Dip_Sal,M_AdvDi_Di_Dip_MOD,M_AdvDi_Di_Dip_Lab,M_AdvDi_Di_Dip_IDNS,M_AdvDi_Di_Dip_Tot,M_Cert_CertIII_IV_Mng,M_Cert_CertIII_IV_Pro,M_Cert_CertIII_IV_TTW,M_Cert_CertIII_IV_CPS,M_Cert_CertIII_IV_CA,M_Cert_CertIII_IV_Sal,M_Cert_CertIII_IV_MOD,M_Cert_CertIII_IV_Lab,M_Cert_CertIII_IV_IDNS,M_Cert_CertIII_IV_Tot,M_Cert_CertI_II_Mng,M_Cert_CertI_II_Pro,M_Cert_CertI_II_TTW,M_Cert_CertI_II_CPS,M_Cert_CertI_II_CA,M_Cert_CertI_II_Sal,M_Cert_CertI_II_MOD,M_Cert_CertI_II_Lab,M_Cert_CertI_II_IDNS,M_Cert_CertI_II_Tot,M_Cert_Cert_nfd_Mng,M_Cert_Cert_nfd_Pro,M_Cert_Cert_nfd_TTW,M_Cert_Cert_nfd_CPS,M_Cert_Cert_nfd_CA,M_Cert_Cert_nfd_Sal,M_Cert_Cert_nfd_MOD,M_Cert_Cert_nfd_Lab,M_Cert_Cert_nfd_IDNS,M_Cert_Cert_nfd_Tot,M_LE_ID_Mng,M_LE_ID_Pro,M_LE_ID_TTW,M_LE_ID_CPS,M_LE_ID_CA,M_LE_ID_Sal,M_LE_ID_MOD,M_LE_ID_Lab,M_LE_ID_IDNS,M_LE_ID_Tot,M_LE_NS_Mng,M_LE_NS_Pro,M_LE_NS_TTW,M_LE_NS_CPS,M_LE_NS_CA,M_LE_NS_Sal,M_LE_NS_MOD,M_LE_NS_Lab,M_LE_NS_IDNS,M_LE_NS_Tot,M_Tot_Mng,M_Tot_Pro,M_Tot_TTW,M_Tot_CPS,M_Tot_CA,M_Tot_Sal,M_Tot_MOD,M_Tot_Lab,M_Tot_IDNS,M_Tot_Tot,F_PoDe_PoDe_NFD_Mng,F_PoDe_PoDe_NFD_Pro,F_PoDe_PoDe_NFD_TTW,F_PoDe_PoDe_NFD_CPS,F_PoDe_PoDe_NFD_CA,F_PoDe_PoDe_NFD_Sal,F_PoDe_PoDe_NFD_MOD,F_PoDe_PoDe_NFD_Lab,F_PoDe_PoDe_NFD_IDNS,F_PoDe_PoDe_NFD_Tot,F_PoDe_DoctDe_Mng,F_PoDe_DoctDe_Pro,F_PoDe_DoctDe_TTW,F_PoDe_DoctDe_CPS,F_PoDe_DoctDe_CA,F_PoDe_DoctDe_Sal,F_PoDe_DoctDe_MOD,F_PoDe_DoctDe_Lab,F_PoDe_DoctDe_IDNS,F_PoDe_DoctDe_Tot,F_PoDe_MasDe_Mng,F_PoDe_MasDe_Pro,F_PoDe_MasDe_TTW,F_PoDe_MasDe_CPS,F_PoDe_MasDe_CA,F_PoDe_MasDe_Sal,F_PoDe_MasDe_MOD,F_PoDe_MasDe_Lab,F_PoDe_MasDe_IDNS,F_PoDe_MasDe_Tot,F_GrDiGrCer_GrDiGrCerNFD_Mng,F_GrDiGrCer_GrDiGrCerNFD_Pro,F_GrDiGrCer_GrDiGrCerNFD_TTW,F_GrDiGrCer_GrDiGrCerNFD_CPS,F_GrDiGrCer_GrDiGrCerNFD_CA,F_GrDiGrCer_GrDiGrCerNFD_Sal,F_GrDiGrCer_GrDiGrCerNFD_MOD,F_GrDiGrCer_GrDiGrCerNFD_Lab,F_GrDiGrCer_GrDiGrCerNFD_IDNS,F_GrDiGrCer_GrDiGrCerNFD_Tot
LGA30250,0,0,0,0,0,0,0,0,0,0,0,0,0,0,0,0,0,0,0,0,0,0,0,0,0,0,0,0,0,0,0,0,0,0,0,0,0,0,0,0,0,0,0,0,0,0,0,0,0,0,0,0,0,0,0,0,0,0,0,0,0,4,0,0,4,0,0,0,0,13,0,0,0,0,0,0,0,0,0,0,0,0,0,3,0,0,0,0,0,9,0,0,0,3,0,0,0,0,0,5,10,0,22,3,0,0,3,8,0,48,0,0,0,0,0,0,0,0,0,3,0,0,0,0,0,0,0,0,0,3,0,0,0,0,0,0,0,3,0,4,0,0,0,0,3,0,4,3,0,6,15,12,21,15,5,3,7,9,0,87,0,0,0,0,0,0,0,0,0,0,0,0,0,0,0,0,0,0,0,0,0,0,0,0,0,0,0,0,0,3,0,0,0,0,0,0,0,0,0,0
LGA30300,0,0,0,0,0,0,0,0,0,0,0,3,0,0,0,0,0,0,0,3,7,3,0,4,0,3,0,0,0,8,0,0,0,0,0,0,0,0,0,0,0,6,0,0,0,0,0,0,0,8,0,0,0,0,0,0,0,0,0,0,35,27,3,12,3,0,0,7,0,80,0,0,0,0,0,0,0,0,0,0,20,7,3,3,0,0,3,4,0,41,24,9,4,10,3,5,3,0,0,53,67,9,116,5,3,13,25,54,6,306,0,0,0,0,0,0,0,0,0,11,11,0,0,3,0,0,5,5,0,21,0,0,0,0,0,0,0,3,0,0,12,0,7,0,0,3,6,5,4,44,174,60,138,37,12,22,47,80,8,581,0,0,0,0,0,0,0,0,0,0,0,0,0,0,0,0,0,0,0,0,3,10,0,0,0,0,0,0,0,14,0,0,0,0,0,0,0,0,0,0
LGA30370,0,0,0,0,0,0,0,0,0,3,0,3,0,0,0,0,0,0,0,3,15,24,4,0,0,0,0,0,0,49,0,0,0,0,0,0,0,0,0,0,6,7,0,0,3,0,0,0,0,16,0,3,4,0,0,0,0,0,0,5,66,110,34,10,5,3,10,9,3,250,0,0,0,4,0,0,0,0,0,5,21,15,13,6,3,3,3,8,3,70,38,14,32,6,6,6,12,7,8,120,166,19,710,18,18,20,225,132,12,1316,10,0,9,0,3,7,9,10,0,49,26,0,3,0,3,3,32,13,0,84,3,0,4,0,0,4,10,7,0,29,29,0,9,3,0,4,30,32,13,122,379,194,828,55,46,42,327,221,32,2118,0,7,0,0,0,0,0,0,0,7,3,4,0,0,0,0,0,0,0,6,3,26,0,3,3,0,0,3,0,40,0,0,0,0,0,0,0,0,0,0
LGA30410,0,0,0,0,0,0,0,0,0,0,0,0,0,0,0,0,0,0,0,0,6,9,0,0,0,0,0,0,0,9,0,0,0,0,0,0,0,0,0,0,3,3,0,0,0,0,0,0,0,3,0,0,0,0,0,0,0,0,0,0,10,36,0,3,4,0,0,0,0,56,0,0,0,0,0,0,0,0,0,0,8,3,4,4,0,0,0,0,0,15,7,4,4,5,5,0,0,3,0,30,34,7,74,6,6,7,25,34,3,191,0,0,0,0,0,0,3,3,0,16,9,0,3,0,0,0,0,0,0,16,0,0,0,0,0,0,0,0,0,0,5,0,3,0,0,0,0,8,3,20,86,57,86,18,19,4,27,49,6,362,0,0,0,0,0,0,0,0,0,0,0,0,0,0,0,0,0,0,0,0,3,5,0,0,0,0,0,0,0,9,0,3,0,0,0,0,0,0,0,3
LGA30450,0,0,0,0,0,0,0,0,0,0,0,0,0,0,0,0,0,0,0,0,0,0,0,0,0,0,0,0,0,0,0,0,0,0,0,0,0,0,0,0,0,0,0,0,0,0,0,0,0,0,0,0,0,0,0,0,0,0,0,0,0,0,3,0,0,0,0,0,0,3,0,0,0,0,0,0,0,0,0,0,0,0,0,0,0,0,0,0,0,4,0,0,0,0,0,0,0,0,0,0,4,0,8,0,0,0,5,3,0,20,0,0,0,0,0,0,0,0,0,3,0,0,0,0,0,0,0,0,0,0,0,0,0,0,0,0,0,0,0,0,0,0,0,0,0,0,0,0,0,4,10,4,12,0,0,0,6,3,0,32,0,0,0,0,0,0,0,0,0,0,0,0,0,0,0,0,0,0,0,0,0,0,0,0,0,0,0,0,0,0,0,0,0,0,0,0,0,0,0,0
LGA30760,0,0,0,0,0,0,0,0,0,0,0,0,0,0,0,0,0,0,0,0,0,0,0,0,0,0,0,0,0,0,0,0,0,0,0,0,0,0,0,0,3,6,0,0,0,0,0,0,0,3,0,0,0,0,0,0,0,0,0,0,3,10,0,0,0,3,0,0,0,15,0,0,0,0,0,0,0,0,0,0,6,0,0,0,0,0,0,0,0,11,3,3,3,3,0,4,0,0,0,18,23,3,41,5,3,4,7,25,3,113,3,0,0,0,0,0,0,0,0,4,13,0,0,0,0,3,0,0,0,17,0,0,0,0,0,0,0,0,0,0,10,0,8,0,0,0,3,5,0,26,60,17,52,12,11,12,18,31,7,222,0,0,0,0,0,0,0,0,0,0,0,0,0,0,0,0,0,0,0,0,0,3,0,0,0,0,0,0,0,8,0,0,0,0,0,0,0,0,0,0
LGA30900,0,0,0,0,0,0,0,0,0,0,0,0,0,0,0,0,0,0,0,0,0,0,0,0,0,0,0,0,0,0,0,0,0,0,0,0,0,0,0,0,0,0,0,0,0,0,0,0,0,0,0,0,0,0,0,0,0,0,0,0,0,0,0,0,0,0,0,0,0,5,0,0,0,0,0,0,0,0,0,0,0,0,0,0,0,0,0,0,0,0,0,0,0,0,0,0,0,0,0,0,7,0,3,0,0,0,6,12,0,34,0,0,0,0,0,0,0,3,0,3,0,0,0,0,0,0,0,0,0,0,0,0,0,0,0,0,0,0,0,0,3,0,0,0,0,0,0,0,0,6,16,0,4,4,0,0,6,20,0,47,0,0,0,0,0,0,0,0,0,0,0,0,0,0,0,0,0,0,0,0,0,0,0,0,0,0,0,0,0,0,0,0,0,0,0,0,0,0,0,0
LGA31000,95,281,9,10,28,12,4,5,4,450,696,5305,85,45,93,36,27,37,53,6369,5625,11971,814,688,1647,809,420,632,286,22895,192,468,23,16,70,41,15,23,10,858,1075,3355,207,215,400,134,71,90,59,5609,465,768,76,94,193,36,20,29,16,1711,13760,39567,4487,3461,5769,3486,1662,2815,940,75942,26,31,49,36,23,15,13,28,8,216,2342,2868,1898,820,837,563,568,587,164,10645,3683,3530,3374,2169,1884,1411,1106,1360,250,18753,6978,3113,26349,3357,3198,3002,4555,5235,893,56676,216,190,310,279,212,274,264,435,30,2212,558,476,536,430,340,424,461,515,55,3800,345,690,369,186,154,152,199,250,71,2415,468,628,684,252,229,275,437,570,525,4078,36530,73238,39272,12057,15072,10676,9815,12607,3363,212639,72,389,13,22,44,13,0,0,4,559,417,4032,57,52,175,27,0,13,19,4797,3200,12596,317,1121,2634,769,40,377,233,21283,139,584,13,52,107,26,0,25,18,959
LGA31750,0,0,0,0,0,0,0,0,0,0,0,0,0,0,0,0,0,0,0,0,0,0,0,0,0,0,0,0,0,0,0,0,0,0,0,0,0,0,0,0,0,0,0,0,0,0,0,0,0,0,0,0,0,0,0,0,0,0,0,0,0,0,0,0,0,0,0,0,0,3,0,0,0,0,0,0,0,0,0,0,0,3,0,0,0,0,0,0,0,4,0,0,0,0,0,0,0,0,0,0,6,0,13,0,3,0,6,9,0,46,0,0,0,0,0,0,0,0,0,0,0,0,0,0,0,0,0,0,0,3,0,0,0,0,0,0,0,0,0,3,5,0,0,0,0,0,3,0,0,7,9,3,15,0,3,0,9,9,3,65,0,0,0,0,0,0,0,0,0,0,0,0,0,0,0,0,0,0,0,0,3,0,0,0,0,0,0,0,0,3,0,0,0,0,0,0,0,0,0,0
LGA31820,0,8,0,0,0,0,0,0,0,12,6,72,0,0,3,0,0,0,0,83,53,157,10,4,5,10,3,7,0,264,0,13,0,0,0,0,0,0,0,15,16,88,5,6,6,0,3,0,0,126,9,17,3,3,3,0,0,6,0,47,217,870,87,91,51,24,21,64,8,1436,0,0,0,3,0,0,0,3,0,5,77,112,43,66,15,19,17,24,3,376,167,111,102,108,57,47,56,68,8,731,727,179,2814,278,183,269,759,786,102,6098,28,12,29,18,3,36,43,76,4,257,39,18,43,40,12,22,51,57,3,286,18,14,20,7,7,8,19,28,0,119,62,21,57,18,7,24,83,97,47,415,1433,1696,3222,647,355,455,1056,1214,175,10258,0,11,0,0,0,0,0,0,0,11,3,39,0,0,0,0,0,0,0,41,33,215,4,9,22,3,0,12,0,300,3,20,0,3,0,0,0,0,0,31
LGA31900,0,0,0,0,0,0,0,0,0,0,0,3,0,0,0,0,0,0,0,3,11,16,0,0,0,0,0,4,0,32,0,3,0,0,0,0,0,0,0,3,5,11,4,0,0,0,0,0,0,20,0,0,0,0,0,0,0,0,0,0,56,126,15,15,3,3,7,20,0,246,0,0,0,0,0,0,0,0,0,3,25,6,12,6,0,3,0,5,0,57,34,17,18,19,10,4,11,9,0,140,276,38,700,42,25,30,269,201,20,1600,18,0,5,3,0,3,12,6,0,41,21,0,3,3,0,3,16,12,4,63,0,0,0,0,0,0,4,3,0,21,16,7,18,0,0,3,31,26,8,119,462,225,781,99,47,57,350,282,39,2337,0,0,0,0,0,0,0,0,0,3,0,5,0,0,0,0,0,0,0,5,3,17,5,0,6,0,0,0,0,26,0,0,0,0,0,0,0,0,0,0
LGA31950,0,0,0,0,0,0,0,0,0,0,0,0,0,0,0,0,0,0,0,0,0,0,0,0,0,0,0,0,0,0,0,0,0,0,0,0,0,0,0,0,0,0,0,0,0,0,0,0,0,0,0,0,0,0,0,0,0,0,0,0,3,0,0,0,0,0,0,0,0,7,0,0,0,0,0,0,0,0,0,0,0,0,0,0,0,0,0,0,0,0,0,0,0,0,0,0,0,0,0,5,3,0,8,0,3,0,3,3,0,25,0,0,0,0,0,0,0,0,0,5,0,0,0,0,0,0,0,0,0,0,0,0,0,0,0,0,0,0,0,0,3,0,0,0,0,0,0,0,0,13,11,7,13,0,6,0,3,3,3,49,0,0,0,0,0,0,0,0,0,0,0,0,0,0,0,0,0,0,0,0,0,0,0,0,0,0,0,0,0,0,0,0,0,0,0,0,0,0,0,0
LGA32080,0,18,0,0,0,0,0,0,0,20,16,255,4,5,8,0,0,3,0,286,202,418,27,46,48,25,12,15,12,810,8,25,0,0,4,0,0,0,0,44,58,252,15,39,13,6,14,11,0,398,26,57,13,8,8,5,0,3,0,102,731,2344,338,428,249,169,100,148,52,4553,3,4,7,12,3,0,0,0,0,29,269,452,238,164,85,58,83,69,29,1450,418,357,407,375,159,142,127,114,54,2148,1423,557,6103,742,459,574,1156,1190,217,12417,34,36,76,66,29,64,59,103,8,465,80,82,102,94,33,62,95,102,14,656,45,66,55,32,10,17,17,41,5,294,96,97,172,78,30,66,133,137,84,902,3403,5014,7552,2091,1130,1185,1788,1927,469,24560,3,39,0,0,0,0,0,3,0,51,19,182,0,7,11,3,0,0,0,224,159,790,12,84,114,38,0,22,9,1245,7,62,0,4,4,0,0,0,0,84
LGA32250,0,0,0,0,0,0,0,0,0,0,0,0,0,0,0,0,0,0,0,0,0,3,0,0,0,0,0,0,0,6,0,0,0,0,0,0,0,0,0,0,0,4,0,0,0,0,0,0,0,4,0,0,0,0,0,0,0,0,0,0,7,8,4,5,3,0,0,0,0,23,0,0,0,0,0,0,0,0,0,0,0,3,3,3,0,0,0,0,0,13,4,0,0,8,0,0,0,0,0,20,19,7,48,7,3,0,15,27,0,129,0,0,0,0,0,0,0,4,0,4,3,0,3,0,0,0,0,0,0,7,0,0,0,0,0,0,0,0,0,0,0,0,5,0,0,0,3,5,4,20,41,29,64,28,11,0,18,31,4,227,0,0,0,0,0,0,0,0,0,0,0,0,0,0,0,0,0,0,0,0,3,4,0,0,0,0,0,0,0,12,0,0,0,0,0,0,0,0,0,0
LGA32260,0,4,0,0,0,0,0,0,0,4,0,5,0,0,0,0,0,0,0,13,22,37,0,0,4,0,0,0,0,67,3,3,0,0,0,0,0,4,0,11,10,27,0,0,0,0,0,0,0,43,3,3,0,0,0,0,0,0,0,7,90,188,29,38,10,7,12,43,9,419,4,0,0,0,0,0,0,3,0,4,42,36,9,12,4,8,6,14,3,146,64,39,34,37,11,5,22,30,5,248,390,54,1012,65,49,71,322,336,38,2337,3,4,3,6,4,10,13,27,0,70,15,6,13,10,0,3,10,28,0,96,6,4,10,0,0,3,10,14,0,41,35,14,29,6,5,8,45,73,19,237,693,421,1143,180,96,129,441,569,66,3731,0,3,0,0,0,0,0,0,0,3,4,4,0,3,0,0,0,0,0,11,15,52,0,4,5,3,0,8,0,82,0,4,0,0,0,0,0,0,0,3
LGA32270,0,0,0,0,0,0,0,0,0,3,0,5,0,0,0,0,0,0,0,5,18,41,6,0,5,0,0,3,0,78,0,0,0,0,0,0,0,0,0,3,8,26,4,5,0,0,0,0,0,42,5,4,7,0,0,0,0,0,0,16,127,255,56,22,16,12,32,18,3,538,3,0,0,3,0,0,0,0,0,8,52,28,29,13,3,0,22,8,0,159,73,33,70,23,20,6,36,8,4,281,308,67,1486,40,50,48,705,180,44,2920,17,5,10,5,3,13,24,28,0,98,31,4,16,0,3,3,52,15,3,136,8,0,7,3,0,0,8,3,0,28,28,10,39,0,3,9,69,45,13,212,679,482,1740,117,104,89,947,302,66,4529,0,0,0,0,0,0,0,0,0,0,0,10,0,0,0,0,0,0,0,13,15,68,4,3,8,3,0,0,0,102,0,6,0,0,0,0,0,0,0,5
LGA32310,0,0,0,0,0,0,0,0,0,0,0,11,0,0,0,0,0,0,0,12,8,16,0,0,0,0,0,0,0,24,0,0,0,0,0,0,0,0,0,0,4,13,0,0,4,0,0,0,0,20,3,0,0,0,0,0,0,0,0,3,27,84,9,12,3,8,0,0,3,154,0,0,0,0,0,0,0,0,0,0,6,10,8,9,3,0,3,3,0,38,17,11,9,16,0,0,4,3,3,63,109,20,357,30,13,23,123,92,7,778,3,3,7,4,0,10,3,9,0,37,9,0,9,0,0,3,7,13,0,38,0,0,3,0,0,0,5,0,0,15,11,3,6,10,0,6,14,14,0,62,196,175,415,73,32,49,155,133,18,1234,0,0,0,0,0,0,0,0,0,3,0,3,0,0,0,0,0,0,0,5,8,25,0,0,0,0,0,0,0,37,0,4,0,0,0,0,0,0,0,4
LGA32330,0,0,0,0,0,0,0,0,0,0,0,0,0,0,0,0,0,0,0,0,0,0,0,0,0,0,0,0,0,0,0,0,0,0,0,0,0,0,0,0,0,0,0,0,0,0,0,0,0,0,0,0,0,0,0,0,0,0,0,0,0,0,0,0,0,0,0,0,0,0,0,0,0,0,0,0,0,0,0,0,0,0,0,0,0,0,0,0,0,0,0,0,0,0,0,0,0,0,0,4,0,0,7,6,0,0,0,7,0,22,0,0,0,0,0,0,0,0,0,0,0,0,0,0,0,0,3,0,0,3,0,0,0,0,0,0,0,0,0,0,0,0,0,0,0,0,0,3,0,3,0,4,7,11,0,0,0,10,0,33,0,0,0,0,0,0,0,0,0,0,0,0,0,0,0,0,0,0,0,0,0,0,0,0,0,0,0,0,0,0,0,0,0,0,0,0,0,0,0,0
LGA32450,0,0,0,0,0,0,0,0,0,0,0,0,0,0,0,0,0,0,0,0,3,17,0,0,0,0,0,0,0,27,0,0,0,0,0,0,0,0,0,0,0,0,0,0,0,0,0,0,0,0,0,0,0,0,0,0,0,0,0,0,19,41,6,3,4,0,7,0,0,84,0,0,0,0,0,0,0,0,0,0,9,13,0,0,0,0,0,0,0,24,3,3,9,3,3,0,4,0,0,27,29,4,150,3,5,6,79,36,0,314,0,0,0,0,0,0,0,4,0,7,0,0,0,0,3,0,4,0,0,10,0,0,0,0,0,0,0,3,0,3,0,0,3,0,0,0,12,3,4,22,61,84,171,16,18,6,111,51,3,525,0,0,0,0,0,0,0,0,0,0,0,0,0,0,0,0,0,0,0,0,0,7,3,0,0,0,0,0,0,15,0,0,0,0,0,0,0,0,0,0
LGA32500,0,0,0,0,0,0,0,0,0,0,0,3,0,0,0,0,0,0,0,3,0,7,0,0,0,0,0,0,0,7,0,0,0,0,0,0,0,0,0,0,0,9,0,0,0,0,0,0,0,5,0,0,0,0,0,0,0,0,0,0,17,36,3,7,4,0,0,3,3,80,0,0,0,0,0,0,0,0,0,0,4,4,3,5,3,0,0,3,0,30,13,13,9,4,0,0,3,3,0,43,40,34,120,14,17,10,41,45,0,324,0,3,5,0,0,3,0,3,0,23,8,0,0,0,0,0,3,5,0,25,3,3,0,0,0,0,0,3,0,11,8,8,8,0,4,4,8,6,3,46,105,111,156,34,27,21,61,81,12,593,0,0,0,0,0,0,0,0,0,0,0,3,0,0,0,0,0,0,0,7,3,17,0,4,0,0,0,0,0,21,0,0,0,0,0,0,0,0,0,0
LGA32600,0,0,0,0,0,0,0,0,0,0,0,0,0,0,0,0,0,0,0,0,0,0,0,0,0,0,0,0,0,0,0,0,0,0,0,0,0,0,0,0,0,0,0,0,0,0,0,0,0,0,0,0,0,0,0,0,0,0,0,0,0,0,0,0,0,0,0,0,0,4,0,0,0,0,0,0,0,0,0,0,0,0,0,0,0,0,0,0,0,0,0,0,0,0,0,0,0,0,0,3,3,0,6,0,0,0,3,4,0,22,0,0,0,0,0,0,0,0,0,0,0,0,0,0,0,0,0,0,0,0,0,0,0,0,0,0,0,0,0,0,0,0,0,0,0,0,0,0,0,3,11,0,5,0,0,0,9,4,3,31,0,0,0,0,0,0,0,0,0,0,0,0,0,0,0,0,0,0,0,0,0,0,0,0,0,0,0,0,0,0,0,0,0,0,0,0,0,0,0,0
LGA32750,0,0,0,0,0,0,0,0,0,0,0,0,0,0,0,0,0,0,0,0,3,0,0,0,0,0,0,0,0,5,0,0,0,0,0,0,0,0,0,0,0,0,0,0,0,0,0,0,0,0,0,0,0,0,0,0,0,0,0,0,0,0,0,0,0,0,0,0,0,5,0,0,0,0,0,0,0,0,0,0,0,0,0,0,0,0,0,0,0,3,0,0,0,0,0,0,0,0,0,0,6,0,12,3,0,0,3,6,0,30,0,0,0,0,0,0,0,3,0,3,0,0,0,0,0,0,0,0,0,0,0,0,0,0,0,0,0,0,0,0,0,0,0,0,0,0,0,0,0,0,6,8,9,3,3,0,3,10,0,42,0,0,0,0,0,0,0,0,0,0,0,0,0,0,0,0,0,0,0,0,0,0,0,0,0,0,0,0,0,4,0,0,0,0,0,0,0,0,0,0
LGA32770,0,0,0,0,0,0,0,0,0,0,0,0,0,0,0,0,0,0,0,0,0,4,0,0,0,0,0,0,0,3,0,0,0,0,0,0,0,0,0,0,0,0,0,0,0,0,0,0,0,0,0,0,0,0,0,0,0,0,0,0,0,10,0,3,0,0,0,0,0,14,0,0,0,0,0,0,0,0,0,0,0,0,0,0,0,0,0,0,0,0,0,0,0,3,0,0,0,0,0,4,3,0,4,4,0,0,0,3,0,14,0,0,0,0,0,0,0,3,0,10,0,0,0,3,0,0,0,0,0,3,0,0,0,0,0,0,0,0,0,0,0,3,0,0,0,0,0,0,0,3,4,13,6,10,0,0,0,10,3,55,0,0,0,0,0,0,0,0,0,0,0,0,0,0,0,0,0,0,0,0,0,0,0,0,0,0,0,0,0,0,0,0,0,0,0,0,0,0,0,0
LGA32810,0,0,0,0,0,0,0,0,0,0,0,8,0,0,0,0,0,0,0,9,21,20,6,12,0,0,0,0,0,60,0,0,0,0,0,0,0,0,0,0,8,9,0,3,3,0,0,0,0,24,0,0,0,0,0,0,0,0,0,7,66,77,26,33,20,15,3,16,0,262,0,0,0,0,0,0,0,0,0,0,33,16,18,10,3,8,4,14,3,112,36,28,33,38,3,8,8,15,0,166,135,42,488,38,28,34,90,138,14,1015,3,0,4,6,4,0,0,14,0,37,13,15,6,10,0,4,4,13,3,61,7,4,0,0,0,0,4,8,0,20,14,8,21,7,0,0,9,25,16,100,329,234,599,166,71,65,128,239,41,1868,0,0,0,0,0,0,0,0,0,0,3,0,0,0,0,0,0,0,0,8,10,35,0,8,4,5,0,3,0,66,0,0,0,0,0,0,0,0,0,0
LGA33100,0,0,0,0,0,0,0,0,0,0,0,0,0,0,0,0,0,0,0,0,0,0,0,0,0,0,0,0,0,3,0,0,0,0,0,0,0,0,0,0,0,0,0,0,0,0,0,0,0,0,0,0,0,0,0,0,0,0,0,0,0,0,0,4,0,0,0,0,0,4,0,0,0,0,0,0,0,0,0,0,0,4,0,0,0,0,0,0,0,3,3,0,0,0,0,0,0,0,0,5,14,0,12,6,0,0,6,10,0,45,0,0,0,0,0,0,0,0,0,0,5,0,0,0,0,0,0,0,0,5,0,0,0,0,0,0,0,0,0,0,0,0,0,0,0,0,4,5,0,10,22,10,11,4,0,0,12,17,0,78,0,0,0,0,0,0,0,0,0,0,0,0,0,0,0,0,0,0,0,0,0,0,0,0,0,0,0,0,0,3,0,0,0,0,0,0,0,0,0,0
LGA33200,0,0,0,0,0,0,0,0,0,0,0,0,0,0,0,0,0,0,0,0,3,0,0,0,0,0,0,0,0,3,0,0,0,0,0,0,0,0,0,0,0,0,0,0,0,0,0,0,0,0,0,0,0,0,0,0,0,0,0,0,4,6,0,0,0,0,0,0,0,14,0,0,0,0,0,0,0,0,0,0,3,0,0,0,0,0,0,0,0,8,7,0,0,4,0,0,0,0,0,14,24,6,46,3,0,0,21,27,0,124,0,0,0,0,0,0,0,3,0,3,3,0,0,0,0,0,0,3,0,5,0,0,0,0,0,0,0,0,0,3,8,0,0,0,0,0,0,8,0,16,48,15,50,9,9,4,21,36,3,197,0,0,0,0,0,0,0,0,0,0,0,0,0,0,0,0,0,0,0,0,0,0,0,0,0,0,0,0,0,0,0,0,0,0,0,0,0,0,0,0
LGA33220,0,7,0,0,0,0,0,0,0,7,5,57,0,0,0,3,0,0,0,72,55,161,3,5,11,3,0,3,0,237,0,11,0,0,0,0,0,0,0,11,16,87,12,20,10,0,3,0,0,145,14,23,0,6,4,3,0,0,0,45,176,796,60,93,59,30,13,19,17,1261,0,0,3,0,0,0,0,5,0,9,88,113,82,79,25,25,16,26,3,458,153,152,136,189,54,37,54,51,16,839,638,191,2780,450,173,310,647,744,63,6001,13,16,31,28,16,47,30,62,0,243,35,26,36,58,14,29,47,70,0,322,4,26,17,8,10,5,12,14,0,98,43,24,83,32,7,25,67,86,44,415,1247,1683,3236,970,378,530,889,1090,151,10169,0,7,0,0,0,0,0,0,0,13,0,36,0,0,0,0,0,0,0,35,40,239,3,13,17,3,0,0,3,313,3,17,0,0,0,0,0,0,3,31
LGA33360,3,3,0,0,0,0,0,0,0,7,8,34,0,0,0,0,0,0,0,39,67,115,21,8,14,0,4,5,3,243,0,8,0,0,3,0,0,0,0,12,30,75,16,10,5,0,0,3,0,127,8,10,11,3,3,0,3,3,0,38,199,626,162,65,64,16,56,38,16,1250,4,0,3,0,3,0,0,5,0,18,80,112,117,23,20,8,25,20,5,406,139,90,178,67,44,12,63,55,14,679,497,189,3690,125,167,116,1006,593,101,6474,8,18,25,4,4,20,34,60,7,192,27,16,44,10,9,12,69,49,3,241,10,13,23,3,3,4,34,45,0,135,30,15,67,17,5,11,91,70,46,356,1108,1325,4366,335,340,210,1389,946,195,10222,0,13,0,0,0,0,0,0,0,14,0,23,0,0,3,0,0,0,0,25,28,132,3,10,15,3,0,3,0,202,0,13,0,0,0,0,0,0,0,19
LGA33430,14,67,3,0,5,0,0,0,0,96,94,908,8,10,13,11,3,7,6,1062,1028,2249,181,155,240,212,67,114,58,4292,31,99,12,5,16,4,4,3,4,182,234,753,55,65,57,34,22,32,18,1262,84,154,15,27,32,12,6,3,4,335,3492,8646,1285,1144,1107,1179,426,749,269,18294,17,17,24,20,3,8,4,11,3,104,1189,1167,811,498,302,374,200,264,81,4888,1691,1420,1573,1193,654,742,441,648,124,8504,5190,1684,20154,2059,1465,2380,3217,4617,676,41442,112,83,167,114,56,169,144,256,24,1113,383,209,404,309,150,337,291,369,46,2491,159,213,180,87,69,77,87,129,34,1035,323,297,579,191,105,248,316,417,305,2789,14032,17953,25453,5871,4277,5787,5225,7626,1660,87877,20,118,4,7,10,3,0,3,0,161,53,653,4,13,20,12,0,5,11,758,697,3087,58,278,434,213,4,108,42,4919,30,189,4,11,21,3,0,10,3,266
LGA33610,0,0,0,0,0,0,0,0,0,0,0,0,0,0,0,0,0,0,0,0,15,14,0,0,0,0,0,0,0,32,0,0,0,0,0,0,0,0,0,0,6,3,0,0,0,0,0,0,0,8,0,3,0,0,0,0,0,0,0,3,73,68,14,11,3,5,4,15,0,194,3,0,0,0,0,0,0,0,0,3,43,6,4,3,4,5,7,6,0,77,50,18,19,9,3,7,13,16,0,127,132,16,339,10,10,25,92,88,3,728,3,0,0,0,0,4,8,8,0,26,19,3,9,0,0,4,5,12,0,55,0,4,0,0,0,0,3,0,0,10,13,3,12,3,0,3,13,23,8,77,356,146,398,43,27,58,139,169,10,1346,0,0,0,0,0,0,0,0,0,0,0,3,0,0,0,0,0,0,0,7,4,19,0,0,0,0,0,0,0,29,0,0,0,0,0,0,0,0,0,0
LGA33620,0,0,0,0,0,0,0,0,0,3,8,24,0,0,0,0,0,0,0,26,12,70,6,0,5,3,0,3,0,104,0,0,0,0,0,0,0,0,0,3,9,40,0,11,3,0,0,3,0,70,3,4,0,0,0,0,0,0,0,10,111,309,34,46,29,16,20,17,7,575,0,0,0,0,0,0,0,0,0,4,60,62,35,35,6,8,15,13,3,243,84,66,59,68,20,17,25,44,5,390,406,81,1579,128,88,148,432,468,53,3382,14,3,21,8,8,22,31,60,3,167,32,8,34,14,7,21,34,27,3,172,5,3,10,4,3,3,14,9,0,56,36,10,49,13,3,15,39,57,18,239,787,689,1823,328,176,250,593,708,94,5456,3,6,0,0,0,0,0,0,0,7,0,15,0,0,0,0,0,0,0,22,19,77,3,9,13,3,0,0,0,123,0,7,0,0,0,0,0,0,0,8
LGA33800,0,0,0,0,0,0,0,0,0,0,0,0,0,0,0,0,0,0,0,0,4,12,0,0,3,0,0,0,0,21,0,0,0,0,0,0,0,0,0,0,3,9,0,0,0,0,0,0,0,17,0,3,0,0,0,0,0,0,0,4,34,104,9,3,5,0,7,4,0,161,0,0,0,0,0,0,0,0,0,3,4,4,8,4,0,3,3,0,0,34,12,13,7,15,9,3,3,7,0,70,147,28,452,33,9,16,191,127,13,1013,0,0,6,0,0,4,5,5,0,17,7,0,3,3,0,0,7,7,0,25,0,0,3,0,0,0,0,0,0,10,19,10,14,3,0,3,11,20,9,90,228,184,500,61,26,36,233,169,22,1460,0,0,0,0,0,0,0,0,0,0,0,5,0,0,0,0,0,0,0,5,3,21,0,0,0,0,0,0,0,21,0,0,0,0,0,0,0,0,0,0
LGA33830,0,0,0,0,0,0,0,0,0,0,0,0,0,0,0,0,0,0,0,0,0,0,0,0,0,0,0,0,0,0,0,0,0,0,0,0,0,0,0,0,0,3,0,0,0,0,0,0,0,3,0,0,0,0,0,0,0,0,0,0,0,0,0,0,0,0,0,0,0,3,0,0,0,0,0,0,0,0,0,0,0,0,0,0,0,0,0,0,0,0,0,0,0,0,0,0,0,0,0,4,4,4,12,7,0,0,15,10,3,57,0,0,0,0,0,0,0,0,0,4,0,0,0,0,0,0,0,0,0,5,0,0,0,0,0,0,0,0,0,0,0,0,0,0,0,0,3,3,3,12,8,8,19,6,7,0,24,15,3,90,0,0,0,0,0,0,0,0,0,0,0,0,0,0,0,0,0,0,0,0,0,0,0,0,0,0,0,0,0,0,0,0,0,0,0,0,0,0,0,0
LGA33960,8,15,0,4,0,0,0,0,0,21,18,129,4,0,0,0,0,0,0,164,185,519,47,31,87,34,23,24,19,966,10,27,0,3,9,0,0,3,0,52,43,185,9,32,34,7,7,3,5,331,41,55,12,5,16,8,9,3,0,142,641,2007,303,295,305,153,159,180,42,4078,6,3,8,12,3,3,4,8,0,42,226,280,235,145,107,40,70,63,15,1181,476,417,549,436,261,142,190,194,49,2716,1253,500,7042,919,671,607,1868,1614,259,14729,34,17,87,76,42,60,123,146,10,597,70,49,113,87,62,61,204,165,28,822,29,44,58,19,15,13,46,27,11,264,61,33,180,58,42,40,220,203,124,963,3098,4271,8647,2114,1646,1177,2913,2643,566,27068,3,16,0,0,8,0,0,0,0,34,10,111,0,4,7,0,0,3,0,142,135,700,17,64,114,19,0,17,11,1071,0,35,0,0,3,3,0,0,0,46
LGA33980,0,0,0,0,0,0,0,0,0,0,0,0,0,0,0,0,0,0,0,0,29,35,7,0,3,0,0,0,0,86,0,0,0,0,0,0,0,0,0,0,8,24,7,0,0,0,3,0,0,42,0,3,3,0,0,0,0,0,0,7,100,233,52,25,12,0,25,11,5,460,0,0,0,0,0,0,0,0,0,3,23,20,33,7,3,0,17,3,0,104,50,22,52,9,8,3,32,11,7,200,172,52,1335,19,25,17,630,143,23,2410,10,0,9,3,0,4,24,17,0,70,7,3,19,0,0,4,40,8,3,86,4,0,3,0,0,0,14,0,0,23,17,4,37,4,3,0,73,18,9,168,431,394,1559,68,61,31,864,211,42,3665,0,0,0,0,0,0,0,0,0,0,0,3,0,0,0,0,0,0,0,3,17,26,0,5,3,0,0,3,0,53,0,0,0,0,0,0,0,0,0,0
LGA34420,0,0,0,0,0,0,0,0,0,0,0,0,0,0,0,0,0,0,0,0,3,0,0,0,0,0,0,0,0,3,0,0,0,0,0,0,0,0,0,0,0,0,0,0,0,0,0,0,0,0,0,0,0,0,0,0,0,0,0,0,0,0,0,0,0,0,0,0,0,4,0,0,0,0,0,0,0,0,0,0,0,0,0,0,0,0,0,0,0,0,0,0,0,0,0,0,0,0,0,0,6,0,19,3,0,0,3,4,3,40,0,0,0,0,0,0,0,0,0,0,0,0,3,0,0,0,0,0,0,4,0,0,0,0,0,0,0,0,0,0,0,0,0,3,0,0,0,0,0,6,9,8,21,12,0,0,7,4,4,67,0,0,0,0,0,0,0,0,0,0,0,0,0,0,0,0,0,0,0,0,3,0,0,0,0,0,0,0,0,4,0,0,0,0,0,0,0,0,0,0
LGA34530,3,3,0,0,0,0,0,0,0,9,7,46,0,0,0,0,0,0,0,60,33,58,0,6,5,0,0,0,0,105,0,0,0,0,0,3,0,0,0,4,14,43,9,6,0,0,0,3,0,77,8,5,4,6,3,0,0,4,0,32,129,346,51,50,30,12,17,12,3,652,0,0,0,3,0,0,0,3,0,6,48,49,54,25,12,10,18,7,0,221,59,68,62,54,23,7,24,17,6,336,311,94,1701,117,78,80,472,243,47,3151,5,7,10,7,7,8,15,13,0,75,30,4,24,15,3,3,31,22,3,142,7,4,8,3,8,3,3,0,0,38,22,16,39,3,7,6,49,34,13,192,682,754,1972,298,177,144,634,357,78,5091,0,4,0,0,0,0,0,0,0,7,3,36,0,0,3,0,0,0,0,43,25,127,3,3,6,0,0,0,0,170,0,11,0,0,0,0,0,0,0,11
LGA34570,0,0,0,0,0,0,0,0,0,0,0,0,0,0,0,0,0,0,0,0,0,0,0,0,0,0,0,0,0,3,0,0,0,0,0,0,0,0,0,0,0,0,0,0,0,0,0,0,0,0,0,0,0,0,0,0,0,0,0,0,0,0,0,0,0,0,0,0,0,3,0,0,0,0,0,0,0,0,0,0,0,0,0,0,0,0,0,0,0,3,3,0,0,0,0,0,0,0,0,3,3,0,4,0,0,0,0,8,0,18,0,0,0,0,0,0,0,0,0,3,0,0,0,0,0,0,0,0,0,3,0,0,0,0,0,0,0,0,0,0,0,0,0,0,0,0,3,3,3,16,11,7,8,3,0,0,3,10,8,51,0,0,0,0,0,0,0,0,0,0,0,0,0,0,0,0,0,0,0,0,0,0,0,0,0,0,0,0,0,0,0,0,0,0,0,0,0,0,0,0
LGA34580,0,0,0,0,0,0,0,0,0,3,3,32,0,0,0,0,0,0,0,41,21,55,5,0,5,0,3,10,0,105,3,0,0,0,0,0,0,0,0,4,3,32,4,3,4,0,0,3,0,46,3,5,0,0,0,0,0,0,0,10,108,250,33,38,17,21,17,78,3,567,0,0,3,0,0,0,0,0,0,7,35,40,34,21,17,4,15,11,3,172,80,56,71,49,23,18,24,30,9,366,306,75,1265,120,81,88,377,360,39,2707,3,0,18,3,6,22,24,47,3,119,21,9,20,12,9,13,43,34,3,171,13,3,9,0,0,0,9,16,0,52,33,3,48,15,12,15,54,56,24,256,635,562,1501,263,169,192,559,643,80,4616,0,4,0,0,6,0,0,0,0,8,5,35,0,0,3,0,0,0,0,42,26,96,4,6,13,0,0,10,0,149,0,7,0,0,0,0,0,0,0,6
LGA34590,8,22,3,0,4,0,0,0,0,31,23,178,6,0,12,5,3,0,3,234,281,669,74,63,95,49,68,54,20,1374,11,39,5,5,10,0,6,0,0,75,66,254,21,33,31,9,20,3,0,444,31,67,10,12,17,0,0,0,6,145,950,2703,522,326,495,308,294,268,82,5951,3,3,9,4,0,3,9,8,0,41,348,341,403,161,141,96,159,110,23,1784,650,569,705,462,379,269,381,326,45,3775,2179,829,11468,912,1018,960,3115,2931,326,23738,66,25,135,62,54,95,162,206,6,805,143,73,194,120,79,101,342,244,25,1315,43,77,116,29,32,34,102,89,17,527,108,79,351,91,55,72,354,284,190,1579,4916,5924,14022,2280,2413,1999,5012,4523,737,41831,3,33,0,0,8,0,0,0,0,46,21,164,7,0,11,0,0,3,0,203,192,855,18,88,181,59,3,22,19,1439,11,63,0,0,7,5,0,0,3,95
LGA34710,0,0,0,0,0,0,0,0,0,0,3,3,0,0,0,0,0,0,0,4,4,10,0,0,0,0,0,0,0,13,0,0,0,0,0,0,0,0,0,0,0,7,0,0,0,0,0,0,0,4,0,0,0,0,0,0,0,0,0,4,17,43,0,4,3,3,0,3,0,74,0,0,0,0,0,0,0,0,0,0,17,0,3,8,0,0,0,0,0,28,20,8,3,13,0,0,3,0,0,53,40,7,137,5,14,12,24,31,0,267,5,0,3,3,0,0,3,3,0,18,4,0,4,3,0,3,0,0,0,15,3,0,0,0,0,0,0,0,0,6,7,0,4,3,0,4,4,4,4,37,121,78,158,38,17,22,35,47,6,534,0,0,0,0,0,0,0,0,0,0,0,0,0,0,0,0,0,0,0,0,10,16,0,3,0,0,0,0,0,23,0,3,0,0,0,0,0,0,0,3
LGA34770,3,11,0,0,0,0,0,0,0,12,9,72,0,0,0,3,0,0,0,88,88,204,20,12,13,5,11,8,5,363,12,8,0,0,3,0,0,0,0,27,36,100,25,11,12,0,4,6,3,194,18,29,6,4,5,0,3,3,0,63,359,1188,205,103,72,49,88,54,32,2144,0,0,3,0,0,3,0,0,0,7,139,161,150,41,32,19,59,22,5,633,276,158,286,101,60,33,106,61,20,1105,1196,351,6800,224,323,310,1971,904,210,12293,25,13,33,15,9,31,51,58,3,244,68,25,76,20,17,21,127,62,6,422,17,25,39,4,5,4,33,26,3,160,80,38,167,26,13,25,178,116,74,714,2319,2381,7810,564,571,503,2640,1313,357,18466,0,20,0,0,0,0,0,0,0,24,3,53,0,0,0,0,0,3,0,66,63,279,5,32,26,16,3,7,0,422,0,25,0,0,3,0,0,0,0,34
LGA34800,0,0,0,0,0,0,0,0,0,0,0,0,0,0,0,0,0,0,0,0,3,0,0,0,0,0,0,0,0,3,0,0,0,0,0,0,0,0,0,0,0,0,0,0,0,0,0,0,0,0,0,0,0,0,0,0,0,0,0,0,7,11,0,0,0,0,0,0,0,25,0,0,0,0,0,0,0,0,0,0,3,0,0,0,0,0,0,0,0,3,3,0,0,3,0,0,0,0,0,6,18,0,30,9,0,0,13,14,0,83,0,0,0,0,0,0,0,0,0,0,3,0,0,0,0,0,3,0,0,9,3,0,0,0,0,0,0,0,0,7,3,0,3,0,0,0,3,3,0,16,43,18,34,10,0,3,21,24,3,145,0,0,0,0,0,0,0,0,0,0,0,0,0,0,0,0,0,0,0,0,3,0,0,0,0,0,0,0,0,4,0,0,0,0,0,0,0,0,0,0
LGA34830,0,0,0,0,0,0,0,0,0,0,0,0,0,0,0,0,0,0,0,0,0,0,0,0,0,0,0,0,0,0,0,0,0,0,0,0,0,0,0,0,0,0,0,0,0,0,0,0,0,0,0,0,0,0,0,0,0,0,0,0,0,0,0,0,0,0,0,0,0,3,0,0,0,0,0,0,0,0,0,0,0,0,0,0,0,0,0,0,0,0,0,0,0,0,0,0,0,0,0,3,3,0,5,0,3,0,4,3,0,18,0,3,0,0,0,0,0,0,0,3,0,0,0,0,0,0,0,0,0,0,0,0,0,0,0,0,0,0,0,0,0,0,0,0,0,0,0,0,0,0,5,9,8,0,3,0,3,5,0,29,0,0,0,0,0,0,0,0,0,0,0,0,0,0,0,0,0,0,0,0,0,0,0,0,0,0,0,0,0,0,0,0,0,0,0,0,0,0,0,0
LGA34860,0,0,0,0,0,0,0,0,0,0,0,0,0,0,0,0,0,0,0,0,4,17,0,0,3,0,0,0,0,32,0,0,0,0,0,0,0,0,0,0,0,10,3,0,0,0,0,0,0,19,0,0,0,0,0,0,0,0,0,3,60,120,29,14,12,12,10,8,0,260,0,0,0,0,0,0,0,0,0,0,30,12,12,11,3,3,5,5,5,90,54,18,34,31,3,10,15,15,0,175,199,29,451,24,28,26,147,126,15,1035,11,0,3,3,0,4,12,17,0,56,29,4,3,0,0,3,15,8,0,71,3,0,8,0,0,0,0,0,0,13,21,3,14,3,0,7,21,20,8,101,420,215,557,89,51,68,228,203,27,1861,0,0,0,0,0,0,0,0,0,3,0,0,0,0,0,0,0,0,0,0,11,32,0,5,10,3,0,0,0,57,0,0,0,0,0,0,0,0,0,0
LGA34880,0,0,0,0,0,0,0,0,0,0,7,18,0,0,4,0,0,0,0,28,13,25,6,4,3,0,3,3,0,52,0,0,0,0,0,0,0,0,0,0,4,16,0,4,0,0,0,0,0,20,3,3,0,0,0,0,0,0,0,8,74,158,26,33,23,14,5,26,3,366,0,0,0,0,0,0,0,0,0,3,35,37,14,16,12,6,11,5,3,129,36,26,26,44,11,10,11,18,3,191,245,52,649,87,38,30,142,159,22,1423,17,3,4,6,0,3,11,20,0,66,10,4,12,9,3,8,10,15,0,82,8,5,5,0,0,0,8,12,0,39,25,11,23,9,4,3,19,38,11,144,464,342,775,208,95,84,226,300,41,2544,0,3,0,0,0,0,0,0,0,8,3,12,0,3,4,0,0,0,0,17,13,52,0,0,4,3,0,0,0,83,0,6,0,0,0,0,0,0,0,6
LGA35010,14,23,0,6,5,3,0,0,3,61,65,341,11,3,20,3,4,4,3,455,620,1163,97,79,169,60,39,33,35,2284,30,59,3,3,9,4,7,5,0,124,187,521,45,76,60,16,14,24,9,954,110,150,16,28,39,9,4,3,6,362,1950,5177,698,581,808,376,223,365,134,10317,10,5,13,15,8,9,9,6,0,75,761,842,612,351,284,196,166,160,45,3422,1280,1134,1087,916,635,398,318,349,80,6197,3413,1338,16156,1648,1645,1577,3448,3614,495,33329,99,71,151,116,89,150,184,273,10,1139,223,128,247,188,124,148,307,295,39,1709,82,122,121,51,32,31,63,115,13,640,174,163,417,116,88,129,349,347,217,2006,9013,11244,19672,4189,4029,3116,5131,5586,1081,63057,10,71,3,5,7,0,0,3,0,104,44,292,8,13,18,7,0,0,0,378,358,1534,36,141,199,63,3,26,24,2383,21,85,4,11,13,3,0,0,0,135
LGA35250,0,0,0,0,0,0,0,0,0,0,0,0,0,0,0,0,0,0,0,0,0,0,0,0,0,0,0,0,0,0,0,0,0,0,0,0,0,0,0,0,0,0,0,0,0,0,0,0,0,0,0,0,0,0,0,0,0,0,0,0,5,9,0,0,0,0,0,0,0,14,0,0,0,0,0,0,0,0,0,0,0,0,0,0,0,0,0,0,0,3,0,5,0,3,0,0,0,0,0,3,5,0,17,7,0,0,4,6,3,44,0,0,0,0,0,0,0,0,0,3,0,0,0,0,0,0,0,0,0,0,0,0,0,0,0,0,0,0,0,0,0,0,3,0,0,0,0,4,0,11,12,15,26,15,0,0,6,5,3,85,0,0,0,0,0,0,0,0,0,0,0,0,0,0,0,0,0,0,0,0,0,0,0,0,0,0,0,0,0,0,0,0,0,0,0,0,0,0,0,0
LGA35300,0,0,0,0,0,0,0,0,0,0,0,13,0,0,0,0,0,0,0,10,27,44,4,0,3,0,3,3,3,91,0,3,0,0,0,0,0,0,0,3,4,14,0,3,0,0,0,0,0,30,3,3,0,3,0,0,0,0,0,9,57,247,45,28,10,7,16,14,3,424,0,0,0,0,0,0,0,0,0,0,15,25,29,8,5,0,12,7,0,86,20,29,51,37,3,0,21,3,3,166,128,51,1289,43,43,39,413,102,31,2148,3,0,18,4,0,7,10,14,0,59,0,3,18,8,0,0,14,6,0,52,0,0,3,0,4,0,5,4,0,19,5,3,27,6,0,3,34,15,18,112,265,442,1490,139,61,65,528,165,61,3216,0,3,0,0,0,0,0,0,0,9,3,3,0,0,0,0,0,0,0,6,16,85,9,6,5,3,0,3,0,128,0,5,0,0,0,0,0,0,0,5
LGA35600,0,0,0,0,0,0,0,0,0,0,0,0,0,0,0,0,0,0,0,0,0,7,0,0,0,0,0,4,0,12,0,0,0,0,0,0,0,0,0,0,0,3,0,0,0,0,0,0,0,3,0,0,0,0,0,0,0,0,0,0,10,34,0,5,3,0,0,9,0,68,0,0,0,0,0,0,0,0,0,4,8,4,0,0,0,0,3,0,0,24,15,5,7,9,3,0,0,3,0,43,51,4,122,4,3,9,23,51,3,280,0,0,0,0,0,0,0,4,0,13,6,3,0,0,0,0,0,3,0,15,4,0,3,0,0,0,0,0,0,7,8,0,13,3,0,3,3,9,0,43,113,64,145,29,14,11,37,91,4,501,0,0,0,0,0,0,0,0,0,0,0,0,0,0,0,0,0,0,0,0,0,9,0,0,3,0,0,3,0,14,0,0,0,0,0,0,0,0,0,0
LGA35670,0,0,0,0,0,0,0,0,0,0,0,0,0,0,0,0,0,0,0,0,0,0,0,0,0,0,0,0,0,0,0,0,0,0,0,0,0,0,0,0,0,0,0,0,0,0,0,0,0,0,0,0,0,0,0,0,0,0,0,0,0,0,0,0,0,0,0,0,0,3,0,0,0,0,0,0,0,0,0,0,0,0,0,0,0,0,0,0,0,0,0,0,0,0,0,0,0,0,0,0,0,3,21,0,0,0,3,5,0,33,0,0,0,0,0,0,3,0,0,3,0,0,0,0,0,0,0,0,0,0,0,0,0,0,0,0,0,0,0,0,0,0,0,0,0,0,0,0,0,3,3,3,23,3,3,0,3,7,0,47,0,0,0,0,0,0,0,0,0,0,0,0,0,0,0,0,0,0,0,0,0,0,0,0,0,0,0,0,0,0,0,0,0,0,0,0,0,0,0,0
LGA35740,0,6,0,0,0,0,0,0,0,13,8,79,0,3,0,0,0,0,0,89,92,148,8,7,11,9,3,5,8,294,3,15,0,0,0,0,0,0,0,20,32,84,4,13,5,7,4,4,0,149,6,15,3,0,0,0,0,0,0,24,297,766,85,98,66,76,21,44,19,1476,4,0,0,0,0,0,0,0,0,9,128,124,84,53,26,43,28,28,5,527,96,110,102,99,34,39,32,54,4,562,536,151,1808,188,103,195,293,409,57,3742,7,11,8,12,3,12,8,28,0,85,34,20,30,25,6,30,26,32,5,202,19,16,13,3,4,7,7,8,0,77,36,23,63,14,9,18,27,48,22,261,1298,1560,2217,517,264,444,446,655,123,7528,3,13,0,0,0,0,0,0,0,16,7,44,3,4,3,0,0,0,0,67,53,233,4,20,24,7,3,3,0,351,3,11,0,0,0,3,0,3,0,28
LGA35760,0,0,0,0,0,0,0,0,0,0,3,3,0,0,0,0,0,0,0,8,9,6,3,0,0,0,0,4,0,21,0,0,0,0,0,0,0,0,0,0,4,8,0,0,0,0,0,0,0,6,0,0,0,0,0,0,0,0,0,0,35,50,7,4,3,6,3,32,0,138,0,0,0,0,0,0,0,0,0,3,27,8,0,3,0,0,6,3,0,48,29,3,10,7,5,3,4,7,3,72,126,7,211,19,8,18,99,102,7,593,3,3,3,0,3,4,8,11,0,34,19,0,6,4,3,0,6,13,0,56,3,3,0,0,0,0,0,3,0,10,26,0,9,0,3,0,11,35,8,90,280,88,239,41,27,32,135,208,19,1081,0,0,0,0,0,0,0,0,0,0,0,3,0,0,0,0,0,0,0,0,3,9,0,0,0,0,0,0,0,18,0,0,0,0,0,0,0,0,0,0
LGA35780,0,0,0,0,0,0,0,0,0,0,0,0,0,0,0,0,0,0,0,0,0,5,0,0,0,0,0,0,0,5,0,0,0,0,0,0,0,0,0,0,0,3,0,0,0,0,0,0,0,5,0,0,0,0,0,0,0,0,0,0,4,11,0,3,0,0,0,0,0,24,0,0,0,0,0,0,0,0,0,0,0,4,0,3,0,0,0,0,0,12,6,0,4,0,3,0,3,0,0,14,10,10,51,8,3,3,25,12,3,133,0,0,3,3,0,0,0,3,0,16,0,3,0,0,0,0,0,0,0,4,0,0,0,0,0,0,0,0,0,4,0,3,3,6,0,0,5,10,0,27,24,38,65,25,14,4,38,32,7,249,0,0,0,0,0,0,0,0,0,0,0,0,0,0,0,0,0,0,0,0,3,7,0,3,0,0,0,0,0,6,0,0,0,0,0,0,0,0,0,0
LGA35790,0,0,0,0,0,0,0,0,0,0,0,0,0,0,0,0,0,0,0,0,4,0,0,0,0,0,0,0,0,3,0,0,0,0,0,0,0,0,0,0,0,0,0,0,0,0,0,0,0,3,0,0,0,0,0,0,0,0,0,0,0,9,0,5,0,0,0,0,0,11,0,0,0,0,0,0,0,0,0,0,0,0,0,0,0,0,0,0,0,0,0,0,0,4,0,0,0,0,0,11,6,0,20,13,6,0,5,0,3,59,0,0,0,7,0,0,0,9,0,19,0,0,0,0,0,0,0,0,0,0,0,0,0,0,0,0,0,0,0,0,0,0,0,3,0,0,0,0,0,12,13,19,30,29,7,0,8,8,5,118,0,0,0,0,0,0,0,0,0,0,0,0,0,0,0,0,0,0,0,0,0,4,0,0,0,0,0,0,0,9,0,0,0,0,0,0,0,0,0,0
LGA35800,0,0,0,0,0,0,0,0,0,0,0,0,0,0,0,0,0,0,0,0,0,0,0,0,0,0,0,0,0,5,0,0,0,0,0,0,0,0,0,0,0,0,0,0,0,0,0,0,0,0,0,0,0,0,0,0,0,0,0,3,5,3,0,3,0,0,0,0,0,14,0,0,0,0,0,0,0,0,0,0,3,0,0,5,0,0,0,0,0,10,9,4,0,4,0,0,0,0,0,15,32,3,37,3,5,3,14,7,0,106,3,0,0,0,0,0,0,0,0,3,0,0,0,0,0,0,0,4,0,9,0,0,0,0,0,0,0,0,0,0,0,0,0,3,0,0,3,4,0,9,64,11,44,15,11,3,19,15,3,178,0,0,0,0,0,0,0,0,0,0,0,0,0,0,0,0,0,0,0,0,3,4,0,0,0,0,0,0,0,7,0,0,0,0,0,0,0,0,0,0
LGA36070,0,0,0,0,0,0,0,0,0,0,0,0,0,0,0,0,0,0,0,0,0,0,0,0,0,0,0,0,0,0,0,0,0,0,0,0,0,0,0,0,0,0,0,0,0,0,0,0,0,4,0,0,0,0,0,0,0,0,0,0,0,3,0,0,0,0,0,0,0,3,0,0,0,0,0,0,0,0,0,0,0,0,0,3,0,0,0,0,0,7,3,0,0,0,0,0,0,0,0,6,0,7,6,3,4,3,3,5,3,32,0,0,0,0,0,0,0,0,0,4,0,0,0,0,0,0,0,0,0,3,0,0,0,0,0,0,0,0,0,0,0,0,0,0,0,0,0,3,0,6,8,9,12,12,4,3,9,9,3,65,0,0,0,0,0,0,0,0,0,0,0,0,0,0,0,0,0,0,0,0,0,3,0,0,0,0,0,0,0,3,0,0,0,0,0,0,0,0,0,0
LGA36150,0,0,0,0,0,0,0,0,0,0,0,0,0,0,0,0,0,0,0,0,0,0,0,0,0,0,0,0,0,0,0,0,0,0,0,0,0,0,0,0,0,0,0,0,0,0,0,0,0,0,0,0,0,0,0,0,0,0,0,0,3,5,0,0,0,0,0,0,0,12,0,0,0,0,0,0,0,0,0,0,3,0,0,0,0,0,0,0,0,3,3,0,0,0,0,0,3,0,0,9,10,3,24,0,3,4,5,12,0,60,4,0,0,0,0,0,0,0,0,4,0,0,0,0,0,0,0,0,0,0,0,0,0,0,0,0,0,0,0,0,0,0,0,0,0,0,0,3,0,9,27,8,29,0,7,3,14,10,0,102,0,0,0,0,0,0,0,0,0,0,0,0,0,0,0,0,0,0,0,0,0,0,0,0,0,0,0,0,0,5,0,0,0,0,0,0,0,0,0,0
LGA36250,5,8,0,0,0,0,0,0,0,15,30,156,3,0,4,0,0,0,4,205,298,456,35,25,58,28,14,11,9,929,12,11,3,3,0,0,0,0,0,36,88,181,12,20,21,7,11,9,4,354,47,67,7,8,14,3,0,0,0,146,922,1991,256,239,270,184,77,138,46,4122,3,0,10,0,0,3,0,4,0,25,345,382,275,100,85,70,62,59,24,1405,556,422,378,251,218,160,106,119,33,2243,1560,535,6316,464,545,574,1129,1246,183,12552,29,27,52,37,20,45,47,83,5,340,102,56,94,66,36,56,100,99,15,613,35,44,41,11,18,8,21,29,5,210,82,54,152,34,27,47,82,97,66,640,4110,4409,7627,1255,1307,1178,1656,1908,386,23829,5,18,0,3,6,0,0,0,0,36,10,141,0,0,15,0,0,0,0,169,157,660,10,42,94,16,5,11,14,1006,14,36,0,4,0,0,0,0,0,55
LGA36300,0,0,0,0,0,0,0,0,0,0,0,0,0,0,0,0,0,0,0,0,0,0,0,0,0,0,0,0,0,0,0,0,0,0,0,0,0,0,0,0,0,0,0,0,0,0,0,0,0,0,0,0,0,0,0,0,0,0,0,0,3,4,0,0,0,0,0,0,0,9,0,0,0,0,0,0,0,0,0,0,3,0,0,0,0,0,0,3,0,6,3,3,0,3,0,0,0,4,0,8,12,0,23,0,0,3,7,7,0,59,0,0,0,0,0,0,0,0,0,3,0,0,0,0,0,0,0,0,0,4,0,0,0,0,0,0,0,0,0,0,3,0,0,0,0,0,0,0,0,6,28,12,23,7,0,4,13,22,0,107,0,0,0,0,0,0,0,0,0,0,0,0,0,0,0,0,0,0,0,0,0,0,0,0,0,0,0,0,0,0,0,0,0,0,0,0,0,0,0,0
LGA36370,0,11,0,0,0,0,0,0,0,12,5,119,0,0,4,0,0,0,0,137,66,205,21,19,11,6,13,6,0,343,3,14,0,3,0,0,4,0,0,25,19,96,8,15,4,0,3,3,0,151,13,21,12,8,7,0,0,3,3,58,215,923,158,106,96,33,40,55,9,1640,0,0,0,4,0,0,0,0,0,8,68,78,95,48,19,10,23,22,0,372,124,98,166,146,64,23,55,41,10,722,544,195,3333,283,201,210,773,533,71,6127,12,6,42,28,7,42,52,81,3,278,25,9,42,36,10,20,85,59,3,294,13,22,25,8,3,3,24,11,3,111,30,30,81,19,6,21,80,68,34,366,1150,1817,3983,723,439,372,1146,886,139,10645,0,8,0,0,3,0,0,0,0,16,3,70,0,0,3,0,0,0,0,79,43,229,4,25,24,0,0,5,0,326,4,16,3,0,3,0,0,0,0,27
LGA36510,0,3,0,0,0,0,0,0,0,6,5,28,0,3,0,0,0,0,0,42,49,91,5,9,12,3,3,0,3,166,0,6,0,0,0,0,0,0,0,9,10,52,4,8,0,0,3,3,0,82,3,8,0,0,4,0,0,0,0,22,170,357,45,65,43,13,16,30,3,737,0,0,0,0,0,0,0,0,0,4,60,72,43,14,11,16,14,17,4,255,106,71,84,73,33,22,22,40,11,452,414,91,1404,108,82,122,356,377,40,2989,9,4,12,12,0,7,15,28,0,87,41,13,24,18,7,22,28,26,0,176,12,5,5,0,3,3,3,8,0,46,29,12,69,3,6,13,38,53,19,252,909,823,1692,310,213,224,496,578,81,5330,0,4,0,0,0,0,0,0,0,6,3,28,0,3,5,0,0,0,0,45,38,144,3,13,14,3,0,5,3,221,0,4,0,0,0,0,0,0,0,6
LGA36580,0,0,0,0,0,0,0,0,0,3,3,9,0,0,0,0,0,0,0,9,13,20,0,3,3,0,0,0,0,35,0,3,0,0,0,0,0,0,0,3,4,18,0,0,0,0,0,0,0,26,0,0,3,0,0,0,0,0,0,6,67,135,35,14,9,11,0,31,5,314,0,3,0,0,0,0,0,0,0,4,18,23,24,14,10,0,6,8,8,114,40,30,33,43,21,4,7,19,4,198,228,38,734,95,51,71,256,230,23,1731,3,3,11,5,0,4,14,20,3,65,18,5,14,9,4,7,18,29,0,100,7,3,5,0,0,0,0,6,0,22,23,10,22,8,3,9,40,52,13,189,436,296,887,198,98,114,352,397,57,2832,0,3,0,0,0,0,0,0,0,3,0,12,0,0,0,0,0,0,0,15,13,48,0,0,0,0,0,0,3,68,0,5,0,0,0,0,0,0,0,5
LGA36630,0,0,0,0,0,0,0,0,0,0,0,5,0,0,0,0,0,0,0,11,23,32,3,4,3,0,0,0,0,68,0,0,0,0,0,0,0,0,0,0,5,23,3,3,0,3,0,3,0,40,3,6,0,0,0,0,0,0,0,9,88,236,23,32,20,13,9,18,3,436,3,0,0,0,0,0,0,0,0,3,40,22,23,24,7,3,12,6,0,137,50,38,41,55,16,13,28,13,3,263,260,43,888,76,46,67,285,321,28,2007,12,0,14,9,4,14,14,42,0,98,26,5,8,6,9,4,28,33,0,116,7,4,4,3,0,3,8,8,0,26,28,4,31,14,0,11,35,57,17,201,532,422,1032,215,104,123,425,507,60,3414,0,4,0,0,0,0,0,0,0,4,0,10,0,0,0,0,0,0,0,10,12,74,0,3,4,0,0,0,3,102,0,4,0,0,0,0,0,0,0,7
LGA36660,0,0,0,0,0,0,0,0,0,0,6,11,0,0,0,0,0,0,0,17,34,37,0,4,3,3,0,9,3,92,0,0,0,0,0,0,0,0,0,3,14,45,3,4,0,0,0,0,0,62,3,9,0,0,0,0,0,0,0,11,123,282,32,38,31,12,3,25,6,547,0,0,0,0,0,0,0,0,0,0,50,36,18,21,10,4,13,10,0,167,76,48,44,38,19,21,28,31,3,310,381,44,955,68,69,104,307,348,30,2304,10,0,13,0,6,0,24,42,0,107,23,4,20,9,5,18,37,29,0,144,5,3,4,3,3,3,3,11,0,38,40,14,44,8,8,18,38,53,26,243,768,543,1133,194,152,186,454,555,79,4053,0,3,0,0,0,0,0,0,0,9,4,13,0,0,0,0,0,0,0,19,10,96,0,3,9,0,0,5,0,121,0,7,0,0,0,0,0,0,0,8
LGA36720,12,42,0,3,6,3,0,0,0,64,39,396,3,7,9,3,0,7,3,467,404,924,42,52,88,42,11,45,27,1641,19,56,3,4,0,3,0,0,3,90,121,476,38,33,41,18,10,16,6,762,55,99,14,14,7,16,4,9,3,219,1437,4579,555,498,426,368,139,266,103,8370,9,7,12,10,3,3,0,6,3,50,542,717,416,267,128,163,111,117,37,2504,806,724,756,552,283,327,180,272,48,3934,2771,817,11530,975,752,1189,1851,2502,352,22728,52,43,92,65,48,92,74,163,8,632,174,98,194,129,58,137,180,190,16,1171,65,86,81,27,21,43,34,63,10,434,135,121,293,78,35,97,165,198,121,1243,6655,9180,14019,2719,1895,2497,2763,3851,732,44303,8,68,0,5,7,5,0,0,0,94,33,308,3,9,20,6,0,3,3,381,254,1357,26,96,167,46,4,35,17,1999,19,105,5,3,20,3,0,3,0,158
LGA36820,0,0,0,0,0,0,0,0,0,3,5,24,0,0,3,0,0,0,0,38,21,41,0,0,3,5,0,0,0,83,0,0,0,0,0,0,0,0,0,0,11,22,0,3,3,0,0,0,0,40,4,3,0,0,3,0,0,0,0,9,86,231,20,37,10,10,7,20,5,427,0,0,0,0,0,0,0,0,0,0,37,43,11,25,10,5,4,14,3,148,41,35,27,35,15,7,11,17,3,192,290,59,796,94,41,80,215,203,24,1800,8,3,7,5,0,3,8,20,0,58,18,7,4,13,4,0,10,15,3,76,3,3,3,3,0,3,3,10,0,27,28,12,21,17,0,10,23,32,13,157,565,490,890,227,93,126,283,338,54,3067,0,4,0,0,0,0,0,0,0,6,6,17,3,0,5,0,0,0,0,34,12,74,0,3,8,0,0,0,0,98,0,5,0,0,0,0,0,0,0,3
LGA36910,4,21,0,0,0,0,0,0,0,30,57,361,4,0,8,0,0,7,0,434,227,531,30,35,51,33,14,66,4,993,9,25,0,0,0,0,0,0,0,39,80,225,16,25,22,13,8,10,3,391,28,59,15,4,19,3,0,0,0,136,752,2461,285,234,243,148,84,224,48,4483,5,3,5,0,4,0,0,7,0,23,248,238,152,110,64,47,52,55,15,979,435,355,397,257,175,88,151,125,30,2019,1417,402,5928,566,418,524,1285,1264,138,11944,49,16,62,40,21,64,67,155,9,487,123,32,71,65,29,53,110,101,4,593,26,32,28,21,9,13,23,23,3,173,93,33,141,38,26,49,128,163,68,736,3545,4807,7142,1412,1097,1030,1918,2192,319,23467,5,18,0,0,4,0,0,0,0,30,27,216,3,8,8,0,0,0,3,268,153,842,16,50,84,13,0,25,4,1191,5,42,0,3,5,0,0,0,0,50
LGA36950,0,0,0,0,0,0,0,0,0,0,0,0,0,0,0,0,0,0,0,0,5,7,0,3,3,0,0,0,0,14,0,3,0,0,0,0,0,0,0,3,0,9,0,0,0,0,0,0,0,13,0,0,0,0,0,0,0,0,0,0,15,36,3,3,3,3,0,3,0,75,0,0,0,0,0,0,0,0,0,3,9,14,3,4,0,0,0,3,0,34,7,3,4,10,3,0,4,0,0,29,36,10,97,18,11,0,6,25,13,214,0,3,0,3,3,0,0,3,0,13,5,3,7,0,3,0,0,0,0,18,0,3,0,0,0,0,0,0,0,4,0,4,4,6,8,0,7,8,4,50,78,95,118,55,40,9,18,43,19,466,0,0,0,0,0,0,0,0,0,0,3,0,0,0,0,0,0,0,0,3,4,30,0,4,3,0,0,0,0,39,0,0,0,0,0,0,0,0,0,0
LGA36960,0,0,0,0,0,0,0,0,0,0,0,0,0,0,0,0,0,0,0,0,4,0,0,0,0,0,0,0,0,4,0,0,0,0,0,0,0,0,0,0,0,0,0,0,0,0,0,0,0,3,0,0,0,0,0,0,0,0,0,0,3,8,0,0,0,0,0,0,0,12,0,0,0,0,0,0,0,0,0,0,0,5,0,0,0,0,0,0,0,11,0,3,0,0,3,0,0,0,0,12,21,45,68,15,22,3,3,24,11,206,0,3,3,12,3,0,0,9,5,40,0,7,4,0,0,0,0,3,0,18,3,0,0,0,0,0,0,0,0,3,3,6,6,5,7,4,4,16,5,58,37,77,85,37,41,5,12,49,17,363,0,0,0,0,0,0,0,0,0,0,0,0,0,0,0,0,0,0,0,0,0,3,0,0,0,0,0,0,0,3,0,0,0,0,0,0,0,0,0,0
LGA37010,3,27,0,0,0,0,0,0,0,37,56,403,0,0,4,0,3,3,4,472,292,517,56,33,50,11,13,29,9,1017,11,39,7,0,0,0,0,0,0,65,68,232,19,28,17,10,6,8,3,387,38,53,8,10,10,0,0,3,3,127,750,2773,340,360,275,136,135,151,53,4974,4,0,3,0,0,0,0,3,0,16,262,281,259,171,86,44,70,34,9,1214,507,406,459,499,209,99,131,111,39,2458,1423,532,7607,1269,571,601,1818,1330,204,15355,32,19,70,92,32,49,77,88,4,466,75,61,74,83,27,48,107,103,7,593,38,62,42,24,5,13,32,29,19,260,66,55,157,64,33,48,130,139,82,767,3617,5459,9099,2648,1319,1075,2522,2028,439,28193,3,50,0,0,5,0,0,0,0,56,34,352,5,8,13,0,0,3,0,413,175,865,20,61,96,20,0,9,12,1249,4,57,0,7,6,3,0,0,0,78
LGA37300,0,0,0,0,0,0,0,0,0,0,0,0,0,0,0,0,0,0,0,3,8,11,3,5,0,0,0,0,0,22,0,0,0,0,0,0,0,0,0,0,0,7,0,0,0,0,0,0,0,12,0,0,0,0,0,0,0,0,0,0,17,50,8,4,3,0,5,0,0,94,0,0,0,0,0,0,0,0,0,0,4,7,9,9,3,0,3,0,0,32,10,8,19,3,0,0,13,0,0,48,27,7,370,11,8,0,164,10,8,611,0,0,3,0,0,0,3,0,0,11,0,0,9,0,0,0,12,4,0,23,3,0,0,0,0,0,0,0,0,6,0,0,11,0,0,0,19,3,0,34,69,87,428,35,15,4,216,19,8,888,0,0,0,0,0,0,0,0,0,0,0,3,0,0,0,0,0,0,0,3,3,25,0,0,0,0,0,0,0,30,0,0,0,0,0,0,0,0,0,3
LGA37310,0,0,0,0,0,0,0,0,0,0,0,0,0,0,0,0,0,0,0,7,22,36,0,3,3,0,3,3,0,69,0,0,0,0,0,0,0,0,0,7,5,19,3,0,0,0,0,0,0,35,4,4,0,0,4,0,0,0,0,15,164,282,59,19,9,12,12,31,7,598,0,0,0,0,0,3,0,0,0,3,83,37,30,19,3,11,19,9,3,207,115,40,72,31,19,17,27,36,0,349,427,55,1339,55,48,76,382,294,54,2737,22,0,11,12,3,14,18,24,0,109,28,5,19,7,6,7,39,24,0,136,7,6,4,0,0,0,9,0,3,38,48,10,40,4,5,20,56,51,23,273,928,492,1574,157,103,165,572,471,98,4564,0,0,0,0,0,0,0,0,0,0,3,6,0,0,0,0,0,0,0,7,7,54,3,0,10,0,0,3,0,76,0,0,0,0,0,0,0,0,0,5
LGA37340,0,3,0,0,0,0,0,0,0,3,0,12,0,0,0,0,0,0,0,14,27,35,6,7,3,4,4,6,0,87,0,0,0,0,0,0,0,0,0,3,11,28,5,4,0,0,0,0,0,47,3,3,3,3,0,0,0,0,0,14,110,232,54,61,26,8,26,65,10,593,7,0,0,0,3,0,0,0,0,8,62,62,36,43,6,8,15,27,0,256,103,57,96,67,19,10,26,28,3,408,397,141,1573,99,53,84,500,347,47,3241,12,24,15,19,3,8,18,25,0,123,21,21,26,14,6,9,34,35,0,168,7,7,6,4,0,5,8,12,0,47,33,21,48,8,8,19,47,71,19,277,785,652,1859,329,128,156,679,618,89,5285,0,4,0,0,0,0,0,0,0,3,0,3,0,0,3,0,0,0,0,9,11,69,0,10,9,3,0,3,0,108,3,7,0,0,0,0,0,0,0,8
LGA37400,0,0,0,0,0,0,0,0,0,0,0,0,0,0,0,0,0,0,0,0,3,0,0,0,0,0,0,0,0,0,0,0,0,0,0,0,0,0,0,0,0,0,0,0,0,0,0,0,0,4,0,0,0,0,0,0,0,0,0,0,3,3,3,3,0,0,0,0,0,12,0,0,0,0,0,0,0,0,0,0,3,0,3,0,0,0,0,0,0,3,3,0,0,0,0,0,0,0,0,3,21,0,37,4,0,0,9,10,0,83,3,0,0,0,0,0,3,3,0,6,4,0,0,0,0,0,0,0,0,4,0,0,0,0,0,0,0,0,0,3,0,0,0,0,0,0,0,3,0,11,40,10,46,8,3,3,17,20,3,139,0,0,0,0,0,0,0,0,0,0,0,0,0,0,0,0,0,0,0,0,3,7,0,0,0,0,0,0,0,11,0,0,0,0,0,0,0,0,0,0
LGA37550,0,0,0,0,0,0,0,0,0,0,0,0,0,0,0,0,0,0,0,0,0,0,0,0,0,0,0,0,0,0,0,0,0,0,0,0,0,0,0,0,0,0,0,3,0,0,0,0,0,4,0,0,0,0,0,0,0,0,0,0,0,3,0,3,0,0,0,0,0,5,0,0,0,0,0,0,0,0,0,0,0,0,0,0,0,0,0,0,0,0,0,0,0,3,0,0,0,0,0,6,0,0,6,3,0,0,0,0,0,14,0,0,0,3,0,0,0,0,0,4,0,0,0,0,0,0,0,0,0,0,0,0,0,0,0,0,0,0,0,0,0,0,0,0,0,0,0,6,0,18,11,4,10,14,3,3,0,7,0,55,0,0,0,0,0,0,0,0,0,0,0,0,0,0,0,0,0,0,0,0,0,0,0,0,0,0,0,0,0,0,0,0,0,0,0,0,0,0,0,0
LGA37570,0,0,0,0,0,0,0,0,0,0,0,0,0,0,0,0,0,0,0,0,0,0,0,0,0,0,0,0,0,0,0,0,0,0,0,0,0,0,0,0,0,0,0,0,0,0,0,0,0,0,0,0,0,0,0,0,0,0,0,0,0,0,0,0,0,0,0,0,0,0,0,0,0,0,0,0,0,0,0,0,0,0,0,0,0,0,0,0,0,0,0,0,0,0,0,0,0,0,0,0,3,0,0,0,0,0,0,0,0,10,0,0,0,0,0,0,0,0,0,0,0,0,0,0,0,0,0,0,0,0,0,0,0,0,0,0,0,0,0,0,0,0,0,0,0,0,0,0,0,0,3,3,3,0,3,0,4,0,0,16,0,0,0,0,0,0,0,0,0,0,0,0,0,0,0,0,0,0,0,0,0,0,0,0,0,0,0,0,0,0,0,0,0,0,0,0,0,0,0,0
LGA37600,0,0,0,0,0,0,0,0,0,0,0,0,0,0,0,0,0,0,0,0,0,0,0,0,0,0,0,0,0,0,0,0,0,0,0,0,0,0,0,0,4,0,0,0,0,0,0,0,0,3,0,0,0,0,0,0,0,0,0,0,0,9,0,0,0,0,0,0,0,10,0,0,0,0,0,0,0,0,0,0,0,0,0,3,0,0,0,0,0,4,0,0,0,3,0,0,0,0,0,10,0,4,18,4,0,0,3,9,3,41,0,3,0,0,0,0,0,0,0,4,0,0,0,0,0,0,0,0,0,7,0,0,0,0,0,0,0,0,0,0,0,3,3,7,0,0,0,3,4,15,7,19,24,23,0,0,3,13,8,99,0,0,0,0,0,0,0,0,0,0,0,0,0,0,0,0,0,0,0,0,0,0,0,0,0,0,0,0,0,0,0,0,0,0,0,0,0,0,0,0
LGA39499,0,0,0,0,0,0,0,0,0,0,0,19,3,0,0,0,0,0,0,21,5,17,4,3,0,0,3,6,0,39,0,0,0,0,0,0,0,0,0,0,0,7,0,0,0,0,0,0,0,13,0,3,0,0,0,0,0,0,0,7,30,82,6,24,11,6,11,66,0,243,0,0,3,0,0,0,0,0,0,3,7,10,4,3,3,0,8,7,3,43,5,15,8,9,3,0,5,16,0,69,40,20,208,25,17,11,70,106,17,512,0,0,7,5,0,0,3,5,0,18,4,0,4,3,0,0,5,5,0,18,0,3,0,3,0,0,5,3,4,26,0,3,16,9,0,3,10,10,11,58,95,180,264,79,37,29,113,234,41,1070,0,3,0,0,0,0,0,0,0,3,0,4,0,0,0,0,0,0,0,7,9,25,0,9,0,0,0,7,0,49,0,0,0,0,0,0,0,0,0,0
LGA39799,0,0,0,0,0,0,0,0,0,0,0,0,0,0,0,0,0,0,0,0,0,0,0,0,0,0,0,0,0,0,0,0,0,0,0,0,0,0,0,0,0,0,0,0,0,0,0,0,0,0,0,0,0,0,0,0,0,0,0,0,0,0,0,0,0,0,0,0,0,0,0,0,0,0,0,0,0,0,0,0,0,0,0,0,0,0,0,0,0,0,3,0,0,0,0,0,0,0,0,3,0,0,3,0,0,0,0,0,0,4,0,0,0,0,0,0,0,0,0,0,0,0,0,0,0,0,0,0,0,0,0,0,0,0,0,0,0,0,0,0,0,0,0,0,0,0,0,0,0,0,3,0,3,0,0,0,0,3,0,10,0,0,0,0,0,0,0,0,0,0,0,0,0,0,0,0,0,0,0,0,0,0,0,0,0,0,0,0,0,0,0,0,0,0,0,0,0,0,0,0
