LGA_CODE_2016,C15_17F_EO_M_O_E_T,C15_17F_EO_M_LPENS,C15_17F_EO_M_T,C15_17F_O_EVWW_M_EO,C15_17F_O_EVWW_M_O_EVWW,C15_17F_O_EVWW_M_O_ENWNA,C15_17F_O_EVWW_M_O_PENS,C15_17F_O_EVWW_M_O_E_T,C15_17F_O_EVWW_M_LPENS,C15_17F_O_EVWW_M_T,C15_17F_O_ENWNA_M_EO,C15_17F_O_ENWNA_M_O_EVWW,C15_17F_O_ENWNA_M_O_ENWNA,C15_17F_O_ENWNA_M_O_PENS,C15_17F_O_ENWNA_M_O_E_T,C15_17F_O_ENWNA_M_LPENS,C15_17F_O_ENWNA_M_T,C15_17F_O_PENS_M_EO,C15_17F_O_PENS_M_O_EVWW,C15_17F_O_PENS_M_O_ENWNA,C15_17F_O_PENS_M_O_PENS,C15_17F_O_PENS_M_O_E_T,C15_17F_O_PENS_M_LPENS,C15_17F_O_PENS_M_T,C15_17F_O_E_T_M_EO,C15_17F_O_E_T_M_O_EVWW,C15_17F_O_E_T_M_O_ENWNA,C15_17F_O_E_T_M_O_PENS,C15_17F_O_E_T_M_O_E_T,C15_17F_O_E_T_M_LPENS,C15_17F_O_E_T_M_T,C15_17F_LPENS_M_EO,C15_17F_LPENS_M_O_EVWW,C15_17F_LPENS_M_O_ENWNA,C15_17F_LPENS_M_O_PENS,C15_17F_LPENS_M_O_E_T,C15_17F_LPENS_M_LPENS,C15_17F_LPENS_M_T,C15_17F_T_M_EO,C15_17F_T_M_O_EVWW,C15_17F_T_M_O_ENWNA,C15_17F_T_M_O_PENS,C15_17F_T_M_O_E_T,C15_17F_T_M_LPENS,C15_17F_T_M_T,C18_20F_EO_M_EO,C18_20F_EO_M_O_EVWW,C18_20F_EO_M_O_ENWNA,C18_20F_EO_M_O_PENS,C18_20F_EO_M_O_E_T,C18_20F_EO_M_LPENS,C18_20F_EO_M_T,C18_20F_O_EVWW_M_EO,C18_20F_O_EVWW_M_O_EVWW,C18_20F_O_EVWW_M_O_ENWNA,C18_20F_O_EVWW_M_O_PENS,C18_20F_O_EVWW_M_O_E_T,C18_20F_O_EVWW_M_LPENS,C18_20F_O_EVWW_M_T,C18_20F_O_ENWNA_M_EO,C18_20F_O_ENWNA_M_O_EVWW,C18_20F_O_ENWNA_M_O_ENWNA,C18_20F_O_ENWNA_M_O_PENS,C18_20F_O_ENWNA_M_O_E_T,C18_20F_O_ENWNA_M_LPENS,C18_20F_O_ENWNA_M_T,C18_20F_O_PENS_M_EO,C18_20F_O_PENS_M_O_EVWW,C18_20F_O_PENS_M_O_ENWNA,C18_20F_O_PENS_M_O_PENS,C18_20F_O_PENS_M_O_E_T,C18_20F_O_PENS_M_LPENS,C18_20F_O_PENS_M_T,C18_20F_O_E_T_M_EO,C18_20F_O_E_T_M_O_EVWW,C18_20F_O_E_T_M_O_ENWNA,C18_20F_O_E_T_M_O_PENS,C18_20F_O_E_T_M_O_E_T,C18_20F_O_E_T_M_LPENS,C18_20F_O_E_T_M_T,C18_20F_LPENS_M_EO,C18_20F_LPENS_M_O_EVWW,C18_20F_LPENS_M_O_ENWNA,C18_20F_LPENS_M_O_PENS,C18_20F_LPENS_M_O_E_T,C18_20F_LPENS_M_LPENS,C18_20F_LPENS_M_T,C18_20F_T_M_EO,C18_20F_T_M_O_EVWW,C18_20F_T_M_O_ENWNA,C18_20F_T_M_O_PENS,C18_20F_T_M_O_E_T,C18_20F_T_M_LPENS,C18_20F_T_M_T,C21_24F_EO_M_EO,C21_24F_EO_M_O_EVWW,C21_24F_EO_M_O_ENWNA,C21_24F_EO_M_O_PENS,C21_24F_EO_M_O_E_T,C21_24F_EO_M_LPENS,C21_24F_EO_M_T,C21_24F_O_EVWW_M_EO,C21_24F_O_EVWW_M_O_EVWW,C21_24F_O_EVWW_M_O_ENWNA,C21_24F_O_EVWW_M_O_PENS,C21_24F_O_EVWW_M_O_E_T,C21_24F_O_EVWW_M_LPENS,C21_24F_O_EVWW_M_T,C21_24F_O_ENWNA_M_EO,C21_24F_O_ENWNA_M_O_EVWW,C21_24F_O_ENWNA_M_O_ENWNA,C21_24F_O_ENWNA_M_O_PENS,C21_24F_O_ENWNA_M_O_E_T,C21_24F_O_ENWNA_M_LPENS,C21_24F_O_ENWNA_M_T,C21_24F_O_PENS_M_EO,C21_24F_O_PENS_M_O_EVWW,C21_24F_O_PENS_M_O_ENWNA,C21_24F_O_PENS_M_O_PENS,C21_24F_O_PENS_M_O_E_T,C21_24F_O_PENS_M_LPENS,C21_24F_O_PENS_M_T,C21_24F_O_E_T_M_EO,C21_24F_O_E_T_M_O_EVWW,C21_24F_O_E_T_M_O_ENWNA,C21_24F_O_E_T_M_O_PENS,C21_24F_O_E_T_M_O_E_T,C21_24F_O_E_T_M_LPENS,C21_24F_O_E_T_M_T,C21_24F_LPENS_M_EO,C21_24F_LPENS_M_O_EVWW,C21_24F_LPENS_M_O_ENWNA,C21_24F_LPENS_M_O_PENS,C21_24F_LPENS_M_O_E_T,C21_24F_LPENS_M_LPENS,C21_24F_LPENS_M_T,C21_24F_T_M_EO,C21_24F_T_M_O_EVWW,C21_24F_T_M_O_ENWNA,C21_24F_T_M_O_PENS,C21_24F_T_M_O_E_T,C21_24F_T_M_LPENS,C21_24F_T_M_T,TCF_EO_M_EO,TCF_EO_M_O_EVWW,TCF_EO_M_O_ENWNA,TCF_EO_M_O_PENS,TCF_EO_M_O_E_T,TCF_EO_M_LPENS,TCF_EO_M_T,TCF_O_EVWW_M_EO,TCF_O_EVWW_M_O_EVWW,TCF_O_EVWW_M_O_ENWNA,TCF_O_EVWW_M_O_PENS,TCF_O_EVWW_M_O_E_T,TCF_O_EVWW_M_LPENS,TCF_O_EVWW_M_T,TCF_O_ENWNA_M_EO,TCF_O_ENWNA_M_O_EVWW,TCF_O_ENWNA_M_O_ENWNA,TCF_O_ENWNA_M_O_PENS,TCF_O_ENWNA_M_O_E_T,TCF_O_ENWNA_M_LPENS,TCF_O_ENWNA_M_T,TCF_O_PENS_M_EO,TCF_O_PENS_M_O_EVWW,TCF_O_PENS_M_O_ENWNA,TCF_O_PENS_M_O_PENS,TCF_O_PENS_M_O_E_T,TCF_O_PENS_M_LPENS,TCF_O_PENS_M_T,TCF_O_E_T_M_EO,TCF_O_E_T_M_O_EVWW,TCF_O_E_T_M_O_ENWNA,TCF_O_E_T_M_O_PENS,TCF_O_E_T_M_O_E_T,TCF_O_E_T_M_LPENS,TCF_O_E_T_M_T,TCF_LPENS_M_EO,TCF_LPENS_M_O_EVWW,TCF_LPENS_M_O_ENWNA,TCF_LPENS_M_O_PENS,TCF_LPENS_M_O_E_T,TCF_LPENS_M_LPENS,TCF_LPENS_M_T,TCF_T_M_EO,TCF_T_M_O_EVWW,TCF_T_M_O_ENWNA,TCF_T_M_O_PENS,TCF_T_M_O_E_T,TCF_T_M_LPENS,TCF_T_M_T
LGA30250,0,0,0,0,10,0,0,10,0,10,0,0,0,0,0,0,0,0,0,0,0,0,0,0,0,10,0,0,10,0,10,0,0,0,0,0,0,0,0,10,0,0,10,0,5,0,0,0,0,0,0,0,0,4,0,0,4,0,4,0,0,0,0,0,0,0,0,0,0,0,0,0,0,0,4,0,0,4,0,4,0,0,0,0,0,0,0,0,4,0,0,4,0,4,0,0,0,0,0,0,0,0,0,0,0,0,0,0,0,0,0,0,0,0,0,0,0,0,0,0,0,0,0,0,0,0,0,0,0,0,0,0,0,0,0,0,0,0,0,0,0,0,0,4,0,0,0,0,0,4,8,197,0,0,197,0,198,0,0,0,0,0,0,0,0,0,0,0,0,0,0,8,197,0,0,197,0,198,0,0,0,0,0,0,0,14,197,0,0,197,0,205
LGA30300,0,0,67,0,0,0,0,0,0,0,0,0,0,0,0,0,0,0,0,0,0,0,0,0,0,0,0,0,0,0,0,0,0,0,0,0,0,0,65,0,0,0,0,0,65,3,0,0,0,0,0,3,0,0,0,0,0,0,0,0,0,0,0,0,0,0,0,0,0,0,0,0,0,0,0,0,0,0,0,0,0,0,0,0,0,0,0,3,0,0,0,0,0,3,0,0,0,0,0,0,0,0,0,0,0,0,0,0,0,0,0,0,0,0,0,0,0,0,0,0,0,0,0,0,0,0,0,0,0,0,0,0,0,0,0,0,0,0,0,0,0,0,0,654,8,0,0,8,0,661,9,20,0,0,20,0,30,0,0,0,0,0,0,0,0,0,0,0,0,0,0,12,20,0,0,20,0,33,0,0,0,0,0,0,0,664,25,0,0,25,0,692
LGA30370,0,0,243,0,12,0,0,14,0,14,0,0,5,0,3,0,3,0,0,0,0,0,0,0,0,11,5,0,21,0,21,3,0,0,0,0,0,3,241,11,5,0,21,0,264,13,0,0,0,0,0,13,0,0,0,0,0,0,0,0,0,0,0,0,0,0,0,0,0,0,0,0,0,0,0,0,0,0,0,0,0,0,0,0,0,0,0,13,0,0,0,0,0,14,3,0,0,0,0,0,3,0,0,0,0,0,0,0,0,0,0,0,0,0,0,0,0,0,0,0,0,0,0,0,0,0,0,0,0,0,0,0,0,0,0,0,3,0,0,0,0,0,4,2482,4,0,0,4,10,2491,39,89,8,3,96,0,131,4,8,33,0,42,0,45,0,0,0,0,0,0,0,36,94,36,3,137,0,180,5,0,0,0,0,4,12,2527,106,36,3,145,7,2681
LGA30410,0,0,35,0,0,0,0,0,0,0,0,0,0,0,0,0,0,0,0,0,0,0,0,0,0,0,0,0,0,0,0,0,0,0,0,0,0,0,37,0,0,0,0,0,37,0,0,0,0,0,0,0,0,0,0,0,0,0,0,0,0,0,0,0,0,0,0,0,0,0,0,0,0,0,0,0,0,0,0,0,0,0,0,0,0,0,0,0,0,0,0,0,0,0,0,0,0,0,0,0,0,0,0,0,0,0,0,0,0,0,0,0,0,0,0,0,0,0,0,0,0,0,0,0,0,0,0,0,0,0,0,0,0,0,0,0,0,0,0,0,0,0,0,373,0,0,0,0,5,374,5,16,0,0,16,0,21,0,0,0,0,0,0,0,3,0,0,0,0,0,3,8,16,0,0,16,0,24,0,0,0,0,0,0,0,381,16,0,0,16,5,402
LGA30450,0,0,0,0,0,0,0,0,0,0,0,0,0,0,0,0,0,0,0,0,0,0,0,0,0,0,0,0,0,0,0,0,0,0,0,0,0,0,0,0,0,0,0,0,0,0,0,0,0,0,0,0,0,0,0,0,0,0,0,0,0,0,0,0,0,0,0,0,0,0,0,0,0,0,0,0,0,0,0,0,0,0,0,0,0,0,0,0,0,0,0,0,0,0,0,0,0,0,0,0,0,0,0,0,0,0,0,0,0,0,0,0,0,0,0,0,0,0,0,0,0,0,0,0,0,0,0,0,0,0,0,0,0,0,0,0,0,0,0,0,0,0,0,25,0,0,0,0,0,25,0,0,0,0,0,0,0,0,0,0,0,0,0,0,0,0,0,0,0,0,0,0,0,0,0,0,0,0,0,0,0,0,0,0,0,25,0,0,0,0,0,25
LGA30760,0,0,19,0,0,0,0,0,0,0,0,0,0,0,0,0,0,0,0,0,0,0,0,0,0,0,0,0,0,0,0,0,0,0,0,0,0,0,19,0,0,0,0,0,19,4,0,0,0,0,0,4,0,0,0,0,0,0,0,0,0,0,0,0,0,0,0,0,0,0,0,0,0,0,0,0,0,0,0,0,0,0,0,0,0,0,0,4,0,0,0,0,0,4,0,0,0,0,0,0,0,0,0,0,0,0,0,0,0,0,0,0,0,0,0,0,0,0,0,0,0,0,0,0,0,0,0,0,0,0,0,0,0,0,0,0,0,0,0,0,0,0,0,232,0,0,0,0,0,235,11,0,0,0,0,0,12,0,0,0,0,0,0,0,0,0,0,0,0,0,0,11,0,0,0,0,0,12,0,0,0,0,0,0,0,243,3,0,0,3,0,248
LGA30900,0,0,0,0,0,0,0,0,0,0,0,0,0,0,0,0,0,0,0,0,0,0,0,0,0,0,0,0,0,0,0,0,0,0,0,0,0,0,0,0,0,0,0,0,0,0,0,0,0,0,0,0,0,0,0,0,0,0,0,0,0,0,0,0,0,0,0,0,0,0,0,0,0,0,0,0,0,0,0,0,0,0,0,0,0,0,0,0,0,0,0,0,0,0,0,0,0,0,0,0,0,0,0,0,0,0,0,0,0,0,0,0,0,0,0,0,0,0,0,0,0,0,0,0,0,0,0,0,0,0,0,0,0,0,0,0,0,0,0,0,0,0,0,20,0,0,0,0,0,20,0,0,0,0,0,0,0,0,0,0,0,0,0,0,0,0,0,0,0,0,0,0,0,0,0,0,0,0,0,0,0,0,0,0,0,20,0,0,0,0,0,20
LGA31000,453,16,16795,809,3720,266,13,4000,0,4813,32,487,598,3,1095,0,1126,7,18,7,4,32,0,39,851,4227,870,30,5122,4,5979,13,4,0,0,4,17,27,17185,4672,875,37,5584,35,22801,8108,202,6,3,211,8,8325,386,2312,185,8,2508,0,2896,24,357,424,4,787,0,813,7,9,3,3,14,0,26,426,2680,618,12,3309,0,3728,0,3,0,0,3,0,5,8533,2888,623,14,3516,12,12066,3622,99,0,0,99,0,3719,154,1152,101,3,1254,0,1405,12,195,277,3,481,0,491,0,9,0,0,11,0,11,162,1358,383,8,1742,0,1906,3,3,0,0,3,4,5,3785,1457,383,8,1842,3,5634,131248,4679,41,43,4763,107,136126,8570,37002,2139,163,39300,27,47894,212,4486,3828,44,8360,6,8578,66,144,15,69,232,3,302,8847,41634,5982,272,47892,37,56777,115,62,4,3,63,177,358,140207,46375,6032,317,52723,325,193254
LGA31750,0,0,0,0,0,0,0,0,0,0,0,0,0,0,0,0,0,0,0,0,0,0,0,0,0,0,0,0,0,0,0,0,0,0,0,0,0,0,0,0,0,0,0,0,0,0,0,0,0,0,0,0,0,0,0,0,0,0,0,0,0,0,0,0,0,0,0,0,0,0,0,0,0,0,0,0,0,0,0,0,0,0,0,0,0,0,0,0,0,0,0,0,0,0,0,0,0,0,0,0,0,0,0,0,0,0,0,0,0,0,0,0,0,0,0,0,0,0,0,0,0,0,0,0,0,0,0,0,0,0,0,0,0,0,0,0,0,0,0,0,0,0,0,36,0,0,0,0,0,36,0,0,0,0,0,0,0,0,0,0,0,0,0,0,0,0,0,0,0,0,0,0,0,0,0,0,0,0,0,0,0,0,0,0,0,36,0,0,0,0,0,36
LGA31820,21,3,1726,39,52,0,0,57,0,97,3,7,3,0,7,0,11,0,0,0,0,0,0,0,44,59,3,0,60,0,105,0,0,0,0,0,3,3,1743,80,8,0,81,9,1833,193,4,0,0,4,0,200,3,8,0,0,8,0,18,3,0,0,0,3,0,3,0,0,0,0,0,0,0,8,11,0,0,15,0,23,0,0,0,0,0,0,0,202,15,0,0,16,0,219,59,0,0,0,0,0,59,0,3,0,0,3,0,3,0,0,0,0,0,0,0,0,0,0,0,0,0,0,0,3,0,0,3,0,3,0,0,0,0,0,0,0,58,3,0,0,3,0,63,11345,138,0,0,143,22,11512,270,457,21,0,478,0,748,13,41,12,0,60,0,71,3,5,0,0,5,0,7,288,502,32,0,539,0,820,18,5,0,0,5,36,56,11647,646,35,0,684,60,12389
LGA31900,5,0,367,11,8,0,0,8,0,22,0,0,0,0,0,0,0,0,0,0,0,0,0,0,11,8,0,0,8,0,22,3,0,0,0,0,0,4,375,13,0,0,13,0,390,37,0,0,0,0,0,37,3,0,0,0,0,0,5,0,0,0,0,0,0,0,0,0,0,0,0,0,0,3,0,0,0,0,0,5,0,0,0,0,0,0,0,38,3,0,0,3,0,38,16,0,0,0,0,0,16,0,0,0,0,0,0,0,0,0,0,0,0,0,0,0,0,0,0,0,0,0,0,0,0,0,0,0,0,0,0,0,0,0,0,0,16,0,0,0,0,0,16,2401,35,0,0,35,3,2434,58,64,4,0,69,0,132,0,6,3,0,9,0,9,0,0,0,0,0,0,0,58,71,9,0,77,0,141,8,3,0,0,3,5,15,2471,103,9,0,113,12,2596
LGA31950,0,0,0,0,0,0,0,0,0,0,0,0,0,0,0,0,0,0,0,0,0,0,0,0,0,0,0,0,0,0,0,0,0,0,0,0,0,0,0,0,0,0,0,0,0,0,0,0,0,0,0,0,0,0,0,0,0,0,0,0,0,0,0,0,0,0,0,0,0,0,0,0,0,0,0,0,0,0,0,0,0,0,0,0,0,0,0,0,0,0,0,0,0,0,0,0,0,0,0,0,0,0,0,0,0,0,0,0,0,0,0,0,0,0,0,0,0,0,0,0,0,0,0,0,0,0,0,0,0,0,0,0,0,0,0,0,0,0,0,0,0,0,0,26,0,0,0,0,0,26,0,0,0,0,0,0,0,0,0,0,0,0,0,0,0,0,0,0,0,0,0,0,0,0,0,0,0,0,3,0,0,0,0,0,3,29,0,0,0,0,0,31
LGA32080,70,5,2402,184,287,9,0,297,0,482,9,30,63,0,97,0,105,0,3,0,0,5,0,5,188,318,79,0,393,0,588,0,0,0,0,0,0,3,2524,386,79,4,470,6,2993,310,12,0,0,12,3,316,26,54,0,0,51,0,81,5,13,16,0,32,0,37,0,0,0,0,0,0,0,30,72,15,0,84,0,116,0,0,0,0,0,0,0,333,81,15,0,96,4,430,136,0,0,0,0,0,136,12,25,3,0,28,0,41,0,8,10,0,18,0,18,0,0,0,0,0,0,0,12,36,14,0,45,0,60,0,0,0,0,0,0,0,151,32,14,0,50,0,198,17729,543,13,10,573,40,18341,1400,2615,148,10,2775,5,4180,34,302,419,4,725,0,756,17,14,0,18,39,0,55,1457,2928,564,38,3533,5,4995,35,4,0,0,6,34,72,19218,3479,582,47,4110,75,23404
LGA32250,0,0,3,0,0,0,0,0,0,0,0,0,0,0,0,0,0,0,0,0,0,0,0,0,0,0,0,0,0,0,0,0,0,0,0,0,0,0,3,0,0,0,0,0,3,0,0,0,0,0,0,0,0,0,0,0,0,0,0,0,0,0,0,0,0,0,0,0,0,0,0,0,0,0,0,0,0,0,0,0,0,0,0,0,0,0,0,0,0,0,0,0,0,0,0,0,0,0,0,0,0,0,0,0,0,0,0,0,0,0,0,0,0,0,0,0,0,0,0,0,0,0,0,0,0,0,0,0,0,0,0,0,0,0,0,0,0,0,0,0,0,0,0,192,0,0,0,0,0,192,10,3,0,0,3,0,15,0,0,0,0,0,0,0,0,0,0,0,0,0,0,10,3,0,0,3,0,15,0,0,0,0,0,3,3,200,3,0,0,3,3,207
LGA32260,11,0,459,13,35,0,0,35,0,44,3,7,7,0,13,0,13,0,0,0,0,0,0,3,17,37,7,0,49,0,58,0,0,0,0,0,0,0,469,43,7,0,52,0,524,16,0,0,0,0,0,16,0,0,0,0,0,0,0,0,0,3,0,3,0,3,0,0,0,0,0,0,0,0,0,3,0,4,0,4,0,0,0,0,0,0,0,16,0,3,0,5,0,22,8,0,0,0,0,0,8,0,5,0,0,5,0,5,0,0,0,0,0,0,0,0,0,0,0,0,0,0,0,5,0,0,5,0,5,0,0,0,0,0,0,0,8,5,0,0,5,0,8,3206,76,3,9,85,12,3305,144,318,23,0,343,0,483,7,29,37,0,69,0,77,0,5,0,0,5,0,6,149,358,61,3,419,0,565,7,0,0,0,0,12,17,3366,433,58,11,501,25,3893
LGA32270,3,4,454,8,31,0,0,31,0,41,0,0,0,0,0,0,0,0,0,0,0,0,0,0,8,31,0,0,31,0,41,0,0,0,0,0,0,3,456,40,0,0,38,4,499,13,0,0,0,0,0,13,0,5,0,0,5,0,5,0,0,0,0,0,0,0,0,0,0,0,0,0,0,0,5,0,0,5,0,5,0,0,0,0,0,0,0,13,5,0,0,5,0,19,3,0,0,0,0,0,3,0,0,0,0,0,0,0,0,0,0,0,0,0,0,0,0,0,0,0,0,0,0,0,0,0,0,0,0,0,0,0,0,0,0,0,3,0,0,0,0,0,3,4980,42,0,0,40,17,5035,96,260,3,0,260,0,356,4,13,13,0,27,0,25,0,0,0,0,0,0,0,95,270,13,0,286,0,388,21,0,0,0,0,9,37,5102,312,13,3,326,26,5454
LGA32310,0,0,170,4,4,0,0,4,0,15,0,0,0,0,0,0,0,0,0,0,0,0,0,0,4,4,0,0,4,0,15,0,0,0,0,0,0,0,172,7,0,0,7,0,180,5,0,0,0,0,0,5,0,0,0,0,0,0,0,0,0,0,0,0,0,0,0,0,0,0,0,0,0,0,0,0,0,0,0,0,0,0,0,0,0,0,0,5,0,0,0,0,0,5,0,0,0,0,0,0,0,0,0,0,0,0,0,0,0,0,0,0,0,0,0,0,0,0,0,0,0,0,0,0,0,0,0,0,0,0,0,0,0,0,0,0,0,0,0,0,0,0,0,1441,6,0,0,8,0,1451,32,47,0,0,47,0,78,3,3,0,0,3,0,9,0,0,0,0,0,0,0,38,47,0,0,47,0,85,5,0,0,0,0,0,9,1488,57,0,0,57,4,1542
LGA32330,0,0,19,0,0,0,0,0,0,0,0,0,0,0,0,0,0,0,0,0,0,0,0,0,0,0,0,0,0,0,0,0,0,0,0,0,0,0,19,0,0,0,0,0,19,0,0,0,0,0,0,0,0,0,0,0,0,0,0,0,0,0,0,0,0,0,0,0,0,0,0,0,0,0,0,0,0,0,0,0,0,0,0,0,0,0,0,0,0,0,0,0,0,0,0,0,0,0,0,0,0,0,0,0,0,0,0,0,0,0,0,0,0,0,0,0,0,0,0,0,0,0,0,0,0,0,0,0,0,0,0,0,0,0,0,0,0,0,0,0,0,0,0,183,0,0,0,0,0,183,0,12,0,0,12,0,12,0,0,0,0,0,0,0,0,0,0,0,0,0,0,0,12,0,0,12,0,12,0,0,0,0,0,4,4,183,12,0,0,12,4,198
LGA32450,0,0,27,0,0,0,0,0,0,0,0,0,0,0,0,0,0,0,0,0,0,0,0,0,0,0,0,0,0,0,0,0,0,0,0,0,0,0,29,0,0,0,0,0,29,0,0,0,0,0,0,0,0,0,0,0,0,0,0,0,0,0,0,0,0,0,0,0,0,0,0,0,0,0,0,0,0,0,0,0,0,0,0,0,0,0,0,0,0,0,0,0,0,0,0,0,0,0,0,0,0,0,0,0,0,0,0,0,0,0,0,0,0,0,0,0,0,0,0,0,0,0,0,0,0,0,0,0,0,0,0,0,0,0,0,0,0,0,0,0,0,0,0,377,0,0,0,0,0,375,16,27,0,0,27,0,44,0,0,0,0,0,0,0,0,0,0,0,0,0,0,16,27,0,0,27,0,44,0,0,0,0,0,0,0,396,27,0,0,27,0,417
LGA32500,0,0,35,0,3,0,0,3,0,3,0,0,0,0,0,0,0,0,0,0,0,0,0,0,0,3,0,0,3,0,3,0,0,0,0,0,0,0,35,3,0,0,3,0,41,4,0,0,0,0,0,4,0,0,0,0,0,0,0,0,0,0,0,0,0,0,0,0,0,0,0,0,0,0,0,0,0,0,0,0,0,0,0,0,0,0,0,4,0,0,0,0,0,4,0,0,0,0,0,0,0,0,0,0,0,0,0,0,0,0,0,0,0,0,0,0,0,0,0,0,0,0,0,0,0,0,0,0,0,0,0,0,0,0,0,0,0,0,0,0,0,0,0,375,3,0,0,3,3,379,29,28,0,0,28,0,60,0,0,0,0,0,0,0,0,0,0,0,0,0,0,29,28,0,0,28,0,60,3,0,0,0,0,3,8,406,33,0,0,33,3,441
LGA32600,0,0,0,0,0,0,0,0,0,0,0,0,0,0,0,0,0,0,0,0,0,0,0,0,0,0,0,0,0,0,0,0,0,0,0,0,0,0,0,0,0,0,0,0,0,0,0,0,0,0,0,0,0,0,0,0,0,0,0,0,0,0,0,0,0,0,0,0,0,0,0,0,0,0,0,0,0,0,0,0,0,0,0,0,0,0,0,0,0,0,0,0,0,0,0,0,0,0,0,0,0,0,0,0,0,0,0,0,0,0,0,0,0,0,0,0,0,0,0,0,0,0,0,0,0,0,0,0,0,0,0,0,0,0,0,0,0,0,0,0,0,0,0,30,0,0,0,0,0,30,0,0,0,0,0,0,0,0,0,0,0,0,0,0,0,0,0,0,0,0,0,0,0,0,0,0,0,0,0,0,0,0,0,0,0,29,0,0,0,0,0,29
LGA32750,0,0,0,0,0,0,0,0,0,0,0,0,0,0,0,0,0,0,0,0,0,0,0,0,0,0,0,0,0,0,0,0,0,0,0,0,0,0,0,0,0,0,0,0,0,0,0,0,0,0,0,0,0,0,0,0,0,0,0,0,0,0,0,0,0,0,0,0,0,0,0,0,0,0,0,0,0,0,0,0,0,0,0,0,0,0,0,0,0,0,0,0,0,0,0,0,0,0,0,0,0,0,0,0,0,0,0,0,0,0,0,0,0,0,0,0,0,0,0,0,0,0,0,0,0,0,0,0,0,0,0,0,0,0,0,0,0,0,0,0,0,0,0,34,0,0,0,0,0,34,0,0,0,0,0,0,0,0,0,0,0,0,0,0,0,0,0,0,0,0,0,0,0,0,0,0,0,0,0,0,0,0,0,0,0,34,0,0,0,0,0,30
LGA32770,0,0,14,0,0,0,0,0,0,0,0,0,0,0,0,0,0,0,0,0,0,0,0,0,0,0,0,0,0,0,0,0,0,0,0,0,0,0,14,0,0,0,0,0,14,0,0,0,0,0,0,0,0,0,0,0,0,0,0,0,0,0,0,0,0,0,0,0,0,0,0,0,0,0,0,0,0,0,0,0,0,0,0,0,0,0,0,0,0,0,0,0,0,0,0,0,0,0,0,0,0,0,0,0,0,0,0,0,0,0,0,0,0,0,0,0,0,0,0,0,0,0,0,0,0,0,0,0,0,0,0,0,0,0,0,0,0,0,0,0,0,0,0,374,3,0,0,3,0,374,0,4,0,0,4,0,3,0,0,0,0,0,0,0,0,0,0,0,0,0,0,0,4,0,0,4,0,3,0,0,0,0,0,0,0,374,6,0,0,6,0,378
LGA32810,0,3,147,6,3,0,0,3,0,11,0,0,0,0,0,0,0,3,0,0,0,0,0,3,5,3,0,0,3,0,11,0,0,0,0,0,0,0,150,3,0,0,3,3,158,7,0,0,0,0,0,7,0,0,0,0,0,0,0,0,0,0,0,0,0,0,0,0,0,0,0,0,0,0,0,0,0,0,0,0,0,0,0,0,0,0,0,12,0,0,0,0,0,12,0,0,0,0,0,0,0,0,0,0,0,0,0,0,0,0,0,0,0,0,0,0,0,0,0,0,0,0,0,0,0,0,0,0,0,0,0,0,0,0,0,0,0,0,0,0,0,0,0,1176,20,0,0,22,6,1197,49,64,0,0,67,0,110,0,3,0,0,3,0,3,3,0,0,0,0,0,3,48,66,0,0,65,0,119,3,0,0,0,0,0,3,1230,80,0,0,82,6,1319
LGA33100,0,0,6,0,0,0,0,0,0,0,0,0,0,0,0,0,0,0,0,0,0,0,0,0,0,0,0,0,0,0,0,0,0,0,0,0,0,0,6,0,0,0,0,0,6,0,0,0,0,0,0,0,0,0,0,0,0,0,0,0,0,0,0,0,0,0,0,0,0,0,0,0,0,0,0,0,0,0,0,0,0,0,0,0,0,0,0,0,0,0,0,0,0,0,0,0,0,0,0,0,0,0,0,0,0,0,0,0,0,0,0,0,0,0,0,0,0,0,0,0,0,0,0,0,0,0,0,0,0,0,0,0,0,0,0,0,0,0,0,0,0,0,0,96,0,0,0,0,0,96,3,0,0,0,0,0,3,0,0,0,0,0,0,0,0,0,0,0,0,0,0,3,0,0,0,0,0,3,0,0,0,0,0,3,3,99,0,0,0,0,3,104
LGA33200,0,0,12,0,0,0,0,0,0,0,0,0,0,0,0,0,0,0,0,0,0,0,0,0,0,0,0,0,0,0,0,0,0,0,0,0,0,0,12,0,0,0,0,0,12,0,0,0,0,0,0,0,0,0,0,0,0,0,0,0,0,0,0,0,0,0,0,0,0,0,0,0,0,0,0,0,0,0,0,0,0,0,0,0,0,0,0,0,0,0,0,0,0,0,0,0,0,0,0,0,0,0,0,0,0,0,0,0,0,0,0,0,0,0,0,0,0,0,0,0,0,0,0,0,0,0,0,0,0,0,0,0,0,0,0,0,0,0,0,0,0,0,0,188,0,0,0,0,0,188,4,0,0,0,0,0,3,0,0,0,0,0,0,0,0,0,0,0,0,0,0,4,0,0,0,0,0,3,0,0,0,0,0,0,0,190,0,0,0,0,0,190
LGA33220,23,8,1669,44,26,0,0,26,0,69,0,3,3,0,3,0,8,0,0,0,0,0,0,0,40,32,3,0,34,0,79,3,0,0,0,0,0,3,1685,55,3,0,58,6,1750,150,3,0,0,3,0,152,7,0,0,0,0,0,6,0,0,0,0,0,0,0,0,0,0,0,0,0,0,7,0,0,0,0,0,6,0,0,0,0,0,0,0,157,4,0,0,4,0,168,42,0,0,0,0,0,42,3,0,0,0,0,0,3,0,0,0,0,0,0,0,0,0,0,0,0,0,0,3,0,0,0,0,0,4,0,0,0,0,0,0,0,48,0,0,0,0,0,49,11378,140,0,0,140,24,11544,291,331,3,3,336,0,631,6,15,5,0,29,0,38,0,6,0,0,6,0,6,302,355,14,3,371,0,668,15,0,0,0,0,14,28,11690,493,14,3,508,40,12240
LGA33360,16,3,1236,20,81,3,0,91,0,105,0,3,0,0,3,0,3,0,3,0,0,3,0,3,20,88,3,0,95,0,111,0,0,0,0,0,0,4,1233,108,3,0,114,3,1348,59,3,0,0,3,0,64,0,19,0,0,19,0,19,0,0,0,0,0,0,0,0,0,0,0,0,0,0,0,19,0,0,19,0,19,0,0,0,0,0,0,0,59,21,0,0,19,0,77,19,0,0,0,0,0,19,3,0,0,0,0,0,8,0,0,0,0,0,0,0,0,0,0,0,0,0,0,3,0,0,0,0,0,8,0,0,0,0,0,0,0,22,0,0,0,0,0,27,9753,128,0,0,128,18,9899,238,849,11,3,861,0,1097,6,58,3,0,59,0,65,0,14,0,0,14,0,14,241,922,12,4,940,0,1182,11,3,0,0,3,17,37,10014,1051,12,4,1068,34,11115
LGA33430,204,13,9196,438,993,68,3,1066,0,1506,11,85,61,0,143,0,157,3,4,0,3,7,0,10,451,1083,126,7,1215,0,1665,10,0,0,0,0,10,24,9443,1281,137,4,1422,18,10885,2852,61,0,0,62,4,2918,158,499,34,3,535,0,693,3,62,52,0,113,0,116,0,0,0,0,0,0,4,164,562,84,3,644,0,806,0,0,0,0,0,3,3,3012,622,87,3,707,7,3724,1161,19,0,0,19,0,1179,75,213,24,0,239,0,310,3,23,31,0,55,0,63,0,0,0,0,0,0,0,72,233,58,0,296,0,376,0,0,0,0,0,0,0,1239,249,58,0,317,0,1551,69664,2076,24,11,2115,106,71893,4010,8648,502,37,9184,30,13222,92,829,457,4,1293,0,1382,26,42,0,19,57,0,83,4129,9515,961,60,10533,30,14692,75,16,0,0,16,95,185,73873,11608,984,70,12666,234,86770
LGA33610,0,0,158,0,7,0,0,7,0,9,0,0,0,0,0,0,0,0,0,0,0,0,0,0,0,7,0,0,7,0,9,0,0,0,0,0,0,0,156,7,0,0,7,0,161,14,0,0,0,0,0,14,0,0,0,0,0,0,0,0,0,0,0,0,0,0,0,0,0,0,0,0,0,0,0,0,0,0,0,0,0,0,0,0,0,0,0,14,0,0,0,0,0,14,3,0,0,0,0,0,3,0,0,0,0,0,0,0,0,0,0,0,0,0,0,0,0,0,0,0,0,0,0,0,0,0,0,0,0,0,0,0,0,0,0,0,3,0,0,0,0,0,3,1639,4,0,0,6,4,1647,13,46,3,0,48,0,62,0,6,4,0,10,0,10,0,0,0,0,0,0,0,13,52,3,0,56,0,69,3,0,0,0,0,6,7,1652,53,3,5,62,13,1724
LGA33620,11,3,873,14,17,0,0,12,0,30,0,0,3,0,3,0,3,0,0,0,0,0,0,0,14,17,4,0,16,0,34,5,0,0,0,0,0,6,887,20,4,0,25,3,918,87,0,0,0,0,0,87,4,3,0,0,3,0,6,0,0,0,0,0,0,0,0,0,0,0,0,0,0,4,3,0,0,3,0,6,0,0,0,0,0,0,0,91,3,0,0,3,0,92,38,0,0,0,0,0,38,0,0,0,0,0,0,0,0,0,0,0,0,0,0,0,0,0,0,0,0,0,0,0,0,0,0,0,0,0,0,0,0,0,0,0,38,0,0,0,0,0,38,6420,41,0,0,41,16,6476,133,106,3,0,117,0,244,9,4,5,0,9,0,22,7,0,0,0,0,0,7,148,115,10,0,126,0,269,20,0,0,0,0,8,24,6581,155,10,0,167,28,6775
LGA33800,9,0,233,3,4,0,0,4,0,10,0,0,0,0,0,0,0,0,0,0,0,0,0,0,10,4,0,0,4,0,10,0,0,0,0,0,0,0,238,8,0,0,8,0,251,15,0,0,0,0,0,15,0,0,0,0,0,0,0,0,0,0,0,0,0,0,0,0,0,0,0,0,0,0,0,0,0,0,0,0,0,0,0,0,0,0,0,15,0,0,0,0,0,15,5,0,0,0,0,0,5,0,4,0,0,4,0,4,0,0,0,0,0,0,0,0,0,0,0,0,0,0,0,4,0,0,4,0,4,0,0,0,0,0,0,0,5,4,0,0,4,0,10,1330,42,0,0,42,4,1376,30,32,0,0,32,0,63,4,0,0,0,0,0,4,0,0,0,0,0,0,0,35,32,0,0,32,0,70,7,0,0,0,0,0,7,1370,74,0,0,74,4,1447
LGA33830,0,0,3,0,9,0,0,9,0,7,0,0,0,0,0,0,0,0,0,0,0,0,0,0,0,9,0,0,9,0,7,0,0,0,0,0,0,0,3,9,0,0,9,0,13,0,0,0,0,0,0,0,0,0,0,0,0,0,0,0,0,0,0,0,0,0,0,0,0,0,0,0,0,0,0,0,0,0,0,0,0,0,0,0,0,0,0,0,0,0,0,0,0,0,0,0,0,0,0,0,0,0,0,0,0,0,0,0,0,0,0,0,0,0,0,0,0,0,0,0,0,0,0,0,0,0,0,0,0,0,0,0,0,0,0,0,0,0,0,0,0,0,0,8,15,0,0,15,0,23,4,123,0,0,123,0,124,0,7,0,0,7,0,7,3,0,0,0,0,0,3,3,132,0,0,132,0,136,0,0,0,0,0,0,0,16,142,0,0,142,0,159
LGA33960,81,9,3297,116,486,47,3,530,0,651,3,72,50,0,123,3,129,0,5,0,13,11,0,11,123,561,98,9,672,5,794,3,0,0,0,0,3,10,3330,642,97,12,754,17,4096,897,15,0,0,15,0,910,36,190,16,0,206,0,238,3,37,26,0,67,0,70,0,0,0,3,3,0,3,35,229,45,3,277,0,311,0,0,0,0,0,0,3,933,242,45,3,292,3,1225,336,4,0,0,4,0,345,16,74,5,0,74,0,95,0,20,15,0,31,0,31,0,0,0,0,0,0,0,16,86,25,0,107,0,123,0,0,0,0,0,0,0,351,93,25,0,113,0,469,27663,824,10,17,847,42,28556,1148,4836,277,22,5136,18,6301,37,546,353,3,906,8,947,13,43,0,61,97,0,111,1203,5430,630,86,6141,25,7360,37,10,0,0,10,23,73,28896,6258,638,102,6996,96,35985
LGA33980,0,0,321,6,24,0,0,24,0,31,0,0,0,0,0,0,0,0,0,0,0,0,0,0,6,24,0,0,24,0,31,0,0,0,0,0,0,0,322,25,0,0,25,0,346,13,0,0,0,0,0,13,0,0,0,0,0,0,0,0,0,0,0,0,0,0,0,0,0,0,0,0,0,0,0,0,0,0,0,0,0,0,0,0,0,0,0,13,0,0,0,0,0,13,4,0,0,0,0,0,4,0,0,0,0,0,0,3,0,0,0,0,0,0,0,0,0,0,0,0,0,0,0,0,0,0,0,0,3,0,0,0,0,0,0,0,7,0,0,0,0,0,5,3880,35,0,0,35,20,3935,88,208,0,0,208,0,295,3,13,0,0,11,0,11,0,0,0,0,0,0,0,91,221,0,0,220,0,310,10,0,0,0,0,3,14,3987,253,0,0,260,21,4264
LGA34420,0,0,8,0,0,0,0,0,0,0,0,0,0,0,0,0,0,0,0,0,0,0,0,0,0,0,0,0,0,0,0,0,0,0,0,0,0,0,8,0,0,0,0,0,8,0,0,0,0,0,0,0,0,0,0,0,0,0,0,0,0,0,0,0,0,0,0,0,0,0,0,0,0,0,0,0,0,0,0,0,0,0,0,0,0,0,0,0,0,0,0,0,0,0,0,0,0,0,0,0,0,0,0,0,0,0,0,0,0,0,0,0,0,0,0,0,0,0,0,0,0,0,0,0,0,0,0,0,0,0,0,0,0,0,0,0,0,0,0,0,0,0,0,124,0,0,0,0,0,124,0,3,0,0,3,0,3,0,0,0,0,0,0,0,0,0,0,0,0,0,0,0,3,0,0,3,0,3,0,0,0,0,0,0,0,129,3,0,0,3,0,132
LGA34530,3,0,715,12,14,0,0,14,0,21,0,0,0,0,0,0,0,0,0,0,0,0,0,0,12,14,0,0,14,0,21,3,0,0,0,0,0,3,723,14,0,0,14,3,740,114,0,0,0,0,0,114,0,0,0,0,0,0,3,0,0,0,0,0,0,0,0,0,0,0,0,0,0,4,0,0,0,0,0,8,0,0,0,0,0,0,0,119,0,0,0,0,0,124,38,0,0,0,0,0,37,0,0,0,0,0,0,3,0,0,0,0,0,0,0,0,0,0,0,0,0,0,0,0,0,0,0,0,3,0,0,0,0,0,0,0,41,3,0,0,3,0,39,4979,34,0,0,34,3,5010,97,103,3,4,108,0,208,7,0,3,0,3,0,5,0,0,0,4,4,0,4,106,103,8,6,110,0,216,14,0,0,0,0,3,11,5089,135,8,6,147,8,5241
LGA34570,0,0,0,0,0,0,0,0,0,0,0,0,0,0,0,0,0,0,0,0,0,0,0,0,0,0,0,0,0,0,0,0,0,0,0,0,0,0,0,0,0,0,0,0,0,0,0,0,0,0,0,0,0,0,0,0,0,0,0,0,0,0,0,0,0,0,0,0,0,0,0,0,0,0,0,0,0,0,0,0,0,0,0,0,0,0,0,0,0,0,0,0,0,0,0,0,0,0,0,0,0,0,0,0,0,0,0,0,0,0,0,0,0,0,0,0,0,0,0,0,0,0,0,0,0,0,0,0,0,0,0,0,0,0,0,0,0,0,0,0,0,0,0,75,3,0,0,3,0,81,3,48,0,0,48,0,55,0,0,0,0,0,0,0,0,0,0,3,3,0,3,3,48,0,3,49,0,55,0,0,0,0,0,0,0,77,55,0,3,57,0,135
LGA34580,3,0,783,10,19,0,0,19,0,26,0,3,0,0,5,0,10,0,0,0,0,0,0,0,8,24,0,0,26,0,37,0,0,0,0,0,0,0,793,27,0,0,29,0,822,111,0,0,0,0,0,118,5,0,0,0,0,0,4,0,0,3,0,5,0,5,0,0,0,0,0,0,0,5,0,3,0,4,0,10,0,0,0,0,0,0,0,117,5,3,0,8,0,126,41,0,0,0,0,0,41,0,0,0,0,0,0,0,0,0,0,0,0,0,0,0,0,0,0,0,0,0,0,0,0,0,0,0,0,0,0,0,0,0,0,0,41,0,0,0,0,0,41,5529,26,3,0,28,31,5584,109,193,21,0,212,0,320,3,38,48,0,89,0,94,0,0,0,0,0,0,3,109,237,66,0,303,0,415,10,0,0,0,0,6,20,5649,262,71,0,329,38,6024
LGA34590,150,6,5078,213,963,103,10,1076,0,1284,7,137,211,0,355,0,361,0,5,3,12,22,0,22,220,1112,317,21,1450,0,1666,9,0,0,0,0,3,11,5141,1260,322,21,1605,10,6761,1246,31,0,0,29,3,1273,71,426,43,6,473,0,544,6,71,146,0,221,0,220,0,0,3,3,3,0,3,75,493,195,5,697,0,769,0,0,0,0,0,0,0,1318,521,195,11,727,3,2044,483,10,0,0,10,3,499,31,214,23,3,242,0,275,0,43,67,0,118,0,117,0,0,0,0,3,0,3,32,262,89,0,360,0,394,0,0,0,0,0,0,0,517,272,89,0,371,3,890,39594,1492,24,11,1530,82,41202,1914,8683,709,78,9460,8,11380,56,1351,1606,31,2991,3,3043,18,72,22,65,164,0,178,1987,10111,2335,169,12616,10,14610,70,13,3,3,17,94,181,41655,11609,2368,184,14166,178,55994
LGA34710,0,0,45,0,0,0,0,0,0,0,0,0,0,0,0,0,0,0,0,0,0,0,0,0,0,0,0,0,0,0,0,0,0,0,0,0,0,0,45,0,0,0,0,0,52,6,0,0,0,0,0,6,0,0,0,0,0,0,0,0,0,0,0,0,0,0,0,0,0,0,0,0,0,0,0,0,0,0,0,0,0,0,0,0,0,0,0,6,0,0,0,0,0,6,0,0,0,0,0,0,0,0,0,0,0,0,0,0,0,0,0,0,0,0,0,0,0,0,0,0,0,0,0,0,0,0,0,0,0,0,0,0,0,0,0,0,0,0,0,0,0,0,0,466,0,3,0,7,3,478,4,15,0,0,17,0,21,0,0,0,0,0,0,0,0,0,0,0,0,0,0,4,15,0,0,17,0,21,3,0,0,0,0,0,0,473,18,3,0,24,0,501
LGA34770,26,0,2178,41,130,3,4,140,0,186,4,8,4,0,11,0,12,0,0,0,0,0,0,0,42,145,10,3,153,0,196,9,0,0,0,0,0,9,2206,165,10,3,178,0,2382,256,0,0,0,0,3,258,11,41,0,0,40,0,46,3,0,0,0,0,0,3,0,0,0,0,0,0,0,9,39,0,0,45,0,55,0,0,0,0,0,0,0,266,42,0,0,40,3,313,79,0,0,0,0,0,77,0,18,0,0,15,0,16,0,0,0,0,0,0,0,0,0,0,0,0,0,0,0,18,0,4,21,0,17,0,0,0,0,0,0,0,77,18,0,4,21,0,98,15999,187,4,3,196,19,16215,409,1133,31,6,1164,0,1582,15,84,23,0,101,0,124,5,5,0,4,15,0,22,436,1221,48,6,1281,0,1721,27,3,0,0,3,39,67,16465,1413,53,15,1481,52,18002
LGA34800,0,0,0,0,0,0,0,0,0,0,0,0,0,0,0,0,0,0,0,0,0,0,0,0,0,0,0,0,0,0,0,0,0,0,0,0,0,0,0,0,0,0,0,0,0,0,0,0,0,0,0,0,0,0,0,0,0,0,0,0,0,0,0,0,0,0,0,0,0,0,0,0,0,0,0,0,0,0,0,0,0,0,0,0,0,0,0,0,0,0,0,0,0,0,0,0,0,0,0,0,0,0,0,0,0,0,0,0,0,0,0,0,0,0,0,0,0,0,0,0,0,0,0,0,0,0,0,0,0,0,0,0,0,0,0,0,0,0,0,0,0,0,0,95,0,0,0,0,0,95,0,0,0,0,0,0,0,0,0,0,0,0,0,0,0,0,0,0,0,0,0,0,0,0,0,0,0,0,0,0,0,0,0,0,0,98,0,0,0,0,0,102
LGA34830,0,0,4,0,0,0,0,0,0,0,0,0,0,0,0,0,0,0,0,0,0,0,0,0,0,0,0,0,0,0,0,0,0,0,0,0,0,0,4,0,0,0,0,0,4,0,0,0,0,0,0,0,0,0,0,0,0,0,0,0,0,0,0,0,0,0,0,0,0,0,0,0,0,0,0,0,0,0,0,0,0,0,0,0,0,0,0,0,0,0,0,0,0,0,0,0,0,0,0,0,0,0,0,0,0,0,0,0,0,0,0,0,0,0,0,0,0,0,0,0,0,0,0,0,0,0,0,0,0,0,0,0,0,0,0,0,0,0,0,0,0,0,0,50,0,0,0,0,0,50,0,6,0,0,6,0,6,0,0,0,0,0,0,0,0,0,0,0,0,0,0,0,6,0,0,6,0,6,0,0,0,0,0,0,0,50,6,0,0,6,0,58
LGA34860,0,0,177,3,13,0,0,13,0,14,0,0,0,0,0,0,0,0,0,0,0,0,0,0,3,13,0,0,13,0,14,0,0,0,0,0,0,0,182,14,0,0,14,0,190,11,0,0,0,0,0,11,0,0,0,0,0,0,0,0,0,0,0,0,0,0,0,0,0,0,0,0,0,0,0,0,0,0,0,0,0,0,0,0,0,0,0,9,0,0,0,0,0,8,3,0,0,0,0,0,3,0,0,0,0,0,0,0,0,0,0,0,0,0,0,0,0,0,0,0,0,0,0,0,0,0,0,0,0,0,0,0,0,0,0,0,3,0,0,0,0,0,3,1898,22,0,0,22,6,1927,25,100,3,0,98,0,125,0,3,0,0,3,0,3,0,0,0,0,0,0,0,25,97,3,0,101,0,126,17,0,0,0,0,4,23,1936,119,3,0,122,10,2068
LGA34880,21,0,368,17,23,0,0,23,0,42,0,0,0,0,0,0,3,0,0,0,0,0,0,0,16,23,0,0,24,0,43,0,0,0,0,0,0,0,363,48,0,3,49,0,410,26,3,0,0,3,0,31,0,8,0,0,8,0,6,0,0,0,0,0,0,0,0,0,0,0,0,0,0,0,8,0,0,8,0,6,0,0,0,0,0,0,0,27,6,0,0,6,0,38,9,3,0,0,3,0,14,0,5,0,0,5,0,3,0,0,0,0,0,0,0,0,0,0,0,0,0,0,0,5,0,0,5,0,3,0,0,0,0,0,0,0,11,3,0,0,3,0,18,2466,103,0,3,108,4,2572,102,170,5,0,175,0,277,3,5,5,0,11,0,10,5,0,0,0,0,0,5,109,179,5,0,187,0,298,3,0,0,0,0,13,17,2582,280,5,3,293,10,2886
LGA35010,156,4,8560,266,619,31,0,651,0,912,3,40,18,0,62,0,63,3,9,0,0,9,0,12,272,666,49,0,720,0,987,11,0,0,0,0,9,18,8679,812,55,4,875,12,9563,2633,33,0,0,37,4,2674,85,289,12,0,302,0,387,3,20,14,0,28,0,35,0,3,0,0,3,0,3,87,306,24,3,337,0,424,5,0,0,0,0,0,6,2724,340,25,8,375,3,3104,912,6,0,0,9,0,922,42,145,8,0,150,0,193,0,3,10,0,9,0,10,0,0,0,0,0,0,6,45,146,14,3,162,0,207,0,0,0,0,0,0,0,956,152,15,3,169,0,1130,65831,1352,27,17,1397,95,67326,2139,5433,184,24,5644,9,7794,37,319,182,0,505,0,543,40,41,0,17,59,3,99,2223,5791,364,46,6207,13,8436,108,5,0,0,9,119,234,68166,7155,394,62,7609,227,75996
LGA35250,0,0,8,0,0,0,0,0,0,0,0,0,0,0,0,0,0,0,0,0,0,0,0,0,0,0,0,0,0,0,0,0,0,0,0,0,0,0,8,0,0,0,0,0,8,0,0,0,0,0,0,0,0,0,0,0,0,0,0,0,0,0,0,0,0,0,0,0,0,0,0,0,0,0,0,0,0,0,0,0,0,0,0,0,0,0,0,0,0,0,0,0,0,0,0,0,0,0,0,0,0,0,0,0,0,0,0,0,0,0,0,0,0,0,0,0,0,0,0,0,0,0,0,0,0,0,0,0,0,0,0,0,0,0,0,0,0,0,0,0,0,0,0,179,0,0,3,3,0,182,0,11,0,0,11,0,9,0,0,0,0,0,0,0,4,9,0,0,6,0,8,4,15,0,0,19,0,23,0,0,0,0,0,0,0,181,22,0,4,20,0,202
LGA35300,4,0,244,22,34,0,0,34,0,54,0,0,0,0,0,0,0,0,0,0,0,0,0,0,22,34,0,0,38,0,55,0,0,0,0,0,0,0,263,39,0,0,44,0,301,9,0,0,0,0,0,9,0,0,0,0,0,0,0,0,0,0,0,0,0,0,0,0,0,0,0,0,0,0,3,0,0,3,0,4,0,0,0,0,0,0,0,10,7,0,0,7,0,13,4,0,0,0,0,0,4,0,0,0,0,0,0,0,0,0,0,0,0,0,0,0,0,0,0,0,0,0,0,0,0,0,0,0,0,0,0,0,0,0,0,0,4,0,0,0,0,0,5,2590,57,0,0,54,4,2651,115,371,0,0,375,3,490,0,10,3,3,12,0,14,0,0,0,0,0,0,4,121,377,3,3,388,3,503,10,0,0,0,0,9,18,2717,431,7,3,440,17,3172
LGA35600,0,0,56,0,0,0,0,0,0,0,0,0,0,0,0,0,0,0,0,0,0,0,0,0,0,0,0,0,0,0,0,0,0,0,0,0,0,0,56,0,0,0,3,0,57,0,0,0,0,0,0,0,0,0,0,0,0,0,0,0,0,0,0,0,0,0,0,0,0,0,0,0,0,0,0,0,0,0,0,0,0,0,0,0,0,0,0,0,0,0,0,0,0,0,0,0,0,0,0,0,0,0,0,0,0,0,0,0,0,0,0,0,0,0,0,0,0,0,0,0,0,0,0,0,0,0,0,0,0,0,0,0,0,0,0,0,0,0,0,0,0,0,0,559,10,0,0,10,3,574,18,9,0,0,9,0,24,0,12,11,0,22,0,22,0,0,0,0,0,0,0,18,18,11,0,33,0,45,0,0,0,0,0,7,9,575,27,11,0,41,10,625
LGA35670,0,0,3,0,3,0,0,3,0,3,0,0,0,0,0,0,0,0,0,0,0,0,0,0,0,3,0,0,3,0,3,0,0,0,0,0,0,0,9,3,0,0,3,0,7,0,0,0,0,0,0,0,0,0,0,0,0,0,0,0,0,0,0,0,0,0,0,0,0,0,0,0,0,0,0,0,0,0,0,0,0,0,0,0,0,0,0,0,0,0,0,0,0,0,0,0,0,0,0,0,0,0,0,0,0,0,0,0,0,0,0,0,0,0,0,0,0,0,0,0,0,0,0,0,0,0,0,0,0,0,0,0,0,0,0,0,0,0,0,0,0,0,0,127,4,0,0,4,0,133,0,72,0,0,72,0,67,0,0,0,0,0,0,0,0,0,0,0,0,0,0,0,72,0,0,72,0,67,0,0,0,0,0,3,3,126,74,0,0,74,3,204
LGA35740,15,0,928,25,31,0,0,31,0,61,0,3,0,0,3,0,6,0,0,0,0,0,0,0,27,41,0,0,41,0,64,0,0,0,0,0,0,0,935,51,0,0,51,5,992,174,3,0,0,3,0,171,13,10,0,0,10,0,22,0,0,0,0,0,0,0,0,0,0,0,0,0,0,13,10,0,0,10,0,18,0,0,0,0,0,0,0,182,10,0,0,10,0,197,62,0,0,0,0,0,64,3,3,0,0,3,0,7,0,0,0,0,0,0,0,0,0,0,0,0,0,0,3,3,0,0,3,0,7,0,0,0,0,0,0,0,64,5,0,0,5,0,72,6248,128,0,0,128,6,6383,245,282,0,0,282,0,530,10,23,3,0,25,0,32,3,0,0,0,0,0,3,259,302,3,0,304,0,566,9,4,0,0,4,8,13,6514,431,3,0,437,10,6961
LGA35760,0,0,165,3,3,0,0,3,0,7,0,0,0,0,0,0,0,0,0,0,0,0,0,0,3,5,0,0,5,0,12,0,0,0,0,0,0,0,167,7,0,0,10,0,174,4,0,0,0,0,0,4,0,3,0,0,3,0,3,0,0,0,0,0,0,0,0,0,0,0,0,0,0,0,3,0,0,3,0,3,0,0,0,0,0,0,0,4,3,0,0,3,0,3,3,0,0,0,0,0,3,0,0,0,0,0,0,0,0,0,0,0,0,0,0,0,0,0,0,0,0,0,0,0,0,0,0,0,0,0,0,0,0,0,0,0,3,0,0,0,0,0,3,1300,20,0,0,20,7,1331,28,40,3,0,42,0,68,0,0,8,0,8,0,8,0,3,0,0,3,0,3,28,43,8,0,51,0,83,5,0,0,0,0,0,5,1334,64,8,0,76,7,1417
LGA35780,0,0,3,0,36,3,0,34,0,34,0,0,0,0,0,0,0,0,0,0,3,3,0,3,0,36,5,3,42,0,42,0,0,0,0,0,0,0,3,36,5,3,42,0,44,0,0,0,0,0,0,0,0,3,0,0,3,0,3,0,0,0,0,0,0,0,0,0,0,0,0,0,0,0,3,0,0,3,0,3,0,0,0,0,0,0,0,0,3,0,0,3,0,3,0,0,0,0,0,0,0,0,0,0,0,0,0,0,0,0,0,0,0,0,0,0,0,0,0,0,0,0,0,0,0,0,0,0,0,0,0,0,0,0,0,0,0,0,0,0,0,0,0,49,9,0,0,9,0,61,15,541,31,0,573,0,589,0,10,24,0,35,0,35,0,4,0,4,11,0,11,15,553,58,4,614,0,628,0,0,0,0,0,0,0,66,557,58,4,624,0,692
LGA35790,0,0,21,0,0,0,0,0,0,0,0,0,0,0,0,0,0,0,0,0,0,0,0,0,0,0,0,0,0,0,0,0,0,0,0,0,0,0,21,0,0,0,0,0,26,3,0,0,0,0,0,3,0,0,0,0,0,0,0,0,0,0,0,0,0,0,0,0,0,0,0,0,0,0,0,0,0,0,0,0,0,0,0,0,0,0,0,3,0,0,0,0,0,4,0,0,0,0,0,0,0,0,0,0,0,0,0,0,0,0,0,0,0,0,0,0,0,0,0,0,0,0,0,0,0,0,0,0,0,0,0,0,0,0,0,0,0,0,0,0,0,0,0,438,3,0,0,3,0,443,0,29,0,0,29,0,30,0,0,0,0,0,0,0,0,0,0,0,0,0,0,3,29,0,0,29,0,29,0,0,0,0,0,0,0,443,34,0,0,34,3,476
LGA35800,0,0,10,0,0,0,0,0,0,0,0,0,0,0,0,0,0,0,0,0,0,0,0,0,0,0,0,0,0,0,0,0,0,0,0,0,0,0,10,0,0,0,0,0,10,0,0,0,0,0,0,0,0,0,0,0,0,0,0,0,0,0,0,0,0,0,0,0,0,0,0,0,0,0,0,0,0,0,0,0,0,0,0,0,0,0,0,0,0,0,0,0,0,0,0,0,0,0,0,0,0,0,0,0,0,0,0,0,0,0,0,0,0,0,0,0,0,0,0,0,0,0,0,0,0,0,0,0,0,0,0,0,0,0,0,0,0,0,0,0,0,0,0,140,0,0,0,0,0,140,0,0,0,0,0,0,0,0,0,0,0,0,0,0,0,0,0,0,0,0,0,0,0,0,0,0,0,0,0,0,0,0,0,0,0,144,0,0,0,0,0,145
LGA36070,0,0,0,0,3,0,0,3,0,4,0,0,0,0,0,0,0,0,0,0,0,0,0,0,0,3,0,0,3,0,4,0,0,0,0,0,0,0,4,3,0,0,3,0,9,0,0,0,0,0,0,0,0,0,0,0,0,0,0,0,0,0,0,0,0,0,0,0,0,0,0,0,0,0,0,0,0,0,0,0,0,0,0,0,0,0,0,0,0,0,0,0,0,0,0,0,0,0,0,0,0,0,0,0,0,0,0,0,0,0,0,0,0,0,0,0,0,0,0,0,0,0,0,0,0,0,0,0,0,0,0,0,0,0,0,0,0,0,0,0,0,0,0,34,8,0,0,8,0,41,15,45,0,0,45,0,60,0,0,0,0,0,0,0,0,0,0,0,0,0,3,17,45,0,0,49,0,66,0,0,0,0,0,0,0,54,51,0,0,53,0,110
LGA36150,0,0,4,0,0,0,0,0,0,0,0,0,0,0,0,0,0,0,0,0,0,0,0,0,0,0,0,0,0,0,0,0,0,0,0,0,0,0,4,0,0,0,0,0,4,0,0,0,0,0,0,0,0,0,0,0,0,0,0,0,0,0,0,0,0,0,0,0,0,0,0,0,0,0,0,0,0,0,0,0,0,0,0,0,0,0,0,0,0,0,0,0,0,0,0,0,0,0,0,0,0,0,0,0,0,0,0,0,0,0,0,0,0,0,0,0,0,0,0,0,0,0,0,0,0,0,0,0,0,0,0,0,0,0,0,0,0,0,0,0,0,0,0,100,0,0,0,0,0,100,0,0,0,0,0,0,0,0,0,0,0,0,0,0,0,0,0,0,0,0,0,0,0,0,0,0,0,0,0,0,0,0,0,0,0,100,0,0,0,0,0,100
LGA36250,61,9,3369,117,199,10,3,207,0,328,3,10,8,0,23,0,25,0,3,0,0,6,0,8,120,212,20,8,234,0,355,3,0,0,0,0,4,7,3425,271,19,8,293,10,3727,1140,27,0,0,25,0,1170,29,95,3,0,97,0,127,0,9,9,0,13,0,13,0,0,0,0,0,0,0,29,104,8,0,119,0,145,0,0,0,0,0,0,0,1168,132,10,0,143,0,1314,464,11,0,0,12,0,475,17,50,0,0,54,0,72,0,7,3,0,6,0,6,0,0,0,0,0,0,0,17,61,3,0,64,0,80,0,0,0,0,0,0,0,487,69,7,0,72,0,563,22661,514,5,3,525,25,23208,806,1487,45,10,1550,3,2360,14,85,46,0,130,0,147,14,3,0,6,10,0,19,834,1579,88,15,1680,3,2522,30,0,0,0,0,23,51,23525,2091,90,19,2209,53,25779
LGA36300,0,0,0,0,0,0,0,0,0,0,0,0,0,0,0,0,0,0,0,0,0,0,0,0,0,0,0,0,0,0,0,0,0,0,0,0,0,0,0,0,0,0,0,0,0,0,0,0,0,0,0,0,0,0,0,0,0,0,0,0,0,0,0,0,0,0,0,0,0,0,0,0,0,0,0,0,0,0,0,0,0,0,0,0,0,0,0,0,0,0,0,0,0,0,0,0,0,0,0,0,0,0,0,0,0,0,0,0,0,0,0,0,0,0,0,0,0,0,0,0,0,0,0,0,0,0,0,0,0,0,0,0,0,0,0,0,0,0,0,0,0,0,0,88,0,0,0,0,0,88,5,0,0,0,0,0,7,0,0,0,0,0,0,0,0,0,0,0,0,0,0,5,0,0,0,0,0,7,0,0,0,0,0,0,0,93,0,0,0,0,0,91
LGA36370,6,0,1312,18,83,7,0,89,0,112,0,16,16,0,35,0,35,0,0,0,0,0,0,0,18,97,21,0,127,0,144,3,0,0,0,0,0,3,1328,110,21,0,136,0,1462,237,0,0,0,0,0,246,8,22,0,0,22,0,27,0,3,8,0,7,0,9,0,0,0,0,0,0,0,5,21,8,0,26,0,34,0,0,0,0,0,0,0,250,27,8,0,31,0,283,70,0,0,0,0,0,70,3,6,0,0,6,0,8,0,0,3,0,3,0,3,0,0,0,0,0,0,0,3,9,3,0,12,0,17,0,0,0,0,0,0,0,69,9,3,0,12,0,80,10498,137,5,3,143,17,10652,218,806,39,0,846,0,1061,5,76,138,3,219,0,221,5,0,0,0,0,0,5,229,880,182,3,1068,0,1295,22,0,0,0,0,7,23,10743,1019,184,6,1208,26,11970
LGA36510,13,3,888,14,17,0,0,17,0,33,0,0,0,0,0,0,0,0,0,0,0,0,0,0,18,17,0,0,17,0,40,0,0,0,0,0,0,0,896,24,0,0,26,3,928,193,0,0,0,3,0,196,0,5,0,0,5,0,5,0,0,0,0,0,0,0,0,0,0,0,0,0,0,0,5,0,0,5,0,5,0,0,0,0,0,0,0,193,10,3,0,13,0,203,53,0,0,0,3,0,56,0,3,0,0,3,0,5,0,0,0,0,0,0,0,0,0,0,0,0,0,0,0,3,0,0,3,0,5,3,0,0,0,0,0,3,52,3,0,0,3,0,57,6029,63,4,4,67,15,6114,182,131,0,0,131,0,317,0,7,5,0,7,0,7,0,0,0,0,0,0,0,180,141,5,0,145,0,326,19,0,0,0,0,12,28,6229,206,3,4,212,30,6469
LGA36580,3,3,452,9,10,3,0,14,0,22,0,3,3,0,7,0,7,0,0,0,0,0,0,0,9,12,8,0,20,0,29,0,0,0,0,0,0,0,454,16,8,0,25,3,480,68,0,0,0,0,4,75,4,3,0,0,3,0,10,0,0,0,0,0,0,0,0,0,0,0,0,0,0,4,3,0,0,3,0,10,0,0,0,0,0,0,0,71,3,0,0,3,4,78,20,0,0,0,0,0,20,0,0,0,0,0,0,0,0,0,0,0,0,0,0,0,0,0,0,0,0,0,0,0,0,0,0,0,0,0,0,0,0,0,0,0,20,0,0,0,0,0,20,3520,24,0,0,24,3,3548,76,124,12,0,145,0,219,0,9,12,0,22,0,22,0,3,0,0,3,0,7,79,139,24,0,168,0,250,0,0,0,0,0,4,3,3608,162,24,0,186,13,3803
LGA36630,3,0,532,15,11,0,0,13,0,23,0,0,0,0,0,0,0,0,0,0,0,0,0,0,15,11,0,0,13,0,23,5,0,0,0,0,3,4,541,12,0,0,18,3,557,17,0,0,0,0,0,17,0,4,0,0,4,0,5,0,0,0,0,0,0,0,0,0,0,0,0,0,0,0,4,0,0,4,0,5,0,0,0,0,0,0,0,18,8,0,0,8,0,27,8,0,0,0,0,0,8,0,0,0,0,0,0,0,0,0,0,0,0,0,0,0,0,0,0,0,0,0,0,0,0,0,0,0,0,0,0,0,0,0,0,0,6,0,0,0,0,0,6,4239,50,0,0,55,25,4315,124,86,3,0,88,0,207,0,3,4,0,4,0,4,0,0,0,0,0,0,0,124,90,7,0,95,0,212,15,0,0,0,0,13,32,4374,144,8,0,149,33,4556
LGA36660,7,4,740,14,22,4,0,27,0,41,0,0,3,0,4,0,4,0,0,0,0,0,0,4,13,26,8,0,32,0,47,0,0,0,0,0,0,0,749,32,8,0,37,4,792,53,0,0,0,0,0,53,0,4,0,0,4,0,4,0,0,0,0,0,0,0,0,0,0,0,0,0,0,0,5,0,0,4,0,4,0,0,0,0,0,0,0,53,3,0,0,4,0,61,16,0,0,0,0,0,16,0,0,0,0,0,0,0,0,0,0,0,0,0,0,0,0,0,0,0,0,0,0,0,0,0,0,0,3,0,0,0,0,0,0,0,19,0,0,0,0,0,25,4894,76,0,0,76,18,4985,85,145,10,0,157,0,240,3,6,7,0,14,0,19,3,0,0,11,12,0,16,88,155,20,11,189,0,276,11,0,0,0,0,8,19,4996,227,20,11,261,25,5278
LGA36720,71,10,5727,140,195,3,0,200,0,339,0,5,5,0,7,0,8,3,0,0,0,0,0,3,143,195,11,0,209,0,352,4,0,0,0,0,0,9,5792,276,11,0,283,12,6089,1294,24,0,0,24,0,1320,33,61,4,0,58,0,95,0,0,3,0,3,0,5,0,0,0,0,0,0,3,37,56,9,0,69,0,102,0,0,0,0,0,0,0,1336,83,9,0,92,0,1428,506,9,0,0,9,0,517,8,24,0,0,24,0,28,0,0,0,0,0,0,0,0,0,0,0,0,0,0,15,24,0,0,24,0,34,0,0,0,0,0,3,3,521,28,0,0,28,3,548,41252,719,9,0,724,66,42047,1366,1865,56,4,1925,3,3296,33,96,30,0,132,0,159,18,3,0,3,11,0,24,1415,1965,88,8,2066,3,3486,65,3,0,0,3,35,108,42738,2686,98,8,2793,113,45639
LGA36820,3,0,388,10,13,0,0,13,0,22,0,0,0,0,0,0,0,0,0,0,0,0,0,0,10,13,0,0,13,0,22,0,0,0,0,0,3,3,390,17,0,0,17,4,414,32,0,0,0,0,0,30,0,3,0,0,3,0,3,0,0,0,0,0,0,0,0,0,0,0,0,0,0,0,3,0,0,3,0,3,0,0,0,0,0,0,0,32,0,0,0,0,0,35,6,0,0,0,0,0,6,4,0,0,0,0,0,4,0,0,0,0,0,0,0,0,0,0,0,0,0,0,4,0,0,0,0,0,4,0,0,0,0,0,0,0,9,0,0,0,0,0,9,3019,45,3,0,47,4,3072,67,67,0,0,67,0,138,0,0,0,0,0,0,3,3,0,0,0,0,0,3,72,68,0,0,68,0,139,4,0,0,0,0,14,17,3097,112,3,0,117,20,3237
LGA36910,32,3,3176,52,184,10,0,193,0,247,0,22,22,0,44,0,49,0,0,0,0,0,0,0,57,210,34,0,236,0,296,3,0,0,0,0,4,4,3189,238,34,3,274,14,3472,510,3,0,0,3,0,514,11,48,4,0,48,0,61,0,13,9,0,19,0,20,0,0,0,0,3,0,3,19,57,10,0,74,0,89,0,0,0,0,0,0,0,529,61,10,0,74,0,604,208,3,0,0,3,0,213,3,20,3,0,21,0,22,0,0,6,0,6,0,6,0,0,0,0,0,0,0,3,20,11,0,27,0,29,0,0,0,0,0,0,0,214,20,11,0,29,0,244,23681,227,4,12,240,45,23967,438,1909,75,0,1987,0,2422,3,282,178,0,465,0,472,0,16,3,9,30,7,37,444,2205,259,12,2481,5,2927,55,0,0,0,0,23,78,24173,2436,269,24,2725,79,26975
LGA36950,3,0,10,0,25,0,0,25,0,25,0,0,3,0,3,0,3,0,0,0,0,0,0,0,0,25,3,0,34,0,34,0,0,0,0,0,8,8,12,27,3,0,31,8,45,0,0,0,0,0,0,0,0,0,0,0,0,0,0,0,0,0,0,0,0,0,0,0,0,0,0,0,0,0,0,0,0,0,0,0,0,0,0,0,0,0,0,0,0,0,0,0,0,0,0,0,0,0,0,0,0,0,0,0,0,0,0,0,0,0,0,0,0,0,0,0,0,0,0,0,0,0,0,0,0,0,0,0,0,0,0,0,0,0,0,0,0,0,0,0,0,0,0,226,27,0,0,27,0,250,13,272,19,0,289,0,305,3,0,15,0,15,0,16,0,8,0,3,7,0,7,19,275,37,3,316,0,333,3,0,0,0,0,18,23,240,305,37,3,339,18,600
LGA36960,0,0,0,0,26,0,0,28,0,29,0,0,0,0,0,0,0,0,0,0,0,0,0,0,0,27,0,0,27,0,28,0,0,0,0,0,0,0,0,27,0,0,27,0,28,0,0,0,0,0,0,0,0,0,0,0,0,0,0,0,0,0,0,0,0,0,0,0,0,0,0,0,0,0,0,0,0,0,0,0,0,0,0,0,0,0,0,0,0,0,0,0,0,0,0,0,0,0,0,0,0,0,7,0,0,7,0,7,0,0,0,0,0,0,0,0,0,0,0,0,0,0,0,7,0,0,7,0,7,0,0,0,0,0,0,0,0,7,0,0,7,0,4,18,10,0,3,13,0,33,7,819,15,11,849,0,858,0,4,12,0,19,0,19,7,22,0,6,29,0,36,7,851,30,22,899,0,909,0,0,0,0,0,7,7,27,863,30,23,912,7,951
LGA37010,54,3,3196,93,242,16,0,256,0,350,3,26,33,0,56,0,63,0,0,0,4,3,0,3,93,265,47,5,320,0,414,3,0,0,0,0,0,0,3235,325,47,8,378,4,3614,826,9,0,0,9,0,837,31,119,7,3,123,0,159,0,7,13,0,25,0,25,0,0,0,0,0,0,0,31,127,18,3,145,0,181,0,0,0,0,0,0,0,859,138,18,3,157,0,1018,348,7,0,0,7,0,358,9,41,6,3,43,0,56,0,5,7,0,14,0,17,0,0,0,0,0,0,0,14,43,13,3,62,0,69,0,0,0,0,0,0,0,365,50,13,3,64,0,427,25077,421,6,8,437,25,25541,824,2105,78,11,2192,0,3019,26,201,227,0,434,0,456,9,14,0,21,29,0,38,862,2320,308,31,2654,0,3519,31,5,0,0,5,42,72,25963,2743,316,35,3097,67,29136
LGA37300,0,0,57,3,14,0,0,14,0,16,0,0,0,0,0,0,0,0,0,0,0,0,0,0,7,14,0,0,14,0,15,0,0,0,0,0,0,0,57,14,0,0,14,0,68,4,0,0,0,0,0,4,0,0,0,0,0,0,3,0,0,0,0,0,0,0,0,0,0,0,0,0,0,0,0,0,0,0,0,3,0,0,0,0,0,0,0,4,0,0,0,0,0,7,0,0,0,0,0,0,0,0,0,0,0,0,0,0,0,0,0,0,0,0,0,0,0,0,0,0,0,0,0,0,0,0,0,0,0,0,0,0,0,0,0,0,0,0,0,0,0,0,0,744,9,0,0,9,6,755,28,77,3,0,77,0,113,0,0,4,0,4,0,6,3,0,0,0,0,0,3,32,77,4,0,84,0,116,0,0,0,0,0,3,3,777,85,4,0,95,9,877
LGA37310,3,0,590,8,30,0,0,30,0,34,0,3,0,0,3,0,0,0,0,0,0,0,0,0,4,36,0,0,36,0,44,5,0,0,0,0,4,7,602,34,0,0,34,4,637,39,0,0,0,0,0,39,0,5,0,0,5,0,8,0,0,0,0,0,0,0,0,0,0,0,0,0,0,0,5,0,0,5,0,4,0,0,0,0,0,0,0,37,5,0,0,5,0,43,8,0,0,0,0,0,8,0,0,0,0,0,0,0,0,0,0,0,0,0,0,0,0,0,0,0,0,0,0,0,0,0,0,0,0,0,0,0,0,0,0,0,8,0,0,0,0,0,7,5095,26,0,0,26,7,5129,67,263,3,0,269,3,341,0,20,0,0,20,0,23,4,0,0,0,0,0,9,79,291,3,0,293,3,369,24,0,0,0,0,0,30,5191,315,3,0,321,16,5529
LGA37340,3,0,462,10,18,0,0,18,0,29,0,0,0,0,0,0,0,0,0,0,0,0,0,0,10,18,0,0,21,0,34,0,0,0,0,0,0,0,478,21,0,0,21,0,493,13,0,0,0,0,0,13,3,0,0,0,0,0,3,0,0,0,0,0,0,0,0,0,0,0,0,0,0,3,0,0,0,0,0,3,0,0,0,0,0,0,0,15,0,0,0,0,0,15,3,0,0,0,0,0,3,0,0,0,0,0,0,0,0,0,0,0,0,0,0,0,0,0,0,0,0,0,0,0,0,0,0,0,0,0,0,0,0,0,0,0,3,0,0,0,0,0,6,3833,51,0,0,51,12,3887,166,164,4,0,167,3,336,6,8,10,0,22,0,29,0,0,0,0,0,0,0,171,175,12,0,187,3,367,23,0,0,0,0,0,23,4023,222,12,0,239,12,4273
LGA37400,0,0,7,0,0,0,0,0,0,0,0,0,0,0,0,0,0,0,0,0,0,0,0,0,0,0,0,0,0,0,0,0,0,0,0,0,0,0,7,0,0,0,0,0,7,0,0,0,0,0,0,0,0,0,0,0,0,0,0,0,0,0,0,0,0,0,0,0,0,0,0,0,0,0,0,0,0,0,0,0,0,0,0,0,0,0,0,0,0,0,0,0,0,0,3,0,0,0,0,0,3,0,0,0,0,0,0,0,0,0,0,0,0,0,0,0,0,0,0,0,0,0,0,0,0,0,0,0,0,0,0,0,0,0,0,0,3,0,0,0,0,0,3,118,0,0,0,0,0,123,4,0,0,0,0,0,4,0,0,0,0,0,0,0,0,0,0,0,0,0,0,4,0,0,0,0,0,4,0,0,0,0,0,0,0,120,0,0,0,0,0,126
LGA37550,0,0,11,0,0,0,0,0,0,0,0,0,0,0,0,0,0,0,0,0,0,0,0,0,0,0,0,0,0,0,0,0,0,0,0,0,0,0,11,0,0,0,0,0,11,0,0,0,0,0,0,0,0,0,0,0,0,0,0,0,0,0,0,0,0,0,0,0,0,0,0,0,0,0,0,0,0,0,0,0,0,0,0,0,0,0,0,0,0,0,0,0,0,0,0,0,0,0,0,0,0,0,0,0,0,0,0,0,0,0,0,0,0,0,0,0,0,0,0,0,0,0,0,0,0,0,0,0,0,0,0,0,0,0,0,0,0,0,0,0,0,0,0,128,0,0,0,0,0,128,0,17,0,0,17,0,17,0,0,0,0,0,0,0,0,0,0,0,0,0,0,0,17,0,0,19,0,19,0,0,0,0,0,0,0,128,17,0,0,19,0,146
LGA37570,0,0,0,0,0,0,0,0,0,0,0,0,0,0,0,0,0,0,0,0,0,0,0,0,0,0,0,0,0,0,0,0,0,0,0,0,0,0,0,0,0,0,0,0,0,0,0,0,0,0,0,0,0,0,0,0,0,0,0,0,0,0,0,0,0,0,0,0,0,0,0,0,0,0,0,0,0,0,0,0,0,0,0,0,0,0,0,0,0,0,0,0,0,0,0,0,0,0,0,0,0,0,0,0,0,0,0,0,0,0,0,0,0,0,0,0,0,0,0,0,0,0,0,0,0,0,0,0,0,0,0,0,0,0,0,0,0,0,0,0,0,0,0,10,8,0,0,8,0,13,8,8,0,0,8,0,16,0,0,0,0,0,0,0,0,0,0,0,0,0,0,8,8,0,0,8,0,16,0,0,0,0,0,0,0,19,15,0,0,15,0,33
LGA37600,0,0,42,0,3,0,0,3,0,3,0,0,0,0,0,0,0,0,0,0,0,0,0,0,0,3,0,0,3,0,3,0,0,0,0,0,0,3,43,4,0,0,4,0,41,5,0,0,0,0,0,5,0,0,0,0,0,0,0,0,0,0,0,0,0,0,0,0,0,0,0,0,0,0,0,0,0,0,0,0,0,0,0,0,0,0,0,5,0,0,0,0,0,5,0,0,0,0,0,0,0,0,0,0,0,0,0,0,0,0,0,0,0,0,0,0,0,0,0,0,0,0,0,0,0,0,0,0,0,0,0,0,0,0,0,0,0,0,0,0,0,0,0,440,8,0,0,8,0,447,4,40,0,0,40,0,42,0,0,0,0,0,0,0,0,0,0,12,12,0,12,4,40,0,12,50,0,53,4,0,0,0,0,3,6,445,41,0,12,53,3,510
LGA39499,0,0,0,0,0,0,0,0,0,0,0,0,0,0,0,0,0,0,0,0,0,0,0,0,0,0,0,0,0,0,0,0,0,0,0,0,0,0,0,0,0,0,0,0,0,0,0,0,0,0,0,0,0,0,0,0,0,0,0,0,0,0,0,0,0,0,0,0,0,0,0,0,0,0,0,0,0,0,0,0,0,0,0,0,0,0,0,0,0,0,0,0,0,0,0,0,0,0,0,0,0,0,0,0,0,0,0,0,0,0,0,0,0,0,0,0,0,0,0,0,0,0,0,0,0,0,0,0,0,0,0,0,0,0,0,0,0,0,0,0,0,0,0,0,0,0,0,0,0,0,0,0,0,0,0,0,0,0,0,0,0,0,0,0,0,0,0,0,0,0,0,0,0,0,0,0,0,0,0,0,0,0,0,0,0,0,0,0,0,0,0,0
LGA39799,0,0,0,0,0,0,0,0,0,0,0,0,0,0,0,0,0,0,0,0,0,0,0,0,0,0,0,0,0,0,0,0,0,0,0,0,0,0,0,0,0,0,0,0,0,0,0,0,0,0,0,0,0,0,0,0,0,0,0,0,0,0,0,0,0,0,0,0,0,0,0,0,0,0,0,0,0,0,0,0,0,0,0,0,0,0,0,0,0,0,0,0,0,0,0,0,0,0,0,0,0,0,0,0,0,0,0,0,0,0,0,0,0,0,0,0,0,0,0,0,0,0,0,0,0,0,0,0,0,0,0,0,0,0,0,0,0,0,0,0,0,0,0,0,0,0,0,0,0,0,0,0,0,0,0,0,0,0,0,0,0,0,0,0,0,0,0,0,0,0,0,0,0,0,0,0,0,0,0,0,0,0,0,0,0,0,0,0,0,0,0,0
