LGA_CODE_2016,D_21_24_FPT_MPET,D_21_24_FPT_MPULFTW,D_21_24_FPT_MPULPTW,D_21_24_FPT_MPUT,D_21_24_FPT_MPTLF,D_21_24_FPT_MPNLF,D_21_24_FPT_MPLFSNS,D_21_24_FPT_T,TDCF_FPEFT_MPEFT,TDCF_FPEFT_MPEPT,TDCF_FPEFT_MPEAW,TDCF_FPEFT_MPEHNS,TDCF_FPEFT_MPET,TDCF_FPEFT_MPULFTW,TDCF_FPEFT_MPULPTW,TDCF_FPEFT_MPUT,TDCF_FPEFT_MPTLF,TDCF_FPEFT_MPNLF,TDCF_FPEFT_MPLFSNS,TDCF_FPEFT_T,TDCF_FPEPT_MPEFT,TDCF_FPEPT_MPEPT,TDCF_FPEPT_MPEAW,TDCF_FPEPT_MPEHNS,TDCF_FPEPT_MPET,TDCF_FPEPT_MPULFTW,TDCF_FPEPT_MPULPTW,TDCF_FPEPT_MPUT,TDCF_FPEPT_MPTLF,TDCF_FPEPT_MPNLF,TDCF_FPEPT_MPLFSNS,TDCF_FPEPT_T,TDCF_FPEAW_MPEFT,TDCF_FPEAW_MPEPT,TDCF_FPEAW_MPEAW,TDCF_FPEAW_MPEHNS,TDCF_FPEAW_MPET,TDCF_FPEAW_MPULFTW,TDCF_FPEAW_MPULPTW,TDCF_FPEAW_MPUT,TDCF_FPEAW_MPTLF,TDCF_FPEAW_MPNLF,TDCF_FPEAW_MPLFSNS,TDCF_FPEAW_T,TDCF_FPHNS_MPEFT,TDCF_FPHNS_MPEPT,TDCF_FPHNS_MPEAW,TDCF_FPHNS_MPEHNS,TDCF_FPHNS_MPET,TDCF_FPHNS_MPULFTW,TDCF_FPHNS_MPULPTW,TDCF_FPHNS_MPUT,TDCF_FPHNS_MPTLF,TDCF_FPHNS_MPNLF,TDCF_FPHNS_MPLFSNS,TDCF_FPHNS_T,TDCF_FPET_MPEFT,TDCF_FPET_MPEPT,TDCF_FPET_MPEAW,TDCF_FPET_MPEHNS,TDCF_FPET_MPET,TDCF_FPET_MPULFTW,TDCF_FPET_MPULPTW,TDCF_FPET_MPUT,TDCF_FPET_MPTLF,TDCF_FPET_MPNLF,TDCF_FPET_MPLFSNS,TDCF_FPET_T,TDCF_FPULFTW_MPEFT,TDCF_FPULFTW_MPEPT,TDCF_FPULFTW_MPEAW,TDCF_FPULFTW_MPEHNS,TDCF_FPULFTW_MPET,TDCF_FPULFTW_MPULFTW,TDCF_FPULFTW_MPULPTW,TDCF_FPULFTW_MPUT,TDCF_FPULFTW_MPTLF,TDCF_FPULFTW_MPNLF,TDCF_FPULFTW_MPLFSNS,TDCF_FPULFTW_T,TDCF_FPULPTW_MPEFT,TDCF_FPULPTW_MPEPT,TDCF_FPULPTW_MPEAW,TDCF_FPULPTW_MPEHNS,TDCF_FPULPTW_MPET,TDCF_FPULPTW_MPULFTW,TDCF_FPULPTW_MPULPTW,TDCF_FPULPTW_MPUT,TDCF_FPULPTW_MPTLF,TDCF_FPULPTW_MPNLF,TDCF_FPULPTW_MPLFSNS,TDCF_FPULPTW_T,TDCF_FPUT_MPEFT,TDCF_FPUT_MPEPT,TDCF_FPUT_MPEAW,TDCF_FPUT_MPEHNS,TDCF_FPUT_MPET,TDCF_FPUT_MPULFTW,TDCF_FPUT_MPULPTW,TDCF_FPUT_MPUT,TDCF_FPUT_MPTLF,TDCF_FPUT_MPNLF,TDCF_FPUT_MPLFSNS,TDCF_FPUT_T,TDCF_FPTLF_MPEFT,TDCF_FPTLF_MPEPT,TDCF_FPTLF_MPEAW,TDCF_FPTLF_MPEHNS,TDCF_FPTLF_MPET,TDCF_FPTLF_MPULFTW,TDCF_FPTLF_MPULPTW,TDCF_FPTLF_MPUT,TDCF_FPTLF_MPTLF,TDCF_FPTLF_MPNLF,TDCF_FPTLF_MPLFSNS,TDCF_FPTLF_T,TDCF_FPNLF_MPEFT,TDCF_FPNLF_MPEPT,TDCF_FPNLF_MPEAW,TDCF_FPNLF_MPEHNS,TDCF_FPNLF_MPET,TDCF_FPNLF_MPULFTW,TDCF_FPNLF_MPULPTW,TDCF_FPNLF_MPUT,TDCF_FPNLF_MPTLF,TDCF_FPNLF_MPNLF,TDCF_FPNLF_MPLFSNS,TDCF_FPNLF_T,TDCF_FPLFSNS_MPEFT,TDCF_FPLFSNS_MPEPT,TDCF_FPLFSNS_MPEAW,TDCF_FPLFSNS_MPEHNS,TDCF_FPLFSNS_MPET,TDCF_FPLFSNS_MPULFTW,TDCF_FPLFSNS_MPULPTW,TDCF_FPLFSNS_MPUT,TDCF_FPLFSNS_MPTLF,TDCF_FPLFSNS_MPNLF,TDCF_FPLFSNS_MPLFSNS,TDCF_FPLFSNS_T,TDCF_FPT_MPEFT,TDCF_FPT_MPEPT,TDCF_FPT_MPEAW,TDCF_FPT_MPEHNS,TDCF_FPT_MPET,TDCF_FPT_MPULFTW,TDCF_FPT_MPULPTW,TDCF_FPT_MPUT,TDCF_FPT_MPTLF,TDCF_FPT_MPNLF,TDCF_FPT_MPLFSNS,TDCF_FPT_T
LGA30250,0,0,0,0,0,0,0,0,13,3,0,0,16,0,0,0,16,8,0,20,9,6,0,0,17,4,0,4,22,3,0,20,0,0,0,0,0,0,0,0,0,0,0,0,0,0,0,0,0,0,0,0,0,0,0,0,22,10,0,0,32,4,0,3,37,7,0,48,0,0,0,0,0,15,0,15,15,8,0,22,0,0,0,0,3,3,0,3,6,0,0,6,0,0,0,0,3,18,0,18,20,8,0,23,28,13,0,0,39,18,0,22,57,12,0,72,23,16,0,0,36,31,0,31,71,60,0,132,0,0,0,0,0,0,0,0,0,0,0,7,47,26,0,0,79,55,3,51,130,71,0,205
LGA30300,0,0,0,0,0,0,0,0,147,16,0,0,167,0,0,0,167,13,0,175,285,22,3,0,308,4,0,4,309,8,0,318,19,3,0,0,21,0,0,0,21,0,0,21,0,0,0,7,6,0,0,0,6,0,0,6,447,38,3,8,504,4,0,4,507,19,0,528,6,0,0,0,6,0,0,0,9,0,0,9,9,0,0,0,8,0,0,0,8,6,0,16,11,0,0,0,16,0,0,0,12,6,0,21,460,38,3,12,518,0,0,0,517,30,0,550,107,7,0,3,117,0,0,0,116,25,0,145,0,0,0,0,0,0,0,0,0,0,0,0,564,53,3,16,637,0,0,3,640,55,0,692
LGA30370,4,0,0,0,4,0,0,4,621,29,7,12,669,8,3,13,678,14,3,695,863,59,17,16,961,6,0,6,965,19,0,988,78,3,11,6,94,3,0,3,102,0,0,101,11,0,0,24,41,0,0,0,41,3,0,45,1582,94,37,58,1768,18,3,22,1785,37,3,1830,17,0,0,0,22,3,0,3,21,3,0,22,26,3,0,3,33,7,0,7,40,0,0,40,43,3,0,3,53,6,0,6,62,3,0,62,1625,100,35,55,1820,26,3,28,1846,41,3,1894,608,47,25,26,706,23,3,22,727,40,4,770,4,0,0,0,4,0,0,0,4,0,10,19,2240,148,62,81,2527,44,4,49,2581,82,19,2681
LGA30410,0,0,0,0,0,0,0,0,108,8,0,0,114,0,3,3,112,3,0,118,132,9,3,0,145,0,0,0,145,3,0,147,6,0,0,0,6,0,0,0,6,0,5,13,3,0,0,0,3,0,0,0,3,0,0,3,245,19,4,0,269,0,3,3,273,10,5,285,3,0,0,0,3,0,0,0,3,0,0,3,0,0,0,0,0,0,0,0,0,0,0,0,3,0,0,0,3,0,0,0,3,0,0,3,254,19,4,0,269,0,3,3,272,10,5,286,92,9,0,4,108,0,0,0,103,5,0,117,0,0,0,0,0,0,0,0,0,0,0,0,347,23,4,3,373,0,4,4,377,16,5,402
LGA30450,0,0,0,0,0,0,0,0,0,0,0,0,0,0,0,0,0,0,0,0,9,3,0,0,11,0,0,0,11,0,0,11,0,0,0,0,0,0,0,0,0,0,0,0,0,0,0,0,0,0,0,0,0,0,0,0,9,3,0,0,18,0,0,0,18,0,0,18,0,0,0,0,0,0,0,0,0,0,0,0,0,0,0,0,0,0,0,0,0,0,0,0,0,0,0,0,0,0,0,0,0,0,0,0,9,3,0,0,18,0,0,0,18,0,0,18,3,0,0,0,7,0,0,0,7,0,6,11,0,0,0,0,0,0,0,0,0,0,0,0,14,4,0,0,18,0,0,0,18,0,6,25
LGA30760,0,0,0,0,0,0,0,0,58,0,0,0,60,0,0,0,60,6,0,62,77,6,0,0,84,0,0,0,84,3,0,86,22,0,7,0,28,0,3,3,28,0,0,28,7,0,0,0,7,0,0,0,7,0,0,7,164,8,7,0,181,0,3,3,184,6,0,189,0,0,0,0,0,0,0,0,0,0,0,0,4,0,0,0,4,0,0,0,4,0,0,4,5,0,0,0,5,0,0,0,5,0,0,5,170,8,7,0,184,0,3,3,188,6,0,198,26,9,0,0,39,0,0,0,40,10,0,49,0,0,0,0,0,0,0,0,0,0,0,0,203,14,5,0,224,0,3,3,226,16,0,248
LGA30900,0,0,0,0,0,0,0,0,8,0,0,0,7,0,0,0,7,0,0,7,3,4,0,0,4,0,0,0,4,0,0,4,0,0,0,0,0,0,0,0,0,0,0,0,0,0,0,0,0,0,0,0,0,0,0,0,10,7,0,0,18,0,0,0,18,0,0,18,0,0,0,0,0,0,0,0,0,0,0,0,0,0,0,0,0,0,0,0,0,0,0,0,0,0,0,0,0,0,0,0,0,0,0,0,10,7,0,0,18,0,0,0,18,0,0,18,3,0,0,3,7,0,0,0,7,0,0,7,0,0,0,0,0,0,0,0,0,0,0,0,13,7,0,3,20,0,0,0,20,0,0,20
LGA31000,4722,155,52,202,4927,698,6,5634,47153,5440,484,265,53347,1476,269,1742,55092,2914,38,58044,60955,6973,608,430,68968,1215,199,1411,70379,1951,30,72361,6127,653,664,41,7487,98,12,111,7602,191,3,7794,707,97,20,658,1485,47,8,53,1536,97,44,1677,114948,13164,1777,1395,131289,2835,486,3320,134609,5149,121,139879,1660,311,21,35,2027,438,41,479,2506,207,7,2717,2801,386,33,70,3294,332,106,434,3725,165,5,3900,4469,690,58,101,5316,769,143,914,6231,367,12,6621,119417,13860,1834,1501,136608,3601,632,4234,140839,5517,136,146497,32162,4453,726,716,38053,1507,363,1868,39924,6044,99,46063,156,32,4,122,310,3,0,3,317,23,355,692,151736,18337,2559,2341,174975,5117,990,6107,181087,11580,590,193254
LGA31750,0,0,0,0,0,0,0,0,16,0,0,0,16,0,0,0,16,0,0,17,11,0,0,0,8,0,0,0,8,0,0,8,0,0,0,0,0,0,0,0,0,0,0,0,0,0,0,0,0,0,0,0,0,0,0,0,31,0,0,0,33,0,0,0,33,0,0,33,0,0,0,0,0,0,0,0,0,0,0,0,0,0,0,0,0,0,0,0,0,0,0,0,0,0,0,0,0,0,0,0,0,0,0,0,31,0,0,0,33,0,0,0,33,0,0,33,4,0,0,0,4,0,0,0,4,0,0,4,0,0,0,0,0,0,0,0,0,0,0,0,35,0,0,0,33,0,0,0,33,0,0,36
LGA31820,46,0,0,0,52,12,0,63,2510,389,25,22,2941,79,21,98,3038,204,4,3248,3335,543,66,34,3979,92,23,115,4097,285,3,4383,217,37,34,3,293,17,3,19,313,10,0,326,65,6,0,36,105,12,0,12,120,4,5,128,6132,974,121,97,7316,195,54,249,7563,508,13,8082,110,32,0,0,141,43,15,59,200,27,0,223,145,37,13,17,206,25,11,38,245,14,0,261,256,65,18,17,348,71,26,93,441,39,0,479,6382,1034,135,114,7663,263,77,337,8003,547,13,8563,2072,383,78,81,2607,245,43,293,2903,852,0,3752,25,8,0,13,42,0,0,0,42,5,29,74,8483,1417,211,201,10314,513,122,632,10942,1401,39,12389
LGA31900,16,0,0,0,16,0,0,16,620,26,13,5,661,14,0,14,677,24,0,701,1022,80,11,8,1126,13,0,13,1135,22,0,1156,66,3,7,3,83,4,0,4,89,0,0,87,8,0,0,18,29,0,0,0,29,0,3,26,1722,108,34,33,1897,29,0,29,1928,42,3,1975,13,4,0,0,19,12,0,12,30,10,4,44,41,3,0,3,48,8,3,10,60,0,0,60,56,6,0,3,65,18,3,26,89,10,4,102,1774,112,36,38,1958,52,3,57,2015,50,4,2073,361,33,5,9,408,22,5,29,433,71,5,512,3,0,0,0,3,0,0,0,3,0,6,8,2136,149,38,41,2372,71,12,82,2453,123,16,2596
LGA31950,0,0,0,0,0,0,0,0,8,3,0,0,4,0,0,0,4,0,0,4,0,0,0,0,0,4,0,4,3,0,0,3,0,0,0,0,0,0,0,0,0,3,0,3,0,0,0,4,4,0,0,0,4,0,0,4,4,3,0,4,12,4,0,4,17,3,0,17,0,0,0,3,3,0,0,0,3,0,0,3,0,0,0,0,0,0,0,0,0,0,0,0,0,0,0,3,3,0,0,0,3,0,0,3,4,3,0,3,16,4,0,4,13,3,0,18,7,0,0,0,7,0,0,0,7,0,0,9,5,0,0,0,5,0,0,0,5,0,3,8,14,3,0,3,19,4,0,4,23,4,3,31
LGA32080,164,3,0,8,170,27,0,198,5729,740,131,28,6635,171,39,207,6844,419,9,7268,6571,1025,137,76,7807,170,25,194,8006,362,13,8386,592,73,106,8,776,17,0,17,793,35,0,830,103,22,0,90,214,11,3,13,223,32,8,267,13000,1859,378,202,15433,372,64,436,15866,853,34,16754,162,35,4,6,213,74,0,75,285,60,0,346,336,68,4,19,431,44,24,67,500,51,0,546,504,107,17,25,644,115,28,140,782,105,0,892,13496,1959,395,223,16077,482,93,572,16654,958,34,17643,3456,649,134,129,4368,268,76,346,4711,911,11,5637,18,0,0,21,37,0,0,0,37,8,76,127,16970,2614,527,377,20480,749,168,921,21401,1880,123,23404
LGA32250,0,0,0,0,0,0,0,0,55,4,0,3,62,3,0,3,65,0,0,63,41,0,3,0,42,0,0,0,42,3,0,46,3,0,0,0,3,0,0,0,3,0,0,3,0,0,0,7,7,0,0,0,7,0,0,7,93,8,3,10,114,3,0,3,114,3,0,119,0,3,0,3,3,7,0,7,13,0,0,13,0,0,0,0,0,0,0,0,0,3,0,3,0,3,0,3,3,7,0,7,13,3,0,14,93,13,3,13,117,7,0,7,126,12,0,136,18,8,3,3,35,0,3,3,38,23,0,68,0,0,0,0,0,0,0,0,0,0,8,8,119,23,3,16,152,9,3,8,164,34,8,207
LGA32260,11,0,0,0,8,3,0,8,739,98,10,8,862,11,8,23,883,64,3,943,1148,156,25,12,1340,26,3,27,1362,84,3,1447,84,17,11,0,109,0,0,0,109,12,0,120,12,0,4,31,48,0,0,0,48,6,0,56,1982,271,52,47,2362,38,5,47,2401,156,8,2575,15,8,3,0,26,23,0,23,41,12,0,53,32,3,0,0,41,6,3,9,47,9,5,65,54,9,4,0,63,26,3,33,91,22,5,120,2036,278,61,47,2425,64,14,78,2499,183,14,2692,670,121,26,45,865,81,3,81,950,217,6,1174,10,0,0,0,8,0,0,0,8,0,19,28,2718,400,86,97,3300,142,14,158,3459,401,40,3893
LGA32270,4,0,0,0,4,0,0,3,1073,40,22,14,1152,20,0,23,1169,29,0,1197,1785,138,40,27,1988,15,0,20,2010,42,0,2057,180,22,32,0,225,0,0,0,227,11,0,237,51,3,0,26,76,0,0,0,76,0,0,76,3083,199,96,72,3443,40,6,44,3488,85,0,3571,51,6,0,3,62,6,0,6,68,3,0,71,116,8,5,3,132,11,3,10,145,4,0,146,164,15,5,4,193,16,3,15,211,3,0,214,3254,213,99,79,3637,55,4,58,3696,89,0,3781,1333,93,52,33,1506,37,5,45,1555,79,3,1634,10,0,0,3,18,0,0,0,21,0,20,38,4594,304,147,114,5160,91,16,109,5268,161,28,5454
LGA32310,0,0,0,0,0,0,0,0,373,25,22,0,422,12,7,16,440,35,0,474,380,58,10,0,448,23,0,23,466,22,3,496,30,10,4,0,42,0,0,0,42,0,0,48,0,3,0,23,23,0,0,0,23,0,0,23,787,101,38,20,943,36,7,38,980,61,3,1038,26,0,0,5,27,15,3,17,45,3,0,46,32,3,0,0,38,10,0,10,46,4,0,49,53,3,4,5,69,25,3,23,90,5,0,97,840,103,40,26,1010,52,4,60,1068,63,3,1138,269,34,4,10,310,25,0,25,334,62,0,400,3,0,0,0,3,0,0,0,3,0,4,9,1113,136,40,36,1324,75,4,86,1406,129,8,1542
LGA32330,0,0,0,0,0,0,0,0,20,0,0,0,19,0,0,0,19,0,0,19,3,0,0,0,6,0,0,0,7,0,0,7,0,0,0,0,0,0,0,0,0,3,0,3,0,0,0,0,0,0,0,0,0,0,0,0,23,0,0,0,28,0,0,0,25,3,0,31,0,0,0,0,0,10,0,10,10,0,0,10,0,0,0,0,0,0,0,0,0,0,0,0,0,0,0,0,0,10,0,10,10,0,0,10,23,0,0,0,28,14,0,14,42,3,0,44,4,13,0,0,17,31,4,31,53,93,0,146,0,0,0,0,0,0,0,0,0,3,4,9,27,16,0,0,44,48,4,47,95,100,4,198
LGA32450,0,0,0,0,0,0,0,0,130,11,0,0,140,0,0,0,141,15,0,153,105,3,0,3,109,0,0,0,112,0,0,117,18,0,3,0,16,0,0,0,16,0,0,16,3,0,0,4,4,0,0,0,4,0,0,4,248,10,3,5,267,3,0,3,273,15,0,289,0,0,0,0,0,0,0,0,0,0,0,0,0,0,0,0,0,0,0,0,0,0,0,0,3,0,0,0,3,0,0,0,3,0,0,3,256,10,3,5,275,3,0,3,279,16,0,297,81,4,0,16,98,6,0,6,108,11,0,119,3,0,0,0,3,0,0,0,3,3,3,8,337,14,4,17,376,14,0,14,382,31,3,417
LGA32500,0,0,0,0,0,0,0,0,93,18,3,0,119,3,0,3,117,5,0,123,108,32,5,0,139,0,0,0,139,9,0,145,3,3,0,0,8,0,0,0,8,0,0,8,3,0,0,8,9,0,0,0,9,0,0,9,208,52,5,8,271,3,0,3,274,13,0,286,11,4,0,0,12,0,0,0,12,3,0,17,3,0,0,0,10,3,0,3,13,0,0,13,19,0,0,0,21,3,0,3,25,3,0,28,225,58,5,8,293,6,0,4,299,14,0,313,58,24,3,3,91,12,0,12,99,27,0,132,0,0,0,0,0,0,0,0,0,0,3,3,286,77,11,4,382,19,0,18,397,39,3,441
LGA32600,0,0,0,0,0,0,0,0,12,0,0,0,12,0,0,0,12,0,0,12,3,3,0,0,9,0,0,0,9,0,0,9,0,0,0,0,0,0,0,0,0,0,0,0,0,0,0,0,0,0,0,0,0,0,0,0,18,3,0,0,19,0,0,0,19,0,0,19,0,0,0,0,0,0,0,0,0,0,0,0,0,0,0,0,0,0,0,0,0,0,0,0,0,0,0,0,0,0,0,0,0,0,0,0,18,3,0,0,19,0,0,0,19,0,0,19,3,0,0,0,3,0,0,0,3,9,0,9,0,0,0,0,0,0,0,0,0,0,0,0,18,3,0,0,26,0,0,0,26,9,0,29
LGA32750,0,0,0,0,0,0,0,0,21,0,0,0,21,0,0,0,21,0,0,21,9,0,0,0,11,0,0,0,11,0,0,11,0,0,0,0,0,0,0,0,0,0,0,0,0,0,0,0,0,0,0,0,0,0,0,0,27,0,0,0,29,0,0,0,29,0,0,29,0,0,0,0,0,0,0,0,0,0,0,0,0,0,0,0,0,0,0,0,0,0,0,0,0,0,0,0,0,0,0,0,0,0,0,0,27,0,0,0,29,0,0,0,29,0,0,29,3,0,0,0,3,0,0,0,3,0,0,6,0,0,0,0,0,0,0,0,0,0,0,0,27,0,0,0,29,0,0,0,29,0,0,30
LGA32770,0,0,0,0,0,0,0,0,34,9,0,0,45,0,0,0,45,27,0,68,7,16,0,0,25,3,0,3,26,16,0,42,4,0,0,0,5,0,0,0,5,0,0,5,0,6,0,0,7,0,0,0,7,3,0,10,42,27,0,0,76,3,0,3,83,49,0,127,0,0,0,0,3,0,0,0,3,0,0,3,0,3,0,0,3,0,0,0,3,7,0,11,0,3,0,0,6,0,0,0,6,7,0,11,47,36,0,0,84,3,0,3,83,55,0,137,18,71,0,0,94,16,21,36,131,105,0,243,0,0,0,0,0,0,0,0,0,0,0,0,64,110,0,0,177,21,21,37,220,159,0,378
LGA32810,0,0,0,0,0,0,0,0,329,44,4,3,375,9,0,9,381,13,4,401,439,82,10,12,543,15,3,17,556,22,0,575,12,0,8,0,21,0,0,0,24,0,0,21,7,0,3,9,25,0,0,0,25,3,0,21,789,120,18,29,961,19,3,22,985,40,4,1026,7,0,0,0,7,0,0,0,7,0,0,7,9,0,3,0,15,0,0,3,19,0,0,19,20,3,3,0,28,0,0,3,24,0,0,24,806,126,24,31,983,20,3,22,1012,40,4,1052,143,25,19,8,189,9,8,15,205,48,0,246,9,0,0,0,8,0,0,0,8,0,13,19,956,149,43,31,1177,28,14,36,1222,85,16,1319
LGA33100,0,0,0,0,0,0,0,0,34,0,0,0,34,0,0,0,34,0,0,34,30,0,0,0,30,3,0,3,32,0,0,32,4,0,0,0,4,0,0,0,4,0,0,4,0,0,0,0,0,0,0,0,0,0,0,0,66,0,0,0,66,3,0,3,69,0,0,69,0,0,0,0,0,5,0,5,5,0,0,5,0,0,0,0,0,0,0,0,0,0,0,0,0,0,0,0,0,5,0,5,8,0,0,8,69,0,0,0,69,6,0,6,77,0,0,77,19,0,0,0,15,0,0,0,15,7,4,27,0,0,0,0,0,0,0,0,0,0,3,3,86,0,0,0,82,6,0,6,95,7,4,104
LGA33200,0,0,0,0,0,0,0,0,53,6,4,0,61,0,0,0,61,0,0,61,57,3,0,4,69,0,0,0,69,0,0,69,4,0,0,0,4,0,0,0,4,0,0,4,0,0,0,0,0,0,0,0,0,0,0,0,118,11,4,4,135,0,0,0,135,0,0,135,0,0,0,0,0,3,0,3,3,0,0,3,0,0,0,0,0,0,0,0,0,0,0,0,0,0,0,0,0,3,0,0,0,0,0,0,118,11,4,4,135,3,0,0,138,0,0,138,55,0,0,0,55,0,0,0,55,5,0,56,0,0,0,0,0,0,0,0,0,0,0,0,171,11,4,3,188,3,0,0,187,5,0,190
LGA33220,33,0,0,0,37,13,0,49,2167,408,52,18,2655,96,21,110,2765,256,3,3023,2978,629,97,38,3745,141,29,168,3918,388,8,4309,268,50,40,3,365,5,0,8,373,25,0,393,28,4,3,49,82,3,3,6,89,14,3,103,5446,1100,188,107,6843,242,56,295,7143,680,16,7839,95,35,3,9,143,76,11,83,227,59,0,289,149,33,9,4,200,33,4,38,233,48,0,283,244,68,12,18,346,101,12,117,461,109,0,566,5692,1165,200,125,7190,342,72,417,7605,787,16,8407,1788,488,91,53,2416,257,43,301,2715,1005,29,3754,13,0,0,12,25,4,0,4,27,3,53,84,7499,1653,292,186,9631,601,114,716,10347,1801,94,12240
LGA33360,20,0,0,3,22,4,0,27,2076,123,44,13,2252,89,3,89,2344,95,3,2445,3187,236,97,43,3559,150,3,153,3710,88,5,3806,253,15,55,3,336,6,0,6,337,9,0,348,35,3,0,50,90,9,0,9,99,13,4,115,5552,387,193,107,6233,252,7,262,6490,198,17,6713,167,22,0,6,194,73,8,85,279,13,0,291,332,22,11,0,366,32,4,36,396,12,0,407,491,44,13,7,561,104,14,118,677,22,0,698,6046,425,206,117,6790,357,20,373,7166,219,17,7407,2625,213,84,110,3033,277,17,293,3321,318,3,3645,15,0,3,6,25,0,0,0,25,0,38,68,8681,638,296,226,9850,634,36,664,10509,540,63,11115
LGA33430,1298,40,15,63,1356,188,3,1551,19407,2523,275,138,22337,507,119,628,22969,1217,22,24203,27411,3967,359,210,31939,510,108,620,32559,1106,34,33698,2100,258,283,21,2663,54,0,57,2724,114,4,2839,386,40,8,328,766,13,4,16,789,41,29,854,49305,6791,923,692,57713,1086,231,1319,59030,2468,94,61592,690,138,27,23,871,186,11,199,1071,83,4,1157,1480,267,16,38,1799,108,36,148,1945,110,0,2053,2166,405,38,55,2669,302,46,345,3013,193,3,3210,51475,7196,963,750,60385,1383,278,1666,62051,2657,95,64804,15029,2362,411,377,18180,683,111,796,18975,2564,31,21579,84,32,4,44,160,11,0,11,174,17,196,391,66590,9584,1380,1173,78724,2077,393,2472,81195,5247,330,86770
LGA33610,3,0,0,0,3,0,0,3,394,31,4,0,434,0,0,0,430,9,3,439,663,52,22,5,740,9,0,9,746,6,3,757,46,3,0,0,47,0,0,0,49,0,0,49,5,0,0,6,18,0,0,0,18,3,0,18,1104,83,31,20,1235,10,0,11,1243,16,5,1270,8,0,0,0,8,0,0,0,5,4,0,10,8,3,0,0,10,0,4,4,14,0,0,18,10,3,0,0,17,0,4,6,25,7,0,27,1113,88,31,20,1248,8,8,17,1269,28,5,1299,297,22,3,16,337,13,5,18,349,69,3,417,4,0,0,0,4,0,0,0,4,0,0,6,1415,113,32,34,1587,17,14,30,1626,92,5,1724
LGA33620,22,3,0,3,26,9,0,38,1173,118,21,4,1320,36,11,49,1369,77,5,1447,1838,308,47,25,2216,43,5,49,2270,191,3,2466,131,37,18,3,187,5,0,5,196,18,0,211,17,17,0,28,57,3,0,3,62,3,0,69,3158,482,83,60,3786,90,15,112,3894,290,7,4188,62,16,3,0,75,32,8,44,117,16,0,133,84,26,0,0,111,12,6,17,127,6,0,135,143,37,0,0,185,51,15,63,249,22,0,272,3303,521,86,63,3971,141,30,174,4143,313,7,4463,1118,285,81,54,1542,120,43,167,1709,574,0,2280,9,0,0,3,10,0,0,0,10,3,16,30,4430,802,172,117,5525,265,77,337,5861,888,20,6775
LGA33800,5,3,0,3,10,0,0,10,317,17,0,3,334,3,0,3,337,14,0,350,581,60,3,10,664,10,5,14,679,17,0,693,28,3,0,3,34,0,0,0,34,0,0,35,3,0,0,3,4,0,0,0,4,0,0,4,930,81,6,20,1035,11,5,19,1055,27,0,1083,13,0,0,3,16,3,0,3,12,3,0,21,14,3,3,0,18,0,0,0,23,0,0,23,24,7,3,3,30,3,0,3,35,3,0,40,951,89,10,21,1074,13,5,18,1093,29,0,1125,215,14,11,14,248,11,0,11,263,45,3,313,4,0,0,0,4,0,0,0,4,0,8,15,1172,102,17,36,1329,25,5,30,1361,81,11,1447
LGA33830,0,0,0,0,0,0,0,0,20,0,0,0,24,0,7,7,23,3,0,31,9,14,0,0,24,0,3,3,23,0,0,25,0,0,0,0,0,0,0,0,0,0,0,0,0,0,0,0,0,0,0,0,0,0,0,0,30,11,0,0,45,0,7,7,50,3,0,56,6,0,0,0,4,17,0,17,22,0,0,22,9,6,0,4,18,6,3,11,31,3,0,37,15,8,0,4,25,26,3,24,47,3,0,52,47,19,0,4,69,26,12,32,100,12,0,111,11,0,0,0,11,23,3,21,37,15,0,43,0,0,0,0,0,0,0,0,0,0,0,0,57,19,0,4,80,43,12,55,140,22,0,159
LGA33960,386,15,0,10,400,69,0,469,7950,812,124,80,8965,291,67,354,9317,676,9,10006,8939,1083,139,70,10235,237,36,273,10506,468,22,11002,1004,139,124,18,1285,28,0,28,1309,63,3,1378,112,21,0,133,269,16,3,22,292,30,14,336,18003,2054,380,301,20747,573,105,677,21425,1236,52,22714,559,99,15,17,693,142,0,142,835,68,3,904,591,99,5,36,721,74,27,104,824,28,4,862,1149,194,17,54,1413,214,27,240,1662,95,11,1762,19152,2247,402,355,22160,787,137,920,23087,1334,61,24483,7348,1289,193,271,9108,457,72,534,9643,1623,28,11299,51,5,0,20,83,0,0,0,83,6,120,210,26554,3551,597,647,31351,1241,215,1454,32808,2969,214,35985
LGA33980,5,0,0,0,5,0,0,5,772,63,21,5,863,11,0,11,876,23,0,894,1339,121,36,9,1507,18,0,18,1521,16,0,1537,124,10,23,7,167,0,0,0,167,7,0,177,24,0,0,16,42,0,0,0,42,0,0,45,2256,198,81,40,2581,24,0,24,2607,41,4,2647,43,4,4,0,49,8,0,8,57,3,0,60,110,4,4,0,120,11,0,11,127,0,0,127,156,8,4,0,172,19,0,19,188,3,0,190,2411,204,86,41,2751,43,0,43,2794,46,4,2837,1188,68,79,25,1360,16,0,16,1381,26,0,1402,19,0,0,3,22,0,0,0,22,0,3,23,3620,273,163,67,4134,58,0,58,4187,70,4,4264
LGA34420,0,0,0,0,0,0,0,0,4,0,0,0,4,0,0,0,4,3,0,8,6,18,0,0,20,0,0,0,21,0,0,21,0,0,0,0,0,0,0,0,0,0,0,0,0,0,0,0,0,0,0,0,0,0,0,0,11,18,0,0,30,0,0,0,33,3,0,37,7,0,0,0,7,17,0,18,26,3,0,25,5,0,0,0,5,0,0,0,5,3,0,5,9,0,0,0,9,17,0,18,27,3,0,32,22,18,0,0,36,23,0,21,61,4,0,69,14,9,0,3,21,11,0,11,32,27,0,65,0,0,0,0,0,0,0,0,0,0,0,0,35,24,0,3,63,30,0,34,93,37,0,132
LGA34530,32,0,0,0,32,8,0,39,1263,116,24,21,1422,22,9,29,1445,84,0,1537,1683,166,57,15,1922,45,8,50,1964,91,0,2061,128,22,31,0,185,3,3,11,193,7,0,196,18,0,0,33,54,3,0,3,57,8,0,62,3094,312,111,60,3577,71,12,85,3661,196,0,3851,61,3,8,4,78,28,0,28,99,7,0,109,78,9,4,4,93,6,8,14,105,0,0,108,140,14,7,4,167,35,8,37,206,6,0,216,3236,321,123,66,3743,103,21,121,3865,196,0,4070,788,108,40,17,952,50,8,60,1015,149,0,1162,7,4,0,0,13,0,0,0,13,0,3,14,4028,426,162,82,4709,152,31,184,4890,349,7,5241
LGA34570,0,0,0,0,0,0,0,0,20,0,0,3,19,0,0,0,22,0,0,22,9,6,0,11,26,0,0,0,26,4,0,28,0,0,0,0,0,0,0,0,0,0,0,0,0,0,0,0,0,0,0,0,0,4,0,3,30,3,0,14,47,0,0,0,48,6,0,56,3,0,0,0,3,15,0,15,15,0,0,15,0,0,0,0,0,0,0,0,0,0,0,0,3,0,0,0,3,15,0,15,15,0,0,15,33,3,0,14,47,13,0,13,64,6,0,73,11,9,0,10,27,0,0,0,27,23,0,54,0,0,0,7,8,0,0,0,8,0,3,8,50,12,0,26,87,13,0,13,96,32,3,135
LGA34580,31,0,0,0,29,9,0,41,1161,80,29,17,1290,36,0,36,1319,93,4,1420,1668,240,30,24,1962,28,12,39,2005,105,3,2115,132,13,21,0,171,0,0,0,171,0,0,178,16,0,0,34,47,0,0,0,47,6,3,62,2981,334,83,77,3475,65,12,72,3550,207,6,3766,45,13,0,4,62,9,4,16,77,9,0,92,118,11,0,8,146,12,0,12,156,4,0,159,167,32,4,10,207,24,4,22,232,17,0,248,3148,362,86,89,3684,87,12,99,3781,229,6,4016,1173,202,54,33,1466,88,20,113,1578,377,4,1953,22,3,0,7,28,0,0,0,28,0,17,47,4334,566,143,126,5172,175,35,213,5383,605,29,6024
LGA34590,696,37,9,44,744,150,0,890,12182,1214,181,94,13673,347,72,418,14093,927,24,15047,13202,1920,189,155,15469,337,72,411,15879,701,13,16591,1430,195,199,14,1847,29,7,33,1882,75,0,1957,246,51,3,297,593,8,0,15,605,54,21,678,27069,3383,569,555,31580,729,153,880,32458,1762,50,34268,715,132,7,20,878,206,13,213,1097,86,3,1186,956,194,19,24,1183,116,31,142,1333,103,0,1435,1674,326,26,41,2064,315,39,356,2423,192,3,2620,28738,3710,594,597,33647,1049,187,1237,34883,1951,56,36893,11500,2136,296,428,14362,889,157,1053,15409,3309,57,18780,37,3,0,58,99,7,4,10,111,25,197,327,40284,5851,888,1079,48105,1945,353,2296,50403,5280,313,55994
LGA34710,0,0,0,0,0,0,0,0,167,13,3,0,184,4,0,4,188,17,5,214,114,3,9,4,125,0,0,0,128,0,0,128,33,3,0,4,41,0,0,0,41,5,0,42,4,0,0,0,7,0,0,0,7,0,0,7,320,19,13,7,363,6,0,8,365,25,5,395,4,0,0,0,4,0,0,0,4,0,0,5,0,0,0,0,0,0,0,0,0,0,0,4,4,0,0,0,4,0,0,0,7,3,0,6,328,19,13,7,365,6,3,11,376,27,5,400,81,3,4,0,91,0,0,0,91,9,0,97,0,0,0,0,0,0,0,0,0,0,0,0,406,25,12,7,453,6,3,11,463,36,5,501
LGA34770,93,4,0,6,96,3,0,98,3619,261,61,28,3966,146,18,162,4132,180,0,4316,6072,503,125,85,6784,139,4,145,6930,154,5,7091,481,14,101,7,609,23,0,23,630,8,0,642,62,8,4,92,174,6,0,6,176,4,3,184,10238,790,299,209,11538,310,24,333,11871,353,11,12231,218,31,3,6,257,45,0,45,302,48,0,345,433,30,0,12,477,40,13,51,530,20,3,548,645,62,3,20,733,88,13,100,834,67,3,895,10884,856,299,235,12270,398,38,429,12700,417,12,13127,3570,332,127,113,4143,251,13,271,4405,364,18,4795,28,4,0,5,37,6,0,6,45,0,42,83,14483,1187,424,352,16452,653,53,704,17152,784,70,18002
LGA34800,0,0,0,0,0,0,0,0,42,0,0,0,48,0,0,0,48,0,0,49,28,0,0,0,28,0,0,0,28,0,0,28,0,0,0,0,0,0,0,0,0,0,0,0,0,0,0,0,0,0,0,0,0,0,0,0,73,0,0,0,72,0,0,0,72,0,0,79,0,0,0,0,0,0,0,0,0,0,0,0,0,0,0,0,0,0,0,0,0,0,0,0,0,0,0,0,0,0,0,0,0,0,0,0,73,0,0,0,72,0,0,0,72,0,0,79,11,0,0,7,17,0,0,0,22,0,0,22,3,0,0,0,3,0,0,0,3,0,0,3,86,0,0,7,99,0,0,0,98,0,0,102
LGA34830,0,0,0,0,0,0,0,0,11,0,0,0,11,0,0,0,11,0,0,11,0,0,0,0,0,0,0,0,0,0,0,0,0,0,0,0,0,0,0,0,0,0,0,0,0,0,0,0,0,0,0,0,0,0,0,0,11,0,0,0,15,0,0,0,15,0,0,15,0,0,0,0,0,0,0,0,0,0,0,0,0,0,0,0,0,0,0,0,0,0,0,0,0,0,0,0,0,0,0,0,0,0,0,0,11,0,0,0,15,0,0,0,15,0,0,15,15,0,0,3,15,4,0,8,28,18,0,41,0,0,0,0,0,0,0,0,0,0,0,0,26,0,0,3,30,4,0,8,40,18,0,58
LGA34860,3,0,0,0,3,0,0,3,657,62,7,0,727,14,0,14,735,19,0,755,638,59,10,13,717,17,0,17,736,25,0,754,49,7,9,0,65,0,0,0,65,3,0,68,9,0,0,3,15,0,0,0,15,0,0,15,1348,129,27,20,1526,25,0,25,1550,43,0,1597,0,0,0,3,3,8,0,8,16,0,0,17,20,3,0,0,21,0,0,0,21,3,0,29,26,5,0,3,29,8,0,8,36,3,0,42,1372,138,27,20,1557,39,0,39,1591,47,0,1639,317,19,15,13,367,6,0,6,370,45,0,419,0,0,0,0,0,0,0,0,0,0,4,9,1693,154,36,35,1918,45,0,45,1961,100,5,2068
LGA34880,15,0,0,0,15,0,0,18,708,81,12,9,819,3,3,8,828,43,0,870,786,144,13,14,967,13,3,13,982,45,5,1031,46,10,12,0,70,0,0,0,75,4,0,83,10,0,0,11,19,0,4,4,21,3,0,29,1546,244,42,43,1872,17,8,30,1907,100,4,2009,11,3,0,0,15,15,0,16,31,3,0,30,17,5,0,0,20,11,0,11,32,6,0,39,34,3,0,0,38,22,0,24,66,9,0,72,1578,246,42,43,1912,44,13,56,1966,113,4,2087,379,103,16,9,508,56,11,59,568,211,0,781,3,0,0,0,4,0,0,0,4,0,16,22,1965,348,58,53,2428,95,22,118,2542,319,20,2886
LGA35010,962,35,4,32,994,132,3,1130,16919,1717,276,118,19037,434,123,559,19599,1164,11,20775,23377,2456,391,174,26404,458,82,540,26938,973,31,27938,2057,268,316,30,2668,39,8,46,2718,98,3,2817,255,47,3,287,586,28,7,30,615,50,21,682,42609,4492,989,610,48688,961,217,1176,49863,2292,66,52219,780,95,30,26,936,194,14,202,1137,95,0,1231,1353,187,31,40,1612,123,23,137,1751,122,0,1871,2132,288,57,67,2544,308,36,341,2891,210,0,3104,44741,4778,1042,676,51236,1268,249,1519,52754,2501,66,55324,14391,1851,487,427,17152,729,132,864,18017,2315,42,20376,76,13,0,50,138,0,0,0,138,11,142,296,59207,6639,1529,1149,68527,2002,383,2383,70915,4830,255,75996
LGA35250,0,0,0,0,0,0,0,0,32,0,0,0,34,8,0,8,39,9,0,46,12,5,0,0,14,3,3,4,20,4,0,24,0,0,0,0,0,0,0,0,0,0,0,0,0,0,0,0,0,0,0,0,0,3,0,3,42,4,0,0,46,6,3,12,56,13,0,72,3,0,0,0,3,4,0,4,3,6,0,14,0,0,0,0,0,3,0,3,3,0,0,3,3,0,0,0,3,8,0,8,8,6,0,16,42,4,0,0,47,17,3,19,64,26,0,89,36,20,0,4,56,24,0,24,77,18,0,97,6,0,0,0,6,0,0,0,6,0,8,15,79,27,0,3,104,41,3,43,148,46,8,202
LGA35300,5,0,0,0,5,0,0,5,881,33,14,13,945,16,3,17,962,34,0,992,882,49,4,16,955,9,0,9,968,21,0,991,105,10,14,0,129,0,0,0,129,0,0,129,11,0,0,10,27,0,0,0,27,0,0,26,1882,87,41,43,2060,27,3,25,2085,54,0,2141,25,3,4,0,33,16,0,16,48,3,0,50,47,3,3,3,59,7,0,7,60,0,0,60,70,9,6,3,93,20,0,20,108,3,0,113,1952,101,50,49,2146,44,3,44,2197,60,0,2256,707,26,33,23,792,37,6,45,837,66,3,904,3,0,0,0,3,4,0,4,7,3,10,20,2663,127,80,71,2942,85,7,94,3036,126,10,3172
LGA35600,0,0,0,0,0,0,0,0,197,16,0,0,214,5,0,5,221,4,0,226,153,23,0,12,186,6,0,9,196,13,0,211,19,0,6,0,27,0,0,0,27,0,0,27,0,0,0,11,14,0,0,0,14,0,0,16,370,36,11,16,441,10,0,17,456,22,0,476,8,0,0,0,8,0,0,0,8,0,0,8,4,0,0,0,4,0,0,0,4,5,0,6,13,0,0,0,13,0,0,0,13,5,0,12,380,36,11,16,452,10,0,17,465,25,0,483,77,3,0,0,78,19,0,19,103,23,3,134,3,0,0,0,3,0,0,0,3,0,5,11,465,42,11,23,531,34,0,34,568,46,7,625
LGA35670,0,0,0,0,0,0,0,0,15,3,0,0,17,0,0,0,19,5,0,29,3,3,0,0,13,0,0,0,12,7,0,14,0,0,0,0,0,3,0,3,3,0,0,3,0,0,0,0,0,0,0,0,0,0,0,0,20,7,0,0,30,7,0,7,32,15,0,45,6,0,0,0,6,3,0,3,14,4,0,18,0,0,0,0,0,7,0,7,7,0,0,7,6,0,0,0,6,5,0,5,14,4,0,23,31,7,0,0,32,15,0,15,51,15,0,65,35,15,0,0,47,31,8,40,84,49,0,136,0,0,0,0,0,0,0,0,0,0,0,0,58,18,0,0,82,42,8,51,132,71,0,204
LGA35740,49,0,0,3,52,16,0,72,1392,258,25,7,1686,18,3,22,1708,114,0,1823,2286,486,39,23,2837,55,11,71,2905,148,7,3060,118,27,14,0,161,5,0,5,166,11,0,173,26,0,0,23,52,3,0,3,56,4,3,61,3823,771,85,61,4741,80,15,96,4836,281,6,5120,44,9,0,0,49,15,0,15,63,10,0,76,94,21,0,0,120,9,5,20,135,14,0,148,141,25,0,0,173,26,5,27,197,21,0,221,3964,801,87,61,4911,106,22,124,5034,299,9,5342,977,213,49,40,1271,56,4,65,1334,251,0,1587,8,0,3,10,19,0,0,0,19,0,15,34,4940,1014,136,108,6197,160,30,190,6390,550,26,6961
LGA35760,3,0,0,0,3,0,0,3,408,45,6,0,458,8,0,12,470,19,0,488,404,49,0,13,467,0,3,5,471,19,0,492,30,0,7,0,39,0,0,0,37,4,0,41,13,0,0,8,19,0,0,0,19,0,0,14,850,96,10,19,976,12,6,21,994,40,0,1037,9,0,0,0,12,0,0,0,10,3,0,17,6,0,0,0,6,3,0,5,13,0,0,13,18,0,0,0,18,6,0,9,28,3,0,28,869,98,10,19,996,16,3,26,1019,47,0,1063,190,27,7,9,233,23,3,29,261,74,4,345,0,3,0,0,3,0,0,0,3,0,7,12,1057,125,16,25,1232,44,13,52,1285,121,15,1417
LGA35780,0,0,0,0,0,0,0,0,147,16,0,13,171,37,3,40,209,34,5,243,39,13,0,3,54,0,0,0,54,30,0,83,5,0,12,0,23,0,0,0,23,0,0,25,0,0,3,0,10,0,0,0,10,4,0,7,194,33,16,15,258,37,3,40,298,62,5,361,7,10,0,0,16,32,0,32,48,6,0,52,5,0,0,0,5,3,3,10,12,0,0,12,15,10,0,0,20,32,3,36,59,6,0,64,205,45,16,15,278,70,5,73,355,67,5,428,75,24,0,5,106,20,4,21,126,132,0,259,0,0,0,0,0,0,0,0,0,0,4,3,288,69,22,20,392,83,13,95,485,197,7,692
LGA35790,0,0,0,0,0,0,0,0,30,7,0,0,38,0,0,0,38,16,0,50,5,32,0,0,45,15,3,20,58,31,0,90,8,0,0,0,3,0,0,0,3,5,0,9,0,0,0,0,0,0,0,0,0,0,0,0,43,45,0,0,86,15,3,20,106,52,0,153,0,0,0,0,0,10,0,10,10,3,0,11,6,0,0,0,4,0,7,7,17,4,0,20,6,0,0,0,5,10,7,17,19,9,0,31,52,46,0,0,93,17,13,33,125,53,0,179,41,38,0,7,85,20,29,54,133,151,0,290,0,0,0,0,0,0,0,0,0,0,6,6,89,80,0,7,180,46,36,84,259,207,6,476
LGA35800,0,0,0,0,0,0,0,0,42,0,0,0,48,0,0,0,48,3,0,50,32,0,0,0,32,0,0,0,32,5,0,38,10,0,0,0,11,0,0,0,11,0,0,11,0,0,0,0,0,0,0,0,0,0,0,0,88,7,0,0,94,0,0,0,94,8,0,104,0,0,0,0,0,3,0,3,3,0,0,3,0,0,0,0,0,0,0,0,0,0,0,0,0,0,0,0,0,3,0,3,3,0,0,3,88,7,0,0,94,3,0,3,95,8,0,104,12,0,0,0,16,3,0,3,15,19,0,35,0,0,0,0,0,0,0,0,0,0,0,0,101,6,0,0,111,5,0,5,114,28,0,145
LGA36070,0,0,0,0,0,0,0,0,13,0,0,0,13,0,0,0,13,3,0,11,8,14,0,0,18,0,0,0,17,4,0,24,0,0,0,0,0,0,0,0,0,0,0,0,0,0,0,0,0,0,0,0,0,0,0,0,14,14,0,0,30,0,0,0,28,3,0,34,3,0,0,0,3,3,0,3,9,0,0,9,0,0,0,0,0,0,0,0,0,0,0,3,3,0,0,0,3,3,0,7,8,0,0,8,16,14,0,0,36,3,0,4,43,9,0,50,19,14,0,0,33,0,3,3,35,21,0,58,0,0,0,0,0,0,0,0,0,0,0,4,34,27,0,0,64,9,3,13,74,31,0,110
LGA36150,0,0,0,0,0,0,0,0,53,0,0,0,52,0,0,0,52,0,0,52,15,0,3,0,24,3,0,3,23,0,0,23,5,0,0,0,5,0,0,0,5,0,0,5,0,0,0,0,0,0,0,0,0,0,0,0,74,3,3,0,76,3,0,3,82,0,0,82,0,0,0,0,0,0,0,0,0,0,0,0,0,0,0,0,0,0,0,0,0,0,0,0,0,0,0,0,0,0,0,0,0,0,0,0,74,3,3,0,76,3,0,3,82,0,0,82,13,5,0,0,18,0,0,0,18,0,0,18,0,0,0,0,0,0,0,0,0,0,0,0,86,7,3,0,99,3,0,3,101,0,0,100
LGA36250,474,17,7,19,501,60,3,563,6598,682,113,31,7420,141,24,166,7585,352,12,7949,8993,807,129,68,9999,150,25,172,10175,250,17,10436,705,71,81,10,862,3,0,5,867,33,0,903,83,4,0,99,186,0,0,0,187,5,7,201,16380,1554,318,214,18469,299,51,346,18817,639,32,19487,227,29,0,3,255,25,0,25,283,17,0,298,393,52,4,18,472,15,4,13,488,17,0,506,615,78,11,18,728,37,4,41,769,38,0,803,16997,1638,332,234,19196,332,54,387,19587,676,32,20291,4117,452,99,82,4749,132,22,161,4906,501,14,5421,22,0,0,12,37,3,0,3,38,0,36,68,21140,2093,423,323,23975,468,78,551,24524,1173,77,25779
LGA36300,0,0,0,0,0,0,0,0,27,3,0,0,29,0,0,0,29,0,0,29,19,0,0,0,23,0,0,0,23,0,0,23,3,0,0,0,3,0,0,0,3,0,0,3,0,0,0,0,0,0,0,0,0,0,0,0,48,3,0,0,54,0,0,0,54,0,0,54,0,0,0,0,0,0,0,0,0,0,0,6,0,0,0,0,0,0,0,0,0,0,0,0,0,0,0,0,0,0,0,0,0,0,0,6,48,3,0,0,56,0,0,0,56,0,0,58,28,3,0,0,33,0,0,0,33,0,0,37,0,0,0,0,0,0,0,0,0,0,0,0,78,11,0,3,86,0,0,0,86,3,0,91
LGA36370,66,3,0,4,67,13,0,80,2781,255,57,14,3111,114,15,128,3232,211,5,3454,3522,366,70,28,3993,108,23,131,4121,132,0,4262,359,34,40,0,423,12,0,14,440,22,0,458,30,13,3,49,93,0,0,0,95,7,0,102,6692,663,161,102,7622,232,37,272,7893,373,5,8277,107,16,4,0,129,46,3,50,176,33,0,206,197,16,8,5,222,36,6,43,261,13,0,277,299,35,9,5,349,81,8,88,437,49,0,488,6991,696,175,104,7972,316,48,359,8333,424,5,8759,2010,301,85,57,2459,186,26,211,2668,495,4,3168,8,7,3,4,19,0,0,0,19,0,21,40,9012,1010,265,166,10452,502,71,574,11025,917,35,11970
LGA36510,56,0,0,0,55,3,0,57,1357,141,38,11,1551,30,9,36,1584,94,9,1688,2021,282,23,25,2350,48,13,57,2404,91,4,2501,151,26,26,0,200,0,0,0,200,16,0,214,21,4,5,35,64,0,0,0,66,4,0,70,3548,452,86,67,4161,72,16,90,4254,210,10,4473,40,10,0,0,46,18,0,18,63,4,0,67,65,13,3,3,86,3,3,7,86,11,0,98,104,17,3,4,134,20,3,18,151,16,0,164,3652,474,91,77,4296,95,21,114,4405,224,10,4644,1154,185,37,35,1415,48,8,52,1461,301,3,1767,25,4,0,3,31,0,0,0,31,0,25,58,4836,661,133,112,5741,137,26,165,5902,528,37,6469
LGA36580,18,0,0,0,16,5,0,20,687,67,4,3,757,9,8,20,776,96,0,871,985,157,10,16,1177,13,3,15,1191,68,0,1257,63,5,25,3,97,3,0,3,94,8,0,101,18,0,0,19,36,0,0,0,36,11,0,47,1750,235,40,41,2066,27,7,35,2102,176,0,2275,51,3,0,0,51,27,0,27,74,10,0,88,33,0,11,0,48,5,0,5,50,4,0,51,82,5,11,0,99,29,0,29,128,16,0,137,1829,238,46,41,2163,59,7,62,2224,193,0,2420,783,128,40,37,983,74,12,81,1062,297,4,1361,0,0,0,4,4,3,0,3,6,0,9,22,2611,365,87,83,3147,129,16,147,3295,488,14,3803
LGA36630,3,0,0,0,3,0,0,6,841,84,7,11,949,11,3,11,967,55,0,1024,1205,199,34,11,1444,26,3,29,1475,105,5,1581,105,14,3,0,120,4,0,9,125,4,0,129,9,0,0,21,30,0,0,0,30,4,0,30,2162,295,46,45,2550,37,12,46,2592,168,5,2771,26,7,0,0,34,17,3,22,59,17,0,71,49,3,0,0,51,0,0,0,58,15,0,70,75,13,0,0,88,21,3,23,111,34,0,150,2233,309,46,45,2636,56,14,73,2707,203,5,2916,845,196,24,33,1095,78,33,108,1209,410,3,1623,3,0,0,0,6,3,0,3,9,0,12,22,3082,507,69,84,3738,141,44,184,3923,616,18,4556
LGA36660,19,0,0,0,19,3,0,25,926,146,14,10,1094,26,5,29,1118,89,0,1208,1555,243,24,13,1839,26,3,28,1862,103,3,1965,141,10,30,0,186,0,0,0,186,11,0,192,26,0,3,25,50,0,0,0,50,3,3,52,2651,396,73,45,3163,49,3,52,3215,205,3,3424,37,0,0,0,35,3,0,3,40,11,0,53,46,10,0,0,57,4,0,5,65,10,0,73,85,8,0,0,96,7,0,9,107,24,0,130,2735,409,73,45,3263,59,4,62,3323,223,3,3551,983,188,35,37,1243,53,9,69,1315,370,0,1683,4,4,0,0,12,0,0,0,12,3,25,40,3722,598,103,87,4515,116,18,128,4646,604,36,5278
LGA36720,481,14,0,14,488,57,0,548,9018,1362,137,66,10575,198,60,261,10843,575,8,11422,15879,2484,257,152,18762,321,31,359,19119,685,28,19841,1041,139,176,10,1371,27,0,26,1399,55,0,1450,183,28,3,174,381,6,3,10,393,24,4,425,26121,4002,573,400,31099,552,104,654,31752,1342,37,33132,311,85,9,10,416,68,11,73,490,61,0,555,795,123,13,20,947,61,17,77,1026,49,5,1081,1104,213,24,25,1361,126,26,153,1516,109,5,1636,27218,4216,599,426,32463,679,132,807,33269,1446,45,34767,7419,1239,255,215,9129,341,68,404,9531,1168,26,10721,43,3,0,31,79,0,0,0,79,9,66,153,34685,5461,852,669,41660,1014,200,1214,42873,2625,139,45639
LGA36820,5,0,0,0,5,3,0,9,621,91,23,4,730,18,3,22,754,64,0,812,1048,181,20,13,1255,25,3,27,1286,71,0,1359,75,13,15,3,99,3,0,3,100,11,0,111,12,3,0,21,30,0,0,0,30,8,0,40,1746,282,54,37,2118,44,7,49,2165,151,0,2318,17,0,0,3,19,15,0,11,30,5,0,38,19,18,0,0,39,0,0,0,38,0,0,38,37,18,0,3,53,14,0,12,67,5,0,74,1781,298,54,36,2173,57,6,63,2238,157,0,2395,435,105,34,23,597,53,4,53,649,143,15,808,3,0,4,3,9,0,0,0,9,0,13,30,2218,402,90,61,2780,109,15,120,2897,305,36,3237
LGA36910,201,13,0,14,214,29,0,244,5777,599,68,53,6493,129,37,167,6660,342,0,7002,8685,921,130,86,9827,118,18,134,9956,332,6,10298,708,81,113,4,901,9,4,17,920,33,0,952,86,9,3,89,183,11,0,11,197,12,7,215,15261,1606,312,225,17408,271,59,327,17732,716,16,18463,205,42,6,8,262,35,0,35,297,50,0,347,375,45,15,13,442,30,33,59,505,29,0,533,582,82,16,23,701,67,33,100,803,84,0,884,15841,1688,328,254,18112,339,85,422,18538,792,16,19346,5083,757,146,105,6091,297,77,379,6462,1066,11,7545,22,4,3,5,38,0,0,0,38,0,47,82,20948,2448,476,358,24232,633,167,800,25036,1861,78,26975
LGA36950,0,0,0,0,0,0,0,0,172,30,8,4,211,3,3,7,215,25,0,241,61,38,3,10,110,0,0,0,110,3,0,113,6,0,4,0,10,0,0,0,10,0,0,10,9,3,0,16,22,4,0,4,31,0,0,31,244,72,16,24,352,9,3,9,366,27,0,395,5,0,0,0,4,6,0,6,12,0,0,12,3,0,0,0,3,0,0,0,3,0,0,3,10,0,0,0,10,6,0,6,13,0,0,13,246,72,16,24,360,14,3,16,380,27,0,403,88,7,9,8,114,6,7,12,129,43,0,170,0,0,0,0,0,0,0,0,0,4,19,24,336,81,23,33,480,18,8,29,510,72,19,600
LGA36960,4,0,0,0,4,4,0,4,71,20,0,3,92,11,3,11,103,33,3,143,60,37,3,3,101,3,4,7,110,40,0,145,3,12,0,0,17,0,0,0,17,0,0,14,0,3,0,0,6,0,0,0,6,4,0,6,138,61,9,3,215,13,4,21,231,75,3,313,10,3,0,0,9,0,0,3,12,0,0,16,0,0,0,0,0,3,3,10,12,9,0,21,10,5,0,0,15,4,6,12,24,8,0,38,149,70,9,3,228,18,8,29,259,83,3,349,152,105,0,3,257,38,20,51,312,268,3,586,0,0,0,3,3,0,0,0,5,10,5,19,299,174,9,14,491,56,30,86,575,358,12,951
LGA37010,365,12,0,12,379,51,0,427,7573,837,161,57,8631,274,46,325,8952,542,12,9503,8084,896,176,66,9224,233,32,266,9488,386,5,9884,896,154,126,0,1170,11,4,16,1191,62,3,1254,98,9,4,103,213,11,6,15,225,11,10,247,16654,1894,460,228,19235,528,89,621,19856,1002,24,20887,316,47,10,7,385,145,7,150,540,48,0,584,454,62,7,10,528,73,19,95,627,49,0,671,770,112,11,20,910,222,31,247,1163,94,0,1260,17417,2005,477,250,20151,749,122,867,21018,1099,24,22147,4336,632,170,128,5268,393,69,464,5729,1132,19,6878,25,0,0,9,35,0,0,0,35,6,68,108,21784,2634,641,384,25449,1144,193,1336,26784,2241,112,29136
LGA37300,0,0,0,0,0,0,0,0,297,13,0,4,318,0,0,0,318,7,3,329,227,16,3,6,247,0,0,0,247,0,0,247,56,3,9,0,72,0,0,0,72,0,0,72,0,0,0,5,5,0,0,0,5,0,0,5,579,33,15,13,637,0,0,0,637,7,3,649,13,0,0,0,13,3,0,3,12,0,0,12,12,4,0,3,14,0,6,6,18,0,0,18,18,4,0,3,30,3,6,4,36,0,0,36,604,33,15,13,668,3,6,4,671,7,3,684,160,9,14,0,183,0,0,0,180,5,9,192,0,0,0,0,0,0,0,0,0,0,0,0,766,43,32,13,851,3,6,5,856,12,10,877
LGA37310,11,0,0,0,11,0,0,7,1113,88,17,3,1226,20,6,28,1253,42,0,1299,1774,163,38,19,1986,16,3,15,2008,58,0,2063,148,15,25,0,185,0,0,0,193,12,0,197,34,0,0,24,56,3,0,3,62,3,0,59,3061,273,80,47,3455,39,10,56,3507,114,0,3625,59,3,3,0,69,20,0,20,92,9,0,101,47,16,0,4,64,6,0,6,67,3,0,71,106,20,3,4,132,31,0,31,160,9,0,174,3170,292,79,47,3590,68,10,82,3668,130,0,3794,1198,109,42,39,1383,69,4,72,1457,240,10,1714,11,4,0,0,12,0,0,0,12,0,4,22,4377,407,127,85,4989,135,17,154,5144,368,16,5529
LGA37340,3,0,0,0,3,4,0,6,1066,133,24,15,1224,32,0,33,1257,30,3,1292,1299,170,29,11,1506,30,0,30,1537,44,3,1589,102,7,41,0,150,3,0,3,153,3,0,157,15,0,3,29,46,0,0,0,50,0,4,54,2474,309,94,52,2933,63,0,70,3000,83,8,3085,46,10,3,3,54,23,0,22,76,6,3,85,64,13,3,0,79,4,3,5,83,0,0,86,110,21,4,3,132,26,7,32,163,3,5,170,2578,324,96,58,3064,94,7,97,3156,85,14,3256,650,120,17,30,818,59,9,60,884,113,0,990,12,0,0,0,16,0,0,0,16,0,13,23,3242,447,117,89,3891,145,11,163,4053,199,23,4273
LGA37400,3,0,0,0,3,0,0,3,56,3,0,0,52,0,0,0,52,0,0,52,27,8,0,0,34,0,0,0,34,0,0,34,0,0,0,0,0,0,0,0,0,0,0,0,0,0,0,0,0,0,0,0,0,0,0,0,79,11,0,3,94,0,0,0,94,0,0,94,0,0,0,0,0,0,0,0,0,0,0,0,0,0,0,0,0,0,0,0,0,0,0,0,0,0,0,0,0,0,0,0,0,0,0,0,79,11,0,3,94,0,0,0,94,0,0,95,28,3,0,0,28,0,0,0,28,0,0,28,0,0,0,0,0,0,0,0,0,0,0,0,108,9,0,7,123,0,0,0,123,0,0,126
LGA37550,0,0,0,0,0,0,0,0,7,3,0,0,9,0,0,0,9,3,0,16,10,3,0,0,11,0,0,0,11,8,0,18,0,0,0,0,0,0,0,0,0,0,0,0,0,0,0,0,0,0,0,0,0,0,0,0,17,6,0,0,25,0,0,0,25,13,0,36,0,0,0,0,0,0,0,0,0,9,0,11,0,0,0,0,0,0,0,0,0,0,0,0,0,0,0,0,0,0,0,0,0,9,0,11,17,6,0,0,25,0,0,0,26,18,0,43,35,10,0,4,49,3,0,3,49,53,0,97,0,0,0,0,0,0,0,0,0,0,3,3,45,17,0,4,65,3,0,3,71,69,3,146
LGA37570,0,0,0,0,0,0,0,0,5,0,0,0,5,0,0,0,5,0,0,5,0,4,0,0,4,0,0,0,4,0,0,4,0,0,0,0,0,0,0,0,0,0,0,0,0,0,0,0,0,0,0,0,0,0,0,0,5,4,0,0,9,0,0,0,7,0,0,7,0,0,0,0,0,0,0,0,0,0,0,0,0,0,0,0,0,0,0,0,0,0,0,0,0,0,0,0,0,0,0,0,0,0,0,0,9,4,0,0,10,0,0,0,11,0,0,11,7,0,0,0,7,4,0,4,7,10,0,22,0,0,0,0,0,0,0,0,0,0,0,0,12,4,0,0,17,3,0,3,21,10,0,33
LGA37600,0,0,0,0,0,0,0,0,64,9,0,0,65,8,3,7,76,18,0,93,7,11,0,9,29,6,3,10,35,9,0,49,0,0,3,0,4,0,4,4,9,0,0,9,0,0,0,0,0,3,0,3,7,3,0,10,68,16,3,7,101,14,9,26,119,33,0,155,9,0,0,0,9,26,0,26,37,0,0,35,0,0,0,0,0,0,6,6,6,3,0,5,9,0,0,0,9,26,6,26,38,5,0,43,79,16,3,7,109,36,15,51,164,40,0,202,24,9,0,0,30,46,0,46,80,218,0,299,0,0,0,0,0,0,0,0,0,0,3,3,104,25,3,14,141,87,15,104,242,256,3,510
LGA39499,0,0,0,0,0,0,0,0,0,0,0,0,0,0,0,0,0,0,0,0,0,0,0,0,0,0,0,0,0,0,0,0,0,0,0,0,0,0,0,0,0,0,0,0,0,0,0,0,0,0,0,0,0,0,0,0,0,0,0,0,0,0,0,0,0,0,0,0,0,0,0,0,0,0,0,0,0,0,0,0,0,0,0,0,0,0,0,0,0,0,0,0,0,0,0,0,0,0,0,0,0,0,0,0,0,0,0,0,0,0,0,0,0,0,0,0,0,0,0,0,0,0,0,0,0,0,0,0,0,0,0,0,0,0,0,0,0,0,0,0,0,0,0,0,0,0,0,0,0,0,0,0
LGA39799,0,0,0,0,0,0,0,0,0,0,0,0,0,0,0,0,0,0,0,0,0,0,0,0,0,0,0,0,0,0,0,0,0,0,0,0,0,0,0,0,0,0,0,0,0,0,0,0,0,0,0,0,0,0,0,0,0,0,0,0,0,0,0,0,0,0,0,0,0,0,0,0,0,0,0,0,0,0,0,0,0,0,0,0,0,0,0,0,0,0,0,0,0,0,0,0,0,0,0,0,0,0,0,0,0,0,0,0,0,0,0,0,0,0,0,0,0,0,0,0,0,0,0,0,0,0,0,0,0,0,0,0,0,0,0,0,0,0,0,0,0,0,0,0,0,0,0,0,0,0,0,0
