LGA_CODE_2016,M_Ag_For_Fshg_15_19,M_Ag_For_Fshg_20_24,M_Ag_For_Fshg_25_34,M_Ag_For_Fshg_35_44,M_Ag_For_Fshg_45_54,M_Ag_For_Fshg_55_64,M_Ag_For_Fshg_65_74,M_Ag_For_Fshg_75_84,M_Ag_For_Fshg_85ov,M_Ag_For_Fshg_Tot,M_Mining_15_19,M_Mining_20_24,M_Mining_25_34,M_Mining_35_44,M_Mining_45_54,M_Mining_55_64,M_Mining_65_74,M_Mining_75_84,M_Mining_85ov,M_Mining_Tot,M_Manufact_15_19,M_Manufact_20_24,M_Manufact_25_34,M_Manufact_35_44,M_Manufact_45_54,M_Manufact_55_64,M_Manufact_65_74,M_Manufact_75_84,M_Manufact_85ov,M_Manufact_Tot,M_El_Gas_Wt_Waste_15_19,M_El_Gas_Wt_Waste_20_24,M_El_Gas_Wt_Waste_25_34,M_El_Gas_Wt_Waste_35_44,M_El_Gas_Wt_Waste_45_54,M_El_Gas_Wt_Waste_55_64,M_El_Gas_Wt_Waste_65_74,M_El_Gas_Wt_Waste_75_84,M_El_Gas_Wt_Waste_85ov,M_El_Gas_Wt_Waste_Tot,M_Constru_15_19,M_Constru_20_24,M_Constru_25_34,M_Constru_35_44,M_Constru_45_54,M_Constru_55_64,M_Constru_65_74,M_Constru_75_84,M_Constru_85ov,M_Constru_Tot,M_WhlesaleTde_15_19,M_WhlesaleTde_20_24,M_WhlesaleTde_25_34,M_WhlesaleTde_35_44,M_WhlesaleTde_45_54,M_WhlesaleTde_55_64,M_WhlesaleTde_65_74,M_WhlesaleTde_75_84,M_WhlesaleTde_85ov,M_WhlesaleTde_Tot,M_RetTde_15_19,M_RetTde_20_24,M_RetTde_25_34,M_RetTde_35_44,M_RetTde_45_54,M_RetTde_55_64,M_RetTde_65_74,M_RetTde_75_84,M_RetTde_85ov,M_RetTde_Tot,M_Accom_food_15_19,M_Accom_food_20_24,M_Accom_food_25_34,M_Accom_food_35_44,M_Accom_food_45_54,M_Accom_food_55_64,M_Accom_food_65_74,M_Accom_food_75_84,M_Accom_food_85ov,M_Accom_food_Tot,M_Trans_post_wrehsg_15_19,M_Trans_post_wrehsg_20_24,M_Trans_post_wrehsg_25_34,M_Trans_post_wrehsg_35_44,M_Trans_post_wrehsg_45_54,M_Trans_post_wrehsg_55_64,M_Trans_post_wrehsg_65_74,M_Trans_post_wrehsg_75_84,M_Trans_post_wrehsg_85ov,M_Trans_post_wrehsg_Tot,M_Info_media_teleco_15_19,M_Info_media_teleco_20_24,M_Info_media_teleco_25_34,M_Info_media_teleco_35_44,M_Info_media_teleco_45_54,M_Info_media_teleco_55_64,M_Info_media_teleco_65_74,M_Info_media_teleco_75_84,M_Info_media_teleco_85ov,M_Info_media_teleco_Tot,M_Fin_Insur_15_19,M_Fin_Insur_20_24,M_Fin_Insur_25_34,M_Fin_Insur_35_44,M_Fin_Insur_45_54,M_Fin_Insur_55_64,M_Fin_Insur_65_74,M_Fin_Insur_75_84,M_Fin_Insur_85ov,M_Fin_Insur_Tot,M_RtnHir_REst_15_19,M_RtnHir_REst_20_24,M_RtnHir_REst_25_34,M_RtnHir_REst_35_44,M_RtnHir_REst_45_54,M_RtnHir_REst_55_64,M_RtnHir_REst_65_74,M_RtnHir_REst_75_84,M_RtnHir_REst_85ov,M_RtnHir_REst_Tot,M_Pro_scien_tec_15_19,M_Pro_scien_tec_20_24,M_Pro_scien_tec_25_34,M_Pro_scien_tec_35_44,M_Pro_scien_tec_45_54,M_Pro_scien_tec_55_64,M_Pro_scien_tec_65_74,M_Pro_scien_tec_75_84,M_Pro_scien_tec_85ov,M_Pro_scien_tec_Tot,M_Admin_supp_15_19,M_Admin_supp_20_24,M_Admin_supp_25_34,M_Admin_supp_35_44,M_Admin_supp_45_54,M_Admin_supp_55_64,M_Admin_supp_65_74,M_Admin_supp_75_84,M_Admin_supp_85ov,M_Admin_supp_Tot,M_Public_admin_sfty_15_19,M_Public_admin_sfty_20_24,M_Public_admin_sfty_25_34,M_Public_admin_sfty_35_44,M_Public_admin_sfty_45_54,M_Public_admin_sfty_55_64,M_Public_admin_sfty_65_74,M_Public_admin_sfty_75_84,M_Public_admin_sfty_85ov,M_Public_admin_sfty_Tot,M_Educ_trng_15_19,M_Educ_trng_20_24,M_Educ_trng_25_34,M_Educ_trng_35_44,M_Educ_trng_45_54,M_Educ_trng_55_64,M_Educ_trng_65_74,M_Educ_trng_75_84,M_Educ_trng_85ov,M_Educ_trng_Tot,M_HlthCare_SocAs_15_19,M_HlthCare_SocAs_20_24,M_HlthCare_SocAs_25_34,M_HlthCare_SocAs_35_44,M_HlthCare_SocAs_45_54,M_HlthCare_SocAs_55_64,M_HlthCare_SocAs_65_74,M_HlthCare_SocAs_75_84,M_HlthCare_SocAs_85ov,M_HlthCare_SocAs_Tot,M_Art_recn_15_19,M_Art_recn_20_24,M_Art_recn_25_34,M_Art_recn_35_44,M_Art_recn_45_54,M_Art_recn_55_64,M_Art_recn_65_74,M_Art_recn_75_84,M_Art_recn_85ov,M_Art_recn_Tot,M_Oth_scs_15_19,M_Oth_scs_20_24,M_Oth_scs_25_34,M_Oth_scs_35_44,M_Oth_scs_45_54,M_Oth_scs_55_64,M_Oth_scs_65_74,M_Oth_scs_75_84,M_Oth_scs_85ov,M_Oth_scs_Tot,M_ID_NS_15_19,M_ID_NS_20_24,M_ID_NS_25_34,M_ID_NS_35_44,M_ID_NS_45_54,M_ID_NS_55_64,M_ID_NS_65_74,M_ID_NS_75_84,M_ID_NS_85ov,M_ID_NS_Tot
LGA30250,0,0,0,0,0,0,0,0,0,3,3,0,0,0,0,0,0,0,0,9,0,0,0,0,0,0,0,0,0,0,0,0,0,0,0,0,0,0,0,0,0,3,8,0,0,0,0,0,0,15,0,0,0,0,0,0,0,0,0,0,3,0,0,4,4,0,0,0,0,13,0,0,0,0,0,0,0,0,0,0,0,0,0,0,0,0,0,0,0,3,0,0,0,0,0,0,0,0,0,0,0,0,0,0,0,0,0,0,0,0,0,0,0,0,0,0,0,0,0,0,0,0,0,0,0,0,0,0,0,0,0,0,0,3,0,0,0,0,0,3,0,0,14,9,12,12,0,0,0,46,0,4,0,4,3,0,0,0,0,8,0,0,0,0,4,0,0,0,0,5,0,0,4,4,0,0,0,0,0,9,0,3,0,3,3,3,0,0,0,13,0,0,4,0,0,0,0,0,0,7
LGA30300,14,35,95,97,133,105,49,22,4,555,0,0,0,5,0,0,0,0,0,9,4,3,8,4,3,3,0,0,0,22,0,0,7,3,6,0,0,0,0,22,7,13,14,19,22,13,7,0,0,89,0,4,10,8,9,13,3,3,0,49,15,11,12,15,12,8,7,3,0,69,0,4,3,3,7,8,3,0,0,29,0,0,9,15,10,13,3,0,0,49,0,0,0,0,0,0,0,0,0,0,0,0,0,0,0,0,0,0,0,4,0,0,0,0,0,0,0,0,0,3,0,0,0,7,0,4,0,0,0,13,0,0,0,0,3,0,0,0,0,8,0,5,14,23,12,17,3,0,0,75,0,0,8,4,3,3,3,0,0,28,0,0,5,11,10,9,0,0,0,35,0,0,0,0,0,0,0,0,0,4,5,9,7,12,12,7,3,0,0,50,8,3,7,14,7,19,4,0,0,55
LGA30370,27,46,137,139,172,202,130,61,7,913,15,50,209,243,239,142,19,0,0,918,26,50,97,109,59,41,7,0,0,384,12,31,65,50,80,54,5,0,0,298,18,38,68,54,63,47,13,3,0,308,4,9,36,30,12,7,3,0,0,104,42,22,25,16,29,19,5,0,0,160,35,6,17,7,17,11,4,0,0,97,3,6,16,27,28,39,9,3,0,139,0,0,0,3,3,0,0,0,0,13,0,0,0,0,3,3,0,0,0,10,0,0,3,6,3,8,4,0,0,21,0,9,7,15,11,7,0,0,0,51,4,13,11,17,10,14,7,0,0,70,0,10,23,38,59,40,16,0,0,191,0,3,24,13,13,10,3,0,0,61,0,0,8,6,10,9,3,0,0,50,0,3,9,3,0,0,0,0,0,11,16,21,30,28,16,13,3,0,0,123,9,15,28,31,24,24,14,3,0,158
LGA30410,6,26,57,50,66,49,27,12,0,301,3,0,0,5,0,4,0,0,0,19,0,5,3,0,3,3,0,0,0,12,0,0,3,4,3,8,0,0,0,21,3,14,16,24,31,18,4,0,0,110,0,0,3,3,0,0,0,0,0,6,3,3,0,0,3,3,4,0,0,12,4,0,0,0,3,3,3,0,0,13,0,3,6,5,30,11,3,0,0,59,0,0,0,0,0,0,0,0,0,3,0,0,0,0,0,0,0,0,0,0,0,0,0,0,0,0,0,0,0,3,0,7,7,3,7,5,0,0,0,30,0,3,0,0,0,3,0,0,0,11,5,6,5,13,25,17,3,0,0,75,0,3,3,7,0,0,0,0,0,16,0,0,4,3,3,3,3,0,0,17,0,0,3,0,0,3,0,0,0,12,0,7,0,3,6,0,0,0,0,22,3,0,3,3,0,4,0,0,0,18
LGA30450,3,7,7,5,8,14,3,0,0,43,0,0,0,0,0,0,0,0,0,0,0,0,0,0,0,0,0,0,0,0,0,0,0,0,0,0,0,0,0,0,0,0,3,0,0,0,0,0,0,5,0,0,0,0,0,0,0,0,0,0,0,0,0,0,0,0,0,0,0,0,0,0,0,0,0,0,0,0,0,3,0,0,0,0,3,0,0,0,0,7,0,0,0,0,0,0,0,0,0,0,0,0,0,0,0,0,0,0,0,0,0,0,0,0,0,0,0,0,0,0,0,0,0,0,0,0,0,0,0,0,0,0,0,0,0,0,0,0,0,0,4,0,6,4,9,0,5,0,0,32,0,0,0,0,0,0,0,0,0,0,0,0,0,0,0,3,0,0,0,3,0,0,0,0,0,0,0,0,0,0,0,0,0,0,0,0,0,0,0,0,0,0,0,0,0,0,0,0,0,0
LGA30760,5,10,24,34,40,52,23,6,0,198,0,0,0,4,0,3,0,0,0,7,0,3,0,4,0,4,0,0,0,11,0,0,6,0,0,5,0,0,0,9,3,3,15,12,6,9,3,0,0,50,0,0,3,4,0,3,3,0,0,22,6,0,3,4,3,3,3,0,0,24,3,0,4,0,0,3,0,0,0,15,0,0,4,10,10,6,4,0,0,26,0,0,0,0,0,0,0,0,0,0,0,0,0,0,0,0,0,0,0,0,0,0,0,3,0,0,0,0,0,7,0,0,0,0,0,0,0,0,0,4,0,0,0,0,3,0,0,0,0,5,6,3,9,13,18,14,3,0,0,67,0,0,4,0,3,0,0,0,0,12,0,0,3,0,0,3,0,0,0,6,0,0,0,0,3,3,0,0,0,3,0,3,0,3,0,0,3,0,0,13,0,0,6,0,3,3,7,4,0,27
LGA30900,10,8,16,4,15,13,4,0,0,69,0,0,0,0,0,0,0,0,0,3,0,0,0,0,0,0,0,0,0,0,0,0,0,0,0,0,0,0,0,3,0,0,4,4,0,0,3,0,0,14,0,0,0,0,0,0,0,0,0,0,0,0,0,0,0,0,0,0,0,0,0,0,0,0,0,3,0,0,0,3,0,0,0,0,0,0,0,0,0,0,0,0,0,0,0,0,0,0,0,0,0,0,0,0,0,0,0,0,0,0,0,0,0,0,0,0,0,0,0,0,0,0,0,0,0,0,0,0,0,0,0,0,0,0,0,0,0,0,0,0,0,0,3,8,6,9,0,0,0,22,0,0,5,0,0,0,0,0,0,3,0,0,0,0,0,0,0,0,0,0,0,0,0,0,0,0,0,0,0,0,0,0,0,0,0,0,0,0,0,0,0,0,0,0,0,0,0,0,0,7
LGA31000,53,118,308,275,288,184,121,18,3,1367,8,138,1554,1790,1249,541,93,3,0,5381,388,1486,4556,4980,4965,3013,590,59,7,20037,20,165,879,1196,1104,630,82,10,0,4090,1153,3652,9548,7658,6229,3715,841,75,7,32874,213,750,2312,2565,2454,1499,379,41,3,10221,2770,4868,5865,3639,2893,1899,647,81,5,22657,4292,4635,5680,2549,1684,1041,271,40,4,20200,216,1196,5013,4743,4751,3572,913,82,12,20487,178,613,1600,1406,1177,588,121,13,0,5688,69,620,3224,3253,2460,1223,309,52,7,11225,134,556,1645,1504,1314,932,450,97,15,6643,372,2708,9510,9339,6854,3980,1265,152,14,34188,297,1195,2917,2149,1660,1168,341,41,4,9768,221,1835,5259,5630,5476,3151,503,38,0,22117,630,1674,4211,4162,3903,2975,826,75,3,18473,327,1617,5186,4956,4317,3000,877,135,14,20426,474,813,1432,1081,799,513,168,33,4,5327,324,1029,2470,2024,1836,1349,414,60,0,9508,503,1420,3556,2972,2531,1535,523,117,28,13191
LGA31750,3,3,13,3,5,3,3,0,0,40,0,0,0,4,0,5,0,0,0,6,0,0,0,0,0,3,0,0,0,3,0,0,0,0,0,0,0,0,0,0,0,0,4,3,0,3,0,0,0,11,0,0,0,0,0,0,0,0,0,0,0,0,0,0,3,3,0,0,0,6,0,0,0,0,0,7,3,0,0,11,0,0,0,0,0,3,0,0,0,4,0,0,0,0,0,0,0,0,0,0,0,0,0,0,0,0,0,0,0,0,0,0,0,0,0,0,0,0,0,0,0,0,0,0,0,0,0,0,0,0,0,0,0,0,0,0,0,0,0,0,4,0,3,8,6,9,0,0,0,28,0,0,0,0,0,0,0,0,0,0,0,0,0,0,0,0,0,0,0,3,0,0,0,0,0,0,0,0,0,0,0,0,0,0,0,0,0,0,0,0,0,0,0,0,5,0,0,0,0,4
LGA31820,91,225,455,386,483,385,197,48,8,2279,3,25,151,178,179,94,12,0,0,647,80,148,309,322,407,364,66,3,0,1690,7,13,52,71,85,67,11,0,0,299,89,209,468,479,492,431,66,8,0,2246,28,49,76,95,124,96,18,0,0,480,307,220,317,265,239,188,43,9,0,1595,274,151,141,111,122,92,26,5,0,925,10,40,110,174,287,301,74,3,0,994,10,9,34,29,23,27,3,0,0,148,0,5,22,39,45,31,3,0,0,151,10,6,23,37,43,49,22,7,0,193,10,36,113,128,110,92,42,4,0,530,23,43,93,83,109,100,17,0,0,473,20,43,128,230,305,234,22,0,0,986,22,32,94,174,243,198,43,11,0,816,32,77,235,263,318,234,51,3,0,1224,13,16,15,15,24,28,8,0,0,119,41,77,147,148,129,141,32,0,0,724,53,96,177,162,209,128,60,17,4,906
LGA31900,35,100,194,239,310,279,107,40,3,1310,3,4,46,55,41,22,4,0,0,172,50,80,122,127,175,182,29,0,0,766,0,11,12,25,32,15,0,0,0,99,16,35,81,67,64,58,11,0,0,340,3,3,9,9,19,13,7,0,0,75,38,26,48,37,36,29,6,0,0,224,55,14,7,13,19,12,3,0,0,131,3,3,16,26,50,53,12,0,0,172,3,0,0,0,0,4,0,0,0,10,0,0,4,6,6,3,0,0,0,23,0,0,0,4,9,5,4,0,0,21,10,7,18,12,21,19,15,0,0,87,0,3,18,12,12,9,0,0,0,60,4,13,31,60,56,55,4,0,0,226,3,10,17,22,14,34,8,0,0,101,0,8,21,20,23,24,8,0,0,99,9,0,4,0,0,0,0,0,0,17,17,32,22,27,32,29,16,3,0,177,9,19,20,31,35,39,22,6,0,188
LGA31950,0,5,0,5,0,7,3,0,0,18,0,0,0,0,0,0,0,0,0,0,0,0,0,0,0,0,0,0,0,0,0,0,0,0,0,0,0,0,0,0,0,0,0,0,4,0,0,0,0,3,0,0,0,0,0,0,0,0,0,0,0,0,0,0,0,3,0,0,0,3,0,0,0,0,0,5,0,0,0,5,0,0,0,0,0,0,0,0,0,4,0,0,0,0,0,0,0,0,0,0,0,0,0,0,0,0,0,0,0,0,0,0,0,0,0,0,0,0,0,0,0,0,0,0,0,0,0,0,0,0,0,0,0,0,0,0,0,0,0,3,0,3,3,3,5,3,3,0,0,20,0,0,0,3,0,0,0,0,0,3,0,0,0,0,0,0,0,0,0,0,0,0,0,0,0,0,0,0,0,0,0,0,3,3,0,0,0,0,0,7,0,0,3,0,0,0,0,0,0,8
LGA32080,30,58,102,136,161,157,69,43,8,765,7,16,228,298,220,113,17,0,0,901,89,177,405,489,499,386,77,6,0,2124,0,25,108,135,161,93,11,0,0,545,184,448,1139,1188,1203,804,129,18,3,5113,35,68,239,298,276,229,47,0,0,1193,459,422,624,562,531,368,136,10,3,3115,621,444,757,609,466,336,98,10,0,3333,38,129,580,709,908,686,213,15,0,3279,12,44,85,64,87,58,13,4,0,361,3,12,64,97,90,67,23,3,0,368,16,42,92,143,161,120,62,5,3,648,16,100,338,386,366,305,128,10,3,1656,41,89,275,361,404,232,65,11,0,1475,32,190,699,836,889,567,77,8,0,3309,43,82,257,396,413,366,123,6,0,1689,23,151,548,568,571,401,107,11,0,2379,77,108,173,163,146,101,31,0,0,801,70,177,388,367,293,219,86,3,0,1606,90,169,342,380,390,259,85,25,7,1735
LGA32250,10,16,20,17,14,18,4,0,0,98,0,0,0,0,0,3,0,0,0,3,0,0,0,0,3,3,0,0,0,9,0,0,0,0,0,5,0,0,0,7,3,4,3,14,14,13,3,0,0,47,0,0,4,0,3,0,0,0,0,14,0,0,3,3,4,3,3,0,0,17,0,0,3,8,3,4,0,0,0,23,0,0,3,6,6,15,7,0,0,37,0,0,0,0,0,0,0,0,0,4,0,0,0,0,0,0,0,0,0,0,0,0,0,0,0,0,0,0,0,6,0,0,0,0,0,0,0,0,0,0,0,0,0,3,5,3,0,0,0,16,0,3,20,16,16,15,3,0,0,76,3,11,0,3,5,3,0,0,0,23,0,0,10,3,4,4,0,0,0,21,0,0,0,0,0,0,0,0,0,3,0,0,0,6,0,6,0,0,0,9,7,3,6,3,3,4,3,0,0,36
LGA32260,50,170,431,313,345,305,130,54,5,1812,0,3,41,43,62,31,11,0,0,183,37,78,113,134,192,167,34,4,0,767,4,4,25,19,32,32,0,0,0,115,28,48,114,134,155,153,27,0,0,664,12,0,15,21,27,29,7,0,0,114,73,38,64,51,67,58,19,6,0,375,66,26,37,29,50,44,15,0,0,271,7,19,54,54,100,132,35,3,0,397,0,4,3,7,4,11,0,0,0,26,0,0,0,4,7,8,4,0,0,25,0,0,6,3,8,13,15,3,0,44,0,11,20,13,30,46,16,0,0,137,5,13,22,23,31,37,12,3,0,158,8,31,53,78,109,90,10,0,0,373,8,17,23,33,40,45,13,0,0,181,0,3,29,32,43,42,9,6,0,171,3,3,13,14,14,11,3,0,0,66,18,35,47,44,55,35,16,4,0,247,29,51,71,56,82,55,14,3,0,366
LGA32270,38,98,204,198,235,219,108,38,4,1143,37,158,796,834,661,310,29,3,0,2831,5,27,56,45,43,22,4,0,0,203,8,9,31,19,29,16,3,0,0,127,20,68,115,122,106,100,18,3,0,548,13,20,59,53,49,24,7,0,0,217,71,54,70,45,45,25,10,3,0,322,92,46,57,36,23,17,13,0,0,286,13,17,60,57,106,98,25,3,0,390,3,0,3,10,3,8,0,0,0,27,0,0,3,8,7,3,0,0,0,29,0,5,25,20,23,20,5,3,0,107,3,7,38,22,34,15,0,0,0,128,3,16,34,30,30,27,8,0,0,146,11,13,66,51,63,58,7,0,0,266,4,8,49,40,39,24,13,0,0,183,3,6,20,18,16,8,3,0,0,81,3,5,3,6,3,4,5,0,0,35,32,52,98,60,50,34,14,0,0,340,15,31,56,56,51,40,10,3,0,272
LGA32310,26,19,64,65,78,64,32,11,0,366,6,15,87,115,99,59,7,0,0,387,6,13,18,17,23,13,5,0,0,93,0,0,3,3,10,7,0,0,0,28,5,19,52,47,43,56,15,0,0,231,5,5,12,7,8,8,3,0,0,52,45,15,27,33,15,16,8,3,0,172,29,14,8,16,12,6,3,3,0,95,3,0,13,33,31,33,15,0,0,130,0,3,4,0,0,0,0,0,0,12,0,0,0,0,0,0,0,0,0,3,0,0,3,4,0,4,3,0,0,16,0,0,5,4,6,12,3,0,0,31,0,3,6,5,7,16,0,0,0,40,8,10,21,32,49,49,11,0,0,179,5,10,32,32,40,27,10,0,0,150,0,7,17,14,24,27,5,0,0,105,3,0,0,5,7,4,4,0,0,20,8,20,18,16,15,10,3,0,0,90,12,10,15,27,21,17,3,4,0,117
LGA32330,0,0,0,0,0,0,0,0,0,0,0,0,0,0,0,0,0,0,0,0,0,0,0,0,0,0,0,0,0,0,0,0,0,0,0,0,0,0,0,0,0,0,0,0,0,0,0,0,0,0,0,0,0,0,0,0,0,0,0,0,0,0,0,0,0,0,0,0,0,0,0,0,0,0,0,0,0,0,0,0,0,0,0,0,0,0,0,0,0,0,0,0,0,0,0,0,0,0,0,0,0,0,0,0,0,0,0,0,0,0,0,0,0,0,0,0,0,0,0,0,0,0,0,0,0,0,0,0,0,0,0,0,0,0,0,0,0,0,0,0,0,0,3,8,7,8,0,0,0,31,0,0,3,4,0,4,0,0,0,11,0,0,0,6,4,0,0,0,0,5,0,0,0,0,0,0,0,0,0,0,0,0,0,0,3,3,0,0,0,7,0,0,0,0,0,0,0,0,0,0
LGA32450,11,20,26,22,15,11,19,3,0,114,3,21,88,89,67,56,3,0,0,328,0,3,0,5,9,3,0,0,0,26,0,0,0,0,3,4,0,0,0,7,0,8,20,21,13,14,6,0,0,84,0,0,0,3,3,3,0,0,0,11,11,3,11,3,5,3,0,0,0,37,0,3,3,5,11,4,3,0,0,25,4,4,32,16,22,31,8,0,0,120,0,0,0,3,0,0,0,0,0,3,0,3,0,0,0,0,0,0,0,3,0,0,0,0,0,0,0,0,0,3,0,3,3,0,0,0,0,0,0,5,0,0,5,0,0,3,0,0,0,13,0,8,12,15,20,10,3,0,0,67,0,0,7,0,5,3,0,0,0,13,0,0,6,0,0,0,0,0,0,14,0,0,0,0,0,0,0,0,0,3,3,0,10,3,5,7,0,0,0,33,0,0,9,7,6,6,4,0,0,30
LGA32500,5,19,36,30,30,16,9,3,0,149,0,0,9,4,7,3,0,0,0,18,0,0,7,4,4,0,0,0,0,14,0,0,0,7,3,5,3,0,0,16,12,16,32,38,38,32,10,0,0,164,0,0,3,3,0,0,0,0,0,6,6,10,5,7,13,5,3,0,0,54,6,9,20,12,18,17,6,0,0,88,0,0,3,6,8,12,8,0,0,37,0,0,0,0,0,3,0,0,0,3,0,0,0,0,0,0,0,0,0,0,0,0,0,0,0,0,0,0,0,0,0,0,4,0,4,0,3,0,0,17,0,3,0,5,3,4,0,0,0,22,0,5,17,23,32,24,3,3,0,111,3,3,14,10,8,6,0,0,0,45,0,0,5,7,10,15,6,0,0,51,0,3,7,4,5,4,3,0,0,31,0,9,10,10,9,3,3,0,0,42,0,3,15,11,8,8,3,0,0,57
LGA32600,0,5,3,4,5,0,0,3,0,21,0,0,0,0,0,0,0,0,0,4,0,0,0,0,0,0,0,0,0,0,0,0,0,0,0,0,0,0,0,0,0,0,3,0,3,0,0,0,0,4,0,0,0,0,0,0,0,0,0,0,0,0,0,0,0,0,0,0,0,0,0,0,0,0,0,0,0,0,0,0,0,0,0,0,0,0,0,0,0,0,0,0,0,0,0,0,0,0,0,0,0,0,0,0,0,0,0,0,0,0,0,0,0,0,0,0,0,0,0,0,0,0,0,0,0,0,0,0,0,0,0,0,0,0,0,0,0,0,0,0,0,0,4,3,4,3,0,0,0,17,0,0,0,0,0,0,0,0,0,0,0,0,0,0,0,0,0,0,0,0,0,0,0,0,0,0,0,0,0,0,0,0,0,0,0,0,0,0,0,0,0,0,0,0,3,0,0,0,0,6
LGA32750,3,0,8,9,6,3,3,0,0,28,0,0,0,0,0,0,0,0,0,0,0,0,0,0,0,0,0,0,0,0,0,0,0,0,0,0,0,0,0,0,0,0,0,4,0,0,0,0,0,9,0,0,0,0,0,0,0,0,0,0,0,0,0,0,0,0,0,0,0,5,3,0,4,0,0,0,0,0,0,11,0,0,0,0,0,0,0,0,0,0,0,0,0,0,0,0,0,0,0,0,0,0,0,0,0,0,0,0,0,0,0,0,0,0,0,0,0,0,0,0,0,0,0,0,0,0,0,0,0,0,0,0,0,0,0,0,0,0,0,5,5,0,0,5,4,7,0,0,0,27,0,0,0,0,0,0,0,0,0,0,0,0,0,0,0,0,0,0,0,3,0,0,0,0,0,0,0,0,0,3,0,0,0,0,0,0,0,0,0,0,0,0,0,0,0,3,0,0,0,4
LGA32770,0,3,3,0,0,0,0,0,0,6,0,0,0,0,0,0,0,0,0,0,0,0,0,0,0,0,0,0,0,0,0,0,0,0,0,0,0,0,0,0,0,3,3,0,0,0,0,0,0,7,0,0,0,0,0,0,0,0,0,0,0,3,0,3,0,0,0,0,0,4,0,0,0,0,0,0,0,0,0,3,0,0,0,0,0,0,0,0,0,0,0,0,0,0,0,0,0,0,0,0,0,0,0,0,0,0,0,0,0,0,0,0,0,0,0,0,0,0,0,0,0,0,0,0,0,0,0,0,0,0,0,0,0,0,0,0,0,0,0,0,0,4,4,16,9,0,0,0,0,40,0,4,7,13,6,3,0,0,0,31,0,0,4,3,5,3,0,0,0,18,0,0,0,0,0,0,0,0,0,0,0,0,5,3,3,3,0,0,0,16,0,0,0,0,0,0,0,0,0,0
LGA32810,7,3,15,24,27,38,15,10,0,149,0,0,7,14,15,11,0,0,0,46,12,20,35,36,42,30,4,0,0,175,0,0,3,8,13,3,0,0,0,30,14,19,53,90,86,61,5,0,0,333,3,0,0,3,10,5,0,0,0,21,29,7,30,18,30,23,18,0,0,164,29,51,192,127,118,100,26,7,0,650,3,12,43,39,63,63,25,9,0,262,0,0,9,5,5,7,3,0,0,22,0,0,3,3,3,0,0,0,0,11,0,0,5,6,17,12,6,0,0,46,0,3,6,15,19,20,10,0,0,68,5,19,43,39,51,41,14,3,0,215,4,0,16,40,34,45,3,0,0,139,0,3,12,15,19,16,10,0,0,83,0,0,9,14,16,17,9,0,0,66,3,0,5,9,14,8,3,0,0,53,3,8,25,20,19,21,4,0,0,98,9,11,35,39,42,25,11,5,0,178
LGA33100,12,7,17,9,25,18,11,7,0,103,0,0,0,0,3,0,0,0,0,3,0,0,0,0,0,0,0,0,0,3,0,0,0,4,0,0,0,0,0,3,0,0,0,7,8,0,4,0,0,13,0,0,0,0,0,0,0,0,0,0,3,0,0,0,0,0,0,0,0,5,0,0,6,0,3,8,0,0,0,16,0,0,0,0,4,4,0,0,0,11,0,0,0,0,0,0,0,0,0,0,0,0,0,0,0,0,0,0,0,0,0,0,0,0,0,0,0,0,0,0,0,0,0,0,0,0,0,0,0,7,0,0,0,0,3,0,0,0,0,5,0,5,3,7,5,5,0,0,0,31,0,0,0,0,0,0,0,0,0,0,0,0,0,0,0,0,0,0,0,0,0,0,0,0,0,0,0,0,0,0,0,0,0,0,0,0,0,0,0,0,0,0,0,0,3,0,0,0,0,6
LGA33200,7,11,16,32,37,30,25,12,0,169,0,0,0,0,0,0,0,0,0,7,0,3,0,0,3,0,0,0,0,9,0,0,3,3,0,0,0,0,0,12,0,3,3,8,4,7,0,0,0,22,0,0,0,0,0,0,0,0,0,6,3,0,3,3,3,0,3,0,0,21,0,3,0,0,3,3,0,0,0,15,0,0,6,12,15,14,5,0,0,50,0,0,0,0,0,0,0,0,0,0,0,0,0,0,0,0,0,0,0,3,0,0,4,0,0,0,0,0,0,4,0,0,0,0,0,0,0,0,0,3,0,0,3,0,4,0,0,0,0,4,3,10,10,6,23,13,3,0,0,66,0,0,0,0,3,0,0,0,0,6,0,0,4,0,0,3,0,0,0,12,0,0,0,0,0,3,0,0,0,4,0,3,0,6,3,3,0,0,0,13,0,3,8,0,3,6,0,0,0,20
LGA33220,25,43,77,94,125,146,80,40,5,634,0,23,107,155,157,86,13,0,0,536,56,126,282,306,311,271,43,0,0,1404,7,22,61,87,121,84,3,0,0,390,98,231,451,529,613,461,81,0,0,2451,12,24,67,80,75,64,9,0,4,338,299,194,300,308,264,205,69,7,0,1653,264,176,188,175,161,142,56,4,4,1180,10,26,109,179,292,299,97,7,0,1024,9,15,34,32,34,38,6,0,0,162,3,3,10,23,37,37,11,0,0,124,3,13,26,35,66,71,27,3,0,251,11,33,59,98,116,132,25,4,3,482,28,23,73,105,117,131,21,3,0,517,11,45,179,295,312,258,28,0,0,1130,8,23,111,204,223,191,39,9,0,812,10,66,234,271,329,286,57,4,0,1260,12,7,31,24,38,33,11,5,0,157,38,66,150,129,164,115,31,3,0,699,51,94,143,169,194,157,53,19,0,881
LGA33360,11,13,34,35,66,89,60,23,0,334,11,29,192,274,216,108,7,0,0,840,66,212,653,795,815,470,48,0,0,3068,27,64,105,136,172,134,15,0,0,651,62,200,671,706,533,345,39,0,0,2553,12,34,65,87,99,53,5,0,0,350,229,149,149,108,125,74,20,0,0,860,247,103,104,61,65,58,15,7,0,653,37,96,239,348,487,370,72,3,0,1653,6,4,15,8,9,8,0,0,0,52,0,4,12,11,11,9,6,0,0,53,3,16,33,35,51,37,8,0,0,191,3,50,294,266,251,143,16,3,0,1033,20,41,77,85,81,48,14,0,0,364,7,44,124,122,160,120,24,3,0,612,6,30,84,74,88,65,18,0,0,370,10,27,52,74,50,53,9,0,0,279,12,8,12,12,11,10,3,0,0,73,28,80,94,96,91,74,12,0,0,484,34,81,186,179,188,89,19,7,0,784
LGA33430,25,61,150,186,170,131,90,20,5,836,3,39,413,492,390,209,49,7,0,1604,412,855,2113,2510,2359,1506,408,49,0,10216,15,62,213,327,397,202,32,0,0,1248,923,2461,6637,6354,5486,3291,764,46,5,25951,96,256,736,999,1060,675,217,26,0,4060,1518,1977,2736,2197,1998,1355,479,43,3,12299,2293,1726,2698,1815,1417,978,344,45,3,11318,77,308,1200,1525,1914,1641,617,51,3,7327,79,227,563,545,553,279,62,3,0,2308,30,199,648,760,687,465,192,23,9,3014,58,214,583,749,807,743,456,81,8,3705,103,548,1835,2143,1685,1316,545,69,7,8244,127,442,990,1159,1151,868,264,39,0,5039,46,280,1130,1621,1738,1167,196,22,0,6201,159,381,1141,1409,1331,1155,347,44,3,5954,90,423,1589,1632,1686,1256,406,46,3,7126,369,593,929,801,724,448,157,23,0,4041,202,487,1176,1199,1096,779,268,26,0,5233,339,762,1697,1709,1636,1119,396,80,12,7757
LGA33610,33,65,178,169,202,193,91,28,11,985,0,0,12,11,4,3,0,0,0,33,11,12,19,20,31,23,3,0,0,119,0,3,9,8,16,8,0,0,0,44,17,35,66,60,61,48,13,3,0,299,0,7,13,21,25,14,4,0,0,91,27,20,26,34,42,33,7,4,0,198,17,9,19,15,8,19,0,0,0,93,0,10,17,22,37,50,15,3,0,144,0,3,0,0,6,3,0,0,0,8,0,3,3,6,0,3,0,0,0,16,0,0,3,4,3,7,3,0,0,18,0,0,3,10,10,14,0,0,0,38,0,4,9,4,11,7,3,0,0,33,0,4,24,21,35,23,6,0,0,107,3,3,16,15,15,12,5,0,0,66,0,0,3,11,13,18,5,0,0,52,0,0,0,3,0,5,0,0,0,14,7,18,29,16,28,16,3,0,0,113,5,5,20,33,25,27,11,0,3,127
LGA33620,26,62,112,150,208,248,145,48,8,1005,0,17,66,96,99,46,11,0,0,337,58,114,241,243,287,209,28,8,3,1186,3,10,29,34,35,32,3,0,0,141,58,128,291,314,307,265,48,3,0,1418,16,23,49,58,67,42,12,0,0,266,107,92,126,113,142,102,27,5,0,722,100,50,57,34,69,49,15,3,0,371,11,16,87,82,198,168,50,3,0,616,8,7,13,6,15,12,8,0,0,81,3,0,5,10,15,7,3,0,0,42,5,3,11,17,29,37,15,0,0,115,3,12,35,40,48,64,23,3,0,238,16,21,38,55,78,61,4,0,0,277,5,21,71,127,148,131,11,0,0,520,11,11,47,79,114,105,20,4,0,377,7,10,38,64,87,97,20,0,0,334,7,3,12,12,23,15,6,0,0,93,25,44,85,91,92,74,11,3,0,429,49,55,86,91,112,107,30,18,3,545
LGA33800,7,18,80,100,132,146,99,46,8,627,0,5,9,15,23,11,4,0,0,71,22,52,72,68,115,124,20,0,0,476,0,0,7,7,10,14,0,0,0,40,7,25,45,40,33,51,7,0,0,211,3,7,4,6,18,17,3,0,0,51,25,11,22,18,25,20,5,3,0,134,30,7,11,8,19,3,3,0,0,87,0,0,8,10,25,24,14,4,0,93,3,0,0,0,3,0,0,0,0,7,3,3,9,5,9,4,0,0,0,28,0,0,0,3,3,0,3,0,0,10,5,5,7,4,10,14,6,0,0,56,0,3,6,4,17,11,4,0,0,49,8,10,22,29,47,45,9,0,0,164,0,6,11,28,22,14,7,0,0,94,0,3,13,18,16,14,9,0,0,68,3,0,3,4,0,3,3,0,0,19,11,17,19,14,20,14,6,0,0,96,5,13,13,14,22,34,16,6,4,127
LGA33830,0,0,0,0,0,0,0,0,0,3,0,3,6,12,3,0,0,0,0,22,0,0,0,0,0,0,0,0,0,0,0,0,0,0,0,0,0,0,0,0,0,3,0,3,0,0,0,0,0,7,0,0,0,0,0,0,0,0,0,0,0,0,3,0,0,0,0,0,0,3,0,0,0,0,0,0,0,0,0,0,0,0,0,0,0,0,0,0,0,0,0,0,0,0,0,0,0,0,0,0,0,0,0,0,0,0,0,0,0,0,0,0,0,0,0,0,0,0,0,0,0,0,0,0,0,0,0,0,0,0,0,0,0,3,0,0,0,0,0,4,0,3,6,16,15,8,0,0,0,44,0,0,5,0,0,0,0,0,0,11,0,0,0,3,0,0,0,0,0,5,0,0,0,0,4,0,0,0,0,4,0,6,11,8,7,5,0,0,0,27,0,0,0,0,0,0,0,0,0,3
LGA33960,15,51,113,81,76,44,25,18,4,428,0,30,169,174,147,74,5,0,3,600,163,599,1533,1577,1484,840,123,8,0,6333,11,44,192,213,200,117,12,0,0,788,313,798,1804,1426,1161,624,116,7,0,6245,43,151,503,503,423,232,35,5,0,1894,490,663,970,684,506,322,74,6,4,3721,651,394,305,199,133,89,28,5,0,1802,67,270,922,999,1106,794,185,9,0,4350,56,65,127,108,114,57,9,0,0,540,6,52,216,196,121,75,12,0,0,679,19,55,164,134,120,85,31,9,0,605,34,131,489,508,430,273,57,4,0,1923,66,161,328,308,278,179,36,5,0,1370,47,327,1337,1099,1003,604,86,5,0,4501,63,159,358,353,380,332,77,9,0,1732,41,168,472,504,449,355,74,10,0,2063,46,54,85,88,79,44,11,4,0,413,100,211,503,404,332,228,45,3,0,1818,138,324,685,582,574,303,76,15,0,2701
LGA33980,34,60,106,107,150,141,61,11,8,673,39,189,890,966,665,335,27,0,0,3104,5,11,68,66,42,26,0,0,0,219,0,14,16,10,24,14,3,0,0,87,14,30,75,75,51,33,5,0,0,278,3,10,35,32,23,3,0,0,0,105,38,20,28,15,9,8,7,3,0,123,52,26,40,34,25,26,5,0,0,202,14,10,32,59,81,75,6,0,0,275,0,0,0,0,0,0,0,0,0,6,0,0,0,0,0,0,0,0,0,3,0,7,11,10,5,0,4,0,0,47,0,9,21,18,9,4,4,0,0,68,7,21,43,32,22,20,3,0,0,146,5,19,34,37,43,37,14,0,0,193,0,3,46,26,12,5,7,0,0,98,0,4,4,12,7,9,4,0,0,36,4,3,3,3,0,0,0,0,0,13,21,22,56,20,29,19,3,0,0,165,11,12,31,27,33,38,4,0,0,155
LGA34420,0,0,0,0,0,0,0,0,0,3,0,0,0,0,0,0,0,0,0,0,0,0,0,0,0,0,0,0,0,0,0,0,0,0,0,0,0,0,0,0,0,0,3,0,0,3,0,0,0,13,0,0,0,0,0,0,0,0,0,0,0,0,0,0,0,3,0,0,0,5,0,0,0,0,0,0,0,0,0,0,0,0,0,0,0,0,0,0,0,0,0,0,0,0,0,0,0,0,0,0,0,0,0,0,0,0,0,0,0,0,0,0,0,0,0,0,0,0,0,0,0,0,0,0,0,0,0,0,0,0,0,0,0,0,0,0,0,0,0,3,0,4,6,9,17,13,3,0,0,54,4,0,9,0,0,0,0,0,0,14,0,0,0,8,0,0,0,0,0,12,0,0,0,0,0,0,0,0,0,0,0,0,0,0,5,3,0,0,0,10,0,3,0,0,0,0,0,0,0,5
LGA34530,9,28,48,73,77,102,57,17,0,408,3,56,236,372,409,235,18,5,0,1337,22,51,68,76,108,83,18,0,0,426,4,11,29,60,77,30,6,0,0,221,73,138,268,256,273,201,33,4,0,1249,3,22,38,72,62,55,8,0,0,267,103,66,75,81,70,63,15,0,0,483,138,58,56,39,68,57,12,0,0,424,5,23,58,89,133,112,35,3,0,454,0,4,10,10,4,15,4,0,0,52,3,0,3,22,25,14,5,0,0,77,4,4,12,24,19,36,9,3,0,116,9,17,27,51,58,63,16,0,0,242,11,12,36,36,50,33,8,0,0,200,6,26,81,117,170,141,15,0,0,553,10,6,53,70,100,121,26,0,0,387,4,25,35,71,74,63,21,4,0,304,15,6,11,11,23,14,4,0,0,75,36,39,73,76,57,54,14,3,0,352,20,29,60,67,74,57,16,5,0,321
LGA34570,0,0,0,0,0,0,0,0,0,0,0,0,0,0,0,0,0,0,0,0,0,0,0,0,0,0,0,0,0,0,0,0,0,0,0,0,0,0,0,0,0,0,0,0,4,0,0,0,0,7,0,0,0,0,0,0,0,0,0,0,0,0,3,0,0,3,0,0,0,9,0,0,0,0,0,0,0,0,0,0,0,0,0,0,0,0,0,0,0,0,0,0,0,0,0,0,0,0,0,0,0,0,0,0,0,0,0,0,0,0,0,0,0,0,0,0,0,0,0,0,0,0,0,0,0,0,0,0,0,0,0,0,0,0,0,0,0,0,0,0,7,0,3,9,13,3,3,0,0,35,0,0,3,0,3,0,0,0,0,6,0,0,0,8,0,3,0,0,0,15,0,0,0,0,0,0,0,0,0,0,0,0,9,4,0,0,0,0,0,14,0,0,4,3,0,0,0,0,0,11
LGA34580,82,142,346,215,232,202,108,37,3,1367,0,6,44,59,52,21,5,0,0,179,45,73,133,173,207,125,27,0,0,784,0,6,34,49,55,34,3,0,0,182,70,130,261,251,252,165,27,3,0,1155,18,28,63,63,82,56,17,0,0,323,95,93,105,97,99,86,16,3,0,599,135,37,39,31,22,26,4,0,0,293,13,36,109,184,253,226,57,3,0,880,3,9,5,18,22,11,0,0,0,68,4,3,13,11,10,11,0,0,0,58,3,3,15,20,13,12,11,0,0,85,3,18,43,39,48,44,21,0,0,219,5,19,39,35,41,26,15,0,0,185,3,28,70,125,154,114,12,0,0,512,5,26,49,63,90,79,30,4,0,343,0,6,27,55,67,62,10,3,0,231,9,4,11,11,21,10,6,3,0,72,20,28,63,59,70,73,14,3,0,331,19,46,104,100,94,63,29,8,4,468
LGA34590,35,58,124,135,167,103,45,3,0,664,6,21,175,206,164,112,21,3,0,710,340,910,2083,2275,2119,1457,216,15,0,9410,8,43,210,242,268,166,32,4,0,969,632,1612,3659,3239,2602,1661,325,14,0,13751,92,269,770,951,788,580,107,7,0,3568,743,944,1341,1072,852,614,155,13,3,5733,970,518,463,314,238,173,43,3,0,2732,125,497,1418,1608,1986,1531,397,16,0,7573,27,94,201,200,144,109,9,4,0,786,13,76,252,300,200,119,32,0,0,998,26,87,224,220,232,192,62,12,0,1056,61,208,712,783,600,383,130,13,4,2895,96,255,518,487,438,326,94,5,0,2216,53,189,704,887,861,617,86,0,0,3412,80,167,437,522,538,461,146,8,0,2366,34,176,586,693,617,465,133,7,0,2709,99,100,174,154,101,73,21,3,0,726,167,381,770,734,641,511,117,20,0,3338,243,676,1271,1108,930,618,159,23,3,5035
LGA34710,0,10,31,31,42,42,16,12,0,183,0,0,9,6,0,0,0,0,0,12,5,3,3,3,8,3,0,0,0,25,0,0,8,0,3,3,0,0,0,12,9,16,33,20,23,22,0,0,0,113,0,0,3,3,6,3,0,0,0,24,10,12,3,10,15,20,4,0,0,81,9,3,3,7,3,5,5,3,0,44,3,3,4,4,16,19,4,0,0,56,0,0,3,0,0,3,3,0,0,11,0,0,3,0,0,0,0,0,0,8,0,0,3,3,0,3,0,0,0,10,0,0,4,0,4,4,4,0,0,15,7,0,0,6,3,9,0,0,0,20,7,13,14,24,29,20,5,0,0,114,0,0,3,12,7,16,0,0,0,41,0,3,8,7,5,14,0,0,0,40,8,0,4,0,10,4,0,0,0,33,14,13,11,7,5,11,3,0,0,57,3,6,8,13,7,9,3,0,0,48
LGA34770,41,74,137,190,308,368,191,80,3,1389,47,276,1395,1593,1562,754,56,0,4,5691,146,254,522,528,596,504,89,10,0,2653,12,19,85,80,110,83,10,0,0,402,139,331,793,728,686,496,99,8,0,3287,50,137,343,318,345,245,32,3,0,1475,359,314,319,251,231,180,55,8,0,1719,410,139,184,120,134,94,44,3,0,1127,36,122,399,505,733,637,106,3,0,2535,10,20,36,29,19,26,4,0,0,135,5,6,24,37,55,40,13,0,0,174,15,17,63,88,110,62,28,6,3,386,20,86,249,241,207,148,44,3,0,1004,24,52,145,121,148,119,29,3,0,629,26,66,242,221,345,246,29,0,0,1173,21,26,161,154,188,182,35,3,0,769,5,69,187,173,187,153,41,4,0,819,24,16,31,28,25,28,8,0,0,161,116,202,406,318,297,209,38,4,0,1594,71,140,288,274,329,220,73,15,3,1409
LGA34800,0,6,18,23,13,18,14,3,0,102,0,0,14,22,8,5,0,0,0,43,0,0,0,0,0,0,0,0,0,4,0,0,0,0,0,3,0,0,0,3,3,4,6,0,10,3,0,0,0,31,0,0,0,0,0,0,0,0,0,7,0,0,0,0,0,0,0,0,0,11,0,0,3,0,3,0,0,0,0,9,0,0,3,3,3,0,0,0,0,9,0,0,0,0,0,0,0,0,0,0,0,0,4,3,0,0,0,0,0,4,0,0,0,0,0,0,0,0,0,3,0,0,0,0,0,0,0,0,0,0,0,0,3,0,0,0,0,0,0,6,0,9,6,6,11,7,0,0,0,33,0,0,0,0,0,0,0,0,0,0,0,0,0,0,3,3,0,0,0,6,0,0,0,0,0,0,0,0,0,0,0,0,0,0,0,0,0,0,0,4,0,0,0,0,3,3,0,0,0,7
LGA34830,0,0,0,0,0,0,0,0,0,0,0,0,0,0,0,3,0,0,0,7,0,0,0,0,0,0,0,0,0,0,0,0,0,0,0,0,0,0,0,3,0,0,0,0,0,0,0,0,0,4,0,0,0,0,0,0,0,0,0,0,0,0,0,0,0,0,0,0,0,0,0,0,0,0,0,0,0,0,0,0,0,0,0,0,0,0,0,0,0,0,0,0,0,0,0,0,0,0,0,0,0,0,0,0,0,0,0,0,0,0,0,0,0,0,0,0,0,0,0,0,0,0,0,0,0,0,0,0,0,0,0,0,0,0,0,0,0,0,0,0,0,3,4,4,4,3,0,0,0,17,0,0,0,0,0,0,0,0,0,3,0,0,0,0,4,0,0,0,0,4,0,0,0,0,0,0,0,0,0,0,0,0,0,0,0,0,0,0,0,0,0,0,0,0,0,0,0,0,0,0
LGA34860,25,48,104,136,183,156,109,49,8,823,8,16,86,69,35,20,3,0,0,238,20,16,35,27,25,16,9,0,0,148,3,13,22,34,29,22,0,0,0,124,21,47,124,71,70,60,10,0,0,407,13,13,24,25,22,15,3,0,0,117,33,24,48,23,30,23,7,0,0,188,36,13,33,19,9,14,3,0,0,122,4,9,44,31,61,49,20,0,0,214,0,3,4,3,0,0,0,0,0,9,0,3,5,3,5,0,0,0,0,21,0,5,15,7,3,11,4,0,0,50,0,3,21,5,5,7,8,0,0,53,4,0,10,3,12,7,0,0,0,42,7,14,78,59,75,70,3,0,0,308,3,7,19,10,19,15,3,0,0,79,3,7,19,16,29,19,4,0,0,95,3,0,0,3,6,3,0,0,0,14,16,21,39,29,23,14,7,0,0,144,15,25,44,37,35,32,10,4,0,196
LGA34880,27,95,182,149,201,158,80,35,4,931,0,6,26,58,60,30,10,0,0,191,13,28,52,50,71,42,13,0,0,261,3,0,7,16,31,22,3,0,0,84,26,39,95,122,121,100,23,0,0,528,12,0,19,21,22,31,4,0,0,103,49,36,34,39,51,47,20,0,0,280,47,15,18,23,34,28,10,0,0,177,3,10,29,52,102,77,18,5,0,297,0,0,0,8,5,10,0,0,0,23,0,0,4,3,7,9,0,0,0,30,0,0,3,5,5,9,7,3,0,41,0,3,13,14,24,29,12,0,0,98,4,3,15,22,37,24,9,3,0,116,0,11,39,92,100,81,18,0,0,348,0,3,17,27,46,35,13,3,0,145,3,10,26,41,43,50,10,0,0,183,3,3,14,18,21,10,0,0,0,66,9,23,39,32,32,26,11,0,0,169,20,11,36,42,45,43,11,0,0,210
LGA35010,77,183,371,215,253,203,104,26,0,1436,4,40,384,541,501,230,24,0,0,1724,323,749,1910,2313,2390,1451,257,17,4,9420,8,64,313,545,497,348,49,0,0,1831,872,2118,4508,4235,3667,2100,379,20,3,17900,93,277,646,912,896,581,123,9,0,3536,1276,1367,1773,1583,1386,961,264,17,0,8616,1799,841,776,526,414,278,64,13,0,4718,100,414,1421,2038,2447,1932,444,20,6,8823,64,127,257,364,369,209,26,0,0,1417,18,92,398,625,540,243,39,0,4,1969,49,82,225,316,357,297,131,14,0,1471,103,301,1001,1552,1313,821,248,23,0,5363,113,298,576,698,708,474,136,19,0,3019,48,437,1578,1958,1958,1244,175,15,0,7411,153,289,543,808,959,813,207,16,3,3789,80,293,808,1060,1200,896,233,16,0,4592,167,175,243,262,227,123,47,10,0,1257,232,472,996,936,966,673,155,24,0,4462,313,588,1076,1212,1289,819,240,43,7,5588
LGA35250,0,0,0,0,0,0,0,0,0,3,0,0,0,0,0,0,0,0,0,0,0,0,0,0,0,0,0,0,0,0,0,0,0,0,0,0,0,0,0,0,0,0,0,0,0,0,0,0,0,3,0,0,0,0,0,0,0,0,0,0,5,0,6,3,7,3,0,0,0,16,0,0,0,0,0,0,0,0,0,0,0,0,0,0,0,0,0,0,0,0,0,0,0,0,0,0,0,0,0,0,0,0,0,0,0,0,0,0,0,0,0,0,0,0,0,0,0,0,0,0,0,0,0,0,0,0,0,0,0,3,0,3,3,3,3,0,0,0,0,15,0,4,21,20,13,4,4,3,0,63,0,0,3,11,0,3,0,0,0,18,0,0,3,0,0,3,4,0,0,13,0,0,0,0,0,0,0,0,0,0,0,0,0,0,3,0,0,0,0,7,0,0,0,0,0,0,0,0,0,0
LGA35300,9,7,19,5,16,13,3,0,0,78,33,173,772,569,520,241,38,0,0,2360,16,28,42,39,37,16,0,0,0,186,0,4,16,18,21,19,3,0,0,77,22,46,95,52,57,52,11,0,0,333,3,6,31,29,23,17,3,0,0,119,75,49,46,32,35,21,13,0,0,264,53,28,41,20,10,4,3,5,0,161,3,20,32,41,49,48,22,0,0,209,3,0,5,3,0,3,0,0,0,19,0,0,0,3,6,3,0,0,0,9,0,4,15,8,7,10,0,0,0,49,3,4,15,10,11,15,3,0,0,64,10,22,19,26,22,19,4,0,0,131,0,21,63,49,58,41,8,3,0,243,0,15,36,20,21,19,6,0,0,120,3,7,39,42,28,28,9,0,0,163,0,3,3,4,3,0,0,3,0,21,17,26,48,34,28,25,12,0,0,188,14,32,49,40,32,35,8,0,0,203
LGA35600,9,19,43,48,57,50,25,11,0,257,0,0,6,0,0,0,0,0,0,12,11,14,25,14,13,7,3,0,0,81,0,0,4,0,3,0,3,0,0,11,12,17,16,22,17,13,3,0,0,96,4,7,11,11,7,5,0,0,0,48,18,13,6,8,18,17,4,3,0,75,3,0,4,3,10,8,0,0,0,31,0,0,8,11,18,25,8,0,0,77,0,0,3,0,0,0,0,0,0,6,0,0,0,0,0,0,0,0,0,5,0,0,0,0,0,3,0,0,0,7,0,0,0,0,5,3,0,0,0,14,0,0,7,0,3,6,0,0,0,17,0,5,25,27,32,36,3,0,0,129,0,4,11,11,7,3,0,0,0,26,0,0,4,7,10,16,0,0,0,38,0,0,0,0,0,3,0,0,0,3,0,0,10,10,7,7,5,0,0,36,4,12,10,8,8,9,4,0,0,56
LGA35670,0,0,3,0,0,0,0,0,0,3,0,3,3,11,5,0,0,0,0,29,0,0,3,0,0,0,0,0,0,3,0,0,0,0,0,0,0,0,0,0,0,0,3,0,3,0,0,0,0,4,0,0,0,0,0,0,0,0,0,0,0,0,0,0,0,0,0,0,0,0,0,0,0,0,0,0,0,0,0,0,0,0,0,0,0,0,0,0,0,0,0,0,0,0,0,0,0,0,0,0,0,0,0,0,0,0,0,0,0,0,0,0,0,0,0,0,0,0,0,0,0,0,0,0,0,0,0,0,0,3,0,0,0,0,0,0,0,0,0,3,0,4,3,12,6,5,0,0,0,34,0,0,0,0,0,0,0,0,0,0,0,0,0,0,3,0,0,0,0,8,0,0,0,0,0,0,0,0,0,0,0,0,3,0,0,0,0,0,0,11,0,0,0,0,0,0,0,0,0,8
LGA35740,6,13,27,32,48,50,33,5,0,220,0,5,40,88,74,44,4,0,0,246,31,51,83,146,154,134,31,8,0,625,0,10,15,39,47,33,3,0,0,143,71,140,377,479,533,378,71,3,0,2058,15,12,21,77,85,64,19,5,0,295,179,107,134,149,201,164,77,5,3,1019,201,132,224,240,203,161,61,10,0,1220,10,18,49,92,151,184,64,0,0,565,7,4,15,37,25,27,10,0,0,123,4,3,27,52,71,43,25,3,0,225,12,3,21,62,73,71,50,3,0,301,6,22,76,140,162,168,82,13,0,669,16,28,44,105,144,122,28,3,0,484,11,8,45,93,156,122,25,3,0,459,21,16,43,120,147,152,36,5,0,534,9,15,63,133,185,182,61,8,0,646,24,13,23,44,47,40,16,3,0,212,19,30,76,93,116,65,21,0,0,418,35,41,67,118,162,125,41,9,0,610
LGA35760,25,54,154,138,203,182,139,46,9,951,5,0,29,36,39,18,3,0,0,132,6,21,23,24,25,17,11,0,0,129,0,0,5,9,10,10,0,0,0,43,14,22,35,31,48,34,7,0,0,191,4,0,7,9,7,7,0,0,0,40,20,9,14,13,19,13,5,0,0,97,6,3,11,4,10,16,3,0,0,52,3,0,7,17,22,29,14,0,0,97,0,0,0,0,0,3,0,0,0,8,0,0,0,0,6,3,0,0,0,8,0,0,3,0,3,5,0,0,0,18,4,0,3,6,9,3,3,0,0,29,3,3,12,14,17,17,3,0,0,75,5,9,17,16,36,40,10,0,0,136,0,0,17,8,12,18,3,0,0,57,3,0,4,13,13,18,3,0,0,60,0,0,4,0,6,6,0,0,0,12,12,7,10,11,11,16,8,0,0,74,13,12,34,28,21,24,9,3,0,138
LGA35780,0,0,0,0,0,3,0,0,0,3,0,0,0,0,0,0,0,0,0,0,0,0,0,0,3,0,0,0,0,3,0,0,0,0,3,0,0,0,0,4,8,11,17,16,8,3,0,0,0,60,0,0,0,0,0,0,0,0,0,0,5,3,6,0,3,0,0,0,0,23,0,0,3,3,3,3,0,0,0,13,0,0,7,0,4,0,0,0,0,13,0,0,0,0,0,0,0,0,0,0,0,0,0,0,0,0,0,0,0,0,0,0,0,0,0,0,0,0,0,0,0,0,0,0,0,4,0,0,0,3,0,0,0,0,0,0,0,0,0,3,4,17,16,25,15,19,3,0,0,98,3,3,5,8,4,5,0,0,0,38,0,0,15,12,18,8,0,0,0,47,0,0,0,0,0,0,0,0,0,0,3,11,13,8,9,4,0,0,0,46,4,0,3,0,3,3,0,0,0,13
LGA35790,0,0,0,0,0,0,0,0,0,3,0,0,0,0,0,0,0,0,0,0,0,0,0,0,0,0,0,0,0,0,0,0,0,0,0,0,0,0,0,0,0,3,0,3,3,0,0,0,0,9,0,0,0,0,0,0,0,0,0,0,0,0,3,0,0,3,0,0,0,9,0,0,0,0,4,0,0,0,0,6,0,0,0,0,0,0,0,0,0,3,0,0,0,0,0,0,0,0,0,0,0,0,0,0,0,0,0,0,0,0,0,0,0,0,0,0,0,0,0,0,0,0,0,0,0,0,0,0,0,3,0,0,0,3,3,0,0,0,0,8,3,6,18,14,24,18,0,0,0,78,7,3,8,7,6,5,0,0,0,38,0,4,5,6,17,9,3,0,0,45,0,0,0,0,0,0,0,0,0,0,0,4,0,9,3,0,3,0,0,21,0,0,0,0,0,0,0,0,0,5
LGA35800,6,5,22,18,29,40,15,3,0,141,0,0,0,0,3,0,0,0,0,9,0,0,0,0,0,0,0,0,0,3,0,0,0,0,0,0,0,0,0,4,3,4,9,7,5,7,0,0,0,33,0,0,0,0,3,3,0,0,0,7,0,0,7,9,3,3,0,0,0,22,0,0,0,0,0,5,0,0,0,11,0,3,0,3,3,4,8,0,0,20,0,0,0,0,0,0,0,0,0,0,0,0,0,0,0,0,0,0,0,0,0,0,0,0,0,0,0,0,0,0,0,0,0,0,0,0,0,0,0,3,0,0,0,3,0,0,0,0,0,3,0,3,10,13,12,13,0,0,0,53,0,0,4,0,3,0,0,0,0,11,0,0,0,4,3,3,0,0,0,14,0,0,0,0,4,0,0,0,0,6,0,0,4,0,0,3,5,0,0,15,0,0,4,4,5,3,0,5,0,22
LGA36070,0,0,0,3,3,0,0,0,0,11,0,0,0,0,0,0,0,0,0,0,0,0,0,0,0,0,0,0,0,0,0,0,0,0,0,0,0,0,0,0,3,0,0,0,0,0,0,0,0,8,0,0,0,0,0,0,0,0,0,0,0,0,3,0,4,3,0,0,0,7,0,0,0,0,0,0,0,0,0,0,0,0,0,0,0,0,0,0,0,0,0,0,0,0,0,0,0,0,0,0,0,0,0,0,0,0,0,0,0,0,0,0,0,0,0,0,0,0,0,0,0,0,0,0,0,0,0,0,0,0,0,0,0,0,0,0,0,0,0,3,8,3,8,9,12,6,5,0,0,45,0,0,0,0,0,0,0,0,0,4,0,0,0,3,3,0,0,0,0,15,0,0,3,0,3,0,0,0,0,4,0,0,0,4,4,0,0,0,0,9,0,0,0,0,0,0,0,0,0,3
LGA36150,6,5,10,11,23,12,7,3,3,83,0,0,0,3,0,0,0,0,0,3,0,0,0,0,0,0,0,0,0,3,0,0,0,0,3,0,0,0,0,7,0,0,16,3,0,6,0,0,0,29,0,0,0,0,0,0,0,0,0,0,0,0,3,0,5,3,0,0,0,14,0,0,0,3,0,3,0,0,0,11,0,0,4,5,9,6,3,0,0,29,0,0,0,0,0,0,0,0,0,0,0,0,0,0,0,0,0,0,0,0,0,0,0,0,0,0,0,0,0,3,0,0,0,0,0,0,0,0,0,0,0,0,0,0,0,0,0,0,0,0,5,7,4,11,13,6,3,0,0,37,0,3,0,0,3,0,0,0,0,6,0,0,0,0,0,0,0,0,0,4,0,0,0,0,0,0,0,0,0,0,0,0,3,0,0,0,0,0,0,6,0,0,0,0,0,3,0,0,0,9
LGA36250,17,31,44,55,81,82,29,5,0,350,3,16,118,203,216,105,20,3,3,686,100,270,653,848,991,768,122,12,0,3766,8,24,99,131,182,147,16,3,0,612,346,805,1763,1615,1501,948,180,8,0,7163,45,98,255,368,458,319,72,0,0,1621,518,488,554,506,478,400,88,8,0,3047,682,309,187,177,150,104,39,4,0,1643,61,165,398,641,912,756,172,14,0,3117,37,47,104,139,135,92,17,0,0,564,7,41,116,202,220,127,28,3,4,743,22,26,92,110,136,127,54,19,3,580,47,145,391,492,534,416,127,12,0,2168,47,103,196,233,259,195,62,5,0,1103,24,70,333,488,594,437,77,3,0,2024,47,99,222,276,311,321,102,8,0,1379,32,94,218,287,388,357,90,4,3,1469,71,59,76,87,75,75,25,3,0,469,62,174,336,305,382,288,77,12,0,1630,104,166,348,424,455,349,92,17,5,1953
LGA36300,5,8,24,14,12,18,8,4,0,90,0,0,0,0,0,0,0,0,0,3,0,0,0,0,0,8,0,0,0,7,0,0,0,0,0,0,0,0,0,4,0,0,3,3,3,4,0,0,0,15,0,0,3,0,0,0,0,0,0,4,0,0,5,3,0,0,0,0,0,6,0,0,3,0,0,0,0,0,0,4,0,0,7,0,4,11,0,0,0,19,0,0,0,0,0,0,0,0,0,0,0,0,0,0,0,0,0,0,0,0,0,0,0,0,0,0,0,0,0,3,0,0,0,0,0,0,0,0,0,0,0,0,0,0,0,0,0,0,0,0,7,8,6,3,14,9,3,0,0,50,0,0,3,0,0,0,0,0,0,6,0,0,0,0,0,0,0,0,0,3,0,0,0,0,0,0,0,0,0,0,0,0,4,0,0,0,0,0,0,4,0,0,3,0,0,0,3,0,0,10
LGA36370,28,33,58,56,86,76,69,32,4,448,11,65,469,425,406,202,19,0,0,1598,56,161,470,417,289,155,21,0,0,1562,11,40,151,131,181,118,5,0,0,637,89,299,574,409,404,312,46,3,0,2138,36,85,211,163,151,117,23,0,0,793,296,252,291,210,205,134,43,4,0,1432,342,185,160,87,75,66,25,4,0,955,15,80,343,309,442,397,87,8,0,1686,12,28,31,27,24,29,3,0,0,160,0,9,45,45,34,21,15,4,0,174,5,18,57,37,47,39,16,0,0,219,25,47,154,127,116,88,30,3,0,583,18,37,82,87,104,78,12,3,0,420,10,76,243,255,338,255,38,0,0,1214,37,60,171,172,191,182,42,3,0,858,18,72,242,254,248,201,41,5,0,1084,26,17,23,30,20,27,6,3,0,160,45,131,213,163,161,145,39,3,0,899,39,112,190,124,125,96,21,9,3,718
LGA36510,41,61,119,123,207,191,158,49,8,961,0,6,43,52,37,23,0,0,0,163,28,49,111,200,231,166,35,3,0,832,0,3,27,50,57,29,6,0,0,176,77,158,268,366,370,255,56,0,0,1544,14,23,27,75,82,74,17,5,0,317,104,50,71,90,131,98,28,3,0,577,112,58,61,51,50,53,23,0,0,408,13,24,74,112,166,127,56,3,3,579,9,5,9,14,26,14,3,0,0,87,0,7,4,16,32,12,9,0,0,84,5,5,5,18,30,34,23,0,0,125,7,12,35,82,85,78,36,5,0,340,13,17,28,55,47,54,20,3,0,241,3,30,82,152,191,145,27,0,0,630,10,18,44,70,117,124,32,0,0,425,3,5,24,51,80,76,36,3,0,287,10,13,20,31,40,39,14,3,0,163,22,18,70,78,86,72,20,7,0,368,32,43,69,106,129,96,31,19,0,527
LGA36580,22,21,64,96,114,134,85,33,3,563,0,3,29,34,35,22,3,0,0,126,39,79,212,165,140,117,25,3,0,782,0,6,24,23,43,37,3,0,0,137,45,60,155,162,167,129,31,0,0,745,9,11,38,39,45,24,5,3,0,174,56,47,52,66,57,37,15,3,0,333,25,20,11,4,20,15,0,0,0,100,11,15,67,79,119,109,52,3,0,453,0,0,0,0,4,3,0,0,0,14,0,0,3,8,3,7,3,0,0,22,4,0,6,9,17,15,3,3,0,55,0,3,19,35,34,37,9,0,0,134,7,4,22,23,28,20,6,3,0,108,6,10,54,90,113,94,10,0,0,378,6,7,23,43,42,38,13,0,0,178,3,0,15,18,32,48,9,0,0,131,6,5,12,8,14,12,0,0,0,57,16,18,32,38,39,43,13,0,0,195,19,25,46,51,69,60,24,7,0,289
LGA36630,38,43,105,129,193,215,165,56,8,943,3,23,82,119,102,52,4,0,0,398,69,120,190,142,153,110,23,0,0,805,6,16,62,78,97,59,3,0,0,323,31,64,129,116,165,117,19,3,0,655,6,20,20,23,31,23,7,7,0,137,100,68,104,63,99,66,16,0,0,524,56,21,27,21,34,30,6,3,0,210,3,7,30,42,69,78,39,5,0,282,0,3,4,9,6,10,4,0,0,31,0,0,7,4,10,12,0,0,0,42,0,0,0,7,10,13,7,0,0,45,4,3,8,23,20,26,13,4,0,98,7,8,15,18,29,24,8,0,0,109,9,23,39,91,96,81,6,0,0,340,0,20,45,38,71,66,21,4,0,258,6,19,55,60,72,67,16,4,0,294,0,3,5,4,7,14,0,0,0,32,20,22,44,53,52,40,23,6,0,251,29,23,51,68,64,68,34,13,3,349
LGA36660,51,82,187,234,278,275,187,64,12,1366,0,11,30,33,21,25,3,0,0,120,49,112,181,176,171,127,47,7,0,874,0,6,22,20,26,19,4,0,0,103,61,96,163,164,187,183,29,3,0,881,3,10,32,40,51,38,16,0,0,193,112,95,112,99,118,96,28,6,0,669,128,40,66,36,56,45,19,3,0,383,16,35,77,107,184,162,52,3,0,639,0,6,10,7,12,15,3,0,0,56,0,0,12,10,13,10,0,0,0,49,0,3,7,13,22,13,5,4,0,65,8,8,12,30,37,49,29,3,0,176,3,10,7,22,39,21,7,4,0,112,0,16,47,84,115,93,14,0,0,378,3,5,43,54,82,93,31,3,0,317,4,13,31,42,68,82,22,0,0,272,7,3,4,10,9,20,6,0,0,64,29,36,60,64,51,60,25,3,0,331,25,34,63,60,67,62,32,10,3,363
LGA36720,57,120,236,239,295,317,159,43,11,1472,3,45,431,536,464,204,29,3,0,1715,220,390,850,965,1095,713,169,21,4,4420,10,35,156,245,302,208,26,0,0,977,586,1300,3255,3453,2968,1917,317,18,0,13812,50,119,245,416,507,343,92,6,0,1782,878,793,1076,1006,1008,808,245,13,0,5827,1208,668,836,636,544,429,156,8,3,4496,40,124,412,645,980,908,285,18,0,3429,41,60,131,184,213,141,41,0,0,814,22,127,390,434,417,248,83,9,0,1733,32,60,166,267,329,321,159,21,3,1351,66,187,607,928,922,673,266,37,0,3685,81,170,376,482,562,445,130,3,0,2246,26,120,390,792,990,605,100,6,0,3035,89,154,426,750,926,768,190,11,0,3317,51,180,725,951,1173,955,186,21,3,4252,152,131,186,239,233,158,71,20,0,1178,110,279,520,522,604,431,115,14,0,2596,209,303,601,774,770,608,192,37,16,3505
LGA36820,34,70,128,144,179,183,116,33,7,887,0,8,47,57,65,44,12,0,0,234,26,31,45,57,62,68,16,0,0,308,0,3,13,17,30,23,4,0,0,92,44,62,114,125,144,155,33,0,0,675,6,8,9,18,29,23,4,0,0,100,75,51,57,63,78,74,24,4,0,432,68,25,27,19,25,32,15,7,0,214,0,7,24,35,64,74,27,3,0,234,0,0,3,0,6,6,6,0,0,24,0,0,9,8,8,11,3,0,0,40,0,0,0,8,4,13,16,0,0,43,0,6,16,17,43,41,26,4,0,157,7,11,12,22,28,26,12,0,0,126,4,4,43,78,112,80,8,0,0,334,9,7,23,61,54,73,25,3,0,253,5,6,43,43,75,66,14,3,0,254,3,0,10,10,17,10,12,3,0,67,25,14,28,38,41,31,13,0,0,195,23,19,38,41,50,45,23,15,0,260
LGA36910,105,221,465,490,611,575,426,130,17,3050,8,54,283,315,327,126,23,0,3,1139,173,374,833,869,781,538,97,8,0,3678,11,23,172,154,200,132,19,0,0,705,340,698,1351,1016,932,724,154,11,0,5219,59,143,296,371,392,249,61,6,0,1577,438,460,617,445,419,344,110,9,0,2844,661,303,318,149,140,127,42,3,0,1743,45,104,405,446,610,582,167,12,0,2382,19,42,70,52,50,80,8,0,0,316,10,44,202,188,146,105,27,3,3,732,16,38,78,103,96,95,42,4,0,477,39,116,338,345,314,267,90,6,0,1520,30,75,153,145,187,132,42,6,3,766,38,241,556,646,728,542,89,8,0,2856,75,96,338,439,561,502,146,13,0,2176,31,127,472,487,532,454,137,8,0,2244,50,45,54,47,48,62,14,4,0,318,113,224,385,289,316,236,86,10,3,1656,116,165,371,298,329,280,101,29,5,1695
LGA36950,0,3,9,4,3,5,4,0,0,22,0,0,0,0,0,0,0,0,0,4,0,0,3,0,0,0,0,0,0,3,0,0,3,4,0,3,0,0,0,9,7,12,34,23,16,10,3,0,0,103,0,0,0,0,0,0,0,0,0,0,11,5,9,3,5,3,0,0,0,37,0,3,9,3,7,4,3,0,0,23,3,3,18,12,18,11,3,0,0,76,0,0,0,0,0,4,0,0,0,8,0,0,0,0,0,0,0,0,0,3,0,0,0,0,0,0,0,0,0,0,0,0,0,4,0,3,0,0,0,9,0,0,3,0,3,4,0,0,0,12,0,4,26,45,30,27,4,0,0,144,0,0,11,10,10,13,0,0,0,54,0,3,21,20,32,12,0,0,0,88,0,0,4,0,0,0,0,0,0,3,3,3,12,3,0,3,3,0,0,27,0,11,12,10,6,6,0,0,0,38
LGA36960,0,0,3,0,3,0,0,0,0,4,0,0,0,0,0,0,0,0,0,0,0,0,0,0,0,0,0,0,0,0,0,0,0,0,0,0,0,0,0,0,3,10,12,7,8,0,0,0,0,40,0,0,0,0,0,0,0,0,0,0,6,10,5,4,3,3,0,0,0,28,0,0,0,0,0,0,0,0,0,0,0,0,0,0,0,0,0,0,0,9,0,0,3,0,0,0,0,0,0,4,0,0,0,0,0,0,0,0,0,0,0,0,0,0,0,0,0,0,0,0,0,0,0,0,0,0,0,0,0,0,0,0,0,0,0,0,0,0,0,4,3,12,63,63,53,33,4,0,0,233,4,0,5,9,6,13,0,0,0,33,0,4,14,16,14,3,0,0,0,50,0,3,0,4,3,0,0,0,0,9,0,10,26,22,13,12,3,0,0,84,3,7,4,3,0,4,0,0,0,18
LGA37010,28,50,60,80,82,84,41,3,4,429,3,74,484,569,455,247,21,0,0,1865,99,225,704,824,669,471,88,11,0,3093,13,43,203,243,262,162,22,0,0,947,243,665,1514,1400,1232,865,159,11,3,6092,35,126,283,319,312,224,30,6,0,1343,612,644,724,514,459,301,95,15,0,3356,899,564,492,293,228,159,59,3,3,2709,38,159,561,656,904,747,172,16,0,3243,41,78,180,130,129,94,18,0,0,659,8,27,83,89,141,94,13,0,0,456,20,43,92,136,142,112,39,5,0,587,39,146,479,455,418,290,93,6,0,1926,40,142,262,273,289,226,37,7,0,1276,237,1556,2279,1420,1303,656,101,5,0,7566,72,169,441,450,474,408,112,14,0,2142,30,210,588,584,611,428,91,8,0,2548,96,83,139,105,103,55,8,3,0,592,93,223,441,325,311,247,69,9,0,1719,103,212,391,368,371,267,81,18,3,1815
LGA37300,0,0,0,0,0,0,0,0,0,3,12,35,167,214,175,90,4,0,0,695,8,14,50,27,13,7,3,0,0,122,0,0,0,3,3,0,0,0,0,6,10,11,27,18,11,15,0,0,0,86,0,0,0,0,7,0,0,0,0,11,14,6,3,3,6,7,0,0,0,27,0,7,9,9,9,3,4,0,0,36,0,3,13,14,7,4,4,0,0,50,0,0,0,0,0,0,0,0,0,0,0,0,0,0,0,0,0,0,0,3,0,3,4,3,0,0,0,0,0,11,0,0,3,0,4,0,0,0,0,9,3,3,5,6,3,5,0,0,0,21,0,0,9,3,13,5,0,0,0,31,0,3,11,10,5,3,0,0,0,32,0,0,4,5,5,7,0,0,0,22,0,0,4,0,0,0,0,0,0,7,3,3,8,4,10,0,0,0,0,27,0,9,4,3,3,6,0,0,0,36
LGA37310,65,112,299,353,417,389,268,88,16,1994,3,17,137,160,121,50,6,0,0,493,37,89,130,124,102,71,12,0,0,569,3,18,90,84,102,44,5,0,0,344,66,136,293,219,205,142,40,0,3,1102,20,23,53,51,48,50,16,3,0,260,85,70,101,84,88,74,24,4,0,527,99,34,62,40,36,28,9,0,0,307,5,26,62,93,108,97,32,6,0,432,0,3,3,3,0,0,3,0,0,19,3,6,9,19,10,6,6,0,0,61,3,4,17,12,19,11,9,7,0,80,6,19,30,32,35,18,13,0,0,155,3,13,24,22,19,17,5,0,0,108,5,28,86,108,121,91,22,4,0,461,3,14,56,53,55,35,13,0,0,228,3,9,22,32,31,34,10,0,0,135,5,0,3,3,5,11,4,3,0,34,22,37,55,52,56,34,27,3,0,288,24,42,87,69,74,69,26,12,5,411
LGA37340,34,97,217,136,168,199,82,21,3,956,7,20,235,277,224,122,15,3,0,910,23,37,90,99,118,91,19,0,0,473,0,7,10,24,21,34,3,0,0,104,47,94,232,219,237,165,33,0,0,1030,11,3,34,41,43,31,4,0,0,169,98,60,90,78,87,71,33,5,0,518,103,170,382,192,155,140,36,7,0,1188,12,54,158,207,215,175,46,4,0,883,0,6,12,4,3,5,0,0,0,31,0,0,3,9,5,3,3,0,0,29,0,11,20,28,26,17,10,0,0,108,3,15,40,37,44,42,17,3,0,199,10,26,75,64,67,54,15,4,0,317,9,24,64,58,82,63,10,4,0,317,3,8,42,38,52,31,14,0,0,184,5,12,28,32,32,37,13,3,0,160,0,11,19,23,19,17,6,0,0,92,21,27,71,54,61,54,16,0,0,306,25,49,89,89,86,69,23,6,3,443
LGA37400,5,5,17,9,16,23,11,4,0,94,0,0,0,4,3,0,0,0,0,5,0,0,0,0,0,0,0,0,0,10,0,0,3,0,0,0,0,0,0,4,0,0,5,11,4,8,0,0,0,31,0,0,0,0,0,3,0,0,0,10,4,0,6,0,3,0,0,3,0,13,3,0,0,3,0,5,3,0,0,11,0,0,3,3,7,7,0,0,0,26,0,0,0,0,0,0,0,0,0,0,0,0,0,0,0,0,0,0,0,0,0,0,0,0,0,0,0,0,0,0,0,0,5,0,0,0,0,0,0,3,0,0,0,0,0,0,0,0,0,0,0,0,8,3,13,10,3,0,0,49,0,0,3,0,0,0,0,0,0,5,0,0,0,0,0,3,0,0,0,5,0,0,0,0,0,4,0,0,0,9,0,0,6,0,3,3,0,0,0,10,0,0,3,4,0,3,0,0,0,14
LGA37550,0,0,3,0,0,0,0,0,0,9,0,0,0,0,0,0,0,0,0,0,0,0,0,0,0,0,0,0,0,0,0,0,0,0,0,0,0,0,0,0,0,0,0,0,0,0,0,0,0,4,0,0,0,0,0,0,0,0,0,0,0,0,0,0,0,0,0,0,0,0,0,0,0,0,0,0,0,0,0,0,0,0,0,0,0,0,0,0,0,0,0,0,0,0,0,0,0,0,0,0,0,0,0,0,0,0,0,0,0,0,0,0,0,0,0,0,0,0,0,0,0,0,0,4,0,0,0,0,0,7,0,0,0,0,0,0,0,0,0,0,0,7,12,9,3,3,0,0,0,29,0,5,0,3,3,3,0,0,0,14,3,0,3,4,0,3,0,0,0,16,0,0,0,0,0,0,0,0,0,0,3,0,8,3,6,3,0,0,0,21,0,0,0,0,0,0,0,0,0,0
LGA37570,0,0,0,0,0,0,0,0,0,0,0,0,0,0,0,0,0,0,0,0,0,0,0,0,0,0,0,0,0,0,0,0,0,0,0,0,0,0,0,0,0,0,0,0,0,0,0,0,0,0,0,0,0,0,0,0,0,0,0,0,0,0,0,0,0,0,0,0,0,0,0,0,0,0,0,0,0,0,0,0,0,0,0,0,0,0,0,0,0,0,0,0,0,0,0,0,0,0,0,0,0,0,0,0,0,0,0,0,0,0,0,0,0,0,0,0,0,0,0,0,0,0,0,0,0,0,0,0,0,0,0,0,0,0,0,0,0,0,0,3,0,0,3,3,3,0,0,0,0,16,0,0,0,0,0,0,0,0,0,0,0,0,0,0,3,0,0,0,0,9,0,0,0,0,0,0,0,0,0,0,0,0,0,0,0,0,0,0,0,3,0,0,0,0,0,0,0,0,0,3
LGA37600,0,0,0,0,0,0,0,0,0,0,0,0,0,0,0,0,0,0,0,0,0,0,0,0,0,0,0,0,0,0,0,0,0,0,0,0,0,0,0,0,0,0,0,0,0,0,0,0,0,4,0,0,0,0,0,0,0,0,0,0,0,0,0,0,0,0,0,0,0,0,0,0,0,0,0,0,0,0,0,0,0,0,0,0,0,0,0,0,0,0,0,0,0,0,0,0,0,0,0,0,0,0,0,0,0,0,0,0,0,0,0,0,0,0,0,0,0,0,0,0,0,0,0,0,0,0,0,0,0,3,0,0,0,0,0,0,0,0,0,0,0,10,16,16,4,8,0,0,0,57,0,0,8,0,9,3,0,0,0,18,0,0,6,5,11,5,0,0,0,28,0,0,0,0,0,0,0,0,0,0,0,5,8,4,4,0,0,0,0,28,3,8,7,5,0,0,0,0,0,16
LGA39499,3,59,83,10,16,19,9,0,0,204,0,0,19,24,17,11,0,0,0,71,0,12,44,26,16,11,3,0,0,112,0,0,6,3,9,3,0,0,0,25,10,22,82,62,60,32,3,0,0,275,0,6,9,13,7,7,0,0,0,40,3,18,20,14,24,9,8,0,0,87,17,27,55,16,14,17,3,0,0,143,0,13,23,30,30,24,4,0,0,130,0,0,3,7,4,4,0,0,0,15,0,3,7,0,0,0,0,0,0,12,0,0,6,3,11,3,0,0,0,20,0,5,26,15,7,9,0,0,0,64,0,3,30,13,16,7,3,0,0,72,7,14,11,14,19,11,0,0,0,75,0,7,13,11,15,8,3,0,0,50,0,5,26,14,12,9,4,0,0,70,0,4,18,6,9,4,0,0,0,39,0,5,22,11,6,8,0,0,0,52,3,28,57,46,29,13,11,0,0,184
LGA39799,0,0,0,0,0,0,0,0,0,4,0,0,0,0,0,0,0,0,0,0,0,0,0,0,0,0,0,0,0,0,0,0,0,0,0,0,0,0,0,0,0,0,0,3,4,0,0,0,0,9,0,0,0,0,0,0,0,0,0,0,0,0,0,3,0,0,0,0,0,3,0,0,0,0,0,0,0,0,0,0,0,0,0,0,0,3,0,0,0,3,0,0,0,0,0,0,0,0,0,0,0,0,0,0,0,0,0,0,0,0,0,0,0,0,0,0,0,0,0,0,0,0,0,0,0,0,0,0,0,0,0,0,0,0,0,0,0,0,0,3,0,0,0,0,0,0,0,0,0,0,0,0,0,0,0,0,0,0,0,0,0,0,0,0,0,0,0,0,0,0,0,0,0,0,0,0,0,0,0,0,0,0,0,0,0,0,0,0,0,3,0,0,0,0,0,0,0,0,0,4
