LGA_CODE_2016,M15_19_Managers,M15_19_Professionals,M15_19_TechnicTrades_Wrs,M15_19_CommunPersnlSvc_W,M15_19_ClericalAdminis_W,M15_19_Sales_W,M15_19_Mach_oper_drivers,M15_19_Labourers,M15_19_Occu_ID_NS,M15_19_Tot,M20_24_Managers,M20_24_Professionals,M20_24_TechnicTrades_W,M20_24_CommunPersnlSvc_W,M20_24_ClericalAdminis_W,M20_24_Sales_W,M20_24_Mach_oper_drivers,M20_24_Labourers,M20_24_Occu_ID_NS,M20_24_Tot,M25_34_Managers,M25_34_Professionals,M25_34_TechnicTrades_W,M25_34_CommunPersnlSvc_W,M25_34_ClericalAdminis_W,M25_34_Sales_W,M25_34_Mach_oper_drivers,M25_34_Labourers,M25_34_Occu_ID_NS,M25_34_Tot,M35_44_Managers,M35_44_Professionals,M35_44_TechnicTrades_W,M35_44_CommunPersnlSvc_W,M35_44_ClericalAdminis_W,M35_44_Sales_W,M35_44_Mach_oper_drivers,M35_44_Labourers,M35_44_Occu_ID_NS,M35_44_Tot,M45_54_Managers,M45_54_Professionals,M45_54_TechnicTrades_W,M45_54_CommunPersnlSvc_W,M45_54_ClericalAdminis_W,M45_54_Sales_W,M45_54_Mach_oper_drivers,M45_54_Labourers,M45_54_Occu_ID_NS,M45_54_Tot,M55_64_Managers,M55_64_Professionals,M55_64_TechnicTrades_W,M55_64_CommunPersnlSvc_W,M55_64_ClericalAdminis_W,M55_64_Sales_W,M55_64_Mach_oper_drivers,M55_64_Labourers,M55_64_Occu_ID_NS,M55_64_Tot,M65_74_Managers,M65_74_Professionals,M65_74_TechnicTrades_W,M65_74_CommunPersnlSvc_W,M65_74_ClericalAdminis_W,M65_74_Sales_W,M65_74_Mach_oper_drivers,M65_74_Labourers,M65_74_Occu_ID_NS,M65_74_Tot,M75_84_Managers,M75_84_Professionals,M75_84_TechnicTrades_W,M75_84_CommunPersnlSvc_W,M75_84_ClericalAdminis_W,M75_84_Sales_W,M75_84_Mach_oper_drivers,M75_84_Labourers,M75_84_Occu_ID_NS,M75_84_Tot,M85_ov_Managers,M85_ov_Professionals,M85_ov_TechnicTrades_W,M85_ov_CommunPersnlSvc_W,M85_ov_ClericalAdminis_W,M85_ov_Sales_W,M85_ov_Mach_oper_drivers,M85_ov_Labourers,M85_ov_Occu_ID_NS,M85_ov_Tot,M_Tot_Managers,M_Tot_Professionals,M_Tot_TechnicTrades_W,M_Tot_CommunPersnlSvc_W,M_Tot_ClericalAdminis_W,M_Tot_Sales_W,M_Tot_Mach_oper_drivers,M_Tot_Labourers,M_Tot_Occu_ID_NS,M_Tot_Tot,F15_19_Managers,F15_19_Professionals,F15_19_TechnicTrades_Wrs,F15_19_CommunPersnlSvc_W,F15_19_ClericalAdminis_W,F15_19_Sales_W,F15_19_Mach_oper_drivers,F15_19_Labourers,F15_19_Occu_ID_NS,F15_19_Tot,F20_24_Managers,F20_24_Professionals,F20_24_TechnicTrades_W,F20_24_CommunPersnlSvc_W,F20_24_ClericalAdminis_W,F20_24_Sales_W,F20_24_Mach_oper_drivers,F20_24_Labourers,F20_24_Occu_ID_NS,F20_24_Tot,F25_34_Managers,F25_34_Professionals,F25_34_TechnicTrades_W,F25_34_CommunPersnlSvc_W,F25_34_ClericalAdminis_W,F25_34_Sales_W,F25_34_Mach_oper_drivers,F25_34_Labourers,F25_34_Occu_ID_NS,F25_34_Tot,F35_44_Managers,F35_44_Professionals,F35_44_TechnicTrades_W,F35_44_CommunPersnlSvc_W,F35_44_ClericalAdminis_W,F35_44_Sales_W,F35_44_Mach_oper_drivers,F35_44_Labourers,F35_44_Occu_ID_NS,F35_44_Tot,F45_54_Managers,F45_54_Professionals,F45_54_TechnicTrades_W,F45_54_CommunPersnlSvc_W,F45_54_ClericalAdminis_W,F45_54_Sales_W,F45_54_Mach_oper_drivers,F45_54_Labourers,F45_54_Occu_ID_NS,F45_54_Tot,F55_64_Managers,F55_64_Professionals,F55_64_TechnicTrades_W,F55_64_CommunPersnlSvc_W,F55_64_ClericalAdminis_W,F55_64_Sales_W,F55_64_Mach_oper_drivers,F55_64_Labourers,F55_64_Occu_ID_NS,F55_64_Tot,F65_74_Managers,F65_74_Professionals,F65_74_TechnicTrades_W,F65_74_CommunPersnlSvc_W,F65_74_ClericalAdminis_W,F65_74_Sales_W,F65_74_Mach_oper_drivers,F65_74_Labourers,F65_74_Occu_ID_NS,F65_74_Tot,F75_84_Managers,F75_84_Professionals,F75_84_TechnicTrades_W,F75_84_CommunPersnlSvc_W,F75_84_ClericalAdminis_W,F75_84_Sales_W,F75_84_Mach_oper_drivers,F75_84_Labourers,F75_84_Occu_ID_NS,F75_84_Tot,F85ov_Managers,F85ov_Professionals,F85ov_TechnicTrades_W,F85ov_CommunPersnlSvc_W,F85ov_ClericalAdminis_W,F85ov_Sales_W,F85ov_Mach_oper_drivers,F85ov_Labourers,F85ov_Occu_ID_NS,F85ov_Tot,F_Tot_Managers,F_Tot_Professionals,F_Tot_TechnicTrades_W,F_Tot_CommunPersnlSvc_W,F_Tot_ClericalAdminis_W,F_Tot_Sales_W,F_Tot_Mach_oper_drivers,F_Tot_Labourers,F_Tot_Occu_ID_NS,F_Tot_Tot
LGA30250,0,0,6,0,0,0,0,0,0,8,0,0,3,7,0,0,0,3,0,16,7,0,7,7,0,0,0,9,0,24,0,6,4,9,0,0,4,7,7,33,10,0,11,3,3,0,0,6,0,28,3,0,3,3,4,0,3,3,0,18,0,0,0,0,0,0,0,0,0,4,0,0,0,0,0,0,0,0,0,0,0,0,0,0,0,0,0,0,0,0,14,13,30,22,11,7,11,25,10,138,0,0,0,4,0,0,0,0,0,4,0,3,0,0,3,0,0,0,0,11,0,6,3,9,0,3,0,3,0,27,0,4,5,3,0,0,0,3,0,23,0,3,0,6,6,0,0,0,4,20,0,3,0,6,4,0,0,4,0,19,0,0,0,0,0,0,0,0,0,0,0,0,0,0,0,0,0,0,0,0,0,0,0,0,0,0,0,0,0,0,3,23,7,34,10,3,0,11,3,97
LGA30300,4,0,19,0,0,6,4,20,0,50,3,0,29,4,0,3,8,26,0,82,42,13,34,9,10,12,18,50,4,196,76,20,30,15,0,11,41,32,3,229,95,16,36,11,6,4,47,45,3,264,72,12,26,0,7,9,29,50,7,214,33,4,18,3,3,3,14,12,3,91,23,0,0,0,0,0,0,4,0,27,4,0,0,0,0,0,0,0,0,4,353,72,187,41,26,49,163,231,25,1162,0,0,0,11,3,25,3,15,0,62,0,19,3,12,11,10,0,6,0,71,25,52,3,28,45,13,5,20,0,196,42,41,5,32,46,17,4,8,0,193,43,36,4,35,45,18,0,32,3,224,48,23,12,22,32,10,0,28,3,184,18,9,0,4,8,5,0,6,0,56,5,0,0,0,0,0,0,0,0,4,0,0,0,0,0,0,0,0,0,3,184,194,32,147,191,107,12,124,7,993
LGA30370,11,0,67,0,3,46,16,76,4,217,18,11,136,5,7,19,44,89,3,336,111,74,266,12,20,14,154,161,11,821,150,53,212,17,17,13,223,131,9,822,211,45,159,18,19,16,252,105,16,845,214,20,143,14,16,11,174,90,12,697,137,12,13,3,5,3,51,26,9,259,58,0,5,0,0,0,0,3,3,75,5,0,0,0,0,0,0,0,0,5,910,214,1000,75,90,117,914,686,68,4066,6,3,15,48,18,81,0,29,3,200,5,36,11,47,50,36,7,34,3,238,75,156,36,76,132,47,17,78,0,622,90,118,33,93,151,80,28,86,7,682,147,92,27,84,151,70,32,97,12,721,123,75,15,55,71,34,10,77,7,473,71,17,4,12,16,5,3,14,3,140,21,5,0,0,6,0,0,3,0,41,6,0,0,0,0,0,0,0,0,9,549,497,149,415,599,354,101,418,38,3115
LGA30410,4,0,10,4,0,3,0,13,3,30,0,3,24,6,0,0,8,31,7,77,34,14,19,9,3,3,17,23,3,122,33,21,14,6,4,3,19,23,0,131,73,7,22,3,9,3,34,35,0,185,55,5,16,3,17,0,26,15,0,147,28,3,3,0,0,3,11,13,0,53,12,0,0,0,0,0,0,4,3,22,0,0,0,0,0,0,0,0,0,0,244,68,107,25,29,10,107,156,13,766,0,3,0,7,3,8,0,6,0,39,0,8,3,12,6,3,0,10,0,56,18,38,3,16,20,5,3,18,0,133,27,20,3,20,28,17,0,17,0,128,37,19,5,22,34,10,5,27,4,157,50,9,6,13,21,8,3,22,0,131,19,3,0,3,0,0,0,10,3,37,3,0,0,0,0,0,0,0,0,11,0,0,0,0,0,0,0,0,0,0,157,98,29,96,119,58,11,102,9,682
LGA30450,0,0,0,0,0,0,0,4,0,10,0,0,0,0,0,0,0,4,0,7,0,0,4,0,0,0,3,3,0,17,3,0,3,0,0,0,3,0,0,11,11,0,7,3,0,0,6,0,0,28,8,0,0,0,0,0,9,5,0,18,3,0,0,0,0,0,0,0,0,5,0,0,0,0,0,0,0,0,0,0,0,0,0,0,0,0,0,0,0,0,22,4,20,0,0,0,27,21,3,98,0,5,0,0,0,0,0,0,0,3,0,0,0,0,0,0,0,3,0,4,3,0,0,0,3,0,0,0,0,8,0,0,0,0,6,0,0,3,0,10,8,0,0,0,4,0,0,3,0,23,4,0,3,0,3,0,0,0,0,12,3,0,0,0,3,0,0,0,0,7,0,0,0,0,0,0,0,0,0,0,0,0,0,0,0,0,0,0,0,0,18,4,5,3,16,0,0,10,0,72
LGA30760,0,0,6,0,0,6,0,5,0,21,3,0,6,0,0,0,3,7,0,26,15,7,24,0,0,7,9,16,3,81,28,8,10,5,3,3,8,28,4,92,30,8,9,5,0,0,19,19,0,91,56,3,11,3,3,4,12,19,3,119,21,0,9,3,3,3,5,8,0,45,6,0,0,0,0,0,0,0,0,8,0,0,0,0,0,0,0,0,0,0,158,16,75,17,17,33,61,101,8,492,0,0,0,3,0,6,0,0,0,13,0,8,0,4,6,5,0,0,0,26,10,19,7,7,11,10,0,11,5,85,17,10,7,16,17,4,0,14,3,95,29,13,4,19,14,7,3,9,0,98,32,7,4,19,13,5,0,11,4,90,11,6,0,4,0,0,0,4,0,29,0,0,0,0,0,0,0,3,0,3,0,0,0,0,0,0,0,0,0,0,102,64,24,75,65,46,5,56,13,446
LGA30900,0,0,0,0,0,0,0,10,0,10,0,0,0,0,0,0,3,8,0,15,7,0,0,0,0,0,4,15,0,26,5,0,0,0,0,0,6,0,0,14,9,0,4,0,0,0,5,6,0,23,15,0,0,0,0,0,3,6,0,28,0,0,0,0,0,0,3,0,0,5,0,0,0,0,0,0,0,0,0,0,0,0,0,0,0,0,0,0,0,0,35,0,7,4,4,0,20,46,0,121,0,3,0,0,0,0,0,3,0,3,0,0,0,0,0,0,0,9,0,16,0,3,8,0,8,0,0,7,0,29,0,0,3,0,0,0,0,5,0,8,3,0,0,3,0,0,0,0,0,9,9,4,0,4,0,0,0,0,0,23,0,0,0,0,0,0,0,0,0,3,0,0,0,0,0,0,0,0,0,0,0,0,0,0,0,0,0,0,0,0,21,8,10,12,10,4,3,27,0,94
LGA31000,195,500,1748,1929,662,3294,628,3483,209,12646,1423,4939,6140,4435,2576,4249,2098,4689,536,31083,8826,22877,15129,5359,6048,4927,5081,7018,1468,76726,13331,21983,10943,3265,5237,3318,4354,4261,1184,67875,12972,16567,9005,2728,4527,2756,4382,4004,1009,57938,7317,10011,5633,1558,3043,1996,3438,2960,549,36511,1837,2992,1092,342,750,760,915,843,201,9733,250,385,106,22,80,111,62,103,87,1204,25,33,11,11,10,17,7,7,21,139,46186,80290,49795,19646,22923,21443,20960,27357,5258,293858,210,563,460,4127,1551,6659,130,1441,166,15307,1618,6580,1429,7422,6106,6354,251,1621,391,31770,7086,28011,3068,9171,13666,5386,448,3228,995,71072,8187,24270,2216,6586,13291,3426,482,2351,834,61649,7098,18491,1849,6251,14015,3735,611,2940,662,55658,3418,10181,1023,3871,9363,2532,453,2326,386,33553,624,1872,226,681,2142,698,83,508,104,6942,63,139,16,31,147,60,3,60,54,567,4,22,3,3,10,4,0,5,27,75,28316,90119,10298,38137,60288,28866,2463,14482,3622,276593
LGA31750,0,0,0,0,0,0,0,3,0,4,0,0,3,0,0,0,0,3,0,9,6,0,3,0,0,0,3,3,0,17,3,0,10,0,4,0,8,3,0,25,6,0,3,0,3,0,3,3,3,20,10,0,8,0,0,0,13,8,0,32,7,0,0,0,0,0,0,0,3,12,0,0,0,0,0,0,0,0,0,0,0,0,0,0,0,0,0,0,0,0,31,3,25,0,9,5,27,19,7,123,0,0,0,0,0,0,0,3,0,8,0,0,0,0,0,0,0,0,0,10,3,3,4,0,10,0,0,4,0,25,5,0,0,4,3,0,0,3,0,18,0,4,3,0,3,0,0,3,0,16,12,0,0,0,4,0,0,0,0,22,0,0,0,0,0,0,0,0,0,0,0,0,0,0,0,0,0,0,0,0,0,0,0,0,0,0,0,0,0,0,25,6,10,5,23,3,3,14,5,94
LGA31820,17,15,190,78,24,316,68,398,15,1124,104,57,446,126,27,165,161,418,24,1512,345,365,876,162,89,193,436,656,57,3173,523,461,834,186,127,158,559,500,67,3404,670,502,814,237,183,187,728,579,72,3973,543,387,738,150,142,179,617,477,59,3287,222,100,125,31,48,46,135,100,19,821,57,10,10,0,6,12,12,11,14,121,5,0,0,0,0,3,0,0,4,15,2490,1886,4032,963,644,1254,2709,3137,320,17435,23,6,52,275,113,639,5,149,17,1272,92,164,83,297,226,262,9,176,17,1332,255,642,161,504,546,312,27,367,34,2847,342,840,159,608,679,346,36,302,40,3354,390,841,178,716,951,406,50,478,37,4048,286,626,109,532,677,286,37,434,34,3013,104,88,22,64,147,39,7,89,11,578,26,15,3,8,16,3,0,9,9,84,0,0,0,0,4,0,0,3,9,14,1512,3214,761,3012,3352,2304,173,2004,202,16534
LGA31900,6,7,92,8,3,52,15,69,5,258,32,9,151,13,0,17,51,88,5,364,92,52,218,21,9,13,128,137,6,680,166,52,189,28,14,29,187,143,10,814,264,63,157,26,28,22,212,176,12,962,225,60,144,28,28,18,197,178,13,880,102,16,39,3,7,13,34,39,3,263,46,3,0,0,0,0,0,4,3,58,0,0,0,0,0,0,0,0,4,6,930,267,989,135,82,159,825,826,69,4283,3,9,19,58,17,132,4,22,6,268,19,46,28,64,46,40,5,49,4,301,53,143,31,89,126,66,13,61,4,579,76,144,33,108,174,71,24,71,15,711,99,128,31,132,212,82,21,128,10,843,83,88,32,115,155,57,17,115,3,667,41,17,6,23,37,8,3,21,0,156,7,3,0,0,5,0,0,3,4,26,0,0,0,0,0,0,0,0,0,0,382,579,177,586,772,450,81,477,48,3556
LGA31950,0,0,0,0,0,0,0,3,0,3,0,0,4,0,0,0,0,5,0,9,3,0,0,0,8,0,3,3,3,15,4,3,4,0,3,0,0,5,0,23,0,0,3,0,0,0,0,5,0,14,8,3,0,0,3,0,0,0,0,15,4,0,0,0,0,0,0,0,0,8,0,0,0,0,0,0,0,0,0,0,0,0,0,0,0,0,0,0,0,0,12,9,15,3,15,0,4,21,3,85,0,0,0,0,0,0,0,0,0,3,0,0,0,4,0,0,0,0,0,5,5,7,0,0,3,0,0,3,0,17,3,0,0,0,0,0,0,4,0,7,4,0,0,0,0,0,0,0,0,9,6,0,0,0,0,0,0,0,0,12,3,0,0,0,0,0,0,0,0,4,0,0,0,0,0,0,0,0,0,0,0,0,0,0,0,0,0,0,0,0,15,6,3,3,12,0,3,15,0,64
LGA32080,39,33,386,207,31,582,78,522,37,1905,109,240,994,372,94,327,200,550,65,2948,712,1189,2376,789,321,449,670,802,136,7450,1167,1417,2149,787,438,447,800,811,168,8185,1355,1411,1854,679,461,486,963,846,178,8243,1062,999,1225,367,352,350,767,635,103,5854,267,307,237,77,112,130,236,187,35,1592,67,29,15,4,12,10,12,20,14,188,19,9,3,0,0,3,0,0,3,32,4808,5630,9226,3294,1827,2785,3733,4362,736,36397,28,48,80,527,170,1095,5,202,29,2189,152,472,211,746,513,591,33,170,31,2909,641,2084,416,1490,1417,754,61,397,96,7352,783,2267,381,1536,1927,818,76,585,108,8474,880,2006,307,1382,1980,908,100,706,108,8370,512,1212,158,840,1400,630,59,580,64,5454,111,207,43,143,290,171,19,124,36,1135,19,16,0,10,19,20,3,10,14,106,4,0,0,0,0,4,0,0,5,15,3120,8302,1600,6658,7721,4984,353,2777,491,36009
LGA32250,0,0,4,3,0,0,0,12,0,23,4,0,6,3,0,0,0,14,3,38,9,7,23,10,5,0,3,22,3,81,18,11,12,3,3,0,8,12,3,78,17,7,19,8,3,0,13,18,0,87,14,9,21,3,8,3,17,14,3,97,10,0,4,0,0,0,4,8,0,27,0,0,0,0,0,0,0,0,0,3,0,0,0,0,0,0,0,0,0,0,80,36,90,41,17,4,49,105,16,440,0,0,0,11,0,0,0,0,0,15,0,3,0,6,3,3,0,9,0,25,5,21,5,15,16,0,0,11,4,74,7,15,4,18,10,10,0,10,0,73,15,16,5,17,28,3,0,9,0,96,6,8,5,7,16,3,0,20,3,71,3,0,0,4,3,0,0,4,0,19,0,0,0,0,0,0,0,0,0,0,0,0,0,0,0,0,0,0,0,0,43,61,23,73,80,22,0,57,10,371
LGA32260,14,0,111,12,3,72,18,114,8,349,44,25,160,27,14,11,60,199,13,550,160,73,296,49,23,36,165,344,28,1170,224,72,259,65,18,38,171,245,16,1122,315,115,281,65,39,39,270,286,38,1458,284,124,254,35,47,51,289,237,24,1338,139,40,45,5,9,29,63,49,15,396,51,11,10,3,4,3,7,6,8,96,6,0,0,0,0,0,0,0,0,5,1233,463,1411,267,152,285,1043,1485,145,6486,9,8,22,59,27,152,9,73,7,363,30,49,22,72,64,67,7,93,8,417,86,184,54,138,159,90,7,205,18,952,124,185,44,178,215,106,19,159,6,1043,169,213,72,231,297,126,33,215,11,1363,125,186,45,200,238,130,20,222,6,1169,49,31,8,34,52,26,3,40,16,257,15,3,0,3,3,3,0,0,3,29,0,0,0,0,3,0,0,0,0,5,613,858,270,913,1061,706,97,1016,69,5595
LGA32270,9,0,100,15,6,83,26,125,8,378,39,30,250,18,5,41,108,153,6,653,178,173,632,48,37,39,514,211,24,1856,303,127,502,33,34,25,573,114,34,1748,327,115,345,35,52,43,535,126,37,1614,244,68,215,13,27,19,384,104,20,1097,113,15,45,3,8,10,65,30,9,282,38,0,4,0,3,3,3,3,0,57,8,0,0,0,0,0,0,3,0,5,1255,531,2090,162,176,259,2220,867,140,7689,9,9,27,75,35,129,7,51,0,352,24,102,37,86,105,88,27,84,3,560,139,336,87,165,300,142,52,142,10,1373,147,238,65,173,298,146,63,165,22,1316,223,171,44,152,300,131,73,151,13,1250,139,84,32,75,185,80,30,116,8,739,76,11,4,9,24,8,3,23,3,167,7,0,0,0,4,0,0,0,0,18,0,0,0,0,3,0,0,0,0,4,759,953,290,728,1256,730,250,738,65,5772
LGA32310,5,0,29,9,0,40,7,68,6,172,5,11,72,10,8,18,7,45,3,174,39,50,115,12,3,20,82,81,4,411,98,38,117,20,9,18,108,50,9,470,104,42,101,29,14,3,129,54,4,491,97,37,73,19,20,11,102,66,12,438,44,10,12,7,10,6,16,20,3,140,14,0,0,0,0,0,0,3,0,25,3,0,0,0,0,0,0,0,0,3,405,197,524,117,59,116,457,392,46,2319,0,7,11,31,5,68,0,24,3,165,7,36,7,43,22,34,0,23,0,185,35,107,27,61,67,34,3,42,3,373,68,107,30,80,99,48,14,49,6,492,93,108,26,94,99,38,16,74,4,546,67,61,18,68,61,29,14,65,7,393,26,11,4,12,17,5,0,18,0,97,7,3,0,0,0,0,0,0,0,14,0,0,0,0,0,0,0,0,0,4,298,439,125,389,378,262,45,304,29,2264
LGA32330,0,0,0,0,0,0,0,0,0,0,0,0,0,3,0,0,0,0,0,5,0,0,3,0,0,0,3,4,0,8,0,0,3,6,0,0,3,6,0,11,0,3,4,4,3,0,0,5,0,19,5,6,0,4,0,0,0,3,0,17,0,0,0,0,0,0,0,0,0,0,0,0,0,0,0,0,0,0,0,0,0,0,0,0,0,0,0,0,0,0,5,7,7,15,3,0,6,20,0,64,0,0,0,0,0,0,0,0,0,8,0,3,0,3,0,0,0,0,0,5,0,3,0,10,0,0,0,0,0,13,0,0,4,6,3,0,0,0,0,20,0,0,0,6,0,0,0,0,0,7,0,0,0,0,3,0,0,3,0,14,0,0,0,3,0,0,0,0,0,0,0,0,0,0,0,0,0,0,0,0,0,0,0,0,0,0,0,0,0,0,5,8,4,31,15,0,0,6,3,67
LGA32450,0,0,5,0,0,5,0,18,0,33,6,16,20,0,3,3,11,30,0,78,23,31,59,12,4,4,64,35,4,239,26,23,54,6,3,3,58,19,3,196,26,8,43,5,11,6,63,19,6,185,30,17,28,3,9,0,55,23,3,161,18,0,6,7,3,0,7,6,3,48,3,0,0,0,0,0,0,0,0,6,0,0,0,0,0,0,0,0,0,0,124,91,202,26,37,24,258,147,17,936,0,0,0,6,3,11,0,9,0,29,0,11,4,8,17,7,3,10,0,55,13,43,4,21,44,10,7,9,0,165,23,11,6,16,25,6,3,13,0,106,14,28,4,6,28,6,6,9,0,107,5,16,7,8,22,5,3,12,3,82,10,3,0,3,8,3,0,3,0,23,0,0,0,0,0,0,0,0,0,4,0,0,0,0,0,0,0,0,0,0,71,111,26,74,150,51,28,71,11,584
LGA32500,0,3,13,5,0,8,3,10,0,39,4,8,23,11,8,7,5,29,3,86,21,27,40,18,3,6,30,35,0,178,28,36,42,5,4,3,23,33,3,187,44,25,34,14,5,3,31,44,0,198,32,29,36,10,5,9,20,25,3,160,19,0,4,0,3,3,9,5,3,58,3,0,0,0,0,0,0,0,0,9,0,0,0,0,0,0,0,0,0,0,154,129,188,60,38,37,124,174,18,917,0,0,0,11,3,9,0,6,0,36,3,8,0,14,12,3,3,15,0,64,16,41,10,30,17,8,3,31,0,146,24,44,6,25,29,4,3,9,3,158,17,29,5,24,40,18,3,21,4,157,27,46,9,32,25,11,0,30,3,189,7,4,0,3,4,0,0,3,3,31,0,0,0,0,0,3,0,0,0,4,0,0,0,0,0,0,0,0,0,0,97,180,29,145,135,60,18,118,18,790
LGA32600,0,0,0,0,0,0,0,0,0,0,0,0,0,0,0,0,0,7,3,8,4,0,0,0,0,0,3,0,0,10,0,0,0,3,0,0,0,0,0,10,5,0,0,0,0,0,3,3,3,14,7,0,6,0,0,0,3,0,0,12,0,0,0,0,0,0,0,0,0,3,3,0,0,0,0,0,0,0,0,3,0,0,0,0,0,0,0,0,0,0,16,5,5,3,0,0,11,13,3,57,0,0,0,0,0,0,0,0,0,0,0,0,0,0,0,0,0,3,0,3,4,0,3,5,0,0,0,0,0,10,4,0,0,0,3,0,0,0,0,14,4,0,0,0,0,0,0,3,0,15,3,0,3,0,0,0,0,0,0,12,0,0,0,0,0,0,0,0,0,4,0,0,0,0,0,0,0,0,0,0,0,0,0,0,0,0,0,0,0,0,14,0,4,15,10,3,0,6,0,51
LGA32750,0,0,3,0,0,3,0,7,0,11,0,0,0,0,0,0,0,5,0,7,8,0,0,3,0,0,0,3,0,16,5,0,6,0,0,0,0,4,0,19,8,0,3,3,3,0,3,0,0,17,6,0,3,0,0,0,3,0,0,14,3,0,0,0,0,0,0,0,0,9,0,0,0,0,0,0,0,0,0,0,0,0,0,0,0,0,0,0,0,0,25,8,14,10,6,0,6,24,0,85,0,0,0,0,0,0,0,0,0,8,0,0,0,0,0,0,0,0,0,8,0,0,0,3,7,3,0,6,0,21,3,0,0,3,4,0,0,3,0,11,0,0,0,0,3,0,0,4,0,13,3,0,0,3,3,0,0,0,0,11,0,0,0,0,0,0,0,0,0,3,0,0,0,0,0,0,0,0,0,0,0,0,0,0,0,0,0,0,0,0,14,9,5,10,14,4,0,13,0,76
LGA32770,0,0,0,0,0,0,0,0,0,3,4,0,3,3,0,0,0,3,0,17,0,3,3,3,0,0,0,11,0,24,7,3,11,10,4,0,3,5,0,49,0,3,3,3,0,0,0,8,5,23,0,0,0,3,0,0,0,5,3,10,0,0,0,0,0,0,0,0,0,0,0,0,0,0,0,0,0,0,0,0,0,0,0,0,0,0,0,0,0,0,14,15,19,29,12,4,10,32,6,135,0,0,0,0,0,3,3,0,0,9,0,3,0,0,5,0,0,0,0,9,0,11,5,21,0,3,0,3,0,42,4,0,0,11,11,3,0,5,3,42,3,5,0,12,7,0,0,3,0,22,0,3,3,10,3,0,0,3,0,15,0,0,0,0,0,0,0,0,0,0,0,0,0,0,0,0,0,0,0,0,0,0,0,0,0,0,0,0,0,0,5,21,8,54,25,12,3,13,6,144
LGA32810,7,0,28,15,0,18,3,52,0,134,3,3,73,32,4,3,9,32,3,163,72,56,185,71,18,19,23,97,9,546,91,63,170,64,18,18,42,85,16,571,114,78,157,52,22,33,70,92,22,634,127,48,100,39,21,30,73,102,10,548,49,19,16,9,10,8,30,21,4,170,11,5,0,0,4,3,4,3,0,38,7,0,0,0,0,0,0,0,0,8,474,280,738,281,99,138,253,483,63,2806,3,3,9,30,8,48,0,14,3,111,8,21,10,66,17,23,0,20,8,176,70,88,35,143,69,61,3,51,6,529,85,92,38,117,112,76,3,49,8,574,82,95,35,109,128,93,10,92,9,653,69,76,22,83,89,73,3,78,4,495,42,21,3,12,31,24,0,18,0,136,4,5,0,0,8,0,0,0,0,22,0,0,0,0,0,0,0,0,0,0,357,394,149,555,457,401,18,323,41,2698
LGA33100,0,0,3,0,0,0,0,8,0,14,0,0,0,0,0,0,4,10,0,11,8,4,9,0,0,0,0,9,0,28,9,3,5,3,0,0,8,8,0,30,24,0,4,4,0,0,9,8,3,53,25,0,3,3,3,0,3,3,0,47,7,0,0,0,3,0,0,4,0,16,7,0,0,0,0,0,0,0,0,5,0,0,0,0,0,0,0,0,0,0,69,13,25,12,6,0,29,53,4,204,3,0,0,0,0,0,0,3,0,7,0,3,0,3,3,0,0,3,0,7,4,10,3,6,9,0,0,8,0,37,11,3,4,3,5,0,0,0,0,26,20,0,4,4,10,0,0,6,0,46,7,3,0,0,3,0,0,10,0,21,3,3,0,0,0,0,0,4,0,10,0,0,0,0,0,0,0,0,0,3,0,0,0,0,0,0,0,0,0,0,49,20,10,15,29,6,0,38,0,158
LGA33200,4,0,3,0,0,4,3,11,0,19,0,3,9,3,0,0,5,20,0,39,15,4,17,0,0,0,12,20,0,71,19,4,12,0,0,0,11,11,0,64,39,5,3,4,7,0,25,13,5,93,36,4,16,0,0,0,16,9,0,86,25,0,3,0,0,0,3,5,3,43,11,0,0,0,0,0,0,0,0,16,0,0,0,0,0,0,0,0,0,3,149,19,62,14,12,14,70,90,4,434,0,0,0,8,3,0,0,3,0,15,0,3,3,5,4,5,0,7,0,31,9,7,3,8,9,5,3,9,0,53,20,9,0,3,9,3,3,5,0,59,25,11,4,14,9,6,3,12,0,86,23,4,3,6,15,0,0,12,0,64,26,0,0,0,3,3,0,3,0,45,5,0,0,0,0,0,0,0,3,10,0,0,0,0,0,0,0,0,0,0,107,39,10,41,57,32,8,58,5,353
LGA33220,12,10,195,80,16,265,47,328,20,968,42,57,409,111,36,133,125,301,27,1247,250,331,827,242,99,179,294,420,47,2694,433,452,863,310,148,207,424,416,52,3312,531,467,876,304,168,196,608,540,68,3753,469,411,700,253,149,188,561,448,46,3222,163,116,112,34,38,70,103,88,25,753,47,14,13,3,6,3,12,7,14,112,8,3,3,0,0,3,0,3,0,22,1967,1854,3989,1338,667,1246,2177,2561,285,16078,11,21,44,253,90,612,7,104,22,1166,55,173,72,311,144,274,9,84,10,1129,197,628,136,531,487,308,22,170,26,2504,282,854,192,726,740,356,37,267,43,3489,336,922,176,894,986,459,37,403,45,4258,240,599,114,652,732,295,30,356,37,3055,78,99,12,75,127,56,5,76,25,539,15,4,0,4,4,3,0,4,9,47,5,0,0,0,0,0,0,0,0,6,1213,3308,743,3449,3300,2354,146,1469,210,16192
LGA33360,12,4,225,49,7,235,37,264,20,854,31,82,552,66,25,85,167,256,14,1275,220,309,1222,130,91,97,515,537,74,3200,379,397,1268,102,119,64,709,386,78,3519,450,364,1104,88,151,64,856,388,93,3568,319,224,620,45,92,48,662,288,40,2353,116,55,75,14,15,16,87,51,7,432,27,4,0,0,0,3,0,4,3,53,0,0,3,0,0,0,0,0,0,3,1557,1442,5075,505,508,612,3035,2180,342,15253,16,8,50,166,60,385,9,126,8,821,56,162,102,237,209,190,13,91,13,1082,227,623,198,422,502,300,78,192,25,2562,248,629,178,464,575,272,85,271,27,2747,263,528,128,450,638,333,97,375,27,2844,150,234,51,221,351,173,41,242,8,1474,64,48,7,16,60,24,4,29,9,265,4,5,0,0,5,0,0,3,0,20,0,0,0,0,0,0,0,0,0,0,1026,2239,721,1975,2403,1676,332,1320,127,11829
LGA33430,116,139,1330,793,190,1803,344,2119,140,6964,602,1144,3439,1343,597,1744,843,2337,239,12295,3402,4737,8661,2226,1417,2175,2298,3735,510,29165,5289,5424,7822,1853,1528,2072,2485,3010,651,30132,5468,4538,6751,1742,1563,2003,2808,2812,586,28279,3599,3212,4165,1059,1198,1600,2212,2173,343,19558,1210,1166,932,256,409,763,686,678,174,6271,167,143,61,29,52,98,43,83,52,741,18,11,6,0,3,3,3,7,11,64,19869,20512,33172,9307,6966,12263,11727,16947,2715,133473,123,182,246,2022,632,3974,84,776,126,8166,751,1807,644,3355,2142,2903,145,681,169,12604,2939,7272,1499,4889,5389,3104,251,1425,391,27160,3261,7417,1334,4387,6561,2706,267,1526,391,27848,3077,5872,1147,4369,7317,3329,379,2075,352,27925,1794,3707,643,2669,5052,2517,295,1645,249,18563,436,826,148,471,1252,736,75,379,93,4421,41,60,7,25,89,44,3,29,37,339,3,8,3,3,3,3,3,0,19,50,12435,27157,5670,22184,28431,19321,1517,8535,1822,127077
LGA33610,3,0,43,4,0,18,12,47,5,134,27,8,72,8,4,10,30,55,0,215,90,30,134,16,15,22,72,91,5,483,139,47,97,13,7,19,85,71,7,477,179,40,88,14,11,32,100,90,11,562,159,39,61,13,14,20,102,91,7,510,75,10,17,0,4,6,37,20,5,176,27,0,4,0,4,0,3,4,0,42,4,0,3,0,0,0,0,3,0,10,698,170,512,67,60,142,438,476,39,2606,3,3,3,34,10,53,3,21,0,129,3,33,9,51,22,26,7,27,0,181,44,119,27,70,101,32,11,65,3,462,62,94,11,82,114,45,11,40,4,463,88,83,25,77,135,40,13,49,5,504,72,63,10,60,78,33,5,54,5,380,34,4,3,11,16,8,4,19,3,101,14,0,0,0,5,0,0,0,0,26,0,0,0,0,0,0,0,0,0,0,315,396,95,385,479,249,43,262,26,2250
LGA33620,14,3,123,29,18,108,24,197,17,527,31,19,232,31,11,66,80,213,12,700,128,104,481,78,33,87,229,328,25,1499,216,184,490,95,60,79,283,296,23,1720,348,210,490,127,81,119,420,350,37,2175,369,195,405,92,76,98,326,273,38,1870,183,55,63,16,12,28,77,53,11,504,52,12,3,0,4,3,3,8,15,106,12,0,4,0,0,0,0,0,0,17,1358,783,2298,460,295,578,1444,1717,175,9115,8,11,32,125,43,273,11,87,21,609,24,62,41,145,100,131,7,74,4,588,128,230,100,233,259,177,22,98,17,1269,175,319,116,310,377,203,26,171,17,1719,231,414,100,421,439,241,43,267,33,2185,213,306,52,274,351,137,23,226,24,1607,96,48,14,39,81,32,4,37,16,363,14,6,0,0,7,0,0,0,8,39,0,0,0,0,0,0,0,0,0,3,886,1407,461,1544,1668,1199,131,953,130,8385
LGA33800,0,3,53,8,0,31,8,35,0,139,3,16,93,9,3,4,24,32,0,185,29,34,119,10,5,7,73,67,4,358,52,50,100,18,8,21,92,66,3,410,117,41,120,24,11,14,154,73,11,569,142,37,112,12,13,20,132,87,10,556,105,11,23,7,5,9,35,24,5,224,46,0,3,0,4,0,3,4,5,68,9,0,0,0,0,0,0,0,0,6,495,202,620,89,53,98,520,391,44,2518,0,4,8,35,8,69,0,20,4,148,7,20,10,27,27,20,0,6,0,114,21,70,22,53,53,33,3,15,0,270,37,83,17,68,96,51,12,25,0,374,59,89,39,109,159,47,13,63,0,569,50,76,13,97,75,46,9,49,4,412,29,8,6,20,29,12,0,9,0,119,13,0,3,3,3,3,0,5,5,27,3,0,0,0,0,0,0,0,0,3,206,355,118,398,444,272,33,193,22,2037
LGA33830,0,0,0,0,0,0,0,0,0,4,0,0,0,0,0,0,6,10,0,15,0,4,6,3,0,0,6,5,3,30,3,3,3,3,0,0,14,3,3,41,3,3,6,4,0,0,7,11,0,30,0,0,0,4,0,0,0,3,3,9,0,0,0,0,0,0,0,0,0,4,0,0,0,0,0,0,0,0,0,0,0,0,0,0,0,0,0,0,0,0,13,9,19,14,7,0,32,29,9,136,0,0,0,0,0,0,0,0,0,4,0,0,0,4,7,0,0,0,0,13,3,3,0,13,8,0,0,0,0,30,3,3,0,3,8,0,0,0,0,16,0,3,0,9,0,0,0,4,3,17,0,5,0,0,0,0,0,0,0,8,0,0,0,0,0,0,0,0,0,3,0,0,0,0,0,0,0,0,0,0,0,0,0,0,0,0,0,0,0,0,3,16,0,28,18,3,0,15,4,96
LGA33960,35,28,500,178,61,583,150,786,48,2368,178,280,1389,359,228,483,639,1041,107,4706,874,1260,3222,832,696,627,1786,1718,259,11272,1247,1427,2352,697,719,463,1704,1301,223,10135,1271,1057,2043,566,640,419,1808,1118,188,9106,697,698,1174,395,422,248,1162,776,108,5677,145,154,214,71,67,72,230,130,27,1104,24,20,17,4,3,13,18,17,8,123,5,0,4,0,0,0,0,0,0,16,4477,4926,10920,3104,2827,2907,7503,6882,968,44507,62,37,97,587,233,1311,34,343,36,2740,236,454,274,1034,897,876,105,330,50,4251,820,2293,526,1763,2434,1012,199,577,154,9788,836,2056,393,1647,2218,797,187,756,131,9010,755,1480,323,1581,2233,726,220,995,111,8415,356,845,154,892,1272,421,115,658,51,4766,54,156,22,143,168,61,24,101,24,755,7,6,5,6,13,8,0,7,0,49,0,0,0,0,3,0,0,0,4,5,3124,7331,1789,7644,9464,5206,882,3769,564,39773
LGA33980,3,0,65,9,6,41,23,99,0,247,17,36,167,18,3,21,82,104,4,448,142,164,576,26,22,9,474,113,22,1550,184,119,487,26,33,4,594,73,21,1539,189,62,314,13,20,6,516,86,16,1238,168,37,164,4,20,5,310,69,12,797,60,7,19,0,5,4,40,17,0,156,14,0,3,0,0,0,3,4,0,23,7,0,0,0,0,0,0,0,0,8,790,421,1796,96,105,91,2051,559,86,6000,3,3,25,57,23,77,9,37,3,234,22,75,30,54,72,45,27,65,7,388,101,276,93,134,213,75,104,94,14,1105,130,161,55,142,199,77,79,117,11,968,113,96,46,88,165,73,77,134,8,793,85,24,20,31,77,34,27,93,3,398,35,3,4,3,12,3,0,14,4,82,8,0,0,0,0,0,0,5,0,17,0,0,0,0,0,0,0,0,0,0,505,638,273,509,757,376,314,556,51,3977
LGA34420,0,0,0,0,0,0,0,0,0,3,0,0,3,3,0,0,0,4,0,9,0,3,4,3,0,0,0,4,3,27,0,0,6,6,0,0,4,4,0,26,4,0,8,3,0,0,6,7,0,26,4,5,4,0,0,0,0,0,0,18,4,0,0,0,0,0,0,0,0,3,0,0,0,0,0,0,0,0,0,0,0,0,0,0,0,0,0,0,0,0,17,10,35,23,7,0,10,14,5,118,0,0,0,4,0,0,0,0,0,4,0,3,0,4,0,0,0,0,0,16,0,4,0,9,4,5,0,3,0,26,0,6,0,11,0,0,0,7,0,28,0,0,0,9,3,3,0,6,0,30,6,4,0,3,3,3,0,0,0,18,0,0,0,0,0,0,0,0,0,0,0,0,0,0,0,0,0,0,0,0,0,0,0,0,0,0,0,0,0,0,7,18,0,49,15,7,3,16,0,113
LGA34530,3,4,131,57,6,106,20,142,8,476,25,21,283,47,9,49,65,123,10,629,115,126,515,70,26,47,218,143,24,1279,242,185,542,80,62,58,317,147,29,1658,305,203,517,98,99,59,432,178,36,1928,279,220,359,67,65,66,337,142,33,1566,92,74,53,12,12,20,49,36,5,341,20,5,3,0,3,0,7,8,4,61,3,0,0,0,0,0,0,0,0,6,1091,835,2397,436,287,409,1440,913,148,7950,7,3,26,129,37,291,7,69,5,579,30,65,49,156,101,110,10,32,7,567,107,312,83,204,262,114,30,59,9,1186,157,389,100,283,365,142,23,118,21,1606,223,443,76,311,481,189,35,156,19,1930,140,288,63,209,341,126,21,135,25,1345,44,45,7,27,56,20,4,28,3,228,13,4,0,0,7,3,0,5,3,33,0,0,0,0,3,0,0,0,0,5,720,1548,410,1319,1654,990,129,609,97,7475
LGA34570,0,0,3,0,0,0,0,7,0,9,0,0,0,0,0,0,0,0,3,5,3,0,4,3,0,0,0,3,4,21,3,0,8,0,0,0,0,9,3,21,5,3,0,0,0,0,3,8,0,22,0,3,0,0,0,0,0,3,0,11,0,0,0,0,0,0,3,0,0,3,0,0,0,0,0,0,0,0,0,0,0,0,0,0,0,0,0,0,0,0,7,14,17,9,5,3,10,30,9,99,0,0,0,4,0,0,0,0,0,4,0,0,0,3,0,0,0,0,0,10,0,11,0,6,4,0,0,3,0,25,0,3,0,6,3,0,0,0,0,16,0,0,0,8,3,0,0,3,0,16,0,10,0,7,0,0,0,0,0,15,0,0,0,0,0,0,0,0,3,5,0,0,0,0,0,0,0,0,0,0,0,0,0,0,0,0,0,0,0,0,4,19,0,29,8,3,4,14,9,86
LGA34580,22,3,125,27,7,119,17,190,12,521,48,26,212,37,27,67,63,249,15,748,197,101,406,64,46,61,263,405,27,1568,237,161,422,79,64,72,320,259,38,1655,344,168,397,87,87,81,404,269,33,1877,267,129,292,73,58,61,327,217,18,1442,120,41,53,12,19,25,88,42,15,419,36,5,8,4,0,5,7,10,3,77,0,0,0,0,0,0,3,0,4,11,1279,635,1924,383,312,491,1496,1632,157,8312,12,10,29,110,55,225,5,90,5,542,48,82,91,162,112,104,10,161,5,767,144,277,100,198,242,113,23,273,20,1393,157,297,83,254,333,134,22,180,14,1474,184,311,84,310,417,164,30,280,19,1806,125,202,47,218,276,85,18,206,9,1179,57,33,7,35,60,17,4,36,4,256,11,5,0,3,3,0,0,5,9,27,0,0,0,0,0,0,0,0,0,0,733,1218,440,1278,1502,841,118,1220,90,7456
LGA34590,62,59,957,246,88,776,351,1240,74,3852,267,367,2318,401,299,744,1077,1667,142,7284,1297,1668,4799,774,893,902,2779,2637,340,16092,2046,1920,4215,768,1044,801,2872,2135,338,16132,1964,1495,3557,667,933,687,3085,1806,298,14490,1387,997,2436,420,742,564,2246,1328,158,10282,329,310,420,102,175,151,526,272,44,2327,27,25,29,8,15,19,15,25,9,168,3,3,3,3,0,0,0,0,4,18,7373,6851,18735,3387,4187,4644,12956,11107,1407,70645,67,79,187,836,362,1995,61,474,74,4131,329,714,394,1387,1241,1302,175,483,98,6113,1122,2963,730,2266,3438,1415,317,963,195,13411,1344,2941,580,2358,3636,1205,332,1150,246,13787,1151,2228,502,2330,3826,1256,457,1549,203,13504,617,1418,348,1492,2533,859,254,1062,136,8729,128,217,57,223,462,163,37,202,41,1539,5,12,0,6,33,4,0,15,12,96,0,3,0,3,0,0,0,0,3,12,4757,10575,2792,10899,15541,8202,1635,5895,1012,61309
LGA34710,0,0,33,12,3,11,0,16,3,75,0,3,34,4,0,11,10,20,0,80,13,17,59,10,4,3,20,27,0,161,33,21,25,14,7,8,21,21,5,154,50,23,40,6,11,5,25,28,4,196,62,27,31,7,9,12,29,29,0,212,27,0,12,0,4,0,11,5,3,61,13,0,3,0,0,0,0,0,0,16,0,0,0,0,0,0,0,0,0,4,209,95,227,60,41,49,119,149,16,961,0,0,5,19,10,28,0,11,0,74,3,27,3,17,16,13,0,9,0,89,23,53,8,29,42,9,0,14,4,185,23,46,6,35,47,9,4,14,3,185,56,41,6,29,50,21,0,25,4,215,40,30,5,15,34,16,0,23,3,173,13,7,0,3,7,3,4,6,3,51,3,0,0,0,0,0,0,0,0,6,4,0,0,0,0,0,0,0,0,0,161,207,34,143,200,102,9,99,22,980
LGA34770,22,23,470,95,20,391,88,443,23,1570,65,137,1078,106,53,181,296,406,41,2361,430,622,2557,215,132,190,1098,651,104,5999,811,613,2107,151,196,192,1286,517,127,6002,1014,664,1771,176,271,207,1736,630,141,6607,786,516,1076,108,213,181,1299,504,98,4785,274,95,171,23,46,45,203,127,34,1015,81,9,10,0,3,12,15,20,14,156,5,0,3,0,0,0,0,0,3,13,3495,2669,9245,883,927,1401,6015,3294,586,28518,27,41,101,352,151,776,10,188,25,1669,90,358,197,453,399,420,60,147,25,2152,388,1383,315,727,1133,538,180,306,50,5023,473,1203,256,801,1238,565,168,466,69,5233,545,1098,262,829,1465,659,259,592,63,5772,361,663,127,537,898,449,98,458,40,3621,122,107,18,82,123,59,16,97,19,645,30,3,0,6,8,3,3,11,15,81,0,0,0,0,6,0,0,0,6,14,2030,4869,1275,3783,5416,3474,783,2268,309,24213
LGA34800,0,0,3,0,0,0,0,0,0,3,0,0,3,0,0,0,0,10,0,23,13,11,11,4,0,0,6,15,0,61,23,3,10,0,0,3,12,8,0,62,17,0,8,3,4,0,15,8,3,57,21,0,3,3,0,0,14,5,0,51,14,0,0,0,0,4,0,0,0,15,3,0,0,0,0,0,0,0,0,3,0,0,0,0,0,0,0,0,0,0,95,17,36,11,9,10,50,50,5,285,0,0,0,3,3,0,0,3,0,7,0,3,4,3,3,3,0,9,0,24,15,5,3,0,10,0,0,7,0,43,15,3,4,3,8,0,0,8,0,43,11,8,5,3,5,0,0,3,3,38,18,4,0,0,3,0,0,7,3,40,9,0,0,0,0,0,0,4,0,14,0,0,0,0,0,0,0,0,0,0,0,0,0,0,0,0,0,0,0,0,69,25,18,13,29,6,0,37,4,204
LGA34830,0,0,0,0,0,0,0,0,0,0,0,0,0,0,0,0,0,0,0,4,0,3,3,0,0,0,3,0,0,8,0,0,0,0,0,0,0,0,0,8,0,0,3,0,3,0,0,0,0,5,0,3,3,0,0,0,4,0,0,10,0,0,0,0,0,0,0,0,0,0,0,0,0,0,0,0,0,0,0,0,0,0,0,0,0,0,0,0,0,0,3,11,10,0,3,0,4,10,0,45,0,0,0,0,0,0,0,0,0,4,0,0,0,3,0,0,0,0,0,4,0,0,0,0,0,0,0,0,0,7,0,3,0,0,5,0,0,0,0,7,0,0,0,0,0,0,0,0,0,5,3,3,0,0,3,0,0,0,0,11,0,0,0,0,0,0,0,0,0,0,0,0,0,0,0,0,0,0,0,0,0,0,0,0,0,0,0,0,0,0,7,7,0,6,8,4,0,0,0,35
LGA34860,4,0,65,16,3,39,17,65,0,204,14,12,99,9,3,18,32,96,10,289,135,85,231,23,25,35,130,96,6,767,167,51,118,26,16,31,107,91,11,628,217,41,106,28,28,18,141,92,11,677,192,39,82,25,16,14,102,70,18,553,116,9,15,4,4,10,19,21,9,202,50,0,3,0,0,0,3,3,3,66,11,0,0,0,0,0,0,0,0,10,906,242,722,128,92,166,548,536,56,3398,6,3,16,30,24,50,0,20,7,146,13,48,19,56,57,45,0,21,3,263,72,197,27,102,154,60,5,44,4,656,99,123,23,77,173,41,7,61,4,611,154,102,16,89,141,57,11,68,10,641,111,67,13,50,97,25,8,66,4,438,62,9,4,14,27,8,4,18,4,155,32,0,0,0,6,0,0,0,3,40,4,0,0,0,0,0,0,0,0,6,550,553,120,417,665,288,39,292,33,2955
LGA34880,7,0,58,13,0,57,12,75,8,227,32,12,90,22,7,14,20,114,3,310,98,52,185,41,23,24,71,172,16,688,161,88,206,63,25,35,93,120,20,817,219,107,227,78,50,53,162,140,27,1066,200,97,153,62,32,23,138,129,16,857,93,30,31,6,10,16,35,45,9,270,31,3,3,3,0,4,3,7,0,62,4,0,0,0,0,0,0,0,0,4,850,398,956,280,156,227,530,799,92,4296,5,3,9,68,17,103,0,35,3,248,19,26,15,45,36,43,6,49,0,243,61,141,40,121,97,42,11,109,9,621,104,163,32,156,188,70,8,85,14,818,145,183,40,186,249,96,12,115,18,1045,123,157,32,129,159,80,11,92,10,782,49,32,3,22,24,31,5,30,4,202,12,0,0,3,8,0,0,0,0,27,0,0,0,0,0,0,0,0,0,3,523,703,175,729,776,469,47,520,50,3988
LGA35010,82,109,1314,528,175,1368,326,1880,117,5898,395,534,3068,823,456,964,880,1891,209,9206,1879,2280,6250,1416,1218,1167,2417,2807,369,19800,3498,3723,5802,1360,1603,1187,2727,2369,424,22687,3935,3353,5003,1316,1774,1187,3066,2303,398,22337,2267,2211,3121,815,1192,893,2329,1666,205,14714,549,542,526,159,259,310,508,407,95,3350,52,60,37,14,15,30,24,37,27,309,3,4,9,3,3,0,3,0,7,30,12665,12823,25124,6440,6697,7113,12275,13357,1850,98334,106,130,242,1541,545,3175,53,718,111,6639,520,949,560,2240,1644,1841,112,664,107,8630,1723,4212,981,3086,4362,1832,227,1108,254,17782,2172,5415,986,3498,5313,1780,288,1281,304,21042,2105,4546,852,3630,5965,2091,373,1739,262,21562,1004,2637,453,2268,3701,1301,242,1298,139,13044,186,432,70,318,683,267,32,255,57,2293,15,19,3,13,39,13,0,10,36,136,0,3,0,3,9,0,0,0,14,30,7841,18339,4155,16595,22256,12294,1329,7079,1281,91156
LGA35250,0,0,3,0,0,3,0,5,0,7,0,0,4,3,0,0,0,3,0,10,4,5,6,9,0,7,3,5,0,37,5,0,7,3,0,0,3,8,0,32,3,5,3,4,0,0,0,13,0,27,7,4,3,3,0,0,0,0,0,14,0,3,4,0,0,0,0,0,0,11,0,0,0,0,0,0,0,0,0,3,0,0,0,0,0,0,0,0,0,0,16,18,33,19,5,9,8,30,6,155,0,0,0,4,0,0,0,0,0,12,0,3,0,6,3,0,0,0,0,18,0,9,3,20,4,3,0,0,0,42,3,5,0,13,3,0,3,7,0,39,0,4,0,15,8,0,3,0,0,26,0,4,0,10,0,0,0,0,0,17,0,0,0,0,0,0,0,0,0,3,0,0,0,0,0,0,0,0,0,0,0,0,0,0,0,0,0,0,0,0,3,31,8,66,22,8,5,10,0,157
LGA35300,3,0,71,11,9,69,19,86,3,262,7,33,216,31,3,30,90,77,8,498,93,184,547,58,25,32,337,94,31,1400,93,120,400,45,24,18,270,68,28,1058,105,85,337,39,32,13,300,51,24,988,63,61,191,17,18,14,185,59,14,626,21,20,25,11,5,10,41,16,0,151,0,0,0,0,3,0,3,10,0,13,0,0,0,0,0,0,0,0,0,0,387,499,1786,207,119,189,1244,467,114,5005,0,0,24,47,29,103,3,26,4,247,18,130,30,89,85,58,9,30,0,453,76,350,84,178,201,97,73,65,11,1131,82,192,47,139,200,77,48,69,8,862,88,187,29,150,193,70,31,97,20,868,44,70,18,54,105,49,21,68,7,436,7,9,4,13,27,5,11,14,4,95,0,0,0,0,0,0,0,0,0,10,0,0,0,0,0,0,0,0,0,0,326,937,236,677,842,462,197,372,54,4104
LGA35600,0,0,17,0,3,14,0,21,0,58,0,3,22,3,5,10,7,40,0,92,23,24,40,7,10,4,20,61,3,197,54,11,34,14,4,3,20,44,0,192,62,17,34,4,11,3,20,43,3,205,59,14,35,10,13,7,40,34,3,206,20,4,7,4,0,3,11,9,5,61,11,0,0,0,0,0,0,5,0,15,0,0,0,0,0,0,0,0,0,0,241,74,195,46,42,50,117,259,19,1035,0,0,3,17,5,16,0,14,0,57,3,24,4,22,6,8,0,21,0,96,25,61,12,35,34,9,3,22,4,207,33,39,11,26,45,14,0,25,3,198,55,30,10,35,38,18,3,29,3,229,37,38,5,32,23,14,0,31,0,196,8,3,0,3,3,3,0,10,3,37,0,0,0,0,0,0,0,0,0,6,0,0,0,0,0,0,0,0,0,0,165,203,49,170,163,96,10,146,14,1014
LGA35670,0,0,0,0,0,0,0,0,0,0,0,3,6,0,0,0,0,0,0,15,0,3,11,0,0,0,3,3,0,19,0,4,4,3,0,0,10,3,0,29,0,3,6,3,0,0,3,5,0,22,0,0,5,0,0,0,3,3,0,9,0,0,0,0,0,0,0,0,0,3,0,0,0,0,0,0,0,0,0,0,0,0,0,0,0,0,0,0,0,0,4,12,27,4,6,0,24,13,3,98,0,0,0,0,0,0,0,0,0,0,0,0,0,0,0,0,0,0,0,9,0,3,0,3,0,3,8,0,0,17,0,0,0,6,0,0,0,0,0,9,0,3,0,3,3,0,0,0,0,10,0,0,0,0,0,0,0,0,0,6,0,0,0,0,0,0,0,0,0,0,0,0,0,0,0,0,0,0,0,0,0,0,0,0,0,0,0,0,0,0,0,8,3,15,3,3,7,7,0,55
LGA35740,10,8,148,102,9,152,17,214,7,671,22,28,230,76,20,82,39,157,11,666,164,166,527,112,52,100,120,203,22,1452,402,387,646,170,83,161,175,259,46,2335,523,481,705,193,108,194,230,290,56,2777,430,452,482,136,98,175,231,273,36,2322,185,197,77,26,45,74,65,75,12,753,23,20,9,7,8,8,3,4,8,90,0,0,3,0,0,0,0,0,0,3,1761,1741,2823,821,424,961,882,1474,199,11070,8,9,38,208,45,308,4,84,5,710,33,54,45,196,87,129,3,59,12,626,146,323,106,307,247,144,15,88,11,1381,280,626,155,371,426,212,15,151,33,2274,373,776,158,514,617,374,26,283,33,3148,268,506,68,334,521,291,9,229,31,2260,66,99,17,42,133,85,3,32,14,492,4,7,0,0,10,6,0,3,4,33,5,0,0,0,0,0,0,0,0,3,1175,2413,586,1976,2084,1547,78,936,148,10935
LGA35760,8,0,33,4,0,18,5,52,3,121,10,3,34,0,0,4,16,68,5,145,65,25,53,6,3,15,62,147,16,394,106,18,66,5,4,17,75,84,15,387,172,22,61,24,18,10,93,111,13,519,152,18,60,16,19,9,83,106,10,475,133,9,12,3,3,6,21,26,6,225,48,0,0,0,0,0,0,0,4,56,14,0,0,0,0,0,0,0,0,9,704,104,314,65,55,74,348,595,69,2335,0,0,11,24,12,41,0,26,0,118,6,14,9,24,23,22,3,45,0,143,42,54,15,36,50,22,3,84,4,315,67,57,13,64,71,32,8,53,6,377,100,70,22,84,83,36,9,81,5,491,71,56,12,73,63,33,12,56,3,383,67,12,0,13,20,7,4,17,9,146,22,3,0,0,0,0,0,3,3,36,0,0,0,0,0,0,0,0,0,0,376,270,87,323,326,197,32,371,29,1999
LGA35780,3,0,7,0,0,0,3,13,0,26,0,3,14,3,4,0,9,16,3,44,10,7,21,7,7,0,17,19,4,86,5,7,22,11,3,5,11,12,0,78,8,13,10,4,7,3,9,14,3,68,8,14,14,8,4,4,3,5,0,54,0,4,0,0,0,3,0,3,0,12,0,0,0,0,0,0,0,0,0,0,0,0,0,0,0,0,0,0,0,0,38,42,84,37,25,12,54,71,12,371,0,0,0,3,4,13,0,10,0,30,0,3,0,22,12,5,0,3,0,47,11,20,3,39,22,12,0,6,0,115,13,20,3,25,18,10,3,4,0,98,13,23,0,23,15,0,0,7,0,82,6,10,3,13,4,9,0,6,0,52,0,0,0,0,0,0,0,0,0,3,0,0,0,0,0,0,0,0,0,0,0,0,0,0,0,0,0,0,0,0,47,69,8,129,82,45,3,35,5,424
LGA35790,3,0,0,3,0,0,0,0,0,11,3,0,0,6,0,0,0,3,0,19,0,4,10,6,3,0,3,4,0,39,3,0,8,11,6,3,0,12,3,55,10,7,8,15,0,0,11,14,4,67,3,0,7,9,0,0,3,9,0,27,0,0,0,0,0,0,4,0,0,5,0,0,0,0,0,0,0,0,0,0,0,0,0,0,0,0,0,0,0,0,20,21,43,52,13,6,22,49,11,237,0,3,0,3,3,3,0,0,0,11,0,0,0,11,3,0,0,0,0,17,3,15,0,30,6,0,0,0,0,55,0,12,0,19,10,6,0,3,0,47,5,20,3,19,8,0,0,11,0,63,0,13,3,16,5,3,0,5,0,47,0,0,0,0,0,0,0,3,0,3,0,0,0,0,0,0,0,0,0,0,0,0,0,0,0,0,0,0,0,0,11,67,3,94,37,10,0,27,4,252
LGA35800,0,0,7,0,0,0,0,0,0,5,4,0,3,3,0,0,3,7,0,23,19,4,14,3,0,0,5,16,0,67,18,4,8,9,0,0,9,11,0,63,31,8,7,4,5,0,9,10,3,69,53,0,18,3,8,0,11,3,0,96,17,0,9,0,4,0,3,3,0,31,9,0,0,0,0,0,0,0,0,8,0,0,0,0,0,0,0,0,0,0,148,18,62,24,13,6,37,49,7,366,0,0,3,3,0,4,0,0,0,12,0,7,0,5,3,6,0,4,0,28,15,19,0,6,17,3,0,10,0,64,8,9,3,10,8,6,0,3,0,51,31,12,4,11,14,3,0,13,0,86,27,17,0,11,7,6,0,8,3,76,19,3,0,0,0,3,0,3,0,32,3,0,0,0,0,0,0,0,0,3,0,0,0,0,0,0,0,0,0,0,96,63,17,47,58,25,0,44,12,358
LGA36070,0,0,7,0,0,0,0,3,0,11,0,4,0,3,0,0,0,3,0,9,0,5,0,3,0,0,3,3,0,18,4,4,5,3,0,0,5,3,0,28,3,3,3,8,3,0,4,4,3,30,5,0,0,3,0,0,0,0,0,15,0,0,3,0,0,3,0,0,0,9,0,0,0,0,0,0,0,0,0,0,0,0,0,0,0,0,0,0,0,0,16,14,17,14,3,4,13,16,5,115,0,0,0,0,0,0,0,0,0,4,0,3,0,10,0,0,0,0,0,14,0,0,3,8,5,0,0,3,0,20,3,0,0,6,6,3,0,3,0,27,3,7,0,4,0,3,0,4,0,22,3,0,0,0,0,0,0,3,0,12,0,0,0,0,0,0,0,0,0,0,0,0,0,0,0,0,0,0,0,0,0,0,0,0,0,0,0,0,0,0,14,8,5,28,15,6,0,17,0,95
LGA36150,0,0,3,0,0,0,0,12,3,20,0,0,8,0,0,0,3,8,0,21,3,3,11,0,0,3,15,12,0,49,11,0,4,0,3,0,5,4,0,36,19,0,9,3,3,0,11,6,0,60,19,0,0,0,3,0,10,8,0,49,5,0,0,0,0,0,3,0,0,19,3,0,0,0,0,0,0,0,0,3,3,0,0,0,0,0,0,0,0,3,73,9,41,8,8,5,46,56,9,248,0,0,0,0,0,0,0,0,0,3,0,3,0,10,0,0,0,3,0,21,3,8,5,8,11,3,0,10,0,55,12,5,0,7,11,3,0,3,0,35,11,8,8,6,6,0,0,8,0,55,10,9,0,3,4,0,0,3,0,32,0,0,0,0,4,0,0,0,0,14,0,0,0,0,0,0,0,0,0,3,0,0,0,0,0,0,0,0,0,0,42,32,14,35,37,12,0,27,8,204
LGA36250,38,48,497,234,65,534,145,678,30,2277,151,223,1177,258,142,338,302,586,46,3224,687,783,2295,336,344,383,684,865,116,6490,1390,1253,1971,334,472,418,840,736,154,7572,1829,1330,1970,365,608,465,1001,781,118,8458,1236,1051,1410,285,445,394,863,632,94,6406,261,297,248,74,93,112,184,171,38,1481,32,29,19,9,9,14,8,19,11,144,6,3,3,0,0,3,0,0,10,23,5630,5012,9590,1886,2187,2658,4035,4474,614,36082,37,50,109,699,211,1121,23,245,29,2525,136,400,191,800,616,597,32,187,36,2995,577,1518,326,911,1565,552,50,279,84,5866,813,1843,339,1069,1956,598,78,441,104,7239,929,1863,352,1287,2584,796,96,606,72,8589,482,1141,226,871,1746,610,80,514,51,5730,99,187,39,134,323,115,16,121,27,1055,14,11,0,5,14,9,0,7,12,75,3,0,0,0,0,0,0,0,3,9,3092,7022,1586,5772,9019,4392,378,2400,420,34082
LGA36300,0,0,3,0,0,0,0,9,0,19,0,0,10,0,0,0,3,7,3,27,16,8,8,0,0,0,9,16,0,58,9,3,3,0,0,0,8,6,0,33,12,3,0,3,0,0,11,10,0,40,12,3,10,0,0,4,9,9,0,53,3,0,0,0,0,0,0,3,4,12,0,0,0,0,0,0,0,0,0,4,0,0,0,0,0,0,0,0,0,0,64,12,31,5,7,5,39,62,8,232,0,0,0,0,3,0,0,4,0,7,0,4,4,3,0,0,0,7,0,23,10,8,0,8,11,3,0,3,3,57,4,3,3,0,3,6,0,0,0,23,14,4,4,8,5,0,0,4,0,43,13,4,0,4,10,4,0,3,0,32,0,0,0,0,0,0,0,4,0,6,0,0,0,0,0,0,0,0,0,4,0,0,0,0,0,0,0,0,0,0,50,28,11,25,40,13,0,27,4,197
LGA36370,5,22,233,107,22,328,53,337,10,1120,64,113,681,163,47,178,157,375,31,1817,308,498,1427,260,166,202,621,620,63,4173,361,509,965,224,145,135,604,534,48,3528,491,473,898,228,198,161,729,419,63,3652,369,357,639,151,170,115,560,330,46,2743,131,88,92,26,41,37,120,69,8,609,46,9,8,3,0,4,4,10,4,80,5,0,0,0,0,0,0,0,0,11,1777,2067,4953,1163,789,1159,2855,2697,278,17735,12,24,57,309,99,622,7,139,16,1286,77,297,110,418,338,356,24,118,19,1751,262,990,173,653,829,372,49,263,47,3640,311,815,149,544,800,289,51,348,33,3339,342,753,144,646,904,345,64,391,45,3641,236,492,64,439,633,207,34,311,14,2428,62,82,17,54,95,45,7,63,10,431,19,6,0,6,7,4,0,3,6,54,3,0,0,0,0,0,0,0,0,3,1318,3457,709,3085,3717,2241,234,1637,189,16582
LGA36510,7,3,129,38,12,97,22,186,10,505,39,25,209,57,14,36,63,157,9,614,135,103,417,61,30,39,176,240,18,1211,331,190,499,99,77,77,246,238,31,1793,436,273,518,126,98,84,349,284,23,2196,375,219,368,74,86,101,259,259,23,1768,196,98,83,24,28,43,73,74,16,630,63,14,5,0,5,3,7,9,6,112,10,0,0,0,0,0,0,0,0,10,1588,927,2231,473,355,488,1192,1445,140,8838,4,7,38,175,39,196,4,96,8,559,27,53,60,137,88,87,6,79,3,545,109,246,88,173,239,111,18,117,22,1117,207,385,112,283,417,134,26,167,24,1745,256,411,125,357,486,185,38,240,21,2116,212,298,62,239,360,130,14,192,12,1523,113,84,12,40,72,28,3,35,4,409,30,6,3,0,4,3,0,11,9,64,0,0,0,0,0,0,0,0,0,3,973,1501,497,1405,1702,873,104,936,103,8090
LGA36580,9,3,78,14,0,50,7,94,6,267,13,10,110,17,4,24,43,115,6,352,82,45,265,42,18,33,130,239,13,876,155,73,251,63,38,41,171,183,20,990,187,98,219,74,56,35,261,189,25,1138,211,78,177,55,43,49,208,142,19,990,105,27,37,8,15,10,55,38,11,315,32,7,3,0,0,3,3,3,3,56,3,0,0,0,0,0,0,0,0,12,809,336,1137,277,175,253,879,1005,104,4987,0,0,15,65,23,94,7,63,4,277,17,31,36,71,38,74,3,52,0,325,52,151,45,127,140,56,14,128,9,714,92,170,50,156,209,82,18,121,6,906,142,171,61,187,233,92,18,132,21,1056,117,139,28,138,169,69,15,115,5,803,46,20,7,17,40,19,0,27,7,186,3,3,0,4,0,0,0,0,4,17,0,0,0,0,0,0,0,0,0,8,472,682,245,758,853,492,81,641,58,4282
LGA36630,7,0,86,9,3,97,15,147,13,383,27,22,157,21,9,40,46,179,10,506,117,85,266,62,20,46,153,257,20,1025,181,84,244,79,33,42,215,208,19,1109,273,111,289,64,61,53,274,243,22,1388,284,116,225,47,40,58,209,173,19,1175,175,46,45,8,16,15,58,35,26,426,62,4,7,3,5,0,5,6,9,101,11,0,0,0,0,0,0,0,0,15,1136,468,1316,301,184,357,986,1247,124,6123,5,9,34,72,28,172,0,69,3,395,21,68,29,92,59,93,3,59,8,424,64,250,55,150,157,80,12,80,7,863,122,245,57,238,213,89,21,119,25,1130,198,229,57,288,244,141,14,169,16,1352,145,206,38,214,217,79,12,114,6,1032,87,35,14,15,46,21,3,37,11,278,24,3,0,0,4,0,3,9,6,53,0,0,0,0,0,0,0,0,0,0,670,1046,288,1071,974,675,66,660,86,5535
LGA36660,14,3,139,20,8,91,20,203,16,514,44,20,186,27,14,68,68,195,9,634,158,81,294,49,24,65,162,306,20,1164,265,123,290,41,60,60,187,256,29,1311,352,156,302,76,71,72,291,278,20,1616,336,174,239,65,55,73,276,247,28,1486,214,55,60,12,27,33,75,66,10,551,66,3,5,0,0,4,3,7,6,109,17,3,0,0,0,0,0,0,3,24,1466,609,1515,300,267,463,1071,1564,147,7409,16,10,26,130,35,212,3,73,10,507,30,59,37,110,58,96,3,68,4,479,82,198,66,167,182,114,13,143,13,978,140,251,74,209,287,130,23,190,11,1318,192,319,73,307,340,143,34,236,10,1657,189,225,62,232,290,111,22,192,26,1354,100,46,13,42,49,30,7,36,5,317,32,0,0,0,9,6,0,10,3,54,0,0,0,0,0,0,0,0,3,7,777,1120,349,1199,1244,850,103,951,95,6684
LGA36720,52,78,836,436,99,927,166,1263,69,3925,255,369,1889,507,207,639,358,1061,97,5372,1220,1756,4245,750,466,821,1012,1564,183,12014,2375,2605,4134,803,630,869,1246,1506,292,14456,2688,2781,3738,932,799,985,1555,1572,240,15290,1952,1975,2450,563,618,851,1280,1321,189,11202,641,615,415,112,175,305,333,317,81,2999,82,75,31,6,12,27,25,36,28,324,11,9,6,0,0,0,0,6,14,42,9277,10271,17738,4115,3005,5429,5971,8647,1183,65631,63,88,193,1208,318,2103,37,539,54,4592,301,625,341,1493,871,1217,56,355,56,5309,981,3057,723,2154,2134,1202,96,641,130,11113,1473,3969,751,2238,3153,1266,112,806,171,13938,1690,3941,762,2504,3987,1685,157,1178,176,16086,1020,2402,399,1719,2706,1212,100,1004,101,10666,268,437,61,249,530,290,21,202,35,2091,41,26,3,12,31,19,3,19,26,182,3,4,0,0,3,0,0,0,12,26,5830,14547,3236,11566,13738,8998,581,4758,762,64007
LGA36820,5,5,88,16,3,70,7,119,3,324,20,10,117,14,3,30,29,105,4,333,107,66,205,47,19,23,95,119,16,701,161,116,207,67,23,36,130,131,11,876,245,132,207,94,37,49,184,161,14,1123,229,148,217,63,37,51,169,149,13,1074,131,48,48,15,17,30,55,36,15,402,40,13,0,0,4,0,5,5,6,77,4,0,0,0,0,0,0,0,0,7,942,536,1090,327,144,294,672,818,93,4913,5,7,18,69,24,154,0,48,0,324,20,32,18,66,45,46,0,43,0,279,53,172,45,104,135,72,3,65,6,658,104,208,47,170,186,84,11,70,4,891,171,259,70,201,276,107,14,117,16,1222,143,224,34,179,211,118,11,136,10,1056,62,46,14,31,59,21,3,28,9,264,7,3,0,3,6,4,0,8,6,36,0,0,0,0,0,0,0,0,0,3,571,948,239,819,939,602,48,512,61,4738
LGA36910,50,29,625,225,70,486,75,781,35,2379,173,231,1277,277,162,343,292,807,37,3602,829,1121,2391,450,354,436,868,1191,117,7763,1155,1248,1823,417,375,378,912,895,94,7292,1485,1277,1590,400,447,366,1141,909,122,7725,1201,1037,1159,259,373,336,996,682,107,6147,584,312,246,75,71,110,248,199,48,1891,148,28,17,8,3,12,15,31,12,279,20,0,7,0,0,0,5,3,3,40,5649,5285,9136,2109,1855,2465,4549,5491,572,37117,23,56,141,630,236,1040,11,295,20,2452,174,501,226,805,675,584,21,284,27,3295,552,1958,380,1122,1515,584,64,423,40,6639,678,1918,319,1037,1652,559,67,565,71,6870,800,1945,315,1211,1912,619,90,794,68,7748,622,1366,196,851,1362,471,65,629,54,5621,273,227,43,153,278,100,18,157,27,1279,66,10,3,7,14,3,0,11,32,154,6,0,0,3,4,0,0,0,3,22,3209,7984,1621,5805,7643,3965,338,3171,336,34072
LGA36950,0,0,3,3,0,4,0,6,3,25,3,3,20,10,3,3,3,14,3,59,17,34,38,26,7,6,6,22,6,172,18,21,32,20,18,0,3,19,6,135,24,23,26,21,14,0,6,16,3,137,18,24,28,10,9,0,10,16,4,113,3,8,3,0,0,0,3,0,0,24,0,0,0,0,0,0,0,0,0,3,0,0,0,0,0,0,0,0,0,0,92,108,151,82,61,17,32,99,28,671,0,0,3,11,0,12,0,0,0,27,0,7,0,20,13,8,0,6,4,61,12,55,3,34,51,16,4,11,0,183,24,54,4,32,44,9,0,14,10,186,12,30,6,21,31,7,0,8,0,122,8,38,3,25,12,4,0,9,0,103,4,7,0,0,4,0,0,4,3,23,0,0,0,0,0,0,0,0,0,4,0,0,0,0,0,0,0,0,0,0,64,189,20,152,157,46,8,57,18,713
LGA36960,0,0,3,3,0,6,0,3,0,15,0,10,11,7,4,3,0,12,8,53,10,24,27,15,7,3,8,28,7,134,14,25,23,8,13,5,4,27,7,133,10,26,22,14,11,3,6,25,0,119,4,9,20,12,11,0,0,10,3,71,0,3,3,0,0,0,0,3,0,10,0,0,0,0,0,0,0,0,0,0,0,0,0,0,0,0,0,0,0,0,49,99,115,54,48,21,14,102,27,528,0,0,0,0,3,0,0,3,3,14,0,14,0,15,10,6,0,3,0,46,0,23,0,32,19,15,0,11,0,112,13,23,0,23,22,10,0,12,3,103,10,20,0,29,23,0,0,17,0,91,4,26,0,9,6,4,0,12,4,70,0,4,0,0,0,0,0,3,0,7,0,0,0,0,0,0,0,0,0,0,0,0,0,0,0,0,0,0,0,0,25,100,3,117,85,43,0,53,14,438
LGA37010,34,40,487,488,64,711,140,751,34,2741,207,332,1534,1347,219,490,467,737,103,5433,903,1542,3200,1405,432,486,1241,998,182,10397,1326,1479,2419,766,482,401,1306,888,184,9249,1457,1439,1987,675,571,403,1368,855,141,8894,923,973,1323,367,387,298,1090,682,101,6142,205,237,237,78,97,83,225,157,25,1351,29,16,23,6,11,10,19,16,9,136,3,0,0,0,0,0,0,3,3,16,5090,6054,11215,5136,2257,2885,5866,5075,794,44362,31,55,126,713,229,1399,32,336,32,2948,216,781,285,1314,792,992,96,280,38,4794,717,3035,536,1619,1953,877,127,437,94,9384,880,2631,395,1380,2213,746,120,547,108,9033,871,2128,328,1523,2376,792,139,756,97,9010,484,1349,173,892,1560,543,99,659,60,5809,75,224,33,134,264,107,18,153,11,1011,3,16,6,9,14,10,7,17,6,85,0,3,0,0,5,0,0,0,3,13,3275,10213,1878,7586,9404,5464,639,3183,450,42090
LGA37300,0,0,27,0,0,10,0,15,3,55,0,5,58,3,0,3,16,13,3,97,6,31,144,14,4,4,92,14,0,310,30,27,123,7,12,0,105,8,6,324,24,22,89,19,11,0,105,16,0,279,18,10,45,6,9,0,67,11,0,158,3,3,3,3,0,0,5,3,0,16,0,0,0,0,0,0,0,0,0,3,0,0,0,0,0,0,0,0,0,0,83,101,488,43,27,19,394,78,11,1248,0,0,0,7,0,22,0,6,0,47,3,12,9,15,14,4,11,5,0,62,15,71,19,43,44,12,47,15,3,265,15,59,13,28,43,13,35,18,3,222,23,43,12,32,47,13,23,19,7,221,5,11,0,3,19,8,11,15,0,76,0,0,0,0,0,0,0,3,0,9,0,0,0,0,0,0,0,0,0,0,0,0,0,0,0,0,0,0,0,0,67,203,53,131,165,75,127,84,7,901
LGA37310,19,4,146,24,8,107,17,145,8,469,55,39,275,19,13,51,99,142,11,699,246,135,530,65,34,69,250,257,24,1610,364,146,437,49,37,58,295,200,28,1605,444,123,341,44,52,66,332,228,23,1655,424,81,215,24,34,55,266,156,31,1284,255,25,51,9,24,20,73,68,23,545,83,3,11,7,4,5,6,8,6,127,14,0,0,0,0,0,0,3,3,22,1901,546,2005,230,209,423,1340,1211,160,8027,9,13,26,98,46,197,3,61,0,467,15,103,54,103,107,94,8,63,5,551,104,330,70,152,294,98,21,117,17,1200,175,269,67,209,340,129,34,145,13,1388,218,223,47,213,361,126,32,176,11,1419,218,137,38,137,201,92,15,150,5,1002,128,21,3,30,50,14,3,35,11,303,35,0,0,4,6,0,0,8,3,60,0,0,0,0,0,0,0,0,0,3,913,1107,314,950,1410,754,122,757,69,6400
LGA37340,7,3,117,20,4,107,25,115,9,412,41,29,245,79,16,43,53,211,14,729,183,180,641,166,34,64,275,359,28,1923,272,175,493,78,34,54,393,201,21,1730,323,163,398,77,52,60,414,229,40,1746,285,135,293,36,50,45,331,214,33,1426,111,52,45,7,15,29,81,48,12,399,24,0,9,5,3,3,4,3,3,55,3,0,0,0,0,0,0,0,0,11,1251,728,2247,471,199,410,1578,1382,150,8425,3,5,13,77,16,195,3,61,9,387,49,71,49,207,70,116,15,137,8,713,188,284,109,301,297,167,40,259,15,1650,198,272,105,241,353,157,34,175,16,1557,199,213,79,238,311,203,50,234,19,1540,161,158,33,164,238,151,26,180,22,1129,65,28,15,26,50,28,3,23,4,240,10,0,0,0,13,0,0,6,3,34,3,0,0,0,0,0,0,0,0,4,874,1032,405,1245,1348,1019,168,1080,88,7258
LGA37400,0,0,4,0,0,4,0,4,0,14,0,0,3,0,0,0,0,5,0,14,12,0,17,3,0,3,3,15,3,56,17,0,5,0,0,0,14,8,0,50,21,0,9,0,3,0,13,8,3,62,33,3,7,3,7,0,10,10,0,74,10,0,5,0,0,0,0,4,0,23,5,0,0,0,0,0,0,0,0,3,0,0,0,0,0,0,0,0,0,0,103,11,59,12,11,9,50,50,6,299,0,0,0,3,0,0,0,3,0,14,4,6,3,4,7,4,0,5,0,32,8,9,3,5,7,10,0,5,0,51,9,11,3,10,3,0,0,3,0,43,22,4,4,13,11,4,0,9,0,70,23,8,3,3,4,3,0,5,0,51,7,3,0,0,0,0,0,4,0,11,0,0,0,0,0,0,0,0,0,0,0,0,0,0,0,0,0,0,0,0,73,34,18,39,39,21,0,39,6,271
LGA37550,0,0,0,3,0,0,0,0,0,6,0,0,0,3,0,0,0,3,3,8,3,3,0,8,0,0,0,6,0,23,6,0,3,3,4,0,0,3,0,18,0,0,0,3,0,3,4,6,0,19,5,0,0,5,0,0,3,3,0,19,0,0,0,0,0,0,0,0,0,0,0,0,0,0,0,0,0,0,0,0,0,0,0,0,0,0,0,0,0,0,8,6,9,29,7,3,8,23,4,100,0,0,0,3,4,0,0,0,0,5,0,0,0,6,0,0,0,0,0,9,3,3,0,5,0,0,0,0,3,15,0,0,0,9,6,3,0,3,0,17,3,3,0,3,3,3,0,7,3,25,3,3,0,3,0,0,0,0,0,8,0,0,0,0,0,0,0,0,0,6,0,0,0,0,0,0,0,0,0,0,0,0,0,0,0,0,0,0,0,0,5,13,3,27,11,9,0,13,5,95
LGA37570,0,0,0,0,0,0,0,0,0,0,0,0,0,0,0,0,0,0,0,3,0,3,0,0,0,0,0,0,0,3,3,0,0,3,0,0,0,0,0,6,0,0,0,0,0,0,3,4,0,10,0,0,0,0,0,0,0,0,0,6,0,0,0,0,0,0,0,0,0,0,0,0,0,0,0,0,0,0,0,0,0,0,0,0,0,0,0,0,0,0,3,8,7,3,3,0,7,5,0,35,0,0,0,0,0,0,0,0,0,0,0,0,0,0,0,0,0,0,0,4,0,0,0,5,0,0,0,0,0,5,3,0,0,3,4,0,0,0,0,6,0,3,0,3,0,0,0,0,0,5,0,0,0,3,0,0,0,0,0,0,0,0,0,0,0,0,0,0,0,0,0,0,0,0,0,0,0,0,0,0,0,0,0,0,0,0,0,0,0,0,3,4,0,17,6,0,0,3,0,28
LGA37600,0,0,0,0,0,0,0,0,3,3,0,0,6,4,3,0,0,0,4,24,4,3,6,11,0,0,5,13,4,51,3,4,14,7,0,0,0,6,3,30,7,5,4,9,0,0,0,5,0,30,3,0,0,7,0,0,4,4,3,22,0,0,0,0,0,0,0,0,0,0,0,0,0,0,0,0,0,0,0,0,0,0,0,0,0,0,0,0,0,0,10,23,31,32,9,0,6,28,14,161,0,0,0,0,3,0,0,0,0,4,0,3,0,11,3,0,0,0,0,26,0,5,0,12,9,3,0,3,4,36,3,9,0,16,8,0,0,13,0,48,5,11,0,16,8,0,0,11,4,55,0,5,0,6,0,0,0,0,0,17,0,0,0,0,0,0,0,0,0,0,0,0,0,0,0,0,0,0,0,0,0,0,0,0,0,0,0,0,0,0,11,36,5,60,29,6,0,22,9,184
LGA39499,7,0,8,9,3,8,3,17,0,52,10,13,34,25,3,13,20,100,7,223,34,75,117,42,19,19,68,172,22,564,21,42,73,18,8,10,60,64,23,324,29,41,66,10,11,12,60,71,7,310,33,31,42,7,12,3,44,36,4,212,12,4,0,0,0,6,19,3,9,59,0,0,0,0,0,0,0,0,0,3,0,0,0,0,0,0,0,0,0,0,144,207,339,121,56,74,271,459,66,1743,3,0,4,9,6,17,0,7,0,50,16,13,8,66,22,19,0,106,0,252,30,92,15,89,39,26,6,142,8,444,12,48,7,16,22,8,7,22,3,147,18,43,5,33,32,12,8,35,6,202,32,39,16,23,47,20,6,36,6,217,3,10,0,3,0,0,0,3,0,24,0,0,0,0,0,0,0,0,0,0,0,0,0,0,0,0,0,0,0,0,117,237,54,230,170,114,29,361,24,1336
LGA39799,0,0,0,0,0,0,0,0,0,3,0,0,0,0,0,0,0,0,0,3,0,0,0,0,0,0,0,3,0,3,3,0,0,0,0,0,0,0,0,9,0,0,3,0,0,0,0,0,0,8,5,0,3,0,0,0,0,0,0,5,0,0,0,0,0,0,0,0,0,0,0,0,0,0,0,0,0,0,0,0,0,0,0,0,0,0,0,0,0,0,7,0,6,0,4,5,0,4,0,31,0,0,0,0,0,0,0,0,0,4,0,0,0,0,0,0,0,0,0,0,0,3,0,0,3,0,0,0,0,6,0,0,0,0,0,0,0,0,0,4,0,0,0,0,0,0,0,0,0,4,0,4,4,0,0,0,0,3,0,6,0,0,0,0,0,0,0,0,0,0,0,0,0,0,0,0,0,0,0,0,0,0,0,0,0,0,0,0,0,0,0,10,4,0,7,5,0,7,4,33
