LGA_CODE_2016,M_NatPhySci_Occ_Mng,M_NatPhySci_Occ_Pro,M_NatPhySci_Occ_TTW,M_NatPhySci_Occ_CPS,M_NatPhySci_Occ_CA,M_NatPhySci_Occ_Sal,M_NatPhySci_Occ_MOD,M_NatPhySci_Occ_Lab,M_NatPhySci_Occ_IDNS,M_NatPhySci_Total,M_InfoTechn_Occ_Mng,M_InfoTechn_Occ_Pro,M_InfoTechn_Occ_TTW,M_InfoTechn_Occ_CPS,M_InfoTechn_Occ_CA,M_InfoTechn_Occ_Sal,M_InfoTechn_Occ_MOD,M_InfoTechn_Occ_Lab,M_InfoTechn_Occ_IDNS,M_InfoTechn_Total,M_EngRelTech_Occ_Mng,M_EngRelTech_Occ_Pro,M_EngRelTech_Occ_TTW,M_EngRelTech_Occ_CPS,M_EngRelTech_Occ_CA,M_EngRelTech_Occ_Sal,M_EngRelTech_Occ_MOD,M_EngRelTech_Occ_Lab,M_EngRelTech_Occ_IDNS,M_EngRelTech_Total,M_ArchitBuild_Occ_Mng,M_ArchitBuild_Occ_Pro,M_ArchitBuild_Occ_TTW,M_ArchitBuild_Occ_CPS,M_ArchitBuild_Occ_CA,M_ArchitBuild_Occ_Sal,M_ArchitBuild_Occ_MOD,M_ArchitBuild_Occ_Lab,M_ArchitBuild_Occ_IDNS,M_ArchitBuild_Total,M_AgriEnviRelStu_Occ_Mng,M_AgriEnviRelStu_Occ_Pro,M_AgriEnviRelStu_Occ_TTW,M_AgriEnviRelStu_Occ_CPS,M_AgriEnviRelStu_Occ_CA,M_AgriEnviRelStu_Occ_Sal,M_AgriEnviRelStu_Occ_MOD,M_AgriEnviRelStu_Occ_Lab,M_AgriEnviRelStu_Occ_IDNS,M_AgriEnviRelStu_Total,M_Health_Occ_Mng,M_Health_Occ_Pro,M_Health_Occ_TTW,M_Health_Occ_CPS,M_Health_Occ_CA,M_Health_Occ_Sal,M_Health_Occ_MOD,M_Health_Occ_Lab,M_Health_Occ_IDNS,M_Health_Total,M_Educat_Occ_Mng,M_Educat_Occ_Pro,M_Educat_Occ_TTW,M_Educat_Occ_CPS,M_Educat_Occ_CA,M_Educat_Occ_Sal,M_Educat_Occ_MOD,M_Educat_Occ_Lab,M_Educat_Occ_IDNS,M_Educat_Total,M_ManagCom_Occ_Mng,M_ManagCom_Occ_Pro,M_ManagCom_Occ_TTW,M_ManagCom_Occ_CPS,M_ManagCom_Occ_CA,M_ManagCom_Occ_Sal,M_ManagCom_Occ_MOD,M_ManagCom_Occ_Lab,M_ManagCom_Occ_IDNS,M_ManagCom_Total,M_SocietCultu_Occ_Mng,M_SocietCultu_Occ_Pro,M_SocietCultu_Occ_TTW,M_SocietCultu_Occ_CPS,M_SocietCultu_Occ_CA,M_SocietCultu_Occ_Sal,M_SocietCultu_Occ_MOD,M_SocietCultu_Occ_Lab,M_SocietCultu_Occ_IDNS,M_SocietCultu_Total,M_CreatArt_Occ_Mng,M_CreatArt_Occ_Pro,M_CreatArt_Occ_TTW,M_CreatArt_Occ_CPS,M_CreatArt_Occ_CA,M_CreatArt_Occ_Sal,M_CreatArt_Occ_MOD,M_CreatArt_Occ_Lab,M_CreatArt_Occ_IDNS,M_CreatArt_Total,M_FoodHospPersServ_Occ_Mng,M_FoodHospPersServ_Occ_Pro,M_FoodHospPersServ_Occ_TTW,M_FoodHospPersServ_Occ_CPS,M_FoodHospPersServ_Occ_CA,M_FoodHospPersServ_Occ_Sal,M_FoodHospPersServ_Occ_MOD,M_FoodHospPersServ_Occ_Lab,M_FoodHospPersServ_Occ_IDNS,M_FoodHospPersServ_Total,M_MixFieldProg_Occ_Mng,M_MixFieldProg_Occ_Pro,M_MixFieldProg_Occ_TTW,M_MixFieldProg_Occ_CPS,M_MixFieldProg_Occ_CA,M_MixFieldProg_Occ_Sal,M_MixFieldProg_Occ_MOD,M_MixFieldProg_Occ_Lab,M_MixFieldProg_Occ_IDNS,M_MixFieldProg_Total,M_FS_ID_Occ_Mng,M_FS_ID_Occ_Pro,M_FS_ID_Occ_TTW,M_FS_ID_Occ_CPS,M_FS_ID_Occ_CA,M_FS_ID_Occ_Sal,M_FS_ID_Occ_MOD,M_FS_ID_Occ_Lab,M_FS_ID_Occ_IDNS,M_FS_ID_Total,M_FS_NS_Occ_Mng,M_FS_NS_Occ_Pro,M_FS_NS_Occ_TTW,M_FS_NS_Occ_CPS,M_FS_NS_Occ_CA,M_FS_NS_Occ_Sal,M_FS_NS_Occ_MOD,M_FS_NS_Occ_Lab,M_FS_NS_Occ_IDNS,M_FS_NS_Total,M_Tot_Occ_Mng,M_Tot_Occ_Pro,M_Tot_Occ_TTW,M_Tot_Occ_CPS,M_Tot_Occ_CA,M_Tot_Occ_Sal,M_Tot_Occ_MOD,M_Tot_Occ_Lab,M_Tot_Occ_IDNS,M_Total_Total,F_NatPhySci_Occ_Mng,F_NatPhySci_Occ_Pro,F_NatPhySci_Occ_TTW,F_NatPhySci_Occ_CPS,F_NatPhySci_Occ_CA,F_NatPhySci_Occ_Sal,F_NatPhySci_Occ_MOD,F_NatPhySci_Occ_Lab,F_NatPhySci_Occ_IDNS,F_NatPhySci_Total,F_InfoTechn_Occ_Mng,F_InfoTechn_Occ_Pro,F_InfoTechn_Occ_TTW,F_InfoTechn_Occ_CPS,F_InfoTechn_Occ_CA,F_InfoTechn_Occ_Sal,F_InfoTechn_Occ_MOD,F_InfoTechn_Occ_Lab,F_InfoTechn_Occ_IDNS,F_InfoTechn_Total,F_EngRelTech_Occ_Mng,F_EngRelTech_Occ_Pro,F_EngRelTech_Occ_TTW,F_EngRelTech_Occ_CPS,F_EngRelTech_Occ_CA,F_EngRelTech_Occ_Sal,F_EngRelTech_Occ_MOD,F_EngRelTech_Occ_Lab,F_EngRelTech_Occ_IDNS,F_EngRelTech_Total,F_ArchitBuild_Occ_Mng,F_ArchitBuild_Occ_Pro,F_ArchitBuild_Occ_TTW,F_ArchitBuild_Occ_CPS,F_ArchitBuild_Occ_CA,F_ArchitBuild_Occ_Sal,F_ArchitBuild_Occ_MOD,F_ArchitBuild_Occ_Lab,F_ArchitBuild_Occ_IDNS,F_ArchitBuild_Total,F_AgriEnviRelStu_Occ_Mng,F_AgriEnviRelStu_Occ_Pro,F_AgriEnviRelStu_Occ_TTW,F_AgriEnviRelStu_Occ_CPS,F_AgriEnviRelStu_Occ_CA,F_AgriEnviRelStu_Occ_Sal,F_AgriEnviRelStu_Occ_MOD,F_AgriEnviRelStu_Occ_Lab,F_AgriEnviRelStu_Occ_IDNS,F_AgriEnviRelStu_Total
LGA30250,0,0,0,0,0,0,0,0,0,0,0,0,0,0,0,0,0,0,0,0,0,0,6,0,0,0,0,0,0,17,4,0,8,0,0,0,0,0,0,21,0,0,3,0,0,0,0,0,0,8,0,0,0,0,0,0,0,0,0,3,0,3,0,0,0,0,0,0,0,3,3,0,0,0,0,0,0,0,0,3,0,0,0,8,3,0,0,0,0,18,0,0,0,0,0,0,0,0,0,0,0,0,0,0,0,0,0,0,0,0,0,0,0,0,0,0,0,0,0,0,0,0,0,0,0,0,0,0,0,0,4,0,0,0,0,0,4,3,0,11,15,12,21,15,5,3,7,9,0,87,0,0,0,0,0,0,0,0,0,0,0,0,0,0,0,0,0,0,0,0,0,0,0,0,0,0,0,0,0,0,0,0,0,0,0,0,0,0,0,0,0,0,0,0,0,0,0,0,0,0
LGA30300,0,0,0,0,0,0,0,0,0,8,0,0,0,0,0,0,0,0,0,4,34,11,94,0,3,7,21,24,0,202,14,0,16,0,0,0,3,13,0,45,71,14,12,0,0,7,5,19,0,127,3,15,0,11,0,0,0,4,0,26,3,9,0,0,0,0,0,3,0,9,31,0,3,3,5,3,0,3,0,57,4,9,0,12,0,0,3,3,0,35,0,0,0,0,0,0,0,0,0,0,3,0,6,7,0,0,4,9,0,31,0,0,0,0,0,0,0,0,0,0,4,0,0,0,0,0,0,0,0,8,0,0,9,0,0,0,5,6,11,29,174,60,138,37,12,22,47,80,8,581,3,3,0,0,3,0,0,0,0,11,0,0,0,0,0,0,0,0,0,0,0,0,0,0,0,0,0,0,0,5,0,0,0,0,0,0,0,0,0,3,17,3,0,0,6,3,3,5,0,47
LGA30370,3,6,6,3,0,0,0,0,0,18,0,4,3,0,0,0,0,3,0,17,137,73,657,3,22,11,161,64,12,1132,22,0,65,3,6,0,40,38,0,173,99,16,10,3,5,11,24,31,0,200,13,23,5,12,0,0,8,0,0,63,13,26,0,0,0,0,10,0,0,53,47,21,19,12,4,6,19,10,0,143,5,12,11,12,3,0,7,9,0,60,4,0,3,0,0,0,3,3,0,14,9,0,32,4,4,3,24,24,0,105,0,0,0,0,0,0,0,3,0,8,0,0,4,0,0,0,10,3,3,20,18,0,16,3,0,3,25,27,14,106,379,194,828,55,46,42,327,221,32,2118,7,13,3,0,4,0,0,0,0,28,0,0,4,0,3,0,0,0,0,8,4,7,5,0,4,3,3,13,0,47,3,0,3,0,0,0,0,0,0,12,23,12,6,0,8,3,3,16,0,74
LGA30410,0,0,0,0,0,0,0,0,0,0,0,0,0,0,0,0,0,0,0,3,27,24,43,0,0,0,15,20,3,148,7,3,31,0,0,0,6,7,0,57,22,0,5,0,0,0,6,14,0,53,6,6,0,9,0,0,0,0,0,21,3,9,0,0,3,0,0,0,0,18,11,3,0,3,5,0,0,0,0,30,3,7,0,6,0,0,0,0,0,12,0,0,0,0,0,0,0,0,0,0,0,0,0,0,0,0,6,0,0,7,0,0,0,0,0,0,0,0,0,0,0,0,0,0,0,0,0,0,0,0,9,0,7,0,0,0,0,3,3,20,86,57,86,18,19,4,27,49,6,362,0,0,0,0,0,0,0,3,0,3,0,0,0,0,0,0,0,0,0,0,3,0,0,0,0,0,0,0,0,15,0,0,0,0,0,0,3,3,0,4,12,0,0,0,3,0,3,4,0,24
LGA30450,0,0,0,0,0,0,0,0,0,0,0,0,0,0,0,0,0,0,0,0,0,4,3,0,0,0,0,0,0,11,0,0,3,0,0,0,3,0,0,8,3,0,0,0,0,0,0,3,0,11,0,0,0,0,0,0,0,0,0,0,0,0,0,0,0,0,0,0,0,0,0,0,0,0,0,0,0,0,0,0,0,0,0,0,0,0,0,0,0,0,0,0,0,0,0,0,0,0,0,0,0,0,0,0,0,0,3,0,0,3,0,0,0,0,0,0,0,0,0,0,0,0,0,0,0,0,0,0,0,0,0,0,0,0,0,0,0,0,0,0,10,4,12,0,0,0,6,3,0,32,0,0,0,0,0,0,0,0,0,0,0,0,0,0,0,0,0,0,0,0,0,0,0,0,0,0,0,0,0,0,0,0,0,0,0,0,0,0,0,0,0,0,0,0,0,0,0,3,0,7
LGA30760,0,0,0,0,0,0,0,0,0,0,0,0,0,0,0,0,0,0,0,0,14,4,24,0,0,6,3,8,4,70,3,0,10,0,0,0,3,4,0,23,29,3,7,0,0,7,8,6,0,50,0,3,0,4,0,0,0,0,0,8,0,3,0,0,0,0,0,0,0,8,13,0,0,0,0,4,0,0,0,17,0,3,0,3,0,0,0,3,0,11,0,0,0,0,0,0,0,0,0,0,0,0,3,0,0,0,0,0,0,4,0,0,0,0,0,0,0,0,0,0,0,0,0,0,0,0,0,0,0,4,3,0,4,0,0,0,3,4,0,26,60,17,52,12,11,12,18,31,7,222,0,0,0,0,0,0,0,0,0,3,0,0,0,0,0,0,0,0,0,3,0,0,3,0,0,0,0,0,0,7,0,0,0,0,0,0,0,0,0,0,6,0,0,0,0,0,0,3,0,16
LGA30900,0,0,0,0,0,0,0,0,0,0,0,0,0,0,0,0,0,0,0,0,3,0,3,0,0,0,3,4,0,17,0,0,0,0,0,0,3,0,0,4,3,0,0,0,0,0,0,11,0,15,0,0,0,0,0,0,0,0,0,0,0,0,0,0,0,0,0,0,0,3,0,0,0,3,0,0,0,0,0,4,0,0,0,0,0,0,0,0,0,0,0,0,0,0,0,0,0,0,0,0,0,0,0,0,0,0,0,0,0,0,0,0,0,0,0,0,0,0,0,0,0,0,0,0,0,0,0,0,0,0,4,0,0,0,0,0,0,3,0,5,16,0,4,4,0,0,6,20,0,47,0,0,0,0,0,0,0,0,0,0,0,0,0,0,0,0,0,0,0,0,0,0,0,0,0,0,0,0,0,0,0,0,0,0,0,0,0,0,0,0,0,0,0,0,0,0,0,6,0,9
LGA31000,1411,4701,707,386,450,318,216,329,101,8613,2430,7973,1708,358,790,545,436,637,234,15111,7565,14101,17659,1227,2336,1727,3110,3329,617,51672,3526,2791,9022,414,833,499,730,1628,231,19671,583,823,921,142,268,161,235,534,49,3720,998,10500,413,1575,339,261,202,334,131,14751,1021,4633,259,448,310,175,192,210,74,7314,13124,14257,2078,2033,6146,4265,2226,2389,628,47150,2858,8526,816,3637,2025,1015,692,986,280,20840,1044,3619,1129,656,689,779,339,585,90,8923,1011,219,3397,631,346,485,647,760,68,7563,30,25,48,38,25,45,42,81,12,350,490,620,378,277,235,153,307,269,126,2862,445,463,732,236,276,245,438,533,729,4094,36530,73238,39272,12057,15072,10676,9815,12607,3363,212639,810,4070,686,552,943,369,25,206,80,7733,490,1733,197,260,615,210,30,170,63,3764,518,2018,525,325,515,261,153,471,39,4819,301,1681,298,141,383,254,12,60,21,3151,243,638,157,155,317,133,21,122,24,1813
LGA31750,0,0,0,0,0,0,0,0,0,0,0,0,0,0,0,0,0,0,0,0,3,0,16,0,3,0,3,3,0,31,3,0,0,0,0,0,0,3,0,10,7,0,0,0,0,0,3,3,0,8,0,0,0,0,0,0,0,0,0,0,0,0,0,0,0,0,0,0,0,0,0,0,0,0,0,0,0,0,0,4,0,0,0,0,0,0,0,0,0,4,0,0,0,0,0,0,0,0,0,0,0,0,0,0,0,0,0,0,0,0,0,0,0,0,0,0,0,0,0,0,0,0,0,0,0,0,0,0,0,3,0,0,0,0,0,0,3,0,0,9,9,3,15,0,3,0,9,9,3,65,0,0,0,0,0,0,0,0,0,0,0,0,0,0,0,0,0,0,0,0,0,0,0,0,0,0,0,0,0,4,0,0,0,0,0,0,0,0,0,0,0,0,0,0,3,0,0,3,0,4
LGA31820,28,54,19,9,3,3,6,19,0,141,27,82,54,16,9,32,18,31,3,268,431,226,1832,63,97,124,538,415,50,3770,235,36,754,27,40,38,122,231,22,1493,117,76,87,10,17,20,67,122,9,527,43,446,23,102,10,9,10,14,8,669,69,389,13,33,10,3,18,13,3,553,300,180,71,56,122,117,82,107,16,1045,49,147,27,236,30,40,32,66,7,622,7,32,16,8,0,7,4,12,0,97,67,10,228,44,11,35,61,89,5,544,0,0,4,0,0,0,0,7,0,15,14,15,23,19,4,0,34,19,7,142,50,12,72,17,9,26,64,78,51,374,1433,1696,3222,647,355,455,1056,1214,175,10258,17,59,48,12,26,6,0,13,0,183,3,15,5,3,23,7,0,10,0,69,8,15,21,4,18,9,5,33,0,114,3,6,10,3,12,4,0,10,0,55,25,26,12,11,20,14,7,23,0,144
LGA31900,12,6,3,0,0,0,0,0,0,22,0,3,3,0,0,3,0,0,0,17,222,55,570,16,17,28,228,123,15,1274,47,5,108,3,0,0,40,40,3,259,55,18,16,3,4,0,17,20,3,133,7,36,0,14,0,0,6,5,0,73,21,51,0,0,0,0,0,7,0,74,56,27,10,7,8,10,3,21,0,153,6,17,3,31,3,3,7,10,3,83,3,0,0,3,0,0,0,3,0,11,13,0,38,3,3,0,13,22,0,95,0,0,0,0,0,0,4,0,0,5,7,0,3,3,0,0,8,3,0,31,19,9,17,0,0,3,21,21,8,104,462,225,781,99,47,57,350,282,39,2337,3,12,17,6,11,0,0,4,0,53,0,0,0,0,3,0,0,0,0,3,4,9,12,4,5,4,8,7,0,50,3,3,0,0,0,0,0,0,0,8,5,13,9,4,3,0,0,7,0,36
LGA31950,0,0,0,0,0,0,0,0,0,0,0,0,0,0,0,0,0,0,0,0,0,0,6,0,3,0,3,0,0,20,0,0,0,0,0,0,0,0,0,3,0,0,0,0,0,0,0,3,0,3,0,0,0,0,0,0,0,0,0,0,0,0,0,0,0,0,0,0,0,3,3,0,0,0,0,0,0,0,0,5,0,0,0,0,0,0,0,0,0,0,0,0,0,0,0,0,0,0,0,0,0,0,0,0,0,0,0,0,0,3,0,0,0,0,0,0,0,0,0,0,0,0,0,0,0,0,0,0,0,0,3,0,0,0,4,0,0,0,0,8,11,7,13,0,6,0,3,3,3,49,0,0,0,0,0,0,0,0,0,0,0,0,0,0,0,0,0,0,0,0,0,0,0,0,0,0,0,0,0,0,0,0,0,0,0,0,0,0,0,0,0,0,0,0,0,0,0,3,0,4
LGA32080,96,266,71,59,32,24,23,28,7,599,90,179,120,41,40,54,33,40,10,603,911,1147,3893,325,277,296,765,647,136,8388,514,110,1786,86,77,87,222,372,48,3300,100,104,221,41,45,29,66,132,19,752,103,1080,60,250,40,31,37,34,27,1655,139,672,56,98,31,17,43,31,7,1091,843,651,211,281,349,343,193,155,41,3079,209,519,80,591,130,64,77,103,18,1790,47,144,74,52,21,43,17,36,3,440,220,37,717,152,47,115,158,194,25,1659,10,10,9,0,0,4,0,3,0,34,50,60,63,54,23,9,45,36,13,349,85,43,186,60,28,63,116,122,111,819,3403,5014,7552,2091,1130,1185,1788,1927,469,24560,55,226,82,79,99,28,0,33,3,599,10,39,21,17,45,17,5,13,7,173,44,99,67,47,67,36,21,47,6,438,14,65,23,13,30,21,3,7,0,187,26,66,42,31,52,43,11,26,6,301
LGA32250,0,0,0,0,0,0,0,0,0,0,0,0,0,0,0,0,0,0,0,0,13,14,35,3,4,0,13,13,0,94,7,0,17,0,0,0,3,3,0,26,6,0,5,0,0,0,0,6,0,17,3,0,0,4,0,0,0,0,0,5,3,5,0,0,0,0,0,0,0,17,4,3,0,3,3,0,0,5,0,17,0,0,0,6,4,0,0,0,0,16,0,0,0,0,0,0,0,0,0,0,3,0,3,0,0,0,3,6,0,17,0,0,0,0,0,0,0,0,0,0,3,0,0,0,0,0,0,0,0,5,0,0,4,0,0,0,4,0,4,13,41,29,64,28,11,0,18,31,4,227,0,0,0,0,0,0,0,0,0,0,0,0,0,0,0,0,0,0,0,0,4,0,0,0,0,0,0,5,0,4,0,0,0,0,0,0,0,0,0,0,3,0,0,0,4,0,0,4,0,11
LGA32260,19,17,11,6,6,0,3,4,3,65,10,11,13,3,0,0,0,3,0,41,275,80,705,32,30,51,249,189,16,1628,109,7,235,6,13,12,56,85,16,531,83,39,34,3,14,3,23,63,3,271,8,72,4,31,3,3,13,10,3,142,19,89,4,7,10,3,8,3,0,144,68,50,14,16,18,20,16,34,0,238,21,38,3,58,3,10,4,30,3,166,7,3,6,0,0,3,3,8,0,34,29,0,77,6,0,9,33,48,0,206,3,0,0,0,0,0,0,3,0,6,9,8,0,10,0,0,6,16,0,51,37,7,34,4,4,12,33,69,17,207,693,421,1143,180,96,129,441,569,66,3731,8,17,13,3,9,3,0,3,0,58,0,0,0,3,9,0,0,7,0,21,8,7,8,3,8,8,3,18,3,65,4,0,3,0,4,3,0,3,0,13,18,25,12,10,17,9,3,17,0,99
LGA32270,12,29,5,4,3,0,9,3,0,64,5,3,10,3,5,5,3,0,0,45,249,171,1352,16,27,29,456,104,32,2444,66,11,143,4,11,4,148,42,9,437,137,39,26,7,7,9,62,54,3,341,12,48,12,15,4,0,14,0,0,107,29,73,12,4,3,0,21,3,4,151,96,63,51,18,30,24,51,20,3,353,8,24,3,41,3,4,24,15,0,127,0,3,9,0,0,6,4,0,0,19,24,3,56,0,6,7,69,13,0,173,0,0,0,0,0,0,0,3,0,8,10,0,17,7,3,0,17,6,3,63,25,4,42,3,3,8,66,42,17,206,679,482,1740,117,104,89,947,302,66,4529,9,36,6,8,7,4,3,5,0,83,0,0,0,3,3,0,0,3,0,12,7,27,19,0,16,3,28,14,0,110,0,9,3,0,0,0,3,3,0,23,30,27,5,12,27,4,8,33,0,146
LGA32310,3,14,3,0,0,0,0,0,0,21,3,6,5,3,0,7,0,0,0,25,75,23,259,12,7,10,94,48,7,536,30,0,75,3,3,0,15,22,3,147,21,11,17,3,0,5,9,20,0,87,3,39,8,13,3,0,0,0,0,60,20,54,0,8,5,0,5,4,0,94,36,11,6,5,5,6,4,0,0,72,0,16,0,20,0,0,3,4,0,57,0,4,0,0,0,0,0,0,0,4,4,0,20,4,0,0,15,10,0,57,0,0,0,0,0,0,0,0,0,4,0,0,4,0,3,0,4,3,0,13,10,3,14,4,0,8,10,11,0,58,196,175,415,73,32,49,155,133,18,1234,0,18,7,4,0,3,0,0,0,32,0,0,0,0,0,0,0,0,0,4,0,0,4,0,3,0,3,8,0,29,0,0,3,0,0,0,0,0,0,6,3,8,5,9,7,0,0,13,0,45
LGA32330,0,0,0,0,0,0,0,0,0,0,0,0,0,0,0,0,0,0,0,0,0,0,0,0,0,0,0,3,0,4,0,0,7,0,0,0,0,3,0,14,0,0,0,0,0,0,0,0,0,0,0,0,0,0,0,0,0,0,0,0,0,3,0,3,0,0,0,0,0,3,0,0,0,0,0,0,0,0,0,0,0,0,0,0,0,0,0,0,0,0,0,0,0,0,0,0,0,0,0,0,0,0,0,0,0,0,0,0,0,0,0,0,0,0,0,0,0,0,0,0,0,0,0,0,0,0,0,0,0,0,0,0,0,0,0,0,0,3,0,3,0,4,7,11,0,0,0,10,0,33,0,0,0,0,0,0,0,0,0,0,0,0,0,0,0,0,0,0,0,0,0,0,0,0,0,0,0,0,0,0,0,0,0,0,0,0,0,0,0,0,0,0,0,0,0,0,0,0,0,0
LGA32450,3,8,0,3,0,0,0,0,0,18,0,0,0,0,0,0,0,0,0,3,26,39,124,0,3,0,60,19,0,276,3,3,22,0,0,3,10,12,0,60,11,7,0,0,3,0,0,7,0,25,0,6,0,0,0,0,0,0,0,8,4,8,0,0,0,0,0,0,0,16,13,12,3,0,9,0,7,3,0,44,0,3,0,3,4,0,3,0,0,11,0,0,0,0,0,0,0,0,0,3,3,0,11,0,0,3,10,3,0,28,0,0,0,0,0,0,0,0,0,0,0,4,0,0,0,0,4,0,0,9,3,0,3,0,0,0,10,7,4,26,61,84,171,16,18,6,111,51,3,525,0,3,0,0,0,0,0,0,0,8,0,0,0,0,0,0,0,0,0,5,3,8,0,0,0,0,3,0,0,13,0,0,0,0,0,0,0,0,0,3,0,4,0,4,3,3,0,0,0,19
LGA32500,0,8,0,0,3,0,0,0,0,12,0,3,0,0,0,3,0,0,0,4,37,19,74,3,10,3,27,25,4,202,18,5,43,0,4,4,5,9,0,89,13,18,3,3,3,0,4,16,0,61,0,17,0,8,0,0,0,0,0,29,9,22,0,0,0,0,0,0,0,32,16,0,5,9,0,0,0,12,0,45,0,7,0,5,3,0,0,8,0,28,3,0,0,0,0,3,0,0,0,10,3,0,17,3,3,0,0,5,0,32,0,0,0,0,0,0,0,0,0,0,3,0,4,0,0,0,3,7,0,11,8,6,10,0,3,0,10,3,3,43,105,111,156,34,27,21,61,81,12,593,0,4,0,3,3,0,0,0,0,8,0,0,0,0,0,0,0,0,0,0,0,0,0,0,3,0,3,3,0,14,0,0,0,0,0,0,0,0,0,3,7,6,0,0,3,0,0,9,0,27
LGA32600,0,0,0,0,0,0,0,0,0,0,0,0,0,0,0,0,0,0,0,0,3,0,3,0,0,0,3,0,0,12,0,0,0,0,0,0,0,0,0,3,3,0,0,0,0,0,3,0,0,10,0,0,0,0,0,0,0,0,0,0,0,0,0,0,0,0,0,0,0,0,0,0,0,0,0,0,0,0,0,0,0,0,0,0,0,0,0,0,0,0,0,0,0,0,0,0,0,0,0,0,0,0,0,0,0,0,0,0,0,0,0,0,0,0,0,0,0,0,0,0,0,0,0,0,0,0,0,0,0,0,0,0,0,0,0,0,0,0,0,0,11,0,5,0,0,0,9,4,3,31,0,0,0,0,0,0,0,0,0,0,0,0,0,0,0,0,0,0,0,0,0,0,0,0,0,0,0,0,0,0,0,0,0,0,0,0,0,0,0,0,3,0,0,0,0,0,0,0,0,3
LGA32750,0,0,0,0,0,0,0,0,0,0,0,0,0,0,0,0,0,0,0,0,3,0,10,0,0,0,0,0,0,13,0,0,0,0,0,0,3,0,0,3,0,4,3,0,0,0,0,0,0,11,0,0,0,0,0,0,0,0,0,3,0,0,0,0,0,0,0,0,0,0,0,0,0,0,0,0,0,0,0,3,0,0,0,0,0,0,0,0,0,3,0,0,0,0,0,0,0,0,0,0,0,0,0,0,0,0,0,0,0,3,0,0,0,0,0,0,0,0,0,0,0,0,0,0,0,0,0,0,0,0,0,0,0,0,0,0,0,0,0,4,6,8,9,3,3,0,3,10,0,42,0,0,0,0,0,0,0,0,0,0,0,0,0,0,0,0,0,0,0,0,0,0,0,0,0,0,0,0,0,0,0,0,0,0,0,0,0,0,0,0,0,0,0,0,3,0,0,0,0,4
LGA32770,0,0,0,0,0,0,0,0,0,0,0,0,0,0,0,0,0,0,0,0,0,0,3,0,0,0,0,4,0,15,0,0,0,0,0,0,0,0,0,4,0,0,0,0,0,0,0,0,0,3,0,3,0,0,0,0,0,0,0,8,0,5,0,0,0,0,0,0,0,5,0,0,0,0,0,0,0,0,0,4,0,3,0,8,0,0,0,0,0,12,0,0,0,0,0,0,0,0,0,0,0,0,0,0,0,0,0,0,0,3,0,0,0,0,0,0,0,0,0,0,0,0,0,0,0,0,0,0,0,0,0,0,0,0,0,0,0,0,0,4,4,13,6,10,0,0,0,10,3,55,0,0,0,0,0,0,0,0,0,0,0,0,0,0,0,0,0,0,0,0,0,0,0,0,0,0,0,0,0,0,0,0,0,0,0,0,0,0,0,0,0,0,0,0,0,0,0,0,0,0
LGA32810,8,16,3,14,5,3,0,9,0,60,6,4,0,0,0,0,0,3,0,18,79,74,225,21,16,9,58,73,12,576,50,6,137,9,6,3,16,44,0,281,16,11,31,4,3,3,8,18,0,104,9,21,0,8,3,0,3,10,0,58,20,34,3,7,0,3,3,6,3,79,60,29,16,23,14,18,12,19,0,196,20,22,3,38,7,3,3,15,3,109,6,5,8,5,3,9,0,5,0,39,37,0,138,28,7,15,5,18,0,248,0,0,0,0,0,0,0,0,0,3,3,4,0,3,0,0,0,0,0,16,7,5,23,4,0,0,4,23,16,85,329,234,599,166,71,65,128,239,41,1868,11,13,8,6,12,3,0,0,4,44,0,0,3,0,0,0,0,0,0,3,3,6,3,4,3,3,0,11,0,39,0,5,0,4,3,3,0,4,0,19,5,13,9,3,4,3,0,4,0,42
LGA33100,0,0,0,0,0,0,0,0,0,0,0,0,0,0,0,0,0,0,0,0,6,8,10,0,0,0,3,3,0,31,3,0,0,0,0,0,0,3,0,10,8,0,0,0,0,0,0,3,0,13,0,0,0,0,0,0,0,0,0,0,0,0,0,0,0,0,0,0,0,3,3,0,0,0,0,0,0,0,0,9,0,0,0,0,0,0,0,0,0,0,0,0,0,0,0,0,0,0,0,0,5,0,0,0,0,0,0,0,0,3,0,0,0,0,0,0,0,0,0,0,0,0,0,0,0,0,0,0,0,3,4,0,0,0,0,0,0,4,0,10,22,10,11,4,0,0,12,17,0,78,0,0,0,0,0,0,0,0,0,0,0,0,0,0,0,0,0,0,0,0,0,0,0,0,0,0,0,0,0,3,0,0,0,0,0,0,0,0,0,0,3,0,0,0,0,0,0,0,0,4
LGA33200,0,0,0,0,0,0,0,0,0,3,0,0,0,0,0,0,0,0,0,0,14,4,25,3,3,0,10,12,0,74,8,0,14,0,0,0,4,7,0,26,12,4,0,0,0,0,0,9,0,27,0,0,0,3,0,0,0,0,0,5,0,4,0,0,0,0,0,0,0,6,0,0,0,0,5,0,3,0,0,15,0,3,0,3,0,0,0,0,0,9,0,0,0,0,0,0,0,0,0,0,3,0,7,0,0,0,0,3,0,14,0,0,0,0,0,0,0,0,0,0,0,0,0,0,0,0,0,0,0,0,3,0,3,0,0,0,3,8,0,16,48,15,50,9,9,4,21,36,3,197,0,0,0,0,0,0,0,0,0,3,0,0,0,0,0,0,0,0,0,0,0,0,0,0,0,0,0,0,0,0,0,0,0,0,0,0,0,0,0,0,3,0,0,0,0,0,0,3,0,13
LGA33220,18,37,26,12,8,9,0,0,0,114,32,52,42,11,17,5,3,16,0,178,363,242,1686,133,101,136,442,376,42,3527,184,28,804,55,25,59,108,204,15,1481,65,38,83,23,20,27,54,123,3,440,35,476,25,126,4,6,16,20,7,709,78,360,21,37,13,7,17,6,3,554,289,203,81,87,117,162,69,92,12,1116,52,149,24,366,36,27,19,50,13,742,3,47,30,16,4,15,6,8,0,133,74,16,296,55,17,36,45,83,4,627,0,0,3,0,0,0,0,0,0,9,16,17,28,23,0,6,30,26,3,153,39,16,86,21,12,36,62,73,50,392,1247,1683,3236,970,378,530,889,1090,151,10169,6,48,34,14,17,0,0,6,3,133,8,7,8,8,13,7,0,3,3,50,13,27,11,21,17,16,3,36,3,150,5,10,9,3,4,4,0,3,0,35,16,27,18,23,23,12,0,26,0,140
LGA33360,22,47,29,3,9,0,22,11,4,143,14,40,42,9,5,7,14,21,0,148,485,611,3297,57,138,70,669,307,78,5716,138,20,518,20,24,19,228,282,14,1257,39,31,37,4,5,0,37,61,8,220,37,171,21,46,7,3,15,16,3,327,39,180,24,19,7,10,41,15,3,337,228,116,126,39,99,61,97,86,18,871,21,55,18,106,19,15,23,22,6,285,4,24,14,3,0,0,11,5,0,62,29,3,98,8,14,11,95,43,0,308,4,3,4,0,0,0,4,0,0,18,14,12,33,15,9,4,55,18,3,162,33,13,109,13,3,13,78,57,52,369,1108,1325,4366,335,340,210,1389,946,195,10222,15,54,29,17,16,4,0,7,4,135,0,21,7,3,10,4,0,3,0,50,33,65,77,11,35,16,28,22,4,283,0,4,3,4,4,4,3,3,0,29,14,17,17,12,9,11,7,14,0,109
LGA33430,299,621,176,86,67,116,50,111,23,1552,537,1305,446,102,186,210,119,190,60,3150,3225,2759,10417,596,853,1151,1940,1976,348,23261,2283,728,8023,245,446,423,653,1853,195,14848,290,196,836,71,108,127,171,466,38,2311,379,3592,237,818,110,149,117,167,55,5629,396,1959,152,215,87,83,101,97,32,3125,4287,3539,977,898,1526,2029,786,925,247,15218,830,1793,438,1866,412,516,295,525,106,6786,326,1012,440,227,163,344,135,242,45,2943,723,123,2449,451,139,333,370,545,47,5188,12,3,31,17,10,12,24,32,8,147,165,171,234,124,64,71,156,113,56,1145,264,154,610,147,100,207,305,384,407,2576,14032,17953,25453,5871,4277,5787,5225,7626,1660,87877,155,623,225,160,233,159,9,54,19,1634,91,224,55,59,182,83,9,35,8,746,144,227,175,108,166,123,66,163,15,1176,97,323,156,73,172,121,6,33,12,993,71,120,112,80,115,78,12,51,3,640
LGA33610,0,6,0,0,0,0,0,0,0,14,0,0,0,0,0,0,0,0,0,8,74,22,226,9,8,14,69,49,3,471,35,0,83,0,0,3,11,20,0,151,123,34,25,0,3,17,27,44,0,275,5,22,0,11,0,0,0,0,0,45,16,25,0,0,0,0,7,3,0,47,58,16,9,3,5,15,7,15,0,136,4,10,7,13,3,0,4,4,0,41,0,0,4,0,0,0,3,0,0,12,9,0,17,3,0,3,4,6,0,52,0,0,0,0,0,0,0,0,0,0,7,3,3,0,0,0,0,0,0,16,14,0,18,0,0,4,8,20,5,75,356,146,398,43,27,58,139,169,10,1346,4,3,3,0,3,0,0,0,0,15,0,0,0,0,0,0,0,0,0,5,3,0,5,3,4,8,0,8,0,24,0,0,0,0,0,0,0,0,0,4,19,14,3,5,13,6,0,10,0,69
LGA33620,21,20,8,3,8,0,4,8,0,68,9,23,15,0,3,8,3,10,0,70,239,109,1047,43,58,73,295,225,40,2128,142,8,438,22,15,21,83,123,17,873,88,68,45,6,9,18,44,94,0,380,17,119,11,54,3,5,5,8,3,234,37,165,12,17,10,5,16,14,0,276,120,73,33,25,55,69,34,48,10,463,30,70,10,117,5,11,27,30,3,303,4,8,10,8,3,5,0,10,0,67,33,4,124,15,6,19,29,72,0,296,0,0,0,3,0,0,0,0,0,6,8,7,13,12,7,3,11,11,3,81,24,4,55,5,5,13,33,55,19,226,787,689,1823,328,176,250,593,708,94,5456,12,29,15,6,7,3,0,3,0,75,3,5,0,0,5,0,0,3,0,23,13,5,16,5,12,5,3,17,3,77,6,4,5,3,5,6,0,3,0,32,31,16,14,15,25,16,4,25,3,155
LGA33800,0,4,4,0,0,0,0,3,0,12,3,6,7,0,0,0,0,0,0,16,137,32,350,18,5,9,137,81,9,784,20,3,80,4,0,0,36,21,7,172,18,13,6,0,4,3,13,15,0,64,5,37,0,16,3,0,3,8,0,68,8,44,0,4,0,0,3,3,0,64,17,22,9,3,9,11,7,3,0,77,0,13,0,13,3,3,0,0,0,34,0,0,0,0,0,0,0,0,0,13,3,0,30,0,3,0,18,17,0,69,0,0,0,0,0,0,0,0,0,0,0,0,0,4,0,0,3,0,0,12,16,7,16,0,0,0,6,22,9,72,228,184,500,61,26,36,233,169,22,1460,4,4,17,4,4,0,0,0,0,33,0,0,0,0,3,0,0,0,0,8,0,3,4,0,0,0,0,0,0,14,0,0,0,0,0,0,0,0,0,7,3,5,4,0,3,3,0,3,0,20
LGA33830,0,0,0,0,0,0,0,0,0,0,0,0,0,0,0,0,0,0,0,0,0,0,8,0,0,0,13,3,6,33,0,3,3,0,0,0,0,3,0,17,0,0,0,0,0,0,3,0,0,8,0,0,0,0,0,0,0,0,0,4,0,5,0,0,0,0,0,0,0,3,0,0,0,0,0,0,0,0,0,4,0,0,0,3,0,0,0,0,0,3,0,0,0,0,0,0,3,0,0,4,0,0,0,0,0,0,0,0,0,5,0,0,0,0,0,0,0,0,0,0,0,0,0,0,0,0,0,0,0,0,0,0,0,0,0,0,0,3,3,4,8,8,19,6,7,0,24,15,3,90,0,0,0,0,0,0,0,0,0,0,0,0,0,0,0,0,0,0,0,0,0,0,0,0,0,0,0,0,0,3,0,0,0,0,0,0,0,0,0,0,0,0,0,0,0,0,0,0,0,0
LGA33960,92,200,65,30,27,20,25,31,7,496,143,444,200,38,85,75,64,66,34,1159,934,874,4962,304,373,270,1115,853,131,9823,300,89,1843,72,65,52,271,420,36,3159,56,58,189,27,37,30,88,157,10,651,81,643,48,246,32,21,41,51,15,1175,121,563,50,89,50,17,52,42,11,994,883,725,272,205,633,405,579,354,62,4112,185,392,139,814,158,64,162,198,31,2142,34,164,107,56,54,53,42,52,10,569,132,24,474,91,64,88,144,146,23,1191,9,4,5,4,4,12,11,14,3,64,49,62,84,65,36,18,123,47,23,506,64,22,208,61,42,39,205,207,173,1030,3098,4271,8647,2114,1646,1177,2913,2643,566,27068,52,206,89,49,69,32,3,23,6,521,24,83,19,26,51,18,3,19,3,244,48,97,91,43,68,42,40,134,12,568,16,52,40,7,41,16,3,6,0,173,24,39,42,29,40,31,3,34,0,253
LGA33980,20,24,11,5,0,0,7,0,0,66,3,3,11,0,0,0,7,3,0,34,198,210,1264,7,26,7,446,88,14,2272,20,6,89,3,3,4,114,41,3,285,52,8,17,0,3,0,35,26,3,142,12,30,7,16,3,0,11,7,4,92,14,54,11,4,0,0,22,3,0,109,74,30,36,8,18,6,44,14,3,220,7,11,3,16,3,0,17,3,0,59,0,3,0,0,0,0,3,0,0,9,10,0,61,4,3,3,66,18,0,166,0,0,0,0,0,0,0,0,0,4,3,3,6,4,3,0,19,3,3,44,11,6,54,5,3,3,61,16,8,162,431,394,1559,68,61,31,864,211,42,3665,17,25,7,0,7,3,0,0,0,60,0,3,3,3,0,4,0,3,0,20,9,41,18,4,3,6,35,5,0,123,3,3,0,0,3,0,0,3,0,15,18,18,4,3,13,12,7,22,0,97
LGA34420,0,0,0,0,0,0,0,0,0,0,0,0,0,0,0,0,0,0,0,0,0,0,3,0,0,0,0,0,0,7,3,0,18,0,0,0,0,0,0,21,0,0,0,0,0,0,0,0,0,11,0,0,0,0,0,0,0,0,0,0,0,0,0,0,0,0,0,0,0,0,3,0,0,0,0,0,0,0,0,4,0,0,0,3,0,0,0,0,3,13,0,0,0,0,0,0,0,0,0,0,0,0,0,0,0,0,0,0,0,0,0,0,0,0,0,0,0,0,0,0,0,0,0,0,0,0,0,0,0,0,0,0,0,3,0,0,0,4,0,7,9,8,21,12,0,0,7,4,4,67,0,0,0,0,0,0,0,0,0,0,0,0,0,0,0,0,0,0,0,0,0,0,0,0,0,0,0,0,0,0,0,0,0,0,0,0,0,0,0,0,0,0,0,0,0,0,0,0,0,0
LGA34530,20,48,11,6,10,0,4,0,0,99,9,19,15,8,0,9,5,3,3,68,236,158,1233,45,57,38,325,117,31,2235,120,19,442,24,13,7,86,76,6,810,49,37,49,9,9,3,35,38,3,231,27,133,7,46,3,3,7,7,0,241,29,145,13,22,6,0,30,6,0,250,123,92,30,34,45,41,29,17,5,428,14,62,6,80,12,9,6,13,0,214,8,12,14,0,3,0,4,3,0,47,16,8,92,13,6,18,36,29,5,219,0,0,0,0,0,0,0,0,0,10,9,3,11,5,4,0,21,7,0,57,18,9,42,8,3,10,45,34,15,192,682,754,1972,298,177,144,634,357,78,5091,14,40,15,10,11,4,0,0,0,93,3,7,0,3,11,3,0,0,5,34,12,13,19,7,12,4,10,6,3,81,7,12,11,0,0,0,0,0,0,30,4,22,13,9,24,9,0,6,0,88
LGA34570,0,0,0,0,0,0,0,0,0,0,0,0,0,0,0,0,0,0,0,0,0,0,3,0,0,0,0,0,0,8,0,0,3,0,0,0,0,3,0,6,0,3,0,0,0,0,0,0,0,4,0,0,0,0,0,0,0,0,0,0,0,0,0,0,0,0,0,0,0,6,8,0,0,0,0,0,0,0,0,5,0,0,0,0,0,0,0,0,0,0,0,0,0,0,0,0,0,0,0,0,0,0,0,0,0,0,0,0,0,0,0,0,0,0,0,0,0,0,0,0,0,0,0,0,0,0,0,0,0,0,0,3,3,0,0,0,3,6,4,16,11,7,8,3,0,0,3,10,8,51,0,0,0,0,0,0,0,0,0,0,0,0,0,0,0,0,0,0,0,0,0,0,0,0,0,0,0,0,0,3,0,0,0,0,0,0,0,0,0,0,0,0,0,0,0,0,0,0,0,0
LGA34580,13,36,7,3,3,3,3,12,0,80,13,22,12,0,3,3,5,11,4,77,203,101,856,49,41,45,256,219,21,1794,87,10,328,7,17,18,50,84,8,624,75,36,60,4,6,14,25,64,0,294,15,86,3,26,0,0,3,11,5,155,14,95,12,15,5,3,9,12,3,160,121,87,27,22,55,61,59,77,11,510,31,66,19,95,17,3,22,34,0,279,7,14,9,7,7,3,8,10,3,57,23,3,92,15,9,17,38,55,0,245,0,0,0,0,0,3,0,4,0,12,6,10,15,13,0,3,32,15,0,91,24,3,57,12,6,14,55,44,29,235,635,562,1501,263,169,192,559,643,80,4616,17,23,20,7,15,3,0,12,0,97,0,0,3,6,9,3,0,10,0,33,12,12,13,3,8,9,9,35,0,93,0,5,7,0,7,4,0,9,0,26,29,25,20,13,28,15,3,34,0,158
LGA34590,101,256,88,35,34,39,43,53,7,653,236,768,354,61,149,100,128,119,31,1950,1421,1220,7275,246,582,491,1785,1313,153,14483,663,142,3746,79,168,124,505,1059,66,6556,117,52,318,34,46,36,132,234,10,978,132,701,94,231,61,45,67,80,15,1427,145,753,63,93,66,34,86,56,11,1298,1385,1063,458,256,863,651,1063,544,82,6365,231,539,232,938,184,149,288,270,37,2868,102,262,166,41,77,99,102,104,12,963,174,46,681,96,84,134,277,281,18,1795,7,4,22,8,4,9,16,18,3,79,85,74,125,62,42,30,182,96,37,731,107,52,404,80,62,71,345,298,263,1690,4916,5924,14022,2280,2413,1999,5012,4523,737,41831,61,290,123,62,104,51,7,33,3,733,48,128,37,37,84,43,3,24,3,412,51,128,104,51,112,51,51,208,11,770,31,60,66,18,61,32,0,16,0,289,38,62,60,24,74,42,5,39,4,347
LGA34710,4,7,0,0,0,0,0,0,0,11,3,4,3,0,0,0,0,0,0,9,18,5,78,0,3,4,21,14,0,147,19,0,31,0,4,3,5,8,0,71,34,6,7,5,4,4,3,12,0,76,3,15,0,6,0,0,0,3,0,24,0,18,3,0,0,0,0,0,0,25,19,15,4,4,3,6,0,0,0,47,7,12,0,15,0,0,0,3,0,35,0,3,0,3,0,0,0,0,0,3,0,0,16,7,0,0,3,8,0,33,0,0,0,0,0,0,0,0,0,0,0,0,0,3,0,0,0,0,0,10,8,3,9,3,0,3,0,6,7,34,121,78,158,38,17,22,35,47,6,534,4,4,0,3,0,0,0,0,0,12,0,3,0,0,0,0,0,0,0,0,3,0,0,0,0,0,0,4,0,7,0,0,0,0,0,0,0,0,0,3,4,5,3,3,6,4,0,5,0,29
LGA34770,41,83,39,7,8,9,19,11,4,219,27,66,66,3,6,10,12,10,0,215,1055,755,5808,106,241,194,1390,526,153,10229,297,43,977,27,55,43,409,319,27,2202,93,62,83,15,16,8,97,60,11,434,49,465,41,85,5,13,37,20,4,705,76,333,29,13,12,14,55,13,9,547,456,317,154,49,145,116,172,81,30,1528,46,148,39,199,22,21,57,37,10,579,19,44,31,8,4,14,14,10,6,145,62,11,289,26,20,34,151,92,6,689,3,3,5,0,0,3,3,3,0,26,26,27,53,18,18,3,59,20,8,244,67,20,199,14,15,27,156,101,92,692,2319,2381,7810,564,571,503,2640,1313,357,18466,31,95,66,35,44,17,8,29,0,334,11,19,7,13,16,15,4,10,0,86,29,66,103,25,35,26,41,56,4,388,12,28,21,7,14,9,3,4,0,98,19,41,20,18,28,10,11,22,6,188
LGA34800,0,4,0,0,0,0,0,0,0,4,0,0,0,0,0,0,0,0,0,0,12,8,17,0,0,3,7,4,0,61,6,0,6,0,0,0,7,3,0,23,13,0,0,0,0,0,0,3,0,20,0,3,0,3,0,0,0,0,0,4,0,0,0,0,0,0,0,0,0,0,3,0,0,0,0,0,0,0,0,5,0,0,0,6,0,0,0,0,0,7,0,0,0,0,0,0,0,0,0,0,0,0,0,0,0,0,3,3,0,7,0,0,0,0,0,0,0,0,0,0,0,0,0,0,0,0,0,0,0,3,3,0,3,0,0,0,0,3,0,13,43,18,34,10,0,3,21,24,3,145,0,0,0,0,0,0,0,0,0,0,0,0,0,0,0,0,0,0,0,0,4,0,0,0,0,0,0,0,0,3,0,0,0,0,0,0,0,0,0,0,7,3,0,0,4,0,0,3,0,17
LGA34830,0,0,0,0,0,0,0,0,0,0,0,0,0,0,0,0,0,0,0,0,0,0,0,0,0,0,0,0,0,4,0,0,3,0,3,0,0,0,0,14,0,3,0,0,0,0,0,0,0,4,0,0,0,0,0,0,0,0,0,0,0,0,0,0,0,0,0,0,0,0,0,0,0,0,0,0,0,0,0,0,0,0,0,0,0,0,0,0,0,3,0,0,0,0,0,0,0,0,0,0,0,0,0,0,0,0,0,0,0,0,0,0,0,0,0,0,0,0,0,0,0,0,0,0,0,0,0,0,0,0,0,0,0,0,0,0,0,0,0,0,5,9,8,0,3,0,3,5,0,29,0,0,0,0,0,0,0,0,0,0,0,0,0,0,0,0,0,0,0,0,0,0,0,0,0,0,0,0,0,4,0,0,0,0,0,0,0,0,0,0,0,0,0,0,0,0,0,0,0,3
LGA34860,7,10,6,0,0,0,0,0,0,22,3,3,9,0,3,3,0,0,0,28,123,52,342,12,16,9,101,64,10,735,65,3,96,0,6,0,32,16,3,230,106,24,14,0,8,13,19,58,3,242,3,26,0,17,3,0,4,5,0,63,11,35,3,3,0,3,0,0,3,60,63,31,14,19,8,24,23,6,4,197,7,16,4,15,4,0,4,9,0,66,0,9,0,0,0,0,0,0,0,5,12,0,43,8,0,3,13,15,0,96,0,0,3,0,0,0,0,0,0,3,3,5,5,5,0,3,5,5,0,35,16,0,19,9,0,0,22,16,4,91,420,215,557,89,51,68,228,203,27,1861,6,5,0,0,3,0,0,0,0,25,3,0,0,0,0,0,0,0,0,13,0,8,10,0,0,4,0,5,0,28,6,5,0,0,4,0,0,0,0,11,24,6,10,7,17,7,3,21,0,93
LGA34880,12,23,12,3,3,3,0,3,0,62,4,3,8,0,0,3,0,4,0,27,161,73,430,38,20,13,106,94,11,960,75,11,166,8,5,5,21,51,8,351,54,22,38,0,9,7,19,42,0,191,9,58,0,32,0,0,0,4,0,104,19,60,5,15,0,4,4,3,0,116,50,32,9,17,31,23,17,26,5,204,25,35,8,71,8,3,8,14,0,181,4,16,11,3,0,5,0,4,0,45,18,3,49,9,3,10,15,14,0,126,0,0,0,0,0,0,0,0,0,5,7,0,9,7,4,0,3,7,0,39,19,8,22,4,4,3,21,34,14,122,464,342,775,208,95,84,226,300,41,2544,6,21,4,12,7,3,0,6,0,66,0,3,0,4,3,0,0,0,0,10,6,10,10,5,3,4,0,11,0,47,0,0,3,0,3,0,0,0,0,8,8,15,11,13,12,8,0,13,0,82
LGA35010,203,543,190,65,88,42,45,70,14,1268,472,1227,412,74,204,138,120,151,45,2843,2489,2559,9975,539,937,774,2004,1639,249,21169,1135,294,5413,147,265,230,610,1233,112,9436,216,159,556,57,118,74,193,390,19,1768,257,1535,140,540,96,58,79,99,27,2838,295,1259,98,164,79,55,105,63,31,2144,2726,1900,558,433,1440,973,826,586,127,9559,448,984,263,1599,387,254,265,353,56,4607,166,447,244,106,130,144,88,129,17,1480,310,85,1148,242,128,201,290,397,24,2810,4,3,11,3,5,10,17,27,5,84,128,119,169,121,66,45,165,93,59,970,159,119,505,96,88,122,325,348,304,2073,9013,11244,19672,4189,4029,3116,5131,5586,1081,63057,136,474,205,101,165,58,4,47,15,1201,83,210,41,46,147,50,3,33,3,618,81,195,167,81,133,68,54,176,12,974,35,120,79,20,77,53,5,35,4,428,70,109,98,57,98,69,15,78,11,596
LGA35250,0,0,0,0,0,0,0,0,0,0,0,0,0,0,0,0,0,0,0,0,0,0,10,3,0,0,0,5,0,19,0,0,8,0,0,0,0,0,0,14,0,0,0,0,0,0,0,0,0,0,0,4,0,0,0,0,0,0,0,5,4,9,0,0,0,0,0,0,0,6,0,0,0,0,0,0,0,0,0,4,0,6,0,7,0,0,0,0,0,9,0,0,0,0,0,0,0,0,0,3,0,0,3,0,0,0,0,0,0,4,0,0,0,0,0,0,0,0,0,0,0,0,0,0,0,0,0,0,0,3,3,0,3,0,0,0,0,4,0,16,12,15,26,15,0,0,6,5,3,85,0,0,0,0,0,0,0,0,0,0,0,0,0,0,0,0,0,0,0,0,0,0,0,4,0,0,0,0,0,4,0,0,0,0,0,0,0,0,0,0,0,0,0,0,0,0,0,0,0,0
LGA35300,8,33,7,3,0,0,3,0,0,62,0,7,14,0,0,3,3,0,3,41,121,168,1163,21,31,29,255,70,26,1878,29,8,121,0,3,3,105,29,5,302,4,6,6,0,0,0,22,10,0,55,7,81,9,14,3,0,7,0,0,122,14,56,11,9,0,0,15,4,0,116,56,43,25,15,13,15,33,16,6,212,10,27,14,47,6,3,14,5,0,123,0,4,8,3,0,0,0,0,0,15,13,4,46,0,0,8,32,18,0,118,0,0,0,0,0,0,0,3,0,3,5,6,16,10,0,3,18,0,0,50,3,5,39,10,0,3,26,13,20,115,265,442,1490,139,61,65,528,165,61,3216,0,21,11,6,4,3,0,0,0,49,3,7,0,11,3,4,0,3,0,29,3,29,34,9,15,14,13,5,0,114,0,3,0,0,0,0,0,0,0,4,0,10,4,5,7,0,0,8,0,40
LGA35600,0,8,3,0,0,0,0,0,0,7,0,0,0,0,0,0,0,0,0,3,21,4,67,0,0,4,13,26,0,154,14,0,36,3,3,3,0,9,0,67,25,8,7,0,0,0,4,8,3,62,0,10,0,10,0,0,0,0,0,23,0,9,0,0,0,0,0,0,0,18,22,9,3,3,3,0,3,5,0,47,4,8,0,9,0,0,0,3,0,29,0,3,0,0,0,0,0,0,0,4,7,0,13,0,0,0,3,14,0,32,0,0,0,0,0,0,0,0,0,0,0,0,0,0,0,0,3,3,0,8,8,0,15,3,0,3,3,10,0,36,113,64,145,29,14,11,37,91,4,501,0,0,0,0,0,4,0,0,0,11,0,0,0,0,0,0,0,0,0,3,4,0,0,3,0,0,0,3,0,8,0,0,0,0,0,0,0,0,0,3,8,6,3,3,4,0,0,6,0,37
LGA35670,0,0,0,0,0,0,0,0,0,0,0,0,0,0,0,0,0,0,0,0,0,0,8,0,0,0,3,0,0,21,0,0,8,0,0,0,0,5,0,11,0,0,0,0,0,0,0,0,0,5,0,0,0,0,0,0,0,0,0,0,0,0,0,0,0,0,0,0,0,0,0,0,0,0,0,0,0,0,0,5,0,0,0,0,0,0,0,0,0,0,0,0,0,0,0,0,0,0,0,0,0,0,0,0,0,0,0,0,0,0,0,0,0,0,0,0,0,0,0,0,0,0,0,0,0,0,0,0,0,0,0,0,0,0,0,0,0,0,0,0,3,3,23,3,3,0,3,7,0,47,0,0,0,0,0,0,0,0,0,0,0,0,0,0,0,0,0,0,0,0,0,0,0,0,0,0,0,0,0,3,0,0,0,0,0,0,0,0,0,0,0,0,0,0,0,0,0,0,0,3
LGA35740,35,68,19,4,10,11,6,7,3,149,24,53,19,5,7,8,6,12,0,137,278,246,829,52,68,83,195,198,38,1982,277,70,701,29,30,40,50,155,14,1359,75,49,114,20,11,19,21,59,6,369,33,337,13,92,8,5,9,20,6,514,38,250,11,30,12,13,10,15,6,382,310,247,51,68,68,169,48,50,15,1021,71,129,33,156,30,28,18,37,9,507,21,81,38,16,5,22,5,26,0,231,95,15,286,37,10,26,38,44,4,558,0,0,4,0,0,3,0,0,0,5,10,8,22,7,7,3,11,7,5,74,27,12,69,14,3,17,23,38,34,231,1298,1560,2217,517,264,444,446,655,123,7528,17,52,17,22,26,5,0,4,0,138,4,10,3,0,12,3,0,3,0,38,14,17,22,7,16,10,10,14,3,105,18,44,12,4,6,13,0,3,0,101,16,25,14,18,17,8,0,20,3,111
LGA35760,3,7,3,0,0,0,0,3,0,17,0,3,3,0,0,0,0,0,0,12,79,8,147,9,9,8,68,63,4,391,38,3,40,3,3,6,19,26,0,136,74,7,19,0,3,0,9,31,3,145,6,13,0,15,3,3,4,5,0,52,7,32,0,0,0,0,3,3,0,49,20,6,8,7,5,3,3,14,0,69,9,5,0,12,3,0,3,13,0,45,0,0,0,0,0,0,0,3,0,3,14,3,14,0,0,10,10,11,0,58,0,0,0,0,0,0,0,0,3,5,0,0,0,0,0,3,3,3,3,12,19,0,4,3,0,3,12,28,4,78,280,88,239,41,27,32,135,208,19,1081,3,4,0,5,0,3,0,5,0,18,3,0,0,0,0,0,0,0,0,9,0,0,3,0,3,0,0,10,0,19,0,0,0,0,0,0,0,3,0,4,22,8,3,12,17,4,0,11,0,65
LGA35780,0,0,0,0,0,0,0,0,0,0,0,0,0,0,0,0,0,0,0,0,0,5,20,0,0,3,20,3,0,62,7,0,29,3,0,0,4,4,0,52,0,0,7,0,0,0,0,3,0,10,3,12,0,5,0,0,0,0,0,17,0,9,0,0,0,0,0,0,0,17,10,3,0,3,6,0,3,3,0,21,3,3,0,3,0,0,5,3,0,17,0,0,0,0,0,0,0,3,0,3,3,0,4,0,0,0,0,0,0,12,0,0,0,0,0,0,0,0,0,0,0,0,0,0,0,0,0,0,0,8,0,4,5,3,0,0,11,3,0,32,24,38,65,25,14,4,38,32,7,249,0,3,0,0,0,0,0,0,0,4,0,0,0,0,0,0,0,0,0,0,0,0,0,0,0,0,0,0,0,0,0,0,0,0,0,0,0,0,0,0,3,0,0,3,0,0,0,0,0,9
LGA35790,0,0,0,0,0,0,0,0,0,0,0,0,0,0,0,0,0,0,0,0,0,0,10,0,0,0,7,0,0,19,3,0,18,0,0,0,0,4,0,22,0,0,0,3,0,0,0,0,0,4,3,3,0,3,0,0,0,0,0,20,4,8,0,0,0,0,0,0,0,16,0,0,0,0,0,0,0,0,3,8,0,0,0,12,0,0,0,0,0,13,0,0,0,0,0,0,0,0,0,0,0,0,0,0,0,0,0,0,0,5,0,0,0,0,0,0,0,0,0,0,0,0,0,0,0,0,0,0,0,0,0,0,3,3,0,0,0,0,3,17,13,19,30,29,7,0,8,8,5,118,0,0,0,0,0,0,0,0,0,0,0,0,0,0,0,0,0,0,0,0,0,0,0,0,0,0,0,0,0,3,0,0,0,0,0,0,0,0,0,0,0,0,0,0,0,0,0,0,0,0
LGA35800,0,0,0,0,0,0,0,0,0,0,0,0,0,0,0,0,0,0,0,0,14,3,22,0,4,0,13,7,0,60,3,0,8,0,0,0,3,0,0,20,25,5,0,0,0,0,0,3,0,37,0,0,0,0,0,0,0,0,0,7,0,3,0,0,0,0,0,0,0,3,6,0,3,0,0,0,0,0,0,13,0,0,0,6,0,0,0,0,0,13,0,0,0,0,0,0,0,0,0,3,0,0,4,0,0,0,0,0,0,5,0,0,0,0,0,0,0,0,0,0,0,0,0,0,0,0,0,0,0,5,4,0,0,3,0,0,4,0,0,13,64,11,44,15,11,3,19,15,3,178,0,0,0,0,0,0,0,0,0,0,0,0,0,0,0,0,0,0,0,0,0,0,0,0,0,0,0,0,0,3,0,0,0,0,0,0,0,0,0,3,4,4,0,0,0,0,0,3,0,14
LGA36070,0,0,0,0,0,0,0,0,0,0,0,0,0,0,0,0,0,0,0,0,0,0,3,0,0,0,3,7,0,16,0,0,0,0,3,0,0,0,0,8,0,0,0,0,0,0,0,3,0,6,0,6,0,0,0,0,0,0,0,7,3,0,0,0,0,0,0,0,0,3,3,0,0,0,0,0,0,0,0,4,0,3,0,4,0,0,0,0,0,5,0,0,0,0,0,0,0,0,0,0,0,0,0,0,0,0,0,0,0,3,0,0,0,0,0,0,0,0,0,0,0,0,0,0,0,0,0,0,0,0,0,0,3,0,0,0,0,0,0,7,8,9,12,12,4,3,9,9,3,65,0,0,0,0,0,0,0,0,0,3,0,0,0,0,0,0,0,0,0,0,0,0,3,0,0,0,0,0,0,3,0,0,0,0,0,0,0,0,0,0,0,0,0,0,0,0,0,0,0,0
LGA36150,0,0,0,0,0,0,0,0,0,0,0,0,0,0,0,0,0,0,0,0,3,0,20,0,0,0,5,0,0,32,0,0,8,0,4,0,5,0,0,16,13,0,0,0,0,0,0,7,0,23,0,3,0,0,0,0,0,0,0,3,0,0,0,0,0,0,0,0,0,3,3,0,0,0,0,0,0,0,0,11,0,0,0,0,0,0,0,0,0,3,0,0,0,0,0,0,0,0,0,0,0,0,3,0,0,0,0,0,0,0,0,0,0,0,0,0,0,0,0,0,0,0,0,0,0,0,0,0,0,0,0,0,0,0,0,0,0,3,0,9,27,8,29,0,7,3,14,10,0,102,0,0,0,0,0,0,0,0,0,3,0,0,0,0,0,0,0,0,0,0,0,0,0,0,0,0,0,0,0,0,0,0,0,0,0,0,0,0,0,0,3,3,0,0,0,0,0,3,0,8
LGA36250,103,223,51,21,24,30,14,22,5,494,175,412,133,18,50,41,32,30,11,903,1240,1089,3987,163,354,312,670,635,97,8543,559,126,2164,49,98,87,218,415,49,3776,80,86,176,20,27,13,45,143,14,613,95,508,58,165,23,22,35,43,4,951,124,499,35,67,32,15,24,18,0,813,1231,851,218,179,442,372,282,181,37,3789,185,325,84,422,111,72,88,118,27,1437,46,166,94,32,41,72,40,44,8,549,129,20,368,58,36,78,101,122,10,938,0,6,5,0,0,4,0,5,0,30,58,55,70,29,30,16,38,21,16,323,80,38,178,26,32,41,80,94,96,670,4110,4409,7627,1255,1307,1178,1656,1908,386,23829,61,207,61,39,56,16,0,26,5,468,28,76,9,14,40,10,0,6,3,187,40,82,60,29,66,32,19,57,5,379,27,64,38,4,35,22,4,9,3,207,22,49,30,18,39,18,6,19,4,197
LGA36300,0,0,0,0,0,0,0,0,0,0,0,0,0,0,0,0,0,0,0,0,13,0,14,0,0,0,6,4,0,46,0,0,3,0,0,0,0,4,0,9,8,0,0,0,0,0,0,5,0,13,0,0,0,0,0,0,0,0,0,3,0,0,0,0,0,0,0,0,0,4,0,0,0,0,0,3,0,0,0,11,0,0,0,0,0,0,0,0,0,7,0,0,0,0,0,0,0,0,0,0,0,0,4,0,0,0,0,0,0,7,0,0,0,0,0,0,0,0,0,0,0,0,0,0,0,0,0,0,0,3,0,0,0,0,0,0,0,0,0,7,28,12,23,7,0,4,13,22,0,107,0,0,0,0,0,0,0,0,0,7,0,0,0,0,0,0,0,0,0,0,0,0,0,0,0,0,0,0,0,0,0,0,0,0,0,0,0,0,0,0,3,0,0,0,0,3,0,3,4,10
LGA36370,22,60,39,10,15,0,9,5,0,167,46,97,72,13,6,13,26,24,5,306,338,347,2570,88,125,106,511,309,47,4439,179,40,675,41,31,20,131,144,15,1275,57,45,73,9,21,20,42,63,7,330,45,444,17,97,15,6,23,19,0,665,70,259,27,35,11,3,36,16,3,463,251,264,90,76,149,101,130,75,12,1149,45,166,18,255,23,30,30,55,0,620,6,47,40,13,6,5,11,13,0,131,54,9,213,33,20,38,80,65,9,524,0,0,14,0,0,0,3,7,0,30,17,20,35,22,18,4,37,16,4,171,27,21,96,20,12,18,72,74,37,371,1150,1817,3983,723,439,372,1146,886,139,10645,13,78,29,21,24,9,0,4,3,183,4,19,13,8,22,12,0,6,0,83,12,33,34,10,28,19,17,33,3,191,3,7,6,4,10,3,0,0,0,35,19,23,17,16,26,7,6,11,0,121
LGA36510,23,38,4,7,7,3,3,7,0,97,12,35,28,3,10,7,4,6,3,108,268,126,855,41,59,53,245,203,23,1868,157,30,423,10,18,15,69,122,14,850,84,31,71,9,13,16,30,51,0,312,29,129,9,40,9,3,3,6,0,229,35,162,12,29,3,3,6,12,4,267,161,98,42,41,57,68,50,46,8,577,58,96,21,103,16,11,16,17,5,336,7,48,17,4,3,4,3,10,0,97,36,3,113,11,3,12,32,30,0,257,4,0,3,0,0,0,0,7,0,11,10,7,18,9,4,3,15,11,3,83,26,16,69,6,4,13,33,50,15,240,909,823,1692,310,213,224,496,578,81,5330,18,36,15,3,20,4,0,8,0,105,8,14,3,0,9,4,0,3,0,42,14,5,14,4,11,3,8,20,0,74,5,7,10,3,16,3,0,4,3,58,30,22,33,10,26,13,7,27,3,167
LGA36580,8,17,5,5,0,0,0,3,0,47,8,16,8,3,4,4,3,7,0,50,151,53,527,26,30,40,162,137,19,1152,66,13,177,8,10,10,45,65,5,390,51,14,32,11,3,3,18,43,4,183,10,48,5,21,0,0,3,7,0,100,13,58,8,13,3,4,4,4,3,107,82,23,25,19,24,21,45,25,4,266,14,28,11,69,11,10,8,15,3,158,0,11,7,0,0,0,0,3,0,27,16,0,48,8,3,4,14,35,0,137,0,0,0,3,0,0,0,0,0,10,3,4,8,3,0,0,6,5,0,34,23,11,26,12,4,11,43,46,16,176,436,296,887,198,98,114,352,397,57,2832,7,10,13,0,8,0,0,0,0,41,4,3,0,0,3,0,0,3,0,18,3,3,10,3,6,0,6,29,0,63,3,6,3,0,0,0,0,0,0,18,21,8,6,8,13,8,0,12,0,83
LGA36630,9,20,8,0,3,0,0,7,0,46,5,10,8,9,3,7,0,8,0,51,166,62,653,17,16,35,180,162,16,1314,50,5,184,8,7,6,60,85,13,415,87,29,29,3,10,17,43,74,0,285,17,82,3,34,0,0,8,9,0,153,34,103,8,11,7,3,15,5,0,188,90,43,33,17,26,25,31,37,5,307,25,51,9,86,10,7,16,11,4,212,7,12,6,4,0,5,0,3,0,31,26,0,51,14,7,9,24,38,0,164,0,0,0,0,0,0,3,0,0,6,9,4,6,4,4,3,9,9,0,41,26,0,39,12,3,8,37,47,24,195,532,422,1032,215,104,123,425,507,60,3414,12,20,12,6,6,0,0,3,0,47,3,5,4,0,0,0,0,0,0,16,13,0,16,11,12,7,4,15,0,70,0,0,4,0,4,3,0,0,0,15,30,11,16,8,11,4,4,18,0,106
LGA36660,10,35,7,3,3,0,3,7,0,73,10,10,6,3,7,4,3,9,3,52,208,61,604,17,29,46,187,161,23,1337,118,3,264,3,9,12,46,91,6,553,109,36,35,8,10,14,42,69,0,327,17,106,8,44,3,0,3,9,5,194,39,141,6,11,9,8,6,3,0,227,132,72,28,16,40,57,68,50,8,472,33,55,13,63,10,7,10,31,3,216,5,16,10,0,0,0,0,8,0,48,39,3,95,13,3,12,33,43,3,244,3,0,0,0,0,0,3,0,3,7,14,8,4,4,7,0,15,11,0,61,31,3,46,5,5,13,34,60,30,232,768,543,1133,194,152,186,454,555,79,4053,14,16,13,5,4,0,0,4,0,58,0,3,3,0,10,3,0,3,0,20,13,8,10,3,8,5,0,24,0,72,4,0,3,0,0,0,0,5,0,18,17,17,10,9,19,9,0,22,0,107
LGA36720,157,386,104,45,45,54,19,58,11,870,210,463,199,42,68,81,42,72,18,1198,1593,1543,5886,313,463,569,1161,1039,152,12715,1332,314,4652,110,194,196,413,978,130,8319,261,214,598,51,75,70,137,308,23,1746,212,1963,102,511,67,61,57,105,27,3111,257,1368,90,141,50,64,73,57,19,2122,1634,1501,385,272,578,759,279,364,96,5874,365,791,187,866,180,196,131,242,32,2989,122,438,216,78,54,115,41,114,8,1184,310,46,1146,144,65,201,179,249,13,2339,3,5,6,3,0,8,10,18,0,58,75,80,112,69,28,35,81,48,26,571,127,74,332,70,30,79,132,201,170,1219,6655,9180,14019,2719,1895,2497,2763,3851,732,44303,96,325,120,75,124,60,5,36,7,847,45,85,18,27,65,28,5,16,4,292,49,122,80,49,71,54,40,77,8,541,54,124,81,16,89,72,4,16,6,460,61,112,102,53,84,56,8,83,5,567
LGA36820,12,44,4,5,4,0,3,6,0,80,9,10,8,4,3,0,3,3,0,34,170,76,512,36,31,48,156,130,16,1176,104,19,231,17,9,12,35,44,0,473,76,53,16,11,10,6,20,34,0,223,7,102,0,30,3,5,0,3,3,165,34,107,7,10,8,3,3,3,3,179,66,26,10,21,7,18,17,27,3,192,15,29,5,66,7,6,7,17,3,158,3,4,8,3,0,0,0,3,0,34,24,0,52,6,3,13,17,31,0,149,0,0,0,0,0,0,0,0,0,3,11,6,7,5,3,3,7,5,0,48,31,7,30,7,0,10,23,25,20,152,565,490,890,227,93,126,283,338,54,3067,16,20,6,7,6,3,0,3,0,67,0,0,3,0,0,0,0,0,0,6,9,0,9,3,9,0,4,8,0,44,0,7,4,0,3,3,0,5,0,17,19,21,8,12,11,6,3,8,0,94
LGA36910,77,233,56,22,33,16,7,24,3,471,87,203,130,29,35,57,33,73,10,648,919,861,3928,168,246,294,898,749,89,8146,483,79,1708,43,61,77,183,348,28,2998,375,256,230,37,64,70,139,198,26,1391,91,961,44,213,33,9,34,35,4,1429,168,715,45,98,41,20,34,32,3,1157,834,801,212,150,414,282,230,220,29,3167,177,457,78,464,77,58,66,137,19,1530,49,140,72,31,21,28,32,30,0,395,130,16,449,77,30,64,111,159,8,1044,7,3,5,5,0,6,3,16,3,50,58,41,40,50,20,14,65,33,12,321,94,35,153,31,29,44,101,146,78,725,3545,4807,7142,1412,1097,1030,1918,2192,319,23467,46,166,57,48,85,20,0,12,3,447,19,44,9,13,37,10,3,16,4,149,29,76,70,29,41,34,14,81,0,369,10,39,21,9,25,12,6,3,0,132,81,90,56,38,92,34,5,94,7,499
LGA36950,5,0,0,3,6,0,0,0,0,17,0,0,3,0,0,0,0,0,0,4,11,28,50,4,3,0,3,13,6,120,25,3,45,3,0,0,0,11,3,88,3,3,0,0,3,0,0,0,0,12,3,21,0,9,3,0,0,0,0,38,10,22,0,0,0,0,0,0,0,31,8,0,5,6,8,0,0,3,0,37,0,7,0,18,3,3,0,0,3,33,0,0,0,4,0,0,0,0,0,9,3,0,10,0,0,0,0,0,0,16,0,0,0,0,0,0,0,0,0,0,3,0,0,0,0,0,0,0,0,5,3,3,6,8,3,0,7,9,9,50,78,95,118,55,40,9,18,43,19,466,3,3,0,0,0,0,0,0,0,6,0,0,0,0,0,0,0,0,0,3,0,0,0,0,0,0,0,3,0,6,0,0,0,0,0,0,0,0,0,0,3,0,0,0,0,0,0,0,0,3
LGA36960,0,0,0,0,0,0,0,0,0,0,0,0,0,0,0,0,0,0,0,0,3,22,21,5,7,3,7,13,3,84,4,6,48,0,0,0,0,21,3,86,0,4,0,0,6,0,0,0,0,18,0,3,0,10,3,0,0,0,0,18,5,11,0,6,3,0,0,0,0,24,3,8,3,0,10,3,0,4,0,31,3,8,0,12,3,0,0,0,0,27,3,7,0,0,0,0,0,0,0,10,0,0,0,0,0,0,0,0,0,7,0,0,0,0,0,0,0,0,0,0,0,3,0,3,3,0,0,0,0,12,3,7,7,5,5,0,0,9,4,44,37,77,85,37,41,5,12,49,17,363,0,0,0,0,0,0,0,0,0,0,0,0,0,0,0,0,0,0,0,0,0,0,0,0,0,0,0,5,0,5,0,0,0,0,0,0,0,0,0,3,0,0,0,0,0,0,0,0,0,0
LGA37010,131,467,100,48,45,30,19,39,13,890,116,220,198,46,66,40,49,49,15,791,1022,1107,5323,482,324,335,1181,693,111,10570,469,123,1925,174,90,68,295,422,42,3620,77,107,179,40,36,26,85,100,6,655,102,1258,66,302,47,24,51,33,17,1896,152,635,57,103,32,16,66,34,4,1098,930,702,246,288,425,278,287,197,38,3393,234,536,98,784,130,89,98,104,28,2097,56,136,94,53,24,35,31,35,6,466,157,33,562,151,48,78,146,145,10,1316,3,8,11,9,0,5,4,8,0,49,103,82,71,99,33,13,86,48,26,561,69,41,168,76,30,33,123,118,131,789,3617,5459,9099,2648,1319,1075,2522,2028,439,28193,86,400,102,95,99,41,10,26,8,872,25,55,19,14,45,21,0,12,3,195,46,124,95,58,69,31,35,61,11,524,19,48,40,10,33,18,0,9,4,185,35,95,43,30,59,30,10,30,0,331
LGA37300,3,0,0,0,0,0,0,0,0,13,0,0,3,0,0,0,0,0,0,4,27,37,305,12,3,0,100,10,4,493,11,0,62,4,3,0,43,3,0,127,4,6,6,3,0,0,8,0,0,32,4,13,3,9,0,0,3,0,0,32,3,20,0,0,0,0,16,0,0,50,12,3,19,0,3,0,11,0,0,49,0,3,0,4,0,0,0,0,0,13,0,0,0,0,0,0,5,0,0,3,0,0,10,0,3,0,10,0,0,33,0,0,0,0,0,0,0,0,0,0,0,0,0,0,0,0,4,0,0,6,0,0,13,0,0,0,11,3,0,28,69,87,428,35,15,4,216,19,8,888,0,6,9,0,3,0,0,0,0,16,0,0,0,0,0,0,0,0,0,0,3,3,14,0,0,0,9,4,0,31,0,0,0,0,0,0,0,0,0,0,4,3,0,0,0,0,0,0,0,7
LGA37310,7,21,3,3,3,0,0,0,0,35,7,3,14,3,3,3,3,3,0,40,267,116,1052,18,35,41,293,144,41,2008,122,7,227,9,6,3,69,70,8,515,239,57,60,3,13,25,54,112,0,558,20,55,7,24,3,0,8,5,3,125,28,110,9,12,0,0,6,9,0,171,143,79,31,14,27,47,33,27,8,398,15,37,20,64,7,3,10,20,0,170,4,3,3,0,0,4,3,0,0,20,24,0,95,8,6,12,27,30,4,201,0,0,0,0,0,0,0,3,0,10,7,3,15,4,3,5,12,4,3,65,38,7,43,9,5,16,51,56,22,248,928,492,1574,157,103,165,572,471,98,4564,13,12,9,4,6,3,0,0,0,46,3,3,0,4,12,6,0,6,0,24,8,5,24,3,10,5,7,10,3,74,3,12,4,0,4,0,3,4,0,27,37,18,12,21,32,7,7,27,0,163
LGA37340,8,20,11,3,0,0,3,12,0,62,12,18,18,7,0,0,3,6,3,67,251,249,1063,55,43,50,347,202,32,2289,151,23,359,11,6,10,102,113,9,793,50,26,67,6,6,3,27,54,0,233,18,79,9,41,0,0,4,7,0,157,22,90,15,6,0,0,13,9,0,151,154,56,41,57,37,34,41,45,8,477,22,36,12,94,5,15,29,31,3,241,12,18,13,9,0,3,0,15,0,69,59,9,191,34,7,12,45,46,5,415,0,0,0,0,0,3,0,12,0,20,10,8,6,9,0,3,19,6,3,71,18,18,51,10,4,15,46,63,28,247,785,652,1859,329,128,156,679,618,89,5285,11,18,13,8,12,8,0,8,0,76,0,7,0,0,5,7,0,3,0,28,6,15,13,14,13,9,13,19,0,107,3,12,5,3,0,0,0,4,0,31,15,19,15,11,11,6,0,13,0,87
LGA37400,0,0,0,0,0,0,0,0,0,5,0,0,0,0,0,0,0,0,0,4,15,3,21,0,0,0,8,3,0,56,3,0,7,0,0,0,3,5,0,17,13,0,4,0,0,0,0,6,0,23,0,3,0,0,0,0,0,0,0,8,0,0,0,0,0,0,0,0,0,0,6,0,0,0,0,0,0,0,0,10,0,0,0,3,0,0,0,0,0,4,0,0,0,0,0,0,0,0,0,3,0,0,9,0,0,0,3,4,0,14,0,0,0,0,0,0,0,0,0,0,0,0,0,0,0,0,0,0,0,0,4,0,0,0,0,0,0,3,0,12,40,10,46,8,3,3,17,20,3,139,0,0,0,3,0,0,0,0,0,3,0,0,0,0,0,0,0,0,0,0,0,0,3,0,0,0,0,0,0,3,0,0,0,0,0,0,0,0,0,0,3,0,0,0,0,3,0,4,0,12
LGA37550,0,0,0,0,0,0,0,0,0,0,0,0,0,0,0,0,0,0,0,0,0,0,0,0,0,0,0,0,0,3,3,0,7,0,0,0,0,0,0,7,0,0,0,0,0,0,0,0,0,4,0,0,0,0,0,0,0,0,0,4,0,0,0,4,0,0,0,0,0,9,0,0,0,0,0,0,0,0,0,4,0,0,0,3,0,0,0,0,0,3,0,0,0,0,0,0,0,0,0,0,0,0,0,0,0,0,0,0,0,0,0,0,0,0,0,0,0,0,0,0,0,0,0,0,0,0,0,0,0,3,0,0,0,4,0,0,0,6,0,16,11,4,10,14,3,3,0,7,0,55,0,0,0,0,0,0,0,0,0,0,0,0,0,0,0,0,0,0,0,0,0,0,0,0,0,0,0,0,0,0,0,0,0,0,0,0,0,0,0,0,0,0,0,0,0,0,0,0,0,0
LGA37570,0,0,0,0,0,0,0,0,0,0,0,0,0,0,0,0,0,0,0,0,0,0,0,0,0,0,0,0,0,4,0,0,0,0,0,0,0,0,0,0,0,0,0,0,0,0,0,0,0,0,0,3,0,0,0,0,0,0,0,3,0,0,0,0,0,0,0,0,0,0,0,0,0,0,0,0,0,0,0,0,0,0,0,0,0,0,0,0,0,3,0,0,0,0,0,0,0,0,0,0,0,0,0,0,0,0,0,0,0,0,0,0,0,0,0,0,0,0,0,0,0,0,0,0,0,0,0,0,0,0,0,0,0,0,0,0,0,0,0,4,3,3,3,0,3,0,4,0,0,16,0,0,0,0,0,0,0,0,0,0,0,0,0,0,0,0,0,0,0,0,0,0,0,0,0,0,0,0,0,0,0,0,0,0,0,0,0,0,0,0,0,0,0,0,0,0,0,0,0,0
LGA37600,0,0,0,0,0,0,0,0,0,0,0,0,0,0,0,0,0,0,0,0,0,4,12,0,0,0,3,4,3,26,3,0,10,0,0,0,0,3,3,18,0,3,0,0,0,0,0,0,0,7,0,3,0,5,0,0,0,0,0,10,4,5,0,0,0,0,0,0,0,3,3,0,0,3,0,0,0,0,0,6,0,6,0,5,0,0,0,0,0,14,0,0,0,0,0,0,0,0,0,0,0,0,0,0,0,0,0,0,0,0,0,0,0,0,0,0,0,0,0,0,0,0,0,0,0,0,0,0,0,0,0,3,4,3,0,0,0,0,0,12,7,19,24,23,0,0,3,13,8,99,0,0,0,0,0,0,0,0,0,0,0,0,0,0,0,0,0,0,0,0,0,0,0,0,0,0,0,0,0,0,0,0,0,0,0,0,0,0,0,0,0,0,0,0,0,0,0,0,0,0
LGA39499,3,13,4,5,0,0,3,5,0,39,0,9,0,4,0,0,3,6,0,22,29,41,115,15,6,6,45,54,9,310,10,9,67,3,0,4,11,39,4,141,0,0,14,3,0,3,15,20,0,53,0,41,3,5,0,0,0,6,0,57,0,15,0,0,0,0,0,0,0,31,25,27,6,9,17,4,13,36,0,136,9,8,6,23,5,3,7,28,3,94,5,14,4,3,0,0,0,13,0,47,8,0,26,8,5,0,3,8,0,63,0,0,0,0,0,0,0,0,0,0,3,3,3,3,0,0,4,3,3,26,4,0,11,3,0,3,7,12,18,54,95,180,264,79,37,29,113,234,41,1070,3,3,4,3,0,0,0,3,0,21,0,0,0,3,3,0,0,0,0,8,0,3,3,0,0,0,0,8,3,24,0,5,0,3,0,0,0,0,0,12,4,4,3,0,0,0,0,4,0,18
LGA39799,0,0,0,0,0,0,0,0,0,0,0,0,0,0,0,0,0,0,0,0,0,0,0,0,0,0,0,3,0,3,0,0,0,0,0,0,0,0,0,3,0,0,0,0,0,0,0,0,0,0,0,0,0,0,0,0,0,0,0,0,0,0,0,0,0,0,0,0,0,0,0,0,0,0,0,0,0,0,0,0,0,0,0,0,0,0,0,0,0,0,0,0,0,0,0,0,0,0,0,0,0,0,0,0,0,0,0,0,0,0,0,0,0,0,0,0,0,0,0,0,0,0,0,0,0,0,0,0,0,0,0,0,0,0,0,0,0,0,0,0,3,0,3,0,0,0,0,3,0,10,0,0,0,0,0,0,0,0,0,0,0,0,0,0,0,0,0,0,0,0,0,0,0,0,0,0,0,0,0,0,0,0,0,0,0,0,0,0,0,0,0,0,0,0,0,0,0,0,0,0
