LGA_CODE_2016,M_15_19_yr_Married,M_15_19_yr_Separated,M_15_19_yr_Divorced,M_15_19_yr_Widowed,M_15_19_yr_Never_Married,M_15_19_yr_Tot,M_20_24_yr_Married,M_20_24_yr_Separated,M_20_24_yr_Divorced,M_20_24_yr_Widowed,M_20_24_yr_Never_Married,M_20_24_yr_Tot,M_25_34_yr_Married,M_25_34_yr_Separated,M_25_34_yr_Divorced,M_25_34_yr_Widowed,M_25_34_yr_Never_Married,M_25_34_yr_Tot,M_35_44_yr_Married,M_35_44_yr_Separated,M_35_44_yr_Divorced,M_35_44_yr_Widowed,M_35_44_yr_Never_Married,M_35_44_yr_Tot,M_45_54_yr_Married,M_45_54_yr_Separated,M_45_54_yr_Divorced,M_45_54_yr_Widowed,M_45_54_yr_Never_Married,M_45_54_yr_Tot,M_55_64_yr_Married,M_55_64_yr_Separated,M_55_64_yr_Divorced,M_55_64_yr_Widowed,M_55_64_yr_Never_Married,M_55_64_yr_Tot,M_65_74_yr_Married,M_65_74_yr_Separated,M_65_74_yr_Divorced,M_65_74_yr_Widowed,M_65_74_yr_Never_Married,M_65_74_yr_Tot,M_75_84_yr_Married,M_75_84_yr_Separated,M_75_84_yr_Divorced,M_75_84_yr_Widowed,M_75_84_yr_Never_Married,M_75_84_yr_Tot,M_85ov_Married,M_85ov_Separated,M_85ov_Divorced,M_85ov_Widowed,M_85ov_Never_Married,M_85ov_Tot,M_Tot_Married,M_Tot_Separated,M_Tot_Divorced,M_Tot_Widowed,M_Tot_Never_Married,M_Tot_Tot,F_15_19_yr_Married,F_15_19_yr_Separated,F_15_19_yr_Divorced,F_15_19_yr_Widowed,F_15_19_yr_Never_Married,F_15_19_yr_Tot,F_20_24_yr_Married,F_20_24_yr_Separated,F_20_24_yr_Divorced,F_20_24_yr_Widowed,F_20_24_yr_Never_Married,F_20_24_yr_Tot,F_25_34_yr_Married,F_25_34_yr_Separated,F_25_34_yr_Divorced,F_25_34_yr_Widowed,F_25_34_yr_Never_Married,F_25_34_yr_Tot,F_35_44_yr_Married,F_35_44_yr_Separated,F_35_44_yr_Divorced,F_35_44_yr_Widowed,F_35_44_yr_Never_Married,F_35_44_yr_Tot,F_45_54_yr_Married,F_45_54_yr_Separated,F_45_54_yr_Divorced,F_45_54_yr_Widowed,F_45_54_yr_Never_Married,F_45_54_yr_Tot,F_55_64_yr_Married,F_55_64_yr_Separated,F_55_64_yr_Divorced,F_55_64_yr_Widowed,F_55_64_yr_Never_Married,F_55_64_yr_Tot,F_65_74_yr_Married,F_65_74_yr_Separated,F_65_74_yr_Divorced,F_65_74_yr_Widowed,F_65_74_yr_Never_Married,F_65_74_yr_Tot,F_75_84_yr_Married,F_75_84_yr_Separated,F_75_84_yr_Divorced,F_75_84_yr_Widowed,F_75_84_yr_Never_Married,F_75_84_yr_Tot,F_85ov_Married,F_85ov_Separated,F_85ov_Divorced,F_85ov_Widowed,F_85ov_Never_Married,F_85ov_Tot,F_Tot_Married,F_Tot_Separated,F_Tot_Divorced,F_Tot_Widowed,F_Tot_Never_Married,F_Tot_Tot,P_15_19_yr_Married,P_15_19_yr_Separated,P_15_19_yr_Divorced,P_15_19_yr_Widowed,P_15_19_yr_Never_Married,P_15_19_yr_Tot,P_20_24_yr_Married,P_20_24_yr_Separated,P_20_24_yr_Divorced,P_20_24_yr_Widowed,P_20_24_yr_Never_Married,P_20_24_yr_Tot,P_25_34_yr_Married,P_25_34_yr_Separated,P_25_34_yr_Divorced,P_25_34_yr_Widowed,P_25_34_yr_Never_Married,P_25_34_yr_Tot,P_35_44_yr_Married,P_35_44_yr_Separated,P_35_44_yr_Divorced,P_35_44_yr_Widowed,P_35_44_yr_Never_Married,P_35_44_yr_Tot,P_45_54_yr_Married,P_45_54_yr_Separated,P_45_54_yr_Divorced,P_45_54_yr_Widowed,P_45_54_yr_Never_Married,P_45_54_yr_Tot,P_55_64_yr_Married,P_55_64_yr_Separated,P_55_64_yr_Divorced,P_55_64_yr_Widowed,P_55_64_yr_Never_Married,P_55_64_yr_Tot,P_65_74_yr_Married,P_65_74_yr_Separated,P_65_74_yr_Divorced,P_65_74_yr_Widowed,P_65_74_yr_Never_Married,P_65_74_yr_Tot,P_75_84_yr_Married,P_75_84_yr_Separated,P_75_84_yr_Divorced,P_75_84_yr_Widowed,P_75_84_yr_Never_Married,P_75_84_yr_Tot,P_85ov_Married,P_85ov_Separated,P_85ov_Divorced,P_85ov_Widowed,P_85ov_Never_Married,P_85ov_Tot,P_Tot_Married,P_Tot_Separated,P_Tot_Divorced,P_Tot_Widowed,P_Tot_Never_Married,P_Tot_Tot
LGA30250,3,0,0,0,34,36,6,0,0,0,52,55,8,0,0,0,85,95,22,0,0,0,75,91,21,3,8,0,63,85,8,0,6,0,28,46,8,0,0,4,11,23,0,0,0,3,0,3,0,0,0,0,0,3,72,7,13,9,347,449,0,0,0,0,44,47,10,0,0,0,58,64,15,0,0,0,89,107,15,0,0,0,64,81,11,0,0,3,70,82,8,3,3,7,34,50,3,0,0,5,10,23,0,0,0,3,0,7,0,0,0,0,0,0,68,3,5,16,363,459,3,0,0,0,82,84,13,0,0,0,108,114,21,0,0,0,177,201,32,0,0,0,132,174,30,3,5,3,127,169,19,4,7,9,63,101,11,0,0,8,17,44,3,0,0,7,3,9,0,0,0,4,0,0,134,13,19,32,711,901
LGA30300,0,0,0,0,136,136,9,0,0,0,92,98,90,3,3,0,149,238,173,11,8,0,79,271,231,10,31,3,66,337,177,9,46,8,58,301,148,24,35,16,19,236,67,0,12,19,8,110,14,0,0,4,3,16,901,65,135,39,605,1748,0,0,0,0,130,130,9,3,0,3,93,105,129,3,5,0,149,278,192,7,8,3,60,274,202,12,26,8,53,304,192,12,44,24,18,288,115,9,12,42,0,182,49,0,8,32,4,95,4,0,0,35,4,46,880,49,105,149,515,1692,0,0,0,0,262,266,10,3,0,3,186,205,214,8,6,0,295,517,364,15,18,3,142,545,432,29,62,10,119,639,367,23,90,27,77,582,261,32,43,57,25,415,112,0,21,50,13,202,19,0,0,41,3,64,1780,112,245,186,1118,3437
LGA30370,0,0,0,0,395,397,20,0,0,0,402,423,453,34,15,0,500,999,673,35,59,3,234,1000,665,56,109,3,173,1002,631,45,126,20,123,942,423,21,61,38,54,593,216,16,25,43,23,324,49,4,3,27,5,87,3132,204,400,128,1910,5769,3,0,0,0,381,378,45,3,0,0,307,349,536,30,22,0,339,925,652,31,73,3,175,931,705,55,87,22,103,971,567,40,99,53,48,808,365,14,39,101,16,541,146,6,11,163,6,338,17,0,4,103,4,131,3037,184,341,444,1379,5383,3,0,0,0,774,776,65,3,0,0,709,779,983,62,30,0,842,1926,1322,60,126,7,411,1935,1376,107,199,21,278,1976,1195,88,232,66,173,1749,794,34,101,140,63,1133,363,21,34,208,31,661,67,4,8,127,10,211,6169,385,740,571,3292,11152
LGA30410,0,0,0,0,61,59,3,0,0,0,85,89,65,3,0,0,80,152,89,10,5,0,46,152,144,15,21,0,42,222,129,6,30,5,33,201,97,3,17,15,18,158,59,5,5,15,6,96,10,0,0,9,3,18,602,46,78,46,375,1141,0,0,0,0,62,62,9,0,0,0,62,69,88,0,3,0,92,185,109,8,6,0,54,174,135,13,22,7,36,210,120,9,24,11,17,183,97,6,12,24,6,151,35,0,4,39,3,82,8,0,0,18,0,28,594,36,80,103,331,1143,0,0,0,0,121,122,8,0,0,0,148,158,155,8,3,0,171,337,198,13,13,0,100,327,274,31,45,4,81,431,248,16,58,16,43,382,201,14,30,39,27,304,93,5,9,58,6,172,14,0,0,28,4,51,1194,80,159,147,699,2279
LGA30450,0,0,0,0,11,11,0,0,0,0,5,5,0,0,0,0,9,20,4,0,0,0,7,13,22,0,7,0,5,32,16,0,0,0,3,27,11,0,3,0,5,16,0,0,3,0,5,4,0,0,0,0,0,0,55,0,9,4,50,129,0,0,0,0,3,3,0,0,0,0,12,12,0,0,0,0,9,11,6,0,0,0,4,15,14,0,4,3,0,22,12,0,6,0,0,21,7,0,3,5,0,16,0,0,0,5,0,5,0,0,0,3,0,3,50,3,13,8,31,104,0,0,0,0,16,16,0,0,0,0,18,19,5,0,0,0,24,26,10,0,0,0,9,23,40,0,5,3,11,56,30,0,3,0,3,40,15,0,3,6,4,33,0,0,3,5,5,5,0,0,0,3,0,3,106,0,24,13,86,232
LGA30760,0,0,0,0,43,43,3,0,0,0,36,37,31,3,0,0,67,104,66,0,7,0,26,101,78,8,4,0,31,121,127,6,21,4,18,171,102,6,17,6,6,137,34,3,9,9,4,58,3,0,0,7,3,14,439,32,53,28,232,778,0,0,0,0,36,36,0,0,0,0,32,33,36,3,3,0,50,96,80,0,11,0,32,123,97,12,11,0,16,136,112,9,17,8,4,156,74,5,14,18,3,115,16,0,5,36,3,61,3,0,0,21,3,25,424,32,73,85,173,788,0,0,0,0,83,83,3,0,0,0,66,67,68,4,3,0,118,200,146,3,21,0,56,220,172,16,19,3,53,257,241,19,36,9,20,321,176,13,35,27,4,258,51,8,11,44,4,126,5,0,0,25,4,42,862,65,125,109,405,1572
LGA30900,0,0,0,0,11,11,0,0,0,0,16,16,6,0,0,0,25,36,12,0,3,0,20,32,14,0,0,0,12,31,21,6,4,0,5,37,9,0,3,3,0,18,3,0,0,0,0,8,0,0,0,0,0,0,66,5,12,3,100,189,0,0,0,0,6,6,0,0,0,0,22,22,17,0,0,0,33,44,3,3,0,0,12,19,11,0,3,0,3,18,16,3,5,3,4,29,3,0,0,0,0,5,3,0,0,0,0,3,0,0,0,0,0,0,51,8,12,5,80,156,0,0,0,0,22,22,0,0,0,0,37,37,21,0,0,0,60,81,12,3,3,0,32,50,29,0,3,0,15,55,36,5,9,3,9,70,11,0,5,3,0,25,5,0,0,0,0,9,0,0,0,0,0,0,116,13,22,5,181,351
LGA31000,96,12,15,11,34975,35109,1370,80,49,30,47402,48925,32183,1315,1474,71,62566,97604,50935,2730,4751,187,23469,82075,46445,3227,7985,385,14075,72118,36663,2278,8270,834,7251,55295,26299,1348,5091,1500,3147,37384,12986,445,1694,2214,1219,18558,3899,108,341,2350,373,7071,210869,11548,29664,7585,194482,454147,140,12,11,13,34658,34840,2705,147,101,29,46373,49360,40196,1864,2142,145,53749,98089,52747,3419,6609,398,20710,83882,46290,3691,11560,1227,11897,74664,35168,2552,11742,3083,6153,58700,22864,1315,7779,6190,2786,40939,9558,359,2526,9626,1366,23437,2049,75,725,10211,769,13833,211721,13437,43195,30929,178459,477739,238,26,25,25,69635,69948,4072,228,149,65,93773,98289,72375,3175,3613,213,116316,195695,103681,6151,11356,583,44182,165961,92736,6919,19547,1611,25967,146777,71829,4834,20013,3920,13408,113996,49160,2660,12873,7692,5930,78318,22540,800,4214,11846,2583,41994,5948,185,1068,12562,1138,20904,422587,24985,72861,38510,372941,931879
LGA31750,0,0,0,0,4,4,0,0,0,0,9,9,3,0,0,0,21,26,17,3,3,0,9,29,15,0,4,0,9,29,31,0,3,0,7,42,11,0,0,3,0,17,0,0,0,3,0,5,0,0,0,0,0,3,82,4,13,8,56,160,0,0,0,0,8,8,0,0,0,0,10,10,12,0,0,0,12,22,6,3,5,0,8,23,11,3,0,0,3,19,24,0,3,0,0,30,7,0,0,3,0,8,0,0,0,3,0,3,0,0,0,0,0,0,57,7,7,11,51,128,0,0,0,0,18,18,0,0,0,0,23,19,12,0,3,0,34,48,25,3,4,0,16,46,24,3,3,0,10,49,56,0,6,0,10,69,14,0,0,4,0,29,4,0,0,3,0,12,3,0,0,0,0,7,140,8,19,12,107,289
LGA31820,0,0,0,0,2905,2918,118,15,0,0,2244,2375,1487,115,74,7,2746,4434,2614,279,307,10,1513,4718,3409,367,821,48,1256,5896,4067,356,1137,127,727,6419,4438,264,960,303,346,6310,2233,96,353,406,131,3226,548,13,45,288,44,941,18907,1503,3704,1203,11908,37236,9,4,0,0,2685,2705,210,16,8,3,2045,2285,1911,240,149,22,2499,4822,2942,358,518,43,1280,5147,3722,461,1087,137,924,6334,4377,410,1240,438,454,6915,3883,193,903,1036,184,6198,1613,55,312,1385,79,3440,255,6,67,1041,38,1408,18918,1750,4292,4109,10187,39255,12,4,0,4,5594,5624,327,36,9,3,4291,4663,3397,359,226,30,5239,9253,5557,635,823,58,2786,9864,7128,827,1913,187,2172,12237,8444,766,2381,566,1176,13336,8316,452,1859,1346,537,12504,3840,150,669,1792,215,6662,803,21,118,1332,82,2348,37832,3251,7995,5306,22099,76488
LGA31900,0,0,0,0,530,530,14,4,0,0,469,482,294,15,12,0,520,846,573,47,61,3,314,990,726,47,140,16,268,1203,818,68,177,26,170,1268,707,54,146,64,71,1043,381,25,44,67,35,546,93,3,11,58,12,173,3606,263,591,232,2383,7079,0,0,0,0,501,501,47,5,3,0,375,428,371,19,25,4,406,824,622,43,73,3,212,958,771,58,142,23,150,1149,817,55,173,84,92,1220,658,25,92,168,35,979,289,9,22,269,18,603,39,0,11,241,3,293,3614,213,544,793,1802,6960,0,0,0,0,1031,1031,62,5,3,0,845,915,667,27,38,4,928,1673,1188,90,133,10,534,1946,1499,107,286,36,419,2349,1639,122,357,108,267,2493,1361,80,234,233,107,2023,664,31,64,339,54,1153,130,3,22,295,14,463,7217,478,1136,1027,4191,14039
LGA31950,0,0,0,0,12,12,0,0,0,0,14,14,7,0,0,0,16,26,11,0,0,0,12,33,7,0,3,0,11,22,19,3,5,0,9,32,5,0,0,0,0,15,0,0,0,0,0,0,0,0,0,0,0,0,60,4,10,5,74,149,0,0,0,0,7,7,0,0,0,0,12,12,8,0,3,0,16,24,6,0,0,0,13,19,15,0,0,0,8,20,17,0,4,0,0,27,5,0,3,0,0,11,0,0,0,0,0,0,0,0,0,0,0,0,47,0,17,0,59,120,0,0,0,0,15,15,0,0,0,0,29,29,15,0,3,0,35,52,15,0,3,0,24,46,20,0,5,0,18,47,37,3,11,0,10,60,14,0,6,0,0,22,0,0,0,0,0,3,0,0,0,0,0,0,100,5,28,5,132,274
LGA32080,12,4,3,3,5027,5045,133,9,12,0,4374,4531,3006,174,169,11,6758,10123,5514,448,682,30,3923,10599,6010,606,1550,79,2942,11183,5361,502,1783,169,1673,9482,4117,305,1217,290,671,6599,1681,110,335,314,194,2629,346,24,55,242,39,698,26162,2184,5800,1133,25611,60893,23,3,0,3,4731,4762,275,27,9,6,4305,4618,4070,294,290,25,6517,11202,6315,673,1123,107,3874,12096,6175,762,2158,285,2318,11700,5218,526,2069,608,1108,9542,3186,250,1244,983,353,6026,1060,64,333,1154,77,2682,178,12,62,984,50,1284,26508,2618,7288,4155,23330,63897,30,10,3,3,9760,9803,401,34,18,6,8682,9148,7070,473,465,40,13274,21325,11829,1125,1804,138,7797,22691,12189,1365,3704,363,5267,22880,10581,1033,3852,780,2779,19022,7306,556,2459,1277,1023,12624,2737,173,672,1463,271,5312,522,33,119,1218,92,1981,52669,4799,13088,5287,48940,124795
LGA32250,0,0,0,0,48,48,0,0,0,4,59,68,37,0,0,0,88,121,54,0,8,0,55,112,70,8,9,0,56,143,66,10,31,4,28,139,53,3,31,8,25,116,22,4,9,5,7,41,0,0,0,3,3,9,296,28,89,21,363,803,0,0,0,0,46,46,8,0,0,0,64,68,40,3,0,0,91,132,47,3,11,0,64,120,66,4,15,8,57,151,61,10,23,11,21,120,42,4,7,10,10,81,9,0,3,8,5,23,0,0,0,0,0,0,271,24,61,33,356,743,0,0,0,0,97,97,8,0,0,4,124,135,75,3,3,0,176,259,103,5,15,0,113,240,133,13,24,6,113,295,126,21,54,12,44,260,99,10,37,23,31,193,31,4,15,10,12,64,0,0,0,3,5,10,569,51,145,58,716,1548
LGA32260,3,0,0,3,803,809,33,3,0,3,728,769,511,30,22,3,1027,1594,780,55,85,3,600,1518,1078,117,264,16,602,2083,1337,125,428,40,405,2328,1098,88,297,76,169,1735,589,29,111,117,62,909,135,4,16,79,20,256,5565,454,1224,335,4415,11994,9,0,0,3,745,752,69,11,6,3,579,666,649,38,29,3,853,1571,892,72,121,13,536,1630,1161,126,284,57,344,1971,1359,96,353,128,220,2149,978,48,196,244,59,1530,361,10,59,358,20,799,58,0,23,303,11,392,5526,395,1071,1110,3359,11469,9,0,0,3,1545,1562,100,10,6,3,1314,1435,1162,69,50,5,1877,3164,1669,123,204,15,1133,3148,2239,246,550,76,944,4050,2692,219,775,164,623,4483,2082,136,495,316,229,3266,942,37,175,471,80,1712,188,8,35,384,31,647,11091,847,2293,1452,7780,23462
LGA32270,3,0,0,0,834,843,43,4,0,0,826,873,1057,37,32,8,1213,2342,1432,93,126,4,554,2214,1358,149,261,17,373,2154,1051,87,269,24,182,1613,472,54,159,40,76,804,168,14,51,48,22,303,33,0,9,13,7,65,5608,444,899,156,4087,11196,0,0,0,0,726,726,82,6,5,0,747,842,1286,57,49,4,898,2297,1353,87,132,8,344,1924,1246,89,240,34,209,1815,898,68,215,76,72,1328,381,24,87,109,16,620,98,5,27,112,9,256,12,0,3,45,0,67,5362,337,771,392,3025,9878,4,0,0,0,1563,1571,133,9,3,0,1577,1720,2337,95,78,7,2112,4634,2785,180,264,10,897,4135,2599,237,504,51,581,3964,1941,156,487,99,248,2939,849,79,247,156,95,1424,273,17,82,158,33,558,46,0,13,63,12,133,10973,780,1671,544,7108,21073
LGA32310,0,0,0,0,455,455,10,0,0,0,270,279,188,8,9,0,350,557,386,32,31,0,237,689,411,34,79,8,167,694,498,33,125,15,132,796,415,28,116,44,72,674,213,19,50,35,27,341,36,0,10,29,4,76,2158,145,415,133,1710,4562,3,0,0,0,431,433,26,3,0,0,244,273,255,21,16,0,336,629,423,50,69,4,200,736,473,58,126,18,149,820,460,29,134,70,69,764,387,26,83,117,32,638,142,11,31,149,5,335,15,0,0,99,11,133,2186,198,466,449,1470,4761,3,0,0,0,891,893,42,3,0,0,508,553,450,31,22,0,684,1187,807,76,99,3,437,1420,880,95,198,29,308,1513,958,61,264,86,202,1563,800,51,202,157,102,1313,356,30,81,184,35,675,51,3,13,130,14,211,4345,343,884,583,3181,9327
LGA32330,0,0,0,0,73,73,0,0,0,0,51,51,3,0,0,0,61,66,10,0,0,0,60,67,9,0,0,0,51,64,14,0,0,0,24,42,3,0,0,0,0,8,0,0,0,0,0,3,0,0,0,0,0,0,34,3,5,8,328,374,0,0,0,0,60,60,0,0,0,0,65,65,4,0,0,0,82,83,10,0,0,0,68,80,8,0,5,0,52,66,8,0,0,3,31,44,4,0,3,8,13,27,0,0,0,5,0,5,0,0,0,5,0,5,30,0,6,17,374,433,0,0,0,0,134,134,0,0,0,0,122,122,3,0,0,0,141,148,18,0,0,0,123,146,13,0,5,0,105,121,24,3,0,0,53,82,5,0,4,9,14,37,0,0,0,7,3,10,0,0,0,5,0,5,65,4,12,23,699,807
LGA32450,0,0,0,0,86,88,4,0,0,0,101,103,104,3,3,6,190,308,139,4,7,0,109,262,117,21,36,0,70,243,127,11,28,9,56,229,71,13,24,8,8,129,13,3,3,12,0,28,5,0,0,4,3,11,583,53,112,36,617,1397,0,0,0,0,64,64,10,0,0,0,87,100,77,3,0,6,159,245,85,5,4,7,60,167,99,11,24,0,40,168,92,17,24,8,23,159,48,3,7,17,8,77,10,0,5,17,0,30,0,0,0,7,0,7,421,34,65,62,442,1016,0,0,0,0,144,145,9,0,0,0,184,202,188,10,4,8,346,551,226,10,17,7,171,422,221,29,55,3,114,416,222,27,49,15,72,385,117,17,38,23,19,206,24,3,4,32,0,64,6,0,0,7,4,20,1006,84,176,99,1056,2416
LGA32500,0,0,0,0,111,111,4,0,0,0,158,159,46,7,0,0,207,264,96,7,17,0,155,275,118,21,42,6,122,317,147,17,68,6,101,335,149,18,92,15,56,341,37,5,14,13,18,91,0,0,0,0,10,18,609,81,239,44,930,1901,0,0,0,0,84,84,7,0,0,0,116,127,71,6,7,0,181,270,94,10,7,0,122,232,105,23,37,6,73,249,166,25,61,22,79,348,106,6,30,19,9,166,17,0,5,25,3,50,3,0,3,12,0,18,567,68,148,86,664,1534,0,0,0,0,194,194,9,3,0,0,273,291,117,14,3,0,391,528,194,13,22,0,271,507,224,42,82,13,199,563,305,41,127,31,172,686,256,30,125,30,67,506,53,4,21,36,14,136,7,0,3,20,10,31,1174,145,389,135,1592,3439
LGA32600,0,0,0,0,4,4,0,0,0,0,13,11,3,0,0,0,15,21,7,0,4,0,7,22,15,0,4,0,3,20,9,0,11,3,7,32,4,0,3,0,3,8,3,0,0,0,0,3,0,0,0,0,0,4,50,0,22,0,45,126,0,0,0,0,0,0,0,0,0,0,8,8,3,0,0,0,16,18,15,5,0,0,4,23,11,0,0,4,5,26,7,3,0,0,0,20,3,0,0,0,0,10,3,0,0,0,0,3,0,0,0,0,0,0,52,6,3,8,38,108,0,0,0,0,4,4,0,0,0,0,19,24,14,0,0,0,30,37,26,5,4,0,14,45,33,0,4,4,7,49,21,8,15,3,6,49,8,0,4,0,3,20,4,0,0,0,0,4,0,0,0,0,0,4,103,14,22,9,86,229
LGA32750,0,0,0,0,17,17,0,0,0,0,21,20,9,0,0,0,13,22,11,0,0,0,7,18,13,0,3,0,8,18,15,0,0,0,0,18,5,0,3,0,3,9,0,0,0,0,0,0,0,0,0,0,0,0,48,3,7,0,67,118,0,0,0,0,16,14,0,0,0,0,13,13,9,0,0,0,18,26,11,3,0,0,0,17,10,0,0,0,5,23,13,0,3,3,0,14,0,0,0,0,0,5,0,0,0,0,0,0,0,0,0,0,0,0,43,4,4,5,55,114,0,0,0,0,29,32,0,0,0,0,34,38,18,0,0,0,29,43,16,3,0,0,12,33,27,3,3,0,14,42,21,0,3,3,0,36,9,0,3,0,3,17,0,0,0,0,0,0,0,0,0,0,0,0,89,9,13,5,123,239
LGA32770,0,0,0,0,47,47,0,0,0,0,69,69,13,0,0,0,80,96,23,0,5,0,61,87,15,4,0,0,24,39,21,0,4,0,16,39,7,0,0,6,0,13,0,0,0,4,0,5,0,0,0,0,0,0,74,4,10,11,302,399,0,0,0,0,69,75,0,0,0,0,54,54,10,0,0,0,113,127,20,0,0,0,64,85,30,0,3,4,23,59,19,0,0,9,4,39,0,0,0,3,3,15,0,0,0,5,0,3,0,0,0,0,0,0,84,9,3,24,343,466,0,0,0,0,121,119,0,0,0,0,126,126,18,0,0,0,198,222,43,0,5,0,127,177,43,7,4,4,45,102,42,0,4,14,18,80,9,0,0,9,9,24,3,0,0,6,0,12,0,0,0,0,0,0,160,14,8,37,646,862
LGA32810,0,0,0,0,269,274,3,0,3,0,241,247,165,12,6,0,520,707,328,24,58,4,360,776,443,41,101,8,299,896,493,63,212,15,208,989,395,32,148,36,55,665,178,12,49,36,23,298,23,0,9,30,9,72,2035,170,585,130,1992,4911,0,0,0,0,255,257,9,0,0,0,258,268,229,19,21,5,543,810,393,46,66,3,290,800,452,50,157,17,230,915,490,41,189,45,137,904,349,12,124,75,37,595,98,4,37,92,11,237,12,3,8,61,0,86,2035,171,592,302,1766,4867,3,0,0,0,527,529,9,0,3,0,501,511,395,23,28,7,1066,1520,726,68,121,7,649,1573,899,93,258,23,537,1810,978,99,395,66,352,1893,746,42,272,109,89,1259,274,14,82,125,33,535,38,3,11,95,9,159,4074,347,1180,430,3757,9783
LGA33100,0,0,0,0,22,18,3,0,0,0,13,19,23,0,0,0,27,53,21,0,0,0,15,37,39,5,11,0,14,66,45,3,19,0,10,74,32,5,14,6,11,71,12,0,7,0,3,26,0,0,0,0,0,0,174,8,53,9,117,362,0,0,0,0,13,13,0,0,0,0,10,10,23,0,0,0,35,56,20,3,0,0,11,40,36,0,13,0,8,56,40,3,13,0,0,54,28,0,5,9,0,42,3,0,0,8,0,15,0,0,0,4,0,4,157,9,24,23,77,288,0,0,0,0,31,32,3,0,0,0,25,27,44,0,0,0,63,112,49,3,3,0,30,74,72,7,18,0,20,126,81,3,31,0,11,127,65,5,16,14,8,108,22,0,7,11,6,41,0,0,0,3,0,3,331,19,74,32,195,651
LGA33200,0,0,0,0,45,45,6,0,0,0,54,59,25,0,3,0,57,92,51,0,5,0,24,80,74,3,14,0,26,112,75,5,19,7,13,121,66,3,12,9,11,95,26,0,0,3,4,36,4,0,3,3,6,12,321,10,60,24,225,643,0,0,0,0,29,29,6,0,0,0,36,46,46,0,3,0,44,93,57,3,4,0,23,79,74,3,15,0,16,112,64,3,16,10,12,98,69,5,10,26,3,110,12,0,3,23,0,41,0,0,0,11,0,21,327,16,48,67,163,625,0,0,0,0,70,70,9,0,0,0,92,103,70,0,4,0,103,179,104,0,7,0,44,156,151,3,24,0,42,223,138,5,35,12,24,215,130,4,29,30,11,206,42,3,3,28,5,78,7,0,4,17,7,28,650,30,107,94,390,1269
LGA33220,0,0,0,0,2829,2834,82,13,3,3,2105,2204,1315,124,88,9,2683,4221,2537,279,358,19,1932,5121,3323,416,862,45,1434,6086,4637,427,1402,152,793,7402,5730,374,1249,356,399,8103,2800,125,440,504,142,4007,568,25,67,339,49,1046,20992,1779,4472,1426,12354,41025,0,0,0,5,2730,2734,148,20,3,0,1899,2069,1706,218,137,9,2393,4469,2885,420,626,57,1590,5584,3812,539,1231,163,1103,6851,5041,467,1617,501,550,8170,5156,273,1241,1149,210,8031,1915,65,381,1581,69,4009,275,14,82,1108,36,1513,20947,2019,5324,4574,10572,43429,3,0,0,5,5555,5564,235,38,7,4,4001,4275,3022,345,230,12,5078,8687,5421,690,988,79,3522,10698,7133,962,2095,206,2537,12938,9676,894,3017,649,1338,15576,10880,647,2486,1514,609,16133,4718,192,823,2083,209,8018,848,33,151,1444,82,2553,41933,3795,9800,6001,22929,84458
LGA33360,5,0,0,0,2033,2038,90,9,3,3,1791,1893,1619,112,85,3,2321,4141,2765,198,286,11,1217,4470,2895,295,659,30,945,4831,2568,204,686,87,452,3994,1445,108,367,131,120,2175,570,30,98,112,40,849,89,6,14,71,10,186,12046,966,2197,442,8934,24583,12,0,0,0,1747,1760,153,16,3,7,1560,1739,2142,174,109,7,1992,4414,2842,247,352,34,901,4376,2822,248,635,101,575,4380,2253,153,533,179,161,3275,1249,68,289,337,41,1980,365,5,65,410,21,873,46,4,12,246,14,325,11877,915,1998,1313,7009,23119,15,3,0,0,3785,3803,242,23,9,10,3353,3638,3757,284,187,6,4310,8552,5606,445,636,41,2122,8849,5723,544,1296,130,1526,9209,4826,353,1217,258,615,7270,2692,174,660,469,160,4150,932,39,165,518,58,1721,131,9,26,315,26,509,23925,1876,4196,1755,15945,47696
LGA33430,48,15,5,8,17165,17242,521,43,20,11,17733,18332,11351,581,595,35,24522,37081,20908,1624,2569,86,11792,36974,21710,2029,4938,227,7106,36004,19382,1488,5434,529,3405,30231,17647,1082,4393,1047,1435,25601,8800,390,1478,1454,538,12661,2348,76,306,1437,179,4345,102707,7331,19744,4835,83868,218486,46,6,8,18,16828,16903,1018,90,17,14,17790,18929,15054,1100,1057,68,22064,39337,23083,2376,3876,236,10031,39593,22411,2659,7509,672,5719,38965,19326,1825,8277,1833,2588,33851,15548,1037,5683,4025,1022,27312,6028,262,1910,5626,352,14181,1331,46,467,5299,161,7302,103854,9395,28788,17787,76560,236378,92,21,11,24,33994,34146,1539,139,40,30,35522,37264,26405,1683,1656,98,46579,76418,43990,4000,6446,318,21821,76569,44113,4686,12445,900,12821,74972,38708,3314,13711,2363,5997,64086,33196,2117,10070,5070,2462,52921,14830,656,3386,7085,886,26838,3677,122,768,6735,343,11643,206557,16733,48527,22619,160429,454866
LGA33610,0,0,0,0,300,296,16,0,0,0,260,273,254,7,12,0,327,597,391,25,25,0,158,596,437,47,83,8,154,726,502,46,131,13,65,758,375,24,71,30,25,529,191,9,27,45,25,300,36,0,3,35,9,85,2197,160,345,135,1321,4156,3,0,0,0,297,296,14,3,0,0,250,271,327,28,9,3,327,697,427,30,36,3,146,644,485,25,80,9,78,676,443,31,86,40,51,656,346,19,56,108,17,540,134,11,16,124,0,288,17,0,3,103,5,129,2202,149,296,391,1160,4201,3,0,0,0,593,595,28,0,3,0,508,547,579,37,21,3,651,1292,810,58,66,3,308,1240,927,72,156,16,230,1403,947,82,222,50,115,1412,725,44,127,138,42,1069,331,15,41,174,25,591,54,0,12,139,14,216,4396,307,639,527,2489,8356
LGA33620,0,3,0,0,1443,1454,51,13,3,0,1045,1105,684,68,57,0,1313,2127,1291,135,175,6,848,2453,1824,205,492,19,808,3347,2383,194,750,59,419,3812,2403,187,617,174,210,3587,1055,53,191,193,87,1579,251,4,33,118,24,427,9934,865,2312,574,6191,19878,0,0,0,4,1360,1367,86,16,5,0,956,1062,950,123,84,4,1171,2334,1481,194,285,25,772,2758,2085,247,652,76,574,3630,2426,201,790,227,266,3912,2145,101,554,521,94,3420,695,19,158,613,41,1533,126,4,30,427,29,616,10002,906,2565,1893,5263,20624,3,3,6,4,2801,2817,134,27,8,0,1998,2171,1640,191,135,5,2483,4459,2770,327,458,31,1618,5210,3905,448,1144,102,1380,6976,4814,401,1537,288,680,7719,4544,287,1178,696,302,7007,1750,74,352,804,129,3108,378,10,61,546,48,1037,19938,1768,4876,2472,11452,40504
LGA33800,0,0,0,0,365,365,8,0,0,0,250,256,155,6,3,0,271,443,299,6,22,0,177,514,445,21,74,5,208,747,580,38,135,23,127,899,556,24,118,32,75,806,318,14,42,75,29,477,97,3,6,46,7,161,2456,115,408,176,1517,4669,0,0,0,0,281,283,14,3,0,0,174,192,214,11,11,0,170,403,343,24,47,3,130,539,526,26,96,22,105,773,583,27,100,50,67,826,500,21,68,101,19,707,227,3,31,239,14,520,41,4,3,204,3,253,2447,109,361,614,973,4506,0,0,0,0,649,647,19,3,0,0,427,449,375,18,10,0,439,842,636,34,72,3,308,1053,969,45,173,26,316,1521,1160,67,238,68,200,1728,1051,45,191,134,95,1518,551,13,74,311,45,994,141,9,9,246,10,414,4910,223,763,792,2490,9178
LGA33830,0,0,0,0,47,47,0,0,0,0,38,38,3,0,0,0,68,70,4,0,0,0,67,75,13,3,0,3,29,53,11,11,0,0,18,40,11,0,0,0,0,10,4,0,0,4,0,11,0,0,0,4,0,7,48,17,8,10,268,352,0,0,0,0,50,50,0,0,0,0,37,40,0,0,0,0,66,72,5,0,0,0,43,56,10,4,0,0,24,45,16,4,3,4,6,27,10,0,0,6,0,16,4,0,0,3,0,8,0,0,0,0,0,0,48,7,8,22,233,313,0,0,0,0,89,89,0,0,0,0,78,81,5,0,0,0,134,139,11,0,3,0,115,130,30,10,6,7,55,101,23,12,4,4,25,69,14,0,0,9,0,28,5,0,0,4,0,17,0,0,0,4,0,7,94,20,9,35,503,658
LGA33960,11,0,0,5,6878,6896,331,28,8,5,6578,6944,5415,430,292,12,8256,14403,7157,764,899,29,4046,12896,7078,793,1631,97,2412,12008,6037,533,1538,218,1105,9436,4183,292,877,342,351,6041,1840,93,313,401,125,2776,431,13,46,289,47,835,32487,2941,5613,1406,29789,72237,25,5,0,4,6527,6562,610,59,13,12,6293,6989,6851,743,466,21,7528,15608,7356,1006,1329,135,3500,13318,6992,1006,2185,305,1880,12371,5667,591,2061,616,693,9629,3568,261,1135,1111,213,6298,1344,55,392,1496,108,3395,224,10,53,1071,53,1409,32637,3730,7643,4770,26795,75578,38,7,3,4,13409,13460,935,84,21,17,12869,13931,12269,1170,759,38,15785,30018,14515,1770,2229,161,7547,26216,14070,1798,3820,403,4293,24379,11705,1125,3604,831,1793,19058,7748,554,2014,1456,566,12336,3182,146,703,1892,231,6165,654,16,100,1366,102,2246,65126,6672,13254,6172,56589,147814
LGA33980,0,0,0,0,511,511,31,3,0,0,615,647,908,51,49,0,1109,2119,1194,134,166,3,493,1990,952,96,242,22,295,1609,730,75,243,31,134,1202,284,28,90,32,38,473,90,7,8,19,5,130,15,0,3,4,3,26,4201,390,801,112,3206,8699,5,3,0,0,500,509,68,11,0,0,547,631,1039,36,49,7,764,1895,1005,87,101,4,280,1479,734,70,189,25,162,1177,524,40,120,32,34,751,204,13,36,64,5,325,46,0,8,63,3,128,5,0,3,39,0,49,3630,260,506,231,2307,6937,5,3,0,0,1016,1020,94,15,0,3,1161,1273,1943,92,93,4,1878,4014,2201,218,271,7,776,3470,1689,169,424,44,456,2783,1250,113,356,61,171,1948,488,39,131,98,43,797,132,6,21,88,10,255,19,0,11,46,3,72,7833,648,1307,345,5514,15641
LGA34420,0,0,0,0,42,42,3,0,0,0,31,33,0,0,3,0,62,70,7,3,0,0,58,62,8,0,3,0,39,54,11,0,3,0,28,45,7,0,0,0,12,21,0,0,0,0,0,0,0,0,0,0,0,0,34,6,8,4,268,321,0,0,0,0,33,33,0,0,0,0,47,43,3,0,0,0,82,88,3,0,0,0,61,69,7,5,0,3,50,64,14,0,3,0,36,49,4,3,0,4,8,14,0,0,0,0,0,0,0,0,0,0,3,3,29,8,8,11,313,371,0,0,0,0,69,69,3,0,0,0,75,82,4,0,3,0,149,154,9,6,0,0,119,133,15,5,6,4,89,119,25,3,9,0,60,95,7,3,0,3,17,35,0,0,0,0,0,5,0,0,0,0,5,7,69,13,12,11,581,694
LGA34530,3,0,0,0,1205,1213,76,4,5,0,940,1017,681,50,35,3,1140,1908,1326,110,130,0,727,2293,1627,161,327,19,556,2690,1803,134,407,49,315,2713,1420,80,285,99,93,1969,628,27,93,107,39,888,152,5,14,105,13,289,7712,568,1284,382,5038,14985,3,0,0,0,1127,1137,50,10,0,0,748,813,825,75,53,3,852,1806,1366,103,178,23,511,2184,1705,163,421,47,335,2668,1761,103,410,147,167,2584,1215,56,264,276,51,1856,479,10,85,378,27,980,87,0,10,294,12,404,7494,524,1416,1174,3833,14434,6,0,0,0,2334,2345,129,14,5,0,1692,1833,1502,124,87,8,1995,3717,2697,212,308,22,1243,4481,3327,324,748,67,884,5354,3561,240,814,192,486,5298,2632,139,541,375,142,3828,1107,32,176,484,72,1868,239,10,21,400,22,694,15201,1090,2699,1554,8875,29418
LGA34570,0,0,0,0,29,29,0,0,0,0,31,33,0,0,0,0,48,48,0,0,0,0,52,48,4,0,0,0,31,36,3,0,8,0,17,27,3,0,3,3,3,13,0,0,0,0,0,4,0,0,0,0,0,0,11,3,12,8,206,242,0,0,0,0,27,27,0,0,0,0,35,35,0,0,0,0,60,66,3,0,0,0,30,31,0,0,0,0,40,45,3,0,4,0,18,25,3,0,0,8,3,13,0,0,0,4,0,3,0,0,0,0,0,0,10,0,8,17,220,252,0,0,0,0,62,62,0,0,0,0,59,62,4,0,0,0,107,110,3,0,0,0,75,87,9,0,0,0,73,85,6,0,14,0,34,54,3,0,3,12,5,26,0,0,0,3,0,10,0,0,0,0,0,0,27,3,21,16,424,493
LGA34580,0,0,0,0,1358,1358,53,12,0,0,1155,1220,838,55,40,8,1381,2321,1321,125,143,0,668,2262,1538,162,376,24,555,2655,1607,136,364,38,286,2434,1427,95,277,96,129,2020,579,29,104,104,50,872,101,4,12,82,18,216,7460,615,1316,347,5612,15355,0,0,3,6,1355,1362,104,9,0,0,1257,1379,986,99,63,9,1171,2335,1407,140,225,19,541,2337,1677,163,504,49,387,2781,1574,108,420,131,146,2374,1235,70,253,332,41,1931,388,18,81,347,19,849,41,0,18,282,17,365,7413,620,1561,1168,4944,15710,3,0,3,9,2711,2721,153,18,4,0,2411,2599,1826,156,103,8,2555,4650,2725,268,363,23,1215,4595,3213,325,882,67,946,5435,3182,244,785,165,438,4809,2659,165,529,426,168,3945,967,48,181,447,72,1717,147,7,31,363,42,587,14876,1230,2878,1519,10558,31063
LGA34590,18,0,3,3,11003,11036,515,37,16,8,10144,10720,7749,548,360,15,12101,20778,11543,1065,1330,63,6278,20280,11476,1120,2473,159,3658,18890,10788,856,2547,331,1404,15930,8224,544,1698,616,463,11543,3091,156,480,573,148,4447,685,33,80,432,33,1267,54086,4363,8991,2212,45237,114881,43,9,3,3,10355,10416,1004,101,32,10,9169,10312,9681,906,585,72,10703,21942,12157,1454,1875,215,5371,21072,11674,1415,3504,522,2975,20095,10470,946,3516,1113,996,17038,6785,495,2165,2154,311,11915,2046,104,653,2186,109,5103,329,7,139,1562,54,2089,54189,5436,12463,7837,40040,119965,67,6,5,8,21358,21444,1523,139,44,23,19305,21029,17430,1456,940,87,22805,42713,23695,2520,3209,284,11646,41352,23154,2533,5983,686,6628,38980,21256,1802,6065,1446,2401,32961,15013,1039,3865,2766,773,23460,5137,257,1129,2755,262,9550,1013,44,224,1996,82,3357,108280,9793,21455,10046,85276,234848
LGA34710,0,0,0,0,117,117,3,0,0,0,100,108,71,0,0,0,119,192,117,7,10,0,56,191,152,12,27,0,49,239,181,16,42,4,37,291,124,9,19,10,8,170,47,7,9,11,22,91,12,0,3,10,4,32,711,46,111,40,524,1432,0,0,0,0,128,128,5,0,0,0,111,113,90,5,4,0,154,248,146,11,6,3,59,228,160,8,46,3,65,285,163,9,29,16,22,240,98,6,17,20,4,145,36,3,6,40,4,97,3,0,0,43,0,47,708,43,105,127,549,1538,0,0,0,0,247,247,9,0,0,0,208,223,156,4,5,0,277,445,266,17,18,5,119,420,311,18,68,3,116,520,353,27,73,21,59,527,224,11,35,35,14,317,85,8,19,49,24,182,20,0,3,54,7,76,1421,91,215,167,1072,2964
LGA34770,3,0,0,0,3729,3733,113,13,6,0,3242,3375,2855,209,142,4,4458,7664,4481,384,490,17,2331,7701,5325,498,1142,60,1672,8692,4913,366,1246,158,869,7547,3200,165,676,245,310,4591,1452,58,204,325,118,2158,337,16,31,203,26,618,22678,1698,3940,1013,16761,46089,12,0,0,5,3513,3531,297,41,8,7,2972,3323,3611,328,195,18,3666,7821,4659,532,691,70,1625,7576,5278,484,1313,167,1022,8256,4593,313,1117,421,423,6863,2717,115,616,771,141,4356,1010,35,202,1038,72,2364,163,11,51,776,25,1027,22335,1859,4192,3266,13452,45114,10,3,0,7,7241,7264,410,53,18,9,6215,6700,6466,537,335,19,8129,15483,9142,911,1186,89,3956,15281,10601,976,2452,223,2694,16946,9511,673,2362,573,1292,14415,5915,284,1296,1011,451,8952,2462,99,406,1368,191,4517,500,25,89,984,54,1645,45018,3559,8135,4280,30212,91204
LGA34800,0,0,0,0,9,9,4,0,0,0,17,23,24,0,0,0,46,75,51,3,9,0,23,78,41,0,8,0,21,66,44,0,9,3,11,69,17,0,8,3,0,37,10,0,0,3,0,15,0,0,0,0,0,0,190,10,35,7,123,372,0,0,0,0,14,14,3,0,0,0,25,23,18,0,0,0,38,53,29,4,3,0,15,52,32,0,9,0,3,49,37,4,5,0,3,52,14,3,4,10,0,29,3,0,0,5,0,8,0,0,0,3,0,4,135,12,27,19,98,290,0,0,0,0,21,21,8,0,0,0,40,50,48,0,0,0,80,124,82,3,5,0,39,130,72,4,17,0,30,118,81,9,18,3,15,123,36,3,14,11,0,72,13,0,0,14,0,25,0,0,0,3,0,9,326,17,57,31,222,665
LGA34830,0,0,0,0,13,13,0,0,0,0,11,11,0,0,0,0,21,22,3,0,0,0,13,16,3,0,0,0,10,14,3,0,0,0,12,20,0,0,4,0,3,7,3,0,0,0,0,7,0,0,0,0,0,0,21,0,3,3,89,111,0,0,0,0,9,9,0,0,0,0,19,19,0,0,0,0,14,17,0,0,0,0,8,14,9,0,0,0,10,22,6,0,4,0,8,17,3,0,0,3,0,7,0,0,0,0,0,0,0,0,0,0,0,0,24,0,3,5,80,112,0,0,0,0,22,22,0,0,0,0,33,33,3,0,0,0,39,43,5,0,0,0,25,28,13,0,0,0,20,33,15,0,4,3,23,44,5,0,3,3,4,12,3,0,0,0,0,5,0,0,0,0,0,0,42,0,11,8,163,224
LGA34860,5,0,0,0,380,387,17,0,0,0,333,357,393,25,11,0,506,938,519,33,50,8,182,782,523,46,110,7,173,860,499,51,125,14,103,797,369,33,64,32,56,559,157,15,35,53,18,278,42,3,7,25,8,82,2524,204,405,137,1762,5039,0,0,0,0,304,305,30,0,0,0,340,373,445,22,21,0,432,920,550,32,48,3,193,827,539,50,107,13,113,821,474,17,103,37,60,692,284,15,43,95,31,471,126,3,21,152,10,316,20,0,7,105,7,141,2474,143,355,419,1483,4872,3,0,0,0,685,693,48,3,0,0,679,729,837,47,31,0,940,1858,1070,73,92,9,373,1614,1063,95,215,17,283,1683,974,71,229,56,157,1492,659,45,113,126,85,1027,284,17,53,204,30,589,60,3,22,133,17,225,4999,348,761,552,3247,9908
LGA34880,8,0,0,0,623,628,51,3,3,0,616,668,362,31,17,0,886,1301,619,68,88,0,604,1376,830,83,170,8,491,1584,865,74,304,39,320,1609,771,71,251,61,139,1297,437,25,79,85,50,678,111,3,7,49,6,179,4059,364,920,246,3737,9321,0,0,0,0,596,593,32,3,0,0,420,454,384,20,21,0,614,1037,662,80,104,18,399,1257,859,81,231,37,311,1515,855,65,284,96,201,1507,713,50,175,201,59,1197,280,7,60,223,13,595,35,0,9,143,3,202,3830,300,882,729,2621,8358,11,0,0,0,1214,1228,82,5,4,0,1035,1128,742,51,38,0,1502,2339,1277,147,188,23,1004,2635,1695,162,403,47,799,3100,1726,142,590,134,525,3117,1481,120,430,264,195,2489,714,35,137,310,66,1267,150,3,18,194,12,379,7881,663,1805,976,6354,17681
LGA35010,29,3,4,5,14063,14105,527,30,16,3,12380,12953,9244,636,521,26,14652,25082,16640,1448,1915,70,7672,27744,17754,1618,3693,179,4803,28053,16273,1187,3686,405,1980,23530,14285,728,2748,877,854,19491,6187,268,805,1121,308,8676,1493,53,163,944,127,2783,82427,5967,13552,3629,56842,162425,41,4,4,10,13442,13497,970,86,22,9,11659,12746,11883,1113,822,61,13047,26921,17987,1970,3033,192,6698,29875,18166,1982,5236,598,3785,29770,16172,1367,5091,1392,1536,25551,12579,733,3694,3266,659,20933,4355,152,1069,4000,285,9865,758,34,245,3411,135,4580,82917,7440,19221,12928,51245,173755,66,9,11,14,27500,27602,1497,117,35,11,24038,25704,21132,1752,1348,83,27697,52002,34622,3420,4946,262,14374,57623,35922,3604,8930,781,8585,57823,32448,2548,8779,1796,3513,49090,26872,1463,6440,4139,1517,40430,10546,420,1872,5120,592,18548,2252,88,416,4351,259,7364,165350,13410,32774,16554,108084,336175
LGA35250,0,0,0,0,54,54,0,0,0,0,36,36,10,0,3,0,75,84,5,0,0,0,59,67,16,3,3,0,49,64,13,0,0,3,18,41,10,3,0,6,7,21,4,0,0,0,0,12,0,0,0,0,0,0,59,6,9,12,294,378,0,0,0,0,54,54,5,0,0,0,41,45,8,0,0,0,93,95,10,0,3,0,68,79,16,0,0,0,48,70,17,0,3,6,18,45,6,0,5,8,3,28,0,0,0,3,0,8,0,0,0,0,0,0,56,9,12,17,322,418,0,0,0,0,105,105,5,0,0,0,77,83,17,3,3,0,166,182,14,0,4,0,125,146,33,3,5,0,95,134,29,3,5,12,32,77,17,3,3,10,14,47,5,0,0,3,3,17,0,0,0,0,0,0,117,12,23,27,611,793
LGA35300,0,0,0,0,586,581,25,4,0,0,669,703,601,39,44,0,1114,1798,702,60,100,3,461,1326,720,68,144,18,353,1305,550,49,167,16,165,950,294,29,78,38,61,508,98,8,25,23,22,175,14,4,3,7,3,30,3005,261,556,115,3431,7372,0,0,0,0,535,536,64,4,0,3,622,699,703,38,32,5,950,1732,721,61,100,14,376,1268,708,64,193,15,249,1229,451,40,134,53,81,750,202,14,60,101,21,397,64,4,16,81,0,160,3,0,3,44,3,53,2923,226,531,313,2831,6820,3,0,0,0,1115,1118,90,6,3,7,1290,1398,1303,79,77,4,2065,3526,1422,121,199,14,844,2596,1431,130,337,36,603,2532,1001,93,295,70,242,1708,495,41,139,138,77,902,165,9,35,105,21,335,17,0,8,51,7,80,5931,483,1087,423,6262,14193
LGA35600,3,0,0,0,131,133,21,3,0,0,108,131,93,0,8,0,145,245,159,6,12,0,69,240,169,12,31,0,68,276,197,13,45,7,47,304,121,13,30,3,18,193,61,3,7,12,13,105,22,0,3,9,3,35,838,51,137,40,603,1659,4,0,0,0,89,91,17,0,0,0,119,139,137,6,9,3,138,289,152,15,16,3,75,252,188,13,38,4,76,319,201,15,42,20,20,295,88,3,30,38,14,175,44,0,3,66,3,117,8,0,0,58,0,65,839,51,128,195,537,1744,5,0,0,0,219,224,42,3,0,0,225,267,231,10,13,3,285,533,305,20,26,4,146,496,350,28,69,4,146,598,398,24,85,25,65,601,209,18,61,47,37,364,104,3,15,81,18,221,27,0,3,61,3,102,1675,99,267,233,1136,3411
LGA35670,0,0,0,0,43,43,3,0,0,0,39,39,10,0,0,0,59,68,17,3,0,0,44,63,6,5,0,3,49,67,9,3,3,0,26,36,4,0,0,3,3,13,3,0,0,3,0,3,0,0,0,0,0,0,49,6,3,6,271,343,0,0,0,0,39,39,8,0,0,0,51,54,11,0,0,0,53,69,7,0,3,0,44,57,10,0,3,0,45,55,4,0,3,3,22,30,3,3,0,3,3,14,0,0,0,3,3,4,0,0,0,0,0,0,45,3,11,11,257,324,0,0,0,0,84,84,9,0,0,0,90,99,23,0,0,0,117,136,26,0,3,0,91,120,16,5,7,3,100,124,15,3,7,7,43,70,10,3,0,7,6,28,3,0,0,4,3,10,0,0,0,0,0,0,97,10,12,16,530,665
LGA35740,3,0,0,0,1457,1470,20,0,3,0,933,959,518,27,30,0,1287,1870,1566,117,179,6,1068,2939,2105,206,531,18,742,3602,2504,169,728,65,541,4007,2779,114,603,129,235,3851,1294,31,182,169,67,1751,324,13,36,153,17,539,11121,678,2295,540,6344,20978,6,0,0,0,1368,1371,33,0,0,4,844,886,785,49,56,4,1119,2015,1817,190,309,24,871,3210,2402,281,812,67,797,4359,2726,216,912,190,393,4439,2406,93,713,443,144,3797,863,37,230,657,37,1810,162,3,61,592,17,837,11201,863,3095,1979,5594,22723,7,0,0,0,2826,2838,52,0,3,3,1777,1846,1300,79,93,4,2410,3887,3390,303,485,30,1931,6144,4504,494,1343,89,1534,7959,5232,378,1646,251,932,8442,5186,208,1311,574,378,7647,2158,65,414,825,103,3565,482,10,99,745,36,1373,22316,1541,5392,2521,11930,43702
LGA35760,0,0,0,0,277,277,7,0,0,0,207,218,210,9,3,3,318,549,302,24,31,0,164,520,456,38,70,9,190,766,474,27,150,20,114,785,505,35,123,45,51,762,273,10,46,53,27,416,67,0,5,42,5,124,2301,144,435,168,1352,4408,0,0,0,0,263,261,19,0,0,0,208,228,238,11,18,0,234,508,336,30,44,9,162,574,459,41,88,16,90,700,499,28,120,46,44,740,446,22,92,102,24,685,180,3,34,132,18,359,28,0,4,114,5,162,2213,128,391,425,1055,4213,0,0,0,0,538,538,23,0,0,0,420,444,454,24,20,3,554,1051,632,50,74,5,329,1091,914,75,167,29,278,1467,979,60,271,68,155,1525,950,57,213,147,79,1442,451,10,79,183,40,772,101,0,18,159,19,292,4515,277,831,596,2408,8625
LGA35780,0,0,0,0,129,129,3,0,0,0,103,112,20,0,0,0,162,180,36,3,3,0,93,138,59,3,14,0,53,134,45,8,10,9,31,96,23,3,4,4,11,42,4,0,0,3,3,8,0,0,0,0,0,6,193,20,26,18,583,844,0,0,0,0,122,122,0,0,0,0,133,136,34,0,0,0,181,223,54,3,4,3,110,170,51,9,9,3,71,145,45,3,7,9,34,96,16,0,0,15,8,38,3,0,0,6,0,10,0,0,0,0,0,0,202,14,18,39,659,926,0,0,0,0,246,246,3,0,0,0,241,241,61,0,0,0,341,401,91,4,7,4,204,307,110,11,19,7,127,277,93,12,11,14,62,190,35,5,3,21,16,82,4,0,0,6,0,13,0,0,0,0,0,6,394,30,43,53,1244,1768
LGA35790,0,0,0,0,114,114,0,0,0,0,116,116,7,0,0,0,148,163,10,0,0,0,124,142,37,8,6,0,126,171,15,3,3,0,60,82,7,0,0,7,23,38,0,0,0,0,0,5,0,0,0,0,0,0,84,13,9,7,717,825,0,0,0,0,108,108,0,0,0,0,111,111,11,0,0,0,174,188,14,3,3,0,113,131,32,3,6,3,105,150,31,3,5,9,62,115,4,0,0,4,17,31,0,0,0,0,3,4,0,0,0,0,0,0,88,10,17,22,691,833,0,0,0,0,223,223,0,0,0,0,232,232,22,0,0,0,322,347,21,4,7,0,242,268,66,11,9,3,234,325,41,6,10,9,119,199,12,3,3,13,39,69,0,0,0,0,4,8,0,0,0,0,0,0,171,25,27,31,1413,1662
LGA35800,0,0,0,0,30,30,0,0,0,0,27,32,23,0,0,0,57,84,41,3,3,0,37,88,47,5,21,0,27,103,84,9,23,3,37,160,65,7,18,9,8,105,33,3,5,7,11,61,3,0,0,5,0,11,292,35,65,29,243,668,0,0,0,0,33,33,0,0,0,0,54,54,33,7,0,0,62,97,35,5,0,0,33,79,60,4,18,3,47,129,84,9,22,3,23,134,46,3,7,19,9,89,13,0,0,15,0,28,0,0,0,15,0,18,274,26,50,58,259,661,0,0,0,0,67,67,0,0,0,0,83,83,50,7,0,0,121,176,81,7,6,0,76,164,106,13,38,8,69,234,170,12,40,6,61,294,107,11,25,29,20,198,46,3,5,21,13,89,3,0,0,18,3,29,569,56,116,90,502,1325
LGA36070,3,0,0,0,23,28,3,0,0,0,19,20,11,0,0,0,27,36,15,0,0,0,45,60,20,5,0,0,38,63,12,0,5,0,16,33,5,0,0,0,6,16,5,0,0,0,0,7,0,0,0,0,0,0,81,7,9,7,170,273,0,0,0,0,25,22,7,0,0,0,29,39,17,3,0,0,43,63,16,0,0,0,37,56,19,0,0,0,22,45,11,0,0,0,15,27,9,0,0,6,3,19,0,0,0,7,0,8,0,0,0,0,0,0,77,8,4,19,174,275,8,0,0,0,50,50,13,0,0,0,44,53,24,3,0,0,73,100,38,0,0,0,83,122,40,5,3,0,57,109,25,0,3,0,26,64,15,3,0,14,6,41,5,0,0,5,0,9,0,0,0,0,0,0,161,11,15,19,343,553
LGA36150,0,0,0,0,22,20,0,0,0,0,23,23,15,3,0,0,33,58,20,3,4,0,11,37,47,3,8,0,20,71,36,4,15,0,10,62,20,4,14,3,3,46,6,0,0,3,0,9,0,0,0,0,0,3,148,14,46,9,126,340,0,0,0,0,4,4,0,0,0,0,23,20,24,0,0,0,41,65,26,3,0,3,12,45,47,0,7,0,19,76,27,0,8,7,8,51,15,0,7,6,0,25,6,0,0,9,0,17,0,0,0,8,0,9,146,8,21,25,109,307,0,0,0,0,32,33,0,0,0,0,46,48,38,3,0,0,82,122,47,3,4,4,24,78,93,3,16,0,35,143,64,5,26,7,16,112,35,4,21,9,6,73,7,0,0,11,0,26,3,0,0,10,0,9,288,17,64,36,237,648
LGA36250,16,0,0,0,5068,5083,128,9,8,3,4086,4228,2781,190,120,3,4651,7745,5549,373,556,18,2366,8854,6829,522,1196,59,1467,10070,6882,427,1403,158,721,9594,5521,242,980,340,322,7403,2542,83,336,419,105,3477,681,22,62,427,37,1233,30919,1862,4652,1423,18823,57691,16,0,0,0,4630,4648,231,26,3,3,3699,3965,3684,282,213,11,3832,8020,6045,591,842,63,2065,9606,7249,668,1850,185,1167,11122,6788,475,1925,498,594,10278,4886,242,1353,1201,275,7954,1719,65,493,1698,106,4079,376,10,106,1514,37,2044,30991,2356,6792,5176,16401,61715,24,0,5,0,9700,9730,356,36,10,6,7779,8191,6463,471,335,18,8480,15769,11586,966,1394,80,4431,18459,14075,1194,3049,246,2635,21188,13668,897,3327,655,1313,19872,10408,485,2328,1538,598,15357,4261,148,826,2120,207,7557,1060,30,168,1938,79,3279,61910,4219,11446,6603,35222,119405
LGA36300,0,0,0,0,23,23,0,0,0,0,33,33,22,0,0,0,49,73,25,0,0,0,12,38,29,3,3,0,15,48,39,0,9,3,9,61,19,3,7,4,3,35,7,0,3,0,3,14,3,0,0,4,0,8,151,5,23,14,147,336,3,0,0,0,12,14,3,0,0,0,30,32,34,0,0,0,34,70,27,0,3,0,7,40,41,3,3,4,8,55,36,0,7,7,0,44,15,3,7,3,0,22,5,0,0,16,0,20,0,0,0,4,0,4,156,9,19,30,89,302,3,0,0,0,34,34,3,0,0,0,58,63,56,0,0,0,80,140,45,0,3,3,28,81,69,6,5,4,20,110,76,0,13,4,4,107,37,7,16,9,0,63,14,0,3,13,3,36,3,0,0,10,0,8,309,16,43,42,235,638
LGA36370,3,0,3,0,2739,2745,117,9,0,0,2537,2672,1971,152,106,7,3307,5555,2684,218,310,10,1456,4686,2900,321,646,57,1169,5093,2901,225,830,107,627,4686,2080,113,526,179,284,3182,1116,45,177,269,119,1727,295,9,31,199,45,582,14072,1094,2632,833,12298,30920,4,0,3,0,2789,2805,221,32,4,3,2476,2737,2395,212,161,16,2752,5538,2706,314,455,39,1334,4859,2986,375,930,135,829,5253,2802,219,896,309,371,4597,1803,106,538,640,169,3249,833,39,204,989,93,2161,146,0,41,767,66,1032,13902,1294,3249,2896,10885,32228,10,0,3,0,5533,5548,339,40,9,7,5012,5408,4367,365,268,26,6067,11087,5396,534,771,55,2793,9543,5884,693,1580,194,2003,10348,5703,445,1730,412,994,9284,3885,217,1064,814,451,6434,1951,80,381,1257,215,3889,444,12,74,973,115,1609,27972,2389,5877,3733,23184,63147
LGA36510,0,0,0,3,1262,1264,35,9,0,0,845,883,581,54,23,0,1042,1700,1366,100,158,9,682,2318,1804,168,370,20,531,2886,1957,138,422,53,287,2856,1753,98,379,102,161,2483,822,36,139,129,58,1175,201,0,15,110,19,342,8508,597,1506,423,4888,15914,5,0,0,0,1180,1184,59,5,3,0,810,879,769,71,52,3,909,1802,1556,192,220,20,597,2590,1905,181,518,57,424,3079,1958,112,507,164,193,2936,1569,84,406,307,84,2451,556,14,124,456,36,1187,95,0,19,324,14,463,8474,655,1857,1335,4258,16577,5,0,0,3,2444,2446,89,11,3,0,1655,1760,1352,126,76,4,1953,3505,2920,291,386,28,1282,4909,3704,344,883,75,957,5967,3913,255,934,212,475,5791,3320,181,782,403,249,4940,1374,46,260,587,90,2359,297,3,37,437,32,804,16979,1259,3356,1759,9140,32494
LGA36580,0,0,0,0,795,794,29,0,4,0,522,551,438,26,23,5,683,1173,749,84,103,3,431,1365,908,107,237,12,423,1685,1126,101,352,50,240,1869,1071,69,266,75,101,1578,429,20,80,93,44,664,66,7,15,46,9,149,4829,417,1066,287,3238,9833,0,0,0,0,678,677,59,8,3,0,537,607,557,52,37,0,618,1264,827,112,142,20,373,1476,994,122,284,45,245,1692,1162,80,339,136,121,1841,902,53,219,211,49,1432,269,14,44,216,17,558,27,5,5,152,5,197,4802,448,1083,770,2640,9739,0,0,0,0,1473,1472,85,10,4,0,1050,1153,998,80,62,4,1303,2439,1577,190,245,23,801,2836,1900,228,525,60,668,3375,2286,177,696,186,361,3711,1977,125,483,278,148,3015,706,33,124,304,56,1221,94,10,16,199,18,346,9629,860,2148,1054,5877,19567
LGA36630,3,0,0,0,959,960,39,4,0,0,741,784,520,47,21,0,842,1433,853,100,137,6,556,1650,1172,133,261,27,484,2081,1395,130,395,35,285,2236,1580,104,399,118,162,2364,738,40,135,155,59,1130,163,5,22,102,14,307,6468,571,1367,437,4102,12944,3,0,0,0,851,854,68,12,0,0,660,737,650,69,39,3,768,1529,998,111,178,31,476,1800,1264,157,359,72,317,2170,1536,132,411,186,156,2421,1371,80,321,346,68,2187,471,17,79,397,24,995,66,0,21,303,11,407,6431,578,1426,1337,3337,13109,3,0,0,0,1809,1816,107,16,0,0,1397,1523,1166,111,60,3,1618,2962,1856,208,316,35,1030,3454,2434,289,620,97,804,4249,2938,267,804,213,441,4663,2956,190,721,462,224,4548,1211,61,212,552,87,2129,231,7,42,406,31,715,12903,1149,2787,1771,7439,26054
LGA36660,3,0,0,0,1162,1168,37,3,0,0,843,881,520,44,29,3,974,1563,945,80,113,5,552,1697,1351,127,294,11,403,2192,1635,126,390,53,296,2494,1694,85,318,141,155,2397,798,31,114,145,58,1149,202,0,16,99,12,336,7179,505,1278,457,4447,13866,6,0,0,0,980,993,77,13,0,0,721,807,685,65,44,0,823,1617,1140,122,204,18,479,1962,1470,149,369,38,337,2374,1764,111,470,159,179,2688,1450,68,354,374,94,2339,579,15,125,526,52,1292,98,0,34,429,13,574,7267,547,1596,1548,3675,14637,9,3,0,0,2148,2156,117,12,0,0,1555,1685,1206,108,73,3,1795,3175,2086,206,318,22,1030,3657,2817,279,662,55,746,4560,3402,237,858,210,475,5186,3148,159,671,518,241,4735,1375,53,236,669,108,2441,294,3,47,528,26,902,14443,1057,2873,2005,8127,28501
LGA36720,3,0,7,3,8901,8919,275,9,7,3,7335,7636,5127,297,259,22,9301,15006,10532,752,1210,33,5227,17752,12025,1051,2591,123,3474,19269,12099,857,3064,288,1892,18202,11910,548,2306,620,840,16222,6458,200,751,963,260,8634,1765,45,149,909,90,2964,60202,3765,10347,2964,37327,114603,11,4,7,3,8762,8786,482,24,14,3,7157,7683,6884,492,502,37,8278,16190,11550,1151,1934,140,4553,19329,12786,1408,4090,399,3170,21851,12370,993,4555,1007,1549,20471,10943,501,3271,2414,515,17643,4675,150,1050,3600,211,9692,931,31,265,3419,99,4749,60640,4757,15673,11023,34294,126390,18,5,14,4,17663,17698,756,41,15,8,14496,15316,12014,789,763,55,17583,31195,22079,1904,3147,176,9781,37079,24813,2463,6681,521,6645,41119,24475,1846,7622,1296,3444,38678,22855,1053,5578,3029,1357,33866,11135,351,1797,4568,473,18330,2700,76,412,4332,189,7706,120844,8515,26022,13990,71615,240989
LGA36820,0,0,0,0,731,735,16,3,0,0,509,525,316,12,15,3,624,974,644,39,67,0,413,1165,854,67,203,10,469,1613,1130,105,371,26,312,1947,1224,79,257,86,144,1791,568,35,102,117,58,872,145,3,15,72,18,259,4900,344,1033,319,3281,9881,0,0,0,0,680,682,35,5,0,3,453,501,430,33,27,3,614,1100,762,58,129,9,387,1345,1003,100,307,32,367,1807,1197,97,377,137,223,2033,1051,53,298,271,49,1715,410,16,71,362,23,876,59,3,14,282,6,366,4955,365,1218,1091,2806,10442,3,0,0,0,1412,1413,52,9,0,3,960,1025,749,47,40,3,1237,2076,1403,96,198,12,804,2513,1861,167,510,47,833,3422,2327,207,747,163,537,3989,2276,135,554,353,193,3505,984,46,168,471,80,1755,204,9,26,359,31,622,9861,710,2250,1417,6085,20319
LGA36910,13,0,0,3,5423,5445,275,10,9,0,4938,5232,3947,245,208,7,5339,9752,5817,406,605,28,2336,9185,6343,533,1212,68,1698,9859,6511,407,1269,167,1015,9373,5486,243,921,333,508,7493,2928,88,333,503,214,4069,780,30,65,408,63,1351,32099,1966,4625,1519,21535,61751,20,0,0,4,5197,5225,502,37,13,4,4388,4947,4820,330,275,45,4582,10046,6149,584,950,89,2070,9848,6664,621,1775,218,1337,10611,6500,458,1808,583,768,10111,5117,226,1294,1321,351,8313,2131,72,427,2059,192,4876,384,14,90,1861,105,2456,32283,2339,6634,6189,18989,66435,33,0,0,6,10625,10668,782,50,18,9,9326,10175,8770,572,487,57,9918,19795,11966,994,1556,112,4407,19030,13002,1151,2987,290,3038,20471,13010,871,3081,751,1781,19490,10599,474,2217,1660,855,15810,5059,159,763,2561,404,8947,1168,42,153,2270,173,3802,64383,4305,11257,7706,40531,128188
LGA36950,0,0,0,0,157,158,3,0,0,0,145,147,49,0,6,0,238,295,84,11,8,0,108,208,91,15,17,0,74,198,110,5,35,9,21,178,35,3,16,0,10,71,13,0,0,6,8,24,3,0,0,3,0,8,387,35,80,18,759,1280,0,0,0,0,135,135,3,0,0,3,142,142,63,0,8,0,253,322,99,12,18,0,145,281,76,18,22,3,82,200,88,16,22,13,40,174,25,9,8,20,5,63,8,0,0,10,3,23,3,0,0,6,3,12,354,56,83,55,802,1348,0,0,0,0,285,289,3,0,0,3,286,289,111,3,12,0,492,621,184,20,26,0,249,485,171,30,38,8,153,396,195,24,59,18,58,356,62,12,22,20,17,132,19,0,0,14,11,46,5,0,0,11,3,14,749,90,165,69,1559,2627
LGA36960,3,0,0,0,192,198,4,0,0,0,185,187,25,3,0,0,335,360,67,4,5,0,173,246,98,9,11,9,102,230,100,7,6,9,54,177,45,0,6,13,17,78,15,0,0,3,9,24,4,0,0,0,0,5,351,31,26,28,1063,1503,0,0,0,0,151,153,3,0,3,0,218,226,19,0,0,0,322,340,64,3,0,3,175,245,93,9,12,6,71,191,91,3,13,28,47,184,41,0,0,34,8,83,5,0,0,13,8,26,4,0,0,0,0,7,323,23,23,81,997,1450,3,0,0,0,345,350,3,0,3,0,399,406,40,3,0,0,652,699,129,7,5,3,348,492,191,17,23,10,173,422,196,9,20,39,97,353,90,0,8,40,28,165,22,0,0,19,11,51,7,0,0,3,0,6,678,48,52,112,2062,2954
LGA37010,20,0,3,0,6821,6847,304,21,8,7,7854,8199,4450,271,240,13,8828,13808,6627,582,901,29,3996,12141,7096,662,1616,76,2565,12021,6330,524,1727,205,1422,10207,4674,296,1095,347,539,6950,1955,99,324,360,209,2940,472,17,54,289,53,890,31931,2470,5980,1328,32297,74006,19,4,5,3,6381,6414,461,44,14,11,7016,7538,5539,504,427,50,7401,13920,7104,816,1303,86,3381,12698,7158,859,2273,220,1943,12460,6161,567,2124,578,864,10302,3923,243,1203,1147,298,6814,1397,79,371,1517,100,3474,230,16,76,1055,43,1417,32006,3129,7799,4674,27428,75042,37,9,10,8,13200,13258,765,63,21,15,14872,15741,9991,780,664,62,16231,27731,13729,1401,2210,119,7382,24836,14254,1521,3896,295,4512,24477,12498,1087,3857,782,2290,20507,8591,539,2296,1498,838,13761,3357,177,700,1875,305,6417,704,31,132,1343,94,2305,63936,5601,13781,5999,59724,149046
LGA37300,0,0,0,0,103,104,0,0,0,0,121,127,126,6,4,0,221,355,220,11,23,4,117,380,193,13,35,8,77,332,122,11,43,3,29,201,27,3,8,0,7,50,0,0,0,0,3,7,0,0,0,0,0,0,694,41,122,19,676,1550,0,0,0,0,118,118,3,0,0,0,87,93,168,5,4,0,169,355,214,8,21,0,75,318,178,6,38,0,48,274,79,3,19,3,9,111,22,0,4,7,0,38,0,0,0,0,3,5,0,0,0,0,0,0,672,24,91,18,517,1317,0,0,0,0,223,221,3,0,0,3,215,221,296,12,9,0,391,710,440,20,41,4,190,695,376,20,75,5,125,608,193,16,65,3,38,316,49,3,9,14,11,84,0,0,0,3,3,9,0,0,0,0,0,3,1361,71,208,31,1191,2866
LGA37310,7,0,0,0,1096,1101,43,7,0,0,912,962,864,29,43,9,1174,2125,1300,112,123,7,582,2120,1421,127,256,26,482,2314,1316,118,333,37,227,2029,1069,86,272,73,120,1621,536,23,71,92,51,770,128,0,5,95,17,242,6680,506,1100,337,4665,13292,0,0,0,0,1004,1005,104,11,4,0,816,938,1006,68,49,5,881,2018,1359,122,173,17,449,2123,1393,168,279,58,286,2198,1281,90,281,130,108,1896,899,40,178,267,52,1438,379,8,47,347,23,808,47,0,7,282,16,352,6477,523,1018,1111,3643,12767,5,0,0,0,2108,2112,156,17,4,0,1730,1898,1867,102,99,9,2058,4137,2665,232,292,26,1031,4249,2814,302,541,84,769,4507,2596,212,607,174,334,3923,1971,128,447,340,173,3055,918,32,118,438,74,1577,170,9,10,375,32,599,13156,1021,2126,1448,8311,26057
LGA37340,3,0,0,3,885,889,32,3,4,0,1025,1064,648,35,49,3,1929,2663,1145,113,133,12,881,2286,1274,148,349,24,580,2382,1417,119,449,47,359,2395,1098,103,338,107,114,1762,399,15,107,97,45,665,82,0,9,73,5,176,6100,544,1442,369,5832,14283,0,0,0,0,776,778,65,6,0,0,999,1076,834,73,52,10,1585,2544,1265,139,183,22,608,2221,1252,136,393,39,418,2231,1434,94,390,121,167,2203,895,42,211,228,48,1418,254,14,59,279,21,636,37,3,7,208,4,263,6034,515,1298,904,4633,13380,0,0,0,3,1663,1666,99,12,4,0,2030,2143,1480,108,102,11,3510,5211,2416,252,312,32,1489,4505,2527,285,745,68,995,4619,2848,216,839,169,532,4598,1989,150,546,335,163,3178,657,31,170,380,73,1304,124,7,21,286,12,440,12132,1060,2735,1269,10464,27657
LGA37400,0,0,0,0,24,24,0,0,0,0,20,20,16,0,0,0,45,67,22,0,4,0,25,56,44,3,8,0,23,75,51,7,24,3,18,98,46,9,21,4,7,84,23,0,8,10,3,46,5,0,0,10,0,20,205,26,61,25,171,494,0,0,0,0,27,27,0,0,0,0,34,38,23,3,3,0,39,65,28,0,3,0,17,57,51,6,12,3,16,88,50,5,13,6,9,75,33,8,9,15,4,67,13,0,3,12,0,27,0,0,0,7,0,15,207,24,42,42,140,455,0,0,0,0,50,50,0,0,0,0,59,55,38,4,3,0,83,130,53,8,9,0,48,112,94,9,14,3,37,160,107,9,31,7,23,175,82,14,27,18,13,155,36,0,12,20,7,73,10,0,4,20,0,32,417,47,104,69,307,949
LGA37550,0,0,0,0,45,45,3,0,0,0,44,51,9,0,0,0,51,59,11,0,0,0,39,55,6,0,0,0,34,48,15,0,3,4,17,36,3,0,0,0,6,9,3,0,0,0,0,4,0,0,0,0,0,0,48,9,5,4,242,300,0,0,0,0,43,46,3,0,0,0,55,55,5,3,0,0,54,61,10,0,3,0,37,52,12,0,0,0,44,64,7,3,3,4,17,35,4,0,3,0,12,21,0,0,0,0,0,0,0,0,0,0,0,0,57,5,11,4,254,339,0,0,0,0,82,88,11,0,0,0,99,113,16,3,0,0,105,120,23,3,3,0,81,104,25,6,3,0,79,105,25,3,4,6,30,72,5,0,3,0,21,29,4,0,0,0,0,4,0,0,0,0,0,0,104,12,15,10,492,637
LGA37570,0,0,0,0,10,10,0,0,0,0,14,14,0,0,0,0,23,23,3,0,0,0,13,17,3,0,3,0,17,16,4,0,0,0,13,13,0,0,0,5,3,4,0,0,0,0,0,0,0,0,0,0,0,0,7,0,5,6,80,100,0,0,0,0,6,6,0,0,0,0,13,13,0,0,0,0,29,29,3,0,0,0,14,24,4,0,3,0,15,18,0,0,0,3,9,15,3,0,0,7,0,5,0,0,0,0,0,0,0,0,0,0,0,0,10,4,8,8,90,118,0,0,0,0,18,18,0,0,0,0,28,28,0,0,0,0,52,52,4,0,0,0,26,33,4,0,4,0,26,39,7,3,0,3,24,35,3,0,3,6,3,10,0,0,0,0,0,0,0,0,0,0,0,0,19,3,9,13,175,217
LGA37600,0,0,0,0,123,128,3,0,0,0,114,119,17,0,0,0,177,192,26,0,3,0,113,139,60,5,0,3,69,133,34,3,4,3,46,89,13,0,0,0,7,25,3,0,3,0,3,7,0,0,0,0,0,0,157,18,6,8,646,835,0,0,0,0,132,130,0,0,0,0,112,113,20,0,0,0,155,174,19,0,3,0,102,126,69,3,3,5,75,163,22,0,0,12,48,84,11,0,0,23,8,43,3,0,0,8,0,14,0,0,0,3,0,4,153,11,9,48,626,851,4,0,0,0,255,257,3,0,0,0,226,224,41,0,0,0,326,368,48,4,4,0,216,270,132,11,4,8,145,296,61,5,6,10,91,176,22,3,4,25,12,67,3,0,3,8,5,23,0,0,0,3,0,5,314,26,24,57,1276,1687
LGA39499,0,0,0,0,209,212,0,5,0,0,554,559,121,51,26,7,1097,1288,162,133,85,5,583,964,230,129,212,7,392,975,546,120,274,31,186,1147,607,88,290,61,79,1120,127,20,40,17,18,225,5,0,3,5,0,19,1793,546,932,134,3106,6509,0,0,0,0,201,203,4,0,0,0,564,576,143,24,16,0,814,1005,147,43,54,7,253,514,296,66,140,18,177,688,779,58,256,35,97,1224,562,19,142,50,24,798,82,3,13,37,11,153,0,0,0,18,0,18,2015,218,626,174,2148,5179,0,0,0,0,410,408,4,6,0,0,1119,1133,264,74,38,9,1905,2293,312,178,145,20,832,1485,524,195,348,18,575,1663,1322,185,531,62,280,2373,1164,105,432,111,99,1916,215,23,54,60,28,381,8,0,3,29,0,44,3804,762,1561,304,5254,11693
LGA39799,0,0,0,0,3,3,0,0,0,0,3,3,0,0,0,0,3,4,3,0,3,0,3,7,10,0,3,0,0,10,7,0,0,0,3,7,4,0,5,3,0,13,5,0,0,0,0,7,0,0,0,0,0,0,30,0,11,0,21,65,0,0,0,0,5,5,0,0,0,0,4,4,5,0,0,0,3,6,0,0,0,0,3,3,10,0,3,0,0,7,9,0,8,3,0,19,6,0,3,11,0,16,3,0,0,0,0,7,0,0,0,0,0,0,33,3,17,18,17,81,0,0,0,0,11,11,0,0,0,0,11,11,4,0,0,0,7,11,4,0,3,0,4,14,14,0,3,0,0,24,17,0,13,3,3,30,13,0,9,11,0,33,7,0,3,3,0,16,0,0,0,0,0,4,60,3,27,17,38,144
