LGA_CODE_2016,F_AccomFoodS_Cert,F_AccomFoodS_ID_NS,F_AccomFoodS_ToT,F_TransPostWhse_PD,F_TransPostWhse_GD_GC,F_TransPostWhse_BD,F_TransPostWhse_AdD_D,F_TransPostWhse_Cert,F_TransPostWhse_ID_NS,F_TransPostWhse_ToT,F_InfoMedTelecom_PD,F_InfoMedTelecom_GD_GC,F_InfoMedTelecom_BD,F_InfoMedTelecom_AdD_D,F_InfoMedTelecom_Cert,F_InfoMedTelecom_ID_NS,F_InfoMedTelecom_ToT,F_FinInsurS_PD,F_FinInsurS_GD_GC,F_FinInsurS_BD,F_FinInsurS_AdD_D,F_FinInsurS_Cert,F_FinInsurS_ID_NS,F_FinInsurS_ToT,F_RentHirREserv_PD,F_RentHirREserv_GD_GC,F_RentHirREserv_BD,F_RentHirREserv_AdD_D,F_RentHirREserv_Cert,F_RentHirREserv_ID_NS,F_RentHirREserv_ToT,F_ProScieTechServ_PD,F_ProScieTechServ_GD_GC,F_ProScieTechServ_BD,F_ProScieTechServ_AdD_D,F_ProScieTechServ_Cert,F_ProScieTechServ_ID_NS,F_ProScieTechServ_ToT,F_AdminSupServ_PD,F_AdminSupServ_GD_GC,F_AdminSupServ_BD,F_AdminSupServ_AdD_D,F_AdminSupServ_Cert,F_AdminSupServ_ID_NS,F_AdminSupServ_ToT,F_PubAdmiSafety_PD,F_PubAdmiSafety_GD_GC,F_PubAdmiSafety_BD,F_PubAdmiSafety_AdD_D,F_PubAdmiSafety_Cert,F_PubAdmiSafety_ID_NS,F_PubAdmiSafety_ToT,F_EducTrain_PD,F_EducTrain_GD_GC,F_EducTrain_BD,F_EducTrain_AdD_D,F_EducTrain_Cert,F_EducTrain_ID_NS,F_EducTrain_ToT,F_HealthCareSocA_PD,F_HealthCareSocA_GD_GC,F_HealthCareSocA_BD,F_HealthCareSocA_AdD_D,F_HealthCareSocA_Cert,F_HealthCareSocA_ID_NS,F_HealthCareSocA_ToT,F_ArtRecServ_PD,F_ArtRecServ_GD_GC,F_ArtRecServ_BD,F_ArtRecServ_AdD_D,F_ArtRecServ_Cert,F_ArtRecServ_ID_NS,F_ArtRecServ_ToT,F_OthServ_PD,F_OthServ_GD_GC,F_OthServ_BD,F_OthServ_AdD_D,F_OthServ_Cert,F_OthServ_ID_NS,F_OthServ_ToT,F_ID_NS_PD,F_ID_NS_GD_GC,F_ID_NS_BD,F_ID_NS_AdD_D,F_ID_NS_Cert,F_ID_NS_ID_NS,F_ID_NS_ToT,F_ToT_PD,F_ToT_GD_GC,F_ToT_BD,F_ToT_AdD_D,F_ToT_Cert,F_ToT_ID_NS,F_ToT_ToT,P_AgriForestFish_PD,P_AgriForestFish_GD_GC,P_AgriForestFish_BD,P_AgriForestFish_AdD_D,P_AgriForestFish_Cert,P_AgriForestFish_ID_NS,P_AgriForestFish_ToT,P_Min_PD,P_Min_GD_GC,P_Min_BD,P_Min_AdD_D,P_Min_Cert,P_Min_ID_NS,P_Min_ToT,P_Mnfg_PD,P_Mnfg_GD_GC,P_Mnfg_BD,P_Mnfg_AdD_D,P_Mnfg_Cert,P_Mnfg_ID_NS,P_Mnfg_ToT,P_EGW_WS_PD,P_EGW_WS_GD_GC,P_EGW_WS_BD,P_EGW_WS_AdD_D,P_EGW_WS_Cert,P_EGW_WS_ID_NS,P_EGW_WS_ToT,P_Cnstn_PD,P_Cnstn_GD_GC,P_Cnstn_BD,P_Cnstn_AdD_D,P_Cnstn_Cert,P_Cnstn_ID_NS,P_Cnstn_ToT,P_WTrade_PD,P_WTrade_GD_GC,P_WTrade_BD,P_WTrade_AdD_D,P_WTrade_Cert,P_WTrade_ID_NS,P_WTrade_ToT,P_RTrade_PD,P_RTrade_GD_GC,P_RTrade_BD,P_RTrade_AdD_D,P_RTrade_Cert,P_RTrade_ID_NS,P_RTrade_ToT,P_AccomFoodS_PD,P_AccomFoodS_GD_GC,P_AccomFoodS_BD,P_AccomFoodS_AdD_D,P_AccomFoodS_Cert,P_AccomFoodS_ID_NS,P_AccomFoodS_ToT,P_TransPostWhse_PD,P_TransPostWhse_GD_GC,P_TransPostWhse_BD,P_TransPostWhse_AdD_D,P_TransPostWhse_Cert,P_TransPostWhse_ID_NS,P_TransPostWhse_ToT,P_InfoMedTelecom_PD,P_InfoMedTelecom_GD_GC,P_InfoMedTelecom_BD,P_InfoMedTelecom_AdD_D,P_InfoMedTelecom_Cert,P_InfoMedTelecom_ID_NS,P_InfoMedTelecom_ToT,P_FinInsurS_PD,P_FinInsurS_GD_GC,P_FinInsurS_BD,P_FinInsurS_AdD_D,P_FinInsurS_Cert,P_FinInsurS_ID_NS,P_FinInsurS_ToT,P_RentHirREserv_PD,P_RentHirREserv_GD_GC,P_RentHirREserv_BD,P_RentHirREserv_AdD_D,P_RentHirREserv_Cert,P_RentHirREserv_ID_NS,P_RentHirREserv_ToT,P_ProScieTechServ_PD,P_ProScieTechServ_GD_GC,P_ProScieTechServ_BD,P_ProScieTechServ_AdD_D,P_ProScieTechServ_Cert,P_ProScieTechServ_ID_NS,P_ProScieTechServ_ToT,P_AdminSupServ_PD,P_AdminSupServ_GD_GC,P_AdminSupServ_BD,P_AdminSupServ_AdD_D,P_AdminSupServ_Cert,P_AdminSupServ_ID_NS,P_AdminSupServ_ToT,P_PubAdmiSafety_PD,P_PubAdmiSafety_GD_GC,P_PubAdmiSafety_BD,P_PubAdmiSafety_AdD_D,P_PubAdmiSafety_Cert,P_PubAdmiSafety_ID_NS,P_PubAdmiSafety_ToT,P_EducTrain_PD
LGA30250,0,0,0,0,0,0,0,0,0,0,0,0,0,0,0,0,0,0,0,0,0,0,0,0,0,0,0,0,0,0,0,0,0,0,0,0,0,0,0,0,0,0,0,0,0,0,0,0,5,4,3,14,0,0,4,3,4,0,14,3,0,3,3,8,0,15,0,0,0,0,0,0,0,0,0,0,0,3,0,3,0,0,0,0,0,0,0,3,0,11,12,20,4,58,0,0,0,0,0,0,0,0,0,0,0,3,3,9,0,0,0,0,0,0,0,0,0,0,0,0,0,0,0,0,0,0,4,0,4,0,0,0,0,0,0,0,0,0,0,0,3,5,9,0,0,0,0,0,0,0,0,0,0,0,0,0,0,0,0,0,0,0,0,0,0,0,0,0,0,0,0,0,0,0,0,0,0,0,0,0,0,0,0,0,0,0,0,0,0,3,0,5,0,0,6,8,27,4,49,0
LGA30300,11,3,24,0,0,0,3,0,0,8,0,0,0,0,0,0,0,0,0,0,7,7,0,9,0,0,0,0,3,0,3,0,0,13,0,0,0,13,0,0,0,3,3,3,10,0,3,10,13,8,0,30,5,12,55,14,26,0,117,7,9,60,29,25,7,140,0,0,0,0,0,0,0,0,0,0,4,11,0,19,0,0,6,3,3,9,13,19,26,191,137,158,36,562,0,5,78,85,149,20,346,0,0,0,0,3,0,3,0,0,4,3,13,3,22,0,0,0,0,13,0,14,0,0,7,6,51,0,60,0,0,7,4,27,3,45,5,0,7,13,31,12,65,0,0,5,10,27,3,42,0,0,0,7,10,4,19,0,0,0,0,0,0,0,0,0,4,7,7,0,14,0,0,0,0,6,0,6,0,0,15,0,5,0,23,0,0,0,3,9,3,11,3,3,17,33,27,3,76,10
LGA30370,44,0,68,0,0,0,10,10,0,19,0,0,5,0,0,0,3,0,0,11,10,13,0,34,0,0,4,6,14,0,24,4,0,17,6,17,0,47,0,0,10,7,23,4,44,0,3,22,10,52,3,88,15,39,173,41,56,11,326,13,15,92,62,96,20,302,0,0,0,0,3,0,10,3,0,15,14,50,0,80,0,0,5,3,9,16,42,49,80,483,294,610,112,1615,11,17,94,104,246,61,529,22,10,85,45,445,23,623,3,0,29,22,145,23,231,7,3,30,31,176,5,255,0,0,3,12,181,14,216,0,0,6,6,60,5,90,3,0,19,19,98,16,147,3,0,14,14,69,3,106,0,0,3,11,43,7,69,0,3,3,0,4,0,16,0,0,12,11,13,0,36,0,0,7,6,27,0,43,8,0,32,9,34,3,83,0,0,8,14,49,4,83,5,3,45,36,97,5,194,17
LGA30410,9,0,13,0,0,5,0,6,0,11,0,0,0,0,3,0,3,0,0,0,0,0,0,0,0,0,3,0,0,0,0,0,0,4,4,5,0,14,0,0,0,0,6,0,9,0,0,5,0,15,0,23,8,5,38,10,20,0,74,0,7,30,17,26,3,87,0,0,0,0,0,0,0,0,0,3,0,3,0,7,0,0,3,0,4,3,11,6,10,117,50,146,21,359,3,0,28,25,96,13,159,0,0,0,0,7,0,4,0,0,0,0,9,0,12,0,0,0,6,9,0,21,4,0,8,0,52,3,64,0,0,0,3,4,0,7,0,0,3,0,18,6,31,0,0,3,8,13,0,18,0,0,6,5,20,3,31,0,0,0,0,3,0,5,0,0,0,0,0,0,0,0,0,3,0,3,0,5,6,0,15,7,10,0,30,0,0,0,0,5,0,10,7,0,19,13,29,3,67,8
LGA30450,0,0,0,0,0,0,0,0,0,0,0,0,0,0,0,0,0,0,0,0,0,0,0,0,0,0,0,0,0,0,0,0,0,0,0,0,0,0,0,0,0,0,0,0,0,0,0,0,0,4,0,10,0,0,0,0,0,0,7,0,0,0,0,0,0,3,0,0,0,0,0,0,0,0,0,0,0,0,0,0,0,0,0,0,0,0,0,0,0,7,10,10,3,32,0,0,3,8,10,4,25,0,0,0,0,0,0,0,0,0,0,0,0,0,0,0,0,0,0,0,0,0,0,0,0,0,5,0,5,0,0,0,0,0,0,0,0,0,0,0,0,0,0,0,0,0,0,0,0,0,0,0,0,0,4,0,4,0,0,0,0,0,0,0,0,0,0,0,0,0,0,0,0,0,0,0,0,0,0,0,0,0,0,0,0,0,0,0,0,0,0,0,0,0,6,5,20,0,27,0
LGA30760,3,0,9,0,0,0,3,0,3,4,0,0,0,0,0,0,0,0,0,0,0,4,0,4,0,0,0,0,3,0,3,0,0,0,0,0,0,6,0,0,0,0,0,0,5,0,0,4,7,7,0,23,3,3,27,6,10,0,46,3,7,18,14,23,3,66,0,0,0,0,0,0,0,0,0,0,0,3,0,5,0,0,0,3,3,0,3,8,7,76,58,97,12,250,0,3,26,30,53,13,120,0,0,0,0,3,0,3,0,0,0,0,8,0,8,0,0,0,0,9,0,8,0,0,0,0,21,3,21,0,0,3,0,8,0,11,0,0,0,0,27,3,30,0,0,3,3,10,0,17,0,0,0,3,12,6,20,0,0,0,0,0,0,0,0,0,0,0,4,0,4,0,0,0,0,4,0,3,0,0,3,0,0,0,10,0,0,0,0,0,0,7,0,3,3,12,28,3,43,3
LGA30900,0,0,0,0,0,0,0,0,0,0,0,0,0,0,0,0,0,0,0,0,0,0,0,0,0,0,0,0,0,0,0,0,0,0,0,0,0,0,0,0,0,0,0,0,0,0,0,3,3,4,0,7,0,6,3,0,3,0,12,0,0,0,0,0,0,3,0,0,0,0,0,0,0,0,0,0,0,0,0,0,0,0,0,0,0,0,0,0,6,7,3,24,3,49,0,0,0,3,39,3,51,0,0,0,0,0,0,0,0,0,0,0,0,0,0,0,0,0,0,3,0,3,0,0,0,0,3,3,7,0,0,0,0,0,0,0,0,0,0,0,0,0,3,0,0,0,0,0,0,3,0,0,0,0,0,0,0,0,0,0,0,0,0,0,0,0,0,0,0,0,0,0,0,0,0,0,0,0,0,0,0,0,0,0,0,0,0,0,0,0,0,0,0,0,7,3,8,0,14,0
LGA31000,2979,415,9657,401,160,1558,995,1193,171,4472,293,224,1293,411,359,50,2634,843,401,3303,1818,1437,186,7992,415,144,1480,810,1111,169,4133,3336,1565,10643,2464,2112,366,20488,564,235,2732,1513,1610,290,6952,2411,1689,7052,2488,2160,283,16080,7657,4016,15346,3655,3474,520,34661,6134,3077,22982,7681,7267,1185,48331,289,165,1323,540,631,83,3031,468,262,1782,1724,2853,231,7315,610,168,1867,925,972,696,5244,26641,13147,85345,32453,35113,5602,198312,199,56,567,236,328,59,1444,1362,365,3131,537,1115,107,6616,1583,391,5065,2834,7455,560,17885,787,251,1785,761,1122,78,4783,1118,380,5588,3212,17557,757,28616,1087,273,3080,1612,3108,297,9453,1681,427,8495,4650,8088,925,24276,1470,254,6353,4214,6650,841,19777,1550,484,4949,3626,5813,719,17151,755,344,3053,1158,1278,152,6741,2289,903,7501,3617,2384,386,17080,941,318,3394,1528,2438,333,8956,9601,3205,26802,5622,4429,970,50623,1130,402,4935,2574,3582,555,13181,5032,2908,13499,5722,5662,615,33434,13070
LGA31750,0,0,4,0,0,0,0,0,0,0,0,0,0,0,0,0,0,0,0,0,0,0,0,0,0,0,0,0,0,0,0,0,0,0,0,0,0,0,0,0,0,0,0,0,0,3,0,0,6,10,0,19,0,0,6,0,0,0,5,0,0,0,0,0,0,0,0,0,0,0,0,0,3,0,0,0,0,0,0,0,0,0,0,0,0,0,3,3,0,10,14,29,4,56,0,0,0,7,15,9,31,0,0,0,0,6,0,6,0,0,0,0,0,0,0,0,0,0,0,0,0,0,0,0,0,0,13,3,14,0,0,0,0,0,0,0,0,0,3,0,5,0,12,0,0,0,0,5,0,9,0,0,0,0,0,0,0,0,0,0,0,0,0,0,0,0,0,0,0,0,0,0,0,0,0,0,0,0,0,0,0,0,0,0,0,0,0,0,0,0,0,0,4,0,3,6,20,3,34,0
LGA31820,325,37,488,0,3,13,20,77,13,119,3,0,19,5,19,3,58,8,5,32,42,92,5,183,3,3,24,26,96,12,158,19,19,165,51,123,9,390,3,7,34,52,136,20,253,21,20,124,127,145,14,450,124,170,827,266,426,39,1851,139,172,1076,739,1102,138,3371,3,3,19,8,47,8,86,5,6,27,70,244,4,361,4,4,31,26,99,63,224,356,431,2743,1810,3838,487,9660,26,21,240,179,743,147,1354,3,0,14,39,336,12,405,19,13,95,111,924,48,1205,0,3,23,28,184,8,249,3,4,60,103,1500,53,1732,3,0,28,37,223,15,305,15,3,143,198,988,96,1442,8,0,75,123,602,62,869,3,5,32,65,397,50,548,6,3,35,14,76,7,141,11,7,58,94,117,12,296,8,7,34,50,162,18,273,53,32,326,104,253,37,812,3,7,51,74,338,31,504,50,44,261,294,456,32,1139,202
LGA31900,48,10,74,0,0,4,3,11,3,27,0,0,4,0,0,0,5,0,0,9,10,23,3,44,0,0,0,3,12,3,19,0,0,43,18,24,5,92,0,0,3,9,30,10,49,5,3,16,22,33,5,88,16,35,176,54,84,14,370,6,17,117,104,168,23,438,0,0,0,0,11,0,12,0,0,6,12,54,0,75,0,0,3,5,12,18,44,35,59,483,321,728,113,1747,3,0,91,74,471,47,692,0,0,3,3,112,5,125,4,3,46,43,417,31,557,0,0,8,10,68,3,89,0,0,3,9,221,12,254,3,0,3,8,41,0,50,4,0,34,20,163,29,247,0,0,10,17,86,9,124,0,0,7,10,61,12,89,0,0,9,0,9,0,14,0,0,14,21,23,3,54,0,0,0,4,19,3,30,3,0,69,23,45,7,148,0,0,7,9,51,13,78,7,3,46,64,116,5,232,29
LGA31950,0,0,5,0,0,0,0,0,0,0,0,0,0,0,0,0,0,0,0,0,0,0,0,0,0,0,0,0,0,0,0,0,0,0,0,0,0,0,0,0,0,0,3,0,3,0,0,0,3,7,0,9,0,0,0,0,0,0,4,0,0,0,0,0,0,0,0,0,0,0,0,0,3,0,0,3,0,0,0,3,0,0,0,0,0,0,0,0,0,9,8,18,0,41,0,0,0,0,10,0,12,0,0,0,0,0,0,0,0,0,0,0,0,0,0,0,0,0,0,0,0,0,0,0,0,0,6,0,3,0,0,0,0,0,0,0,0,0,0,0,4,0,4,0,0,3,0,4,0,10,0,0,0,0,0,0,0,0,0,0,0,0,0,0,0,0,0,0,0,0,0,0,0,0,0,0,0,0,0,0,3,0,0,0,3,0,0,0,0,3,0,3,0,0,0,3,11,3,21,0
LGA32080,763,137,1846,27,18,185,184,279,37,724,7,3,51,32,47,0,145,14,12,101,130,150,19,417,5,6,83,93,230,32,455,111,81,558,241,268,40,1302,34,18,212,210,368,67,912,138,98,666,405,489,43,1831,453,417,1770,550,752,104,4048,511,398,2333,1462,1706,235,6646,25,12,73,97,124,21,355,31,33,174,229,500,49,1009,31,4,117,123,181,135,586,1519,1184,7386,4947,7346,1117,23488,30,20,144,85,362,39,673,19,11,81,111,537,28,779,29,13,160,231,1298,82,1807,17,11,75,108,289,12,512,29,19,242,329,3462,167,4238,15,14,111,129,559,38,865,57,36,557,619,1848,214,3341,102,26,696,822,1710,240,3597,86,42,483,648,1362,141,2766,13,6,112,61,168,12,377,36,23,174,230,195,27,685,20,10,168,145,475,45,863,225,143,1212,467,539,103,2696,57,21,351,351,864,121,1766,269,190,1208,1041,1485,145,4326,704
LGA32250,10,3,19,0,0,0,0,0,0,0,0,0,0,0,0,0,0,0,0,0,0,3,0,3,0,0,0,0,0,0,0,0,0,0,0,0,0,3,0,0,0,3,0,0,4,0,0,3,12,9,0,33,3,3,17,0,9,0,34,4,4,12,8,9,0,38,0,0,0,0,0,0,0,0,0,0,0,0,0,3,0,0,0,0,3,3,4,12,5,45,45,70,16,199,0,0,6,15,42,5,72,0,0,0,0,0,0,0,0,0,0,0,5,0,5,0,0,0,0,9,0,9,0,0,3,3,20,0,30,0,0,0,3,4,0,5,0,0,3,0,10,3,15,0,0,8,4,16,3,23,0,0,0,0,17,4,21,0,0,0,0,3,0,3,0,0,0,0,3,0,3,0,0,0,0,3,0,3,0,0,0,0,0,0,3,0,0,0,3,10,0,12,4,0,10,24,34,3,75,5
LGA32260,101,12,192,0,0,5,13,33,8,57,0,0,3,7,3,3,19,0,0,10,17,27,3,53,0,0,4,4,35,6,47,7,0,47,26,45,6,126,0,0,8,17,44,13,83,7,8,51,34,49,10,164,36,71,255,86,133,21,604,14,26,176,172,275,44,701,0,0,9,4,16,0,33,3,3,13,26,82,6,138,3,0,19,10,47,21,99,100,110,767,581,1229,236,3013,26,12,164,182,566,124,1071,0,0,5,11,109,11,137,3,4,37,42,432,37,564,0,0,6,13,83,3,98,0,0,21,29,471,26,545,3,0,8,9,60,8,89,6,3,43,46,283,43,420,3,0,35,55,178,27,302,0,0,14,34,188,24,256,0,0,3,4,23,3,41,3,0,19,22,30,3,76,0,0,10,10,45,10,76,23,4,83,40,69,6,232,3,0,12,29,88,22,153,12,16,106,92,181,15,429,49
LGA32270,102,21,208,0,0,10,9,55,4,78,0,0,3,3,3,3,11,0,0,16,11,21,0,50,0,0,4,16,31,3,51,14,7,49,24,45,3,133,0,0,10,31,41,7,92,11,5,62,52,58,8,198,39,67,340,73,148,19,689,25,26,195,100,126,23,480,0,0,3,4,14,0,22,0,0,13,26,93,11,141,0,0,6,8,40,15,75,114,132,947,567,1188,163,3113,7,12,125,136,357,49,685,48,28,245,209,1482,84,2096,0,3,10,13,147,12,187,3,0,4,3,77,0,91,3,3,23,31,363,14,436,0,0,12,24,145,7,190,7,9,64,42,190,39,346,7,0,47,64,167,31,320,0,0,13,16,189,19,238,0,0,3,7,19,0,29,3,0,27,13,30,0,72,3,0,11,17,79,7,118,16,7,90,37,74,6,231,3,0,12,32,98,18,165,23,7,115,87,144,9,388,43
LGA32310,27,3,45,0,0,0,0,5,4,12,0,0,0,0,3,0,10,0,0,0,4,5,0,14,0,0,0,3,3,9,18,0,0,17,7,8,0,34,0,0,3,3,11,3,20,0,4,17,25,23,0,67,24,35,157,37,72,5,331,8,10,81,63,120,24,308,0,0,0,0,6,0,3,0,0,3,15,31,0,54,0,0,4,4,9,8,27,43,56,333,217,440,75,1156,7,5,35,25,119,20,203,3,3,19,13,179,7,229,0,0,6,7,64,0,75,0,0,3,3,16,0,25,0,0,9,9,154,5,175,0,0,3,3,28,3,36,0,0,18,10,108,14,146,0,3,3,12,51,8,76,0,0,0,8,32,8,51,0,0,3,0,6,3,9,0,0,0,4,5,0,14,0,0,3,7,8,8,25,3,0,21,13,13,3,63,0,0,3,8,25,3,34,0,3,31,46,91,7,181,35
LGA32330,0,0,0,0,0,0,0,0,0,0,0,0,0,0,0,0,0,0,0,0,0,0,0,0,0,0,0,0,0,0,0,0,0,0,0,0,0,0,0,0,0,0,0,0,0,0,0,0,3,0,0,5,0,0,0,0,4,0,6,0,0,0,3,10,0,12,0,0,0,0,0,0,0,0,0,0,0,4,0,4,0,0,0,0,0,0,0,0,4,0,12,12,0,33,0,0,0,0,0,0,0,0,0,0,0,0,0,0,0,0,0,0,0,0,0,0,0,0,0,0,0,0,0,0,0,0,0,0,0,0,0,0,0,0,0,0,0,0,0,0,0,0,0,0,0,0,0,0,0,0,0,0,0,0,0,0,0,0,0,0,0,0,0,0,0,0,0,0,0,0,0,0,0,0,0,0,0,0,0,0,0,0,0,0,0,0,0,0,0,0,0,0,0,0,0,3,12,0,20,0
LGA32450,9,3,20,0,0,0,4,14,3,17,0,0,0,0,0,0,3,0,0,3,0,0,0,3,0,0,0,0,0,0,0,0,0,0,0,3,0,7,0,0,0,0,8,0,6,3,3,15,11,11,0,37,6,9,42,8,7,0,71,3,0,21,8,13,3,44,0,0,0,0,0,0,3,0,0,0,0,10,0,7,0,0,0,3,0,0,6,17,18,97,62,106,19,319,3,0,11,12,35,0,68,14,5,56,19,150,4,257,0,0,0,3,11,0,15,0,0,0,0,3,0,3,3,0,9,4,33,0,51,0,0,3,3,3,0,11,0,0,0,3,21,0,29,0,0,4,3,14,3,27,0,0,3,12,59,5,80,0,0,0,0,3,0,7,0,0,4,0,4,0,4,0,0,0,0,0,0,3,0,0,0,3,8,0,15,0,0,0,0,12,0,11,11,3,19,22,26,0,77,5
LGA32500,25,10,69,0,0,0,0,5,0,4,0,0,0,0,0,0,0,0,0,0,0,3,0,0,0,0,0,0,0,0,3,3,0,3,3,5,0,20,0,0,8,8,5,0,20,3,0,9,11,16,3,43,9,15,36,18,20,7,96,6,9,33,32,35,8,119,0,0,0,4,7,3,17,0,0,0,3,9,4,20,0,0,4,3,8,4,14,26,26,133,113,189,45,531,0,0,33,19,59,13,123,0,0,0,3,12,0,18,0,0,0,3,7,3,11,0,0,3,0,12,0,14,0,0,0,9,107,4,128,0,0,0,0,3,0,3,0,0,3,12,41,12,66,0,0,19,23,59,9,113,0,0,0,8,13,5,22,0,0,0,0,3,0,0,0,0,0,0,5,0,5,0,0,0,0,0,0,3,5,0,14,5,8,0,40,0,0,11,9,15,3,32,5,3,26,21,60,9,132,12
LGA32600,0,0,0,0,0,0,0,0,0,0,0,0,0,0,0,0,0,0,0,0,0,0,0,0,0,0,0,0,0,0,0,0,0,0,0,0,0,0,0,0,0,0,0,0,0,0,0,0,4,3,0,6,0,0,3,0,3,0,5,0,0,0,0,0,0,3,0,0,0,0,0,0,0,0,0,0,0,0,0,0,0,0,0,0,0,0,0,0,0,3,4,11,4,23,0,0,0,4,14,0,18,0,0,0,0,0,0,0,0,0,0,0,0,0,0,0,0,0,0,0,0,0,0,0,0,0,7,0,7,0,0,0,0,0,0,0,0,0,0,0,0,0,0,0,0,0,0,0,0,0,0,0,0,0,0,0,0,0,0,0,0,0,0,0,0,0,0,0,0,0,0,0,0,0,0,0,0,0,0,0,0,0,0,0,0,0,0,0,0,0,0,0,0,0,4,7,9,3,20,0
LGA32750,3,0,5,0,0,0,0,0,0,0,0,0,0,0,0,0,0,0,0,0,0,0,0,0,0,0,0,0,0,0,0,0,0,0,0,0,0,0,0,0,0,0,3,0,3,0,0,3,0,7,0,7,0,0,4,0,0,0,6,0,0,0,0,0,0,0,0,0,0,0,0,0,0,0,0,0,0,0,0,0,0,0,0,0,0,0,0,3,0,16,4,19,0,41,0,0,0,0,11,0,19,0,0,0,0,0,0,0,0,0,0,0,0,0,0,0,0,0,0,0,0,0,0,0,0,0,3,0,3,0,0,0,0,0,0,0,0,0,0,0,0,0,4,0,0,0,0,9,0,12,0,0,0,0,0,0,0,0,0,0,0,0,0,0,0,0,0,0,0,0,0,0,0,0,0,0,0,0,0,0,0,0,0,0,0,0,0,0,0,5,0,5,3,0,5,6,14,0,30,0
LGA32770,0,0,0,0,0,0,0,0,0,0,0,0,0,0,0,0,0,0,0,0,0,0,0,0,0,0,0,0,0,0,0,0,0,0,0,0,0,0,0,0,0,0,0,0,0,0,0,0,4,0,0,6,0,3,13,0,3,3,22,0,0,0,7,9,3,17,0,0,0,0,0,0,0,0,3,0,0,9,0,15,0,0,0,0,0,0,0,0,8,13,13,27,4,62,0,0,0,0,0,0,0,0,0,0,0,0,0,0,0,0,0,0,0,0,0,0,0,0,0,0,0,0,0,0,0,0,0,0,0,0,0,0,0,0,0,0,0,0,0,0,0,0,0,0,0,0,0,3,0,3,0,0,0,0,0,0,0,0,0,0,0,0,0,0,0,0,0,0,0,0,0,0,0,0,0,0,0,0,0,0,0,0,0,0,0,0,0,0,0,0,0,0,0,0,4,5,10,3,21,9
LGA32810,129,31,386,5,0,25,12,32,5,77,0,0,0,4,3,0,7,0,0,3,0,6,0,14,0,0,12,11,23,3,49,9,9,31,4,13,0,66,5,0,27,19,39,13,106,6,3,16,28,17,0,72,16,31,84,24,46,7,202,9,14,101,59,96,9,293,3,0,14,3,10,0,36,0,0,4,19,36,3,70,0,3,9,5,16,9,46,75,78,479,347,570,111,1670,0,3,17,15,54,13,102,0,0,3,3,21,0,29,0,0,15,12,112,10,156,0,0,0,0,12,7,23,0,3,10,17,237,16,285,0,0,7,7,11,3,26,4,0,30,39,111,19,211,37,8,185,164,350,54,797,8,0,48,46,132,21,255,0,0,11,7,3,0,24,0,0,5,7,14,0,23,0,0,20,17,45,5,82,11,7,49,13,33,0,121,8,0,46,48,113,18,232,10,6,30,49,73,3,172,26
LGA33100,0,0,3,0,0,0,0,0,0,0,0,0,0,0,0,0,0,0,0,0,0,0,0,0,0,0,0,0,0,0,0,0,0,0,0,0,0,3,0,0,0,0,0,0,3,0,0,0,3,12,0,19,0,0,6,0,0,0,11,0,0,0,3,0,0,8,0,0,0,0,0,0,0,0,0,0,0,0,0,0,0,0,0,0,0,0,0,3,0,18,20,24,3,74,0,0,8,11,34,5,57,0,0,0,0,0,0,0,0,0,0,0,0,0,0,0,0,0,0,0,0,3,0,0,0,0,4,4,4,0,0,0,0,0,0,0,0,0,0,0,4,0,3,0,0,0,0,5,3,10,0,0,0,4,3,0,9,0,0,0,0,0,0,0,0,0,0,0,0,0,0,0,0,0,0,0,0,0,0,0,0,0,0,0,4,0,0,0,0,3,0,5,3,0,4,6,20,0,33,0
LGA33200,3,0,9,0,0,0,0,3,3,8,0,0,0,0,0,0,0,0,0,0,0,0,0,3,0,0,0,0,0,0,0,0,0,0,0,0,0,4,0,0,0,0,0,3,3,0,0,3,3,14,0,22,0,3,15,0,3,0,22,0,0,9,7,4,0,21,0,0,0,0,0,0,0,0,0,0,3,3,0,9,0,0,0,0,0,0,3,0,5,50,22,55,11,145,0,0,11,17,52,13,93,0,0,0,0,0,0,0,0,0,0,0,4,0,3,0,0,0,0,10,0,10,0,0,3,0,21,0,18,0,0,0,0,0,0,0,0,0,4,0,9,4,16,0,0,3,0,5,5,12,0,0,0,0,22,5,26,0,0,0,0,0,0,0,0,0,3,0,3,0,5,0,0,0,0,0,0,4,0,0,3,3,0,0,4,0,0,0,0,0,5,7,3,0,8,6,35,3,54,0
LGA33220,412,57,649,0,0,18,24,54,8,105,0,6,17,7,39,8,74,0,4,20,41,73,16,152,0,0,20,35,88,16,166,9,29,131,66,114,16,364,0,3,35,68,144,14,271,22,39,159,172,177,12,586,121,203,835,316,468,53,1994,162,146,1026,749,1351,134,3566,0,0,19,24,41,3,87,8,5,29,83,302,25,445,6,8,27,38,102,60,238,360,461,2550,2033,4178,522,10104,3,3,48,61,204,41,361,3,3,19,38,282,18,362,15,8,67,121,848,40,1099,8,0,34,73,205,10,332,9,9,50,129,1592,94,1880,3,5,18,34,168,7,231,21,12,148,233,1104,100,1620,12,10,87,190,840,97,1240,3,0,26,94,402,38,558,0,8,26,37,89,13,172,0,6,42,84,99,13,244,3,0,34,64,190,25,316,26,43,254,141,241,35,748,3,8,53,108,346,27,548,41,70,288,412,566,47,1424,194
LGA33360,259,31,427,9,6,69,51,153,10,296,0,0,9,4,16,0,29,3,3,18,35,43,4,105,3,0,14,24,92,11,139,23,14,110,65,123,7,345,3,4,16,40,95,13,181,16,15,124,102,128,14,397,80,117,717,171,298,41,1434,45,56,444,300,484,52,1386,0,0,14,16,39,0,66,3,3,31,48,236,6,327,5,3,28,27,78,28,177,242,263,1938,1192,2813,299,6747,3,0,28,36,120,27,217,28,17,123,97,441,27,729,89,41,366,239,1796,78,2606,21,5,78,81,348,22,555,17,13,122,158,1697,88,2094,12,5,31,30,186,11,272,17,5,104,120,588,62,896,8,12,81,112,417,49,674,25,17,149,193,802,65,1247,0,0,18,9,26,0,61,3,3,27,52,57,7,151,3,0,23,37,182,14,267,63,29,270,152,609,57,1178,7,4,41,70,235,24,376,35,36,199,196,330,28,821,104
LGA33430,2619,381,6710,49,19,281,378,514,64,1294,52,38,339,252,309,45,1040,105,70,573,786,725,116,2380,126,50,517,607,1053,185,2538,474,254,2235,1164,1251,174,5557,140,69,918,990,1264,205,3584,307,208,1217,880,815,95,3517,1683,1355,5474,2146,2187,288,13136,1764,924,6972,5036,5167,755,20618,95,40,593,524,780,89,2115,85,45,489,1026,2021,157,3821,140,58,654,638,797,468,2754,5836,3425,24865,19605,24954,3796,82489,59,12,140,138,361,45,756,61,23,197,186,792,35,1288,208,84,1105,1271,5197,335,8202,61,15,147,177,590,26,1005,244,107,1668,2351,15643,758,20777,149,59,781,708,1671,144,3514,547,156,2693,2926,6321,751,13376,584,124,2966,2887,5469,661,12688,168,60,843,1094,2642,293,5097,117,65,751,560,929,108,2537,328,153,1349,1500,1151,195,4674,272,92,1138,1068,2193,309,5082,1286,513,5312,2333,2527,434,12403,280,117,1492,1502,2763,335,6489,643,420,2265,2115,2489,259,8197,2732
LGA33610,40,10,73,0,0,3,3,13,0,23,0,0,3,5,0,0,7,0,0,15,3,9,0,28,0,0,3,0,3,3,11,3,7,28,17,27,0,77,0,0,4,4,15,0,31,0,3,12,12,12,0,44,7,24,147,42,61,6,280,4,10,89,80,111,12,312,0,0,0,3,3,0,3,0,0,3,13,35,0,52,0,0,11,6,11,4,28,31,50,426,282,461,61,1305,22,4,160,137,276,38,635,0,0,0,3,10,3,19,0,0,8,8,54,6,82,0,0,0,8,28,0,37,0,0,13,17,170,5,210,3,0,16,16,40,0,77,9,0,22,18,102,14,158,0,0,7,22,69,10,114,0,0,5,11,44,8,67,0,0,3,5,8,0,14,0,0,12,10,9,0,41,0,0,6,3,12,3,23,5,6,45,21,33,0,110,0,0,4,4,29,4,43,5,3,23,32,33,6,102,12
LGA33620,155,27,280,0,0,13,16,35,9,73,5,0,6,4,17,0,30,0,0,10,25,35,4,72,3,3,3,16,64,8,97,7,15,97,49,97,7,272,0,4,17,33,68,6,122,5,13,69,68,87,12,254,56,100,368,168,271,34,997,45,51,335,386,497,44,1350,0,0,14,6,20,0,39,3,0,19,49,148,8,226,8,3,17,21,51,30,131,146,199,1146,1108,2103,251,4965,18,12,109,149,332,66,684,0,0,10,18,197,11,235,5,8,58,81,635,29,819,0,0,3,7,92,8,106,0,3,39,69,925,53,1095,3,0,22,30,136,9,200,12,11,76,115,566,40,817,9,0,37,84,264,42,442,0,0,22,45,262,26,353,3,0,7,8,40,4,71,0,0,12,31,46,8,106,4,3,7,23,113,18,168,26,19,154,85,165,12,460,3,3,20,40,177,19,264,18,30,132,158,248,18,606,89
LGA33800,37,10,64,0,0,3,4,9,0,13,0,0,0,3,3,0,8,3,0,0,3,8,3,23,0,0,3,3,3,0,14,0,3,23,8,15,3,50,0,0,0,3,28,0,31,0,4,22,18,28,4,70,20,17,116,33,56,12,251,3,7,79,68,141,15,315,0,0,0,0,3,0,3,0,0,3,6,35,0,47,0,0,0,4,5,10,18,29,31,281,200,478,71,1081,0,0,21,31,223,29,305,0,0,5,0,38,0,40,0,4,18,19,289,22,355,0,0,3,3,20,0,29,0,0,0,5,153,3,168,0,0,0,6,27,0,36,0,0,21,11,90,8,128,3,0,7,14,62,14,98,0,0,3,8,45,3,57,0,0,3,4,7,0,11,3,0,6,7,11,3,39,0,0,3,3,12,3,21,4,3,42,13,33,4,89,0,0,0,3,44,7,56,0,4,32,38,90,10,174,22
LGA33830,0,0,0,0,0,0,0,0,0,0,0,0,0,0,0,0,0,0,0,0,0,0,0,0,0,0,0,0,0,0,0,0,0,0,0,0,0,0,0,0,0,0,0,0,0,0,0,3,7,11,0,20,0,0,4,0,3,0,9,0,0,0,4,6,0,17,0,0,0,0,0,0,0,0,0,0,3,10,3,18,0,0,0,0,0,0,0,0,5,8,9,34,4,63,0,0,0,0,0,0,0,0,0,0,0,8,3,15,0,0,0,0,0,0,0,0,0,0,0,0,0,0,0,0,0,0,4,0,4,0,0,0,0,0,0,0,0,0,0,0,0,0,0,0,0,0,0,0,0,0,0,0,0,0,0,0,0,0,0,0,0,0,0,0,0,0,0,0,0,0,0,0,0,0,0,0,0,0,0,0,0,0,0,0,0,0,0,0,0,3,0,3,0,0,3,5,44,3,58,0
LGA33960,661,64,1103,11,5,77,110,286,29,516,5,9,57,42,70,3,186,30,9,198,226,366,23,855,6,4,65,117,226,22,446,108,50,455,234,359,27,1239,15,14,153,191,383,39,799,156,107,664,566,695,60,2257,381,363,1636,646,976,81,4084,365,299,1978,1759,2400,222,7028,9,6,59,57,101,12,239,15,21,118,247,599,31,1035,19,7,79,110,224,120,567,1247,974,6342,5383,9474,959,24372,12,7,52,68,176,29,345,34,3,91,72,318,19,538,92,37,420,595,2977,205,4321,38,13,109,138,417,31,741,34,16,261,385,3795,170,4660,30,12,161,215,902,54,1375,81,35,521,620,2141,186,3586,35,17,231,359,1082,109,1828,62,26,259,411,1619,163,2536,24,17,141,128,217,9,536,72,29,343,351,488,36,1309,17,6,124,168,422,37,781,281,116,1016,529,770,65,2777,37,26,229,290,837,78,1499,324,230,1241,1390,2306,154,5638,563
LGA33980,96,14,173,0,0,9,7,41,9,67,0,0,0,0,4,0,12,0,0,3,3,4,0,12,0,0,5,7,13,6,30,0,0,22,3,21,3,50,0,0,8,13,50,12,86,4,5,33,26,64,0,132,16,42,233,41,87,14,427,10,8,84,60,83,18,265,0,0,9,4,12,3,22,0,0,6,11,63,4,92,0,0,7,9,23,15,51,57,73,676,344,931,126,2213,6,6,68,57,216,31,382,70,38,402,197,1595,98,2400,6,0,34,27,133,16,214,0,0,3,14,49,0,67,0,0,14,20,184,10,227,0,0,3,8,68,3,83,3,0,32,27,113,13,186,4,0,36,46,164,20,277,0,3,14,17,148,22,208,0,0,3,3,7,0,16,0,0,3,3,8,0,10,0,0,8,10,40,6,65,3,0,43,11,54,3,115,0,0,12,26,132,15,178,13,4,52,45,136,7,267,15
LGA34420,0,0,0,0,0,0,0,0,0,0,0,0,0,0,0,0,0,0,0,0,0,0,0,0,0,0,0,0,0,0,0,0,0,0,0,0,0,0,0,0,0,0,0,0,3,0,0,0,0,13,0,14,4,3,10,0,7,0,23,0,0,0,0,3,0,3,0,0,0,0,0,0,0,0,0,0,0,0,0,4,0,0,0,0,0,0,0,4,3,8,6,32,7,61,0,0,0,0,5,0,8,0,0,0,0,0,0,0,0,0,0,0,0,0,0,0,0,0,0,0,0,0,0,0,0,0,11,0,11,0,0,0,0,0,0,0,0,0,0,0,3,4,5,0,0,0,0,0,0,0,0,0,0,0,0,0,0,0,0,0,0,0,0,0,0,0,0,0,0,0,0,0,0,0,0,0,0,0,0,0,0,0,0,0,0,0,0,0,0,7,0,5,3,0,0,0,35,4,45,4
LGA34530,163,24,254,3,6,10,15,33,3,71,0,0,3,10,4,6,20,0,0,12,24,38,0,82,3,3,8,7,48,9,73,18,4,98,21,48,3,194,3,3,20,22,63,11,122,11,21,111,68,99,11,316,110,100,477,130,179,26,1025,58,69,376,234,350,37,1125,0,3,12,6,20,0,45,0,3,20,37,146,3,215,0,3,16,20,28,27,95,224,228,1327,777,1607,192,4349,0,3,44,43,109,25,220,7,8,52,76,736,32,912,3,3,18,35,266,15,339,7,9,31,63,115,6,234,0,3,48,56,877,34,1017,0,3,10,25,150,11,200,0,7,77,65,329,30,513,5,3,44,67,276,44,444,4,10,25,30,221,24,322,3,0,8,8,31,3,61,0,0,26,53,48,3,126,4,3,16,22,93,10,143,27,9,181,47,110,11,379,4,3,31,33,125,14,221,36,37,201,169,283,19,738,175
LGA34570,0,0,0,0,0,0,0,0,0,0,0,0,0,0,0,0,0,0,0,0,0,0,0,0,0,0,0,0,0,0,0,0,0,0,0,0,0,0,0,0,0,0,0,0,0,0,0,0,3,3,3,6,0,3,6,0,3,5,17,0,0,0,0,5,5,6,0,0,0,0,0,0,0,0,0,0,0,3,5,6,0,0,0,0,0,3,3,0,3,9,8,13,17,52,0,0,0,0,0,0,3,0,0,0,0,0,0,0,0,0,0,0,0,0,0,0,0,0,0,0,0,0,0,0,0,0,3,0,4,0,0,0,0,0,0,0,0,0,0,0,0,0,7,0,0,0,0,0,0,0,0,0,0,0,0,0,0,0,0,0,0,0,0,0,0,0,0,0,0,0,0,0,0,0,0,0,0,0,0,0,0,0,0,0,0,0,0,0,0,0,0,0,0,0,0,7,15,7,26,3
LGA34580,127,24,205,0,5,14,20,55,0,100,0,0,4,3,6,3,17,0,0,7,16,40,3,76,0,3,7,11,41,14,79,16,9,92,41,71,8,231,0,3,23,28,62,11,124,16,9,68,88,105,11,288,90,78,306,148,213,21,859,44,38,249,266,367,45,1007,0,0,8,10,15,5,44,0,3,16,32,115,9,185,0,0,19,19,34,36,110,205,162,1050,905,1658,276,4259,39,5,224,107,393,110,871,0,0,11,10,97,5,132,3,7,37,66,408,28,547,0,3,10,18,82,4,121,6,3,38,66,673,52,832,3,3,27,32,159,5,234,9,0,65,89,371,53,581,6,3,28,59,201,34,320,0,9,24,49,360,30,474,0,0,16,5,35,4,65,3,0,25,34,52,3,115,0,3,14,15,81,12,129,31,17,161,66,120,13,411,6,3,27,42,117,27,219,31,22,115,193,288,22,666,142
LGA34590,948,106,1667,23,16,153,221,493,77,978,13,14,101,93,95,8,328,41,39,264,337,407,38,1119,32,3,101,179,366,51,743,155,98,705,403,579,70,2000,28,23,246,357,617,88,1358,169,126,754,592,664,69,2376,498,550,2397,999,1599,152,6197,448,382,2609,2461,3451,350,9708,14,14,76,119,171,26,425,28,20,231,420,975,58,1731,45,11,183,233,459,262,1198,1690,1390,9216,8334,14159,1717,36518,14,3,81,84,229,27,439,25,14,105,90,330,26,598,143,47,621,933,4542,326,6608,36,10,104,136,458,26,763,77,31,576,896,8058,406,10037,81,31,336,415,1561,109,2518,125,53,877,1132,3213,288,5688,66,26,402,536,1622,160,2808,124,41,504,726,2674,294,4362,37,19,225,203,330,35,854,97,54,496,531,615,58,1853,59,10,209,273,733,92,1384,378,170,1603,843,1152,146,4299,65,39,395,529,1331,168,2523,327,224,1296,1180,1677,160,4870,803
LGA34710,15,3,29,0,0,0,0,7,0,7,0,3,0,3,3,0,7,0,0,6,0,4,0,15,0,0,3,0,0,0,6,4,0,13,5,7,0,19,0,0,0,3,8,0,18,3,0,16,17,19,0,61,6,19,57,11,21,9,115,6,13,62,26,36,9,158,0,0,0,3,0,0,7,0,3,0,4,11,0,23,0,0,3,0,8,8,16,28,37,195,102,189,40,588,0,3,29,39,46,19,135,0,0,0,3,11,0,10,0,0,0,3,14,0,13,0,0,0,0,10,0,16,0,0,3,0,72,3,77,0,0,3,7,6,3,17,0,0,8,5,51,8,73,0,0,9,10,22,4,51,0,0,0,0,19,3,24,0,3,3,4,4,0,19,0,0,6,0,6,0,15,0,0,7,0,9,0,12,4,0,20,6,5,0,37,0,0,3,6,14,0,27,6,3,28,35,52,7,132,8
LGA34770,444,74,764,7,15,63,75,190,19,376,0,3,29,11,33,0,85,8,6,59,97,91,15,264,0,3,37,48,141,19,238,29,37,348,125,215,24,764,3,10,71,87,213,25,411,39,33,264,177,247,25,789,167,263,1173,357,563,59,2582,187,200,1325,751,1105,136,3702,8,0,17,15,59,7,114,11,6,56,140,420,26,653,3,0,64,48,150,79,337,506,611,4033,2529,5364,685,13733,10,7,69,113,468,67,734,52,48,320,380,3434,138,4370,39,20,196,196,1590,98,2143,4,0,29,57,226,13,324,13,23,137,193,2160,114,2643,3,13,86,113,902,41,1160,27,13,233,238,1197,120,1819,20,4,162,177,744,102,1211,37,35,168,279,1152,115,1790,0,3,34,32,96,6,179,13,11,94,136,125,16,407,5,7,67,74,335,25,516,78,53,703,222,502,48,1606,3,11,93,122,510,39,783,75,58,448,364,645,67,1647,228
LGA34800,8,0,12,0,0,0,0,3,0,3,0,0,0,0,0,0,0,0,0,0,0,0,0,0,0,0,0,0,0,0,0,0,0,0,0,0,0,0,0,0,0,0,4,0,3,0,0,3,3,7,0,9,0,0,3,0,7,0,12,0,3,3,0,3,3,11,0,0,0,0,0,0,0,0,0,0,0,0,0,0,0,0,0,0,0,0,0,4,3,31,13,41,5,102,0,0,25,14,42,5,80,0,0,13,0,20,0,39,0,0,0,0,0,0,0,0,0,0,0,3,0,3,0,0,0,0,16,3,19,0,0,0,0,3,0,3,0,0,3,0,6,0,12,0,0,4,4,8,0,15,0,0,0,0,6,0,6,0,0,0,0,0,0,0,0,0,0,0,3,0,3,0,0,0,0,0,0,0,0,0,0,0,0,0,0,0,0,0,0,4,0,4,3,0,10,0,15,4,28,0
LGA34830,0,0,0,0,0,0,0,0,0,0,0,0,0,0,0,0,0,0,0,0,0,0,0,0,0,0,0,0,0,0,0,0,0,0,0,0,0,0,0,0,0,0,0,0,0,0,0,0,3,10,0,13,0,0,3,0,0,0,8,0,0,0,4,3,0,5,0,0,0,0,0,0,0,0,0,0,0,0,0,0,0,0,0,0,0,0,0,0,0,3,9,17,0,30,0,0,0,0,0,0,0,0,0,0,0,3,0,3,0,0,0,0,0,0,0,0,0,0,0,0,0,0,0,0,0,0,3,0,3,0,0,0,0,0,0,0,0,0,0,0,3,0,3,0,0,0,0,0,0,0,0,0,0,0,0,0,0,0,0,0,0,0,0,0,0,0,0,0,0,0,0,0,0,0,0,0,0,0,0,0,0,0,0,0,0,0,0,0,0,0,0,0,0,0,0,5,17,0,26,0
LGA34860,35,8,92,0,0,5,9,20,0,38,0,0,3,4,4,4,11,0,0,7,8,14,3,32,0,0,5,8,8,0,22,4,0,32,8,17,0,56,0,0,0,5,19,6,36,7,5,57,49,58,3,175,16,28,162,39,60,3,310,28,18,154,99,139,16,450,0,0,3,4,6,0,11,0,0,5,14,40,0,56,0,0,5,5,22,16,48,62,64,560,376,623,105,1783,3,4,91,128,239,39,505,3,0,30,33,115,12,191,0,0,9,14,76,10,102,3,0,10,10,73,3,96,3,0,19,17,244,22,307,0,0,11,17,58,12,91,5,11,29,22,112,14,188,0,3,23,34,77,14,155,0,0,14,19,95,3,129,0,0,11,4,3,4,20,3,0,17,14,12,3,47,0,0,5,16,28,3,54,7,3,51,15,22,5,99,3,0,0,5,34,9,53,14,14,95,96,151,15,378,23
LGA34880,78,13,131,0,0,13,5,15,8,43,0,0,5,0,0,3,12,0,0,3,14,11,0,23,0,0,7,8,18,5,38,8,5,41,18,34,7,104,0,0,16,28,32,3,76,9,10,54,52,60,6,195,36,35,174,69,87,13,414,31,28,175,137,188,25,594,0,0,16,6,10,3,39,0,4,9,14,46,4,77,0,0,9,17,26,14,64,105,85,645,509,816,161,2330,18,4,128,88,283,59,579,3,0,12,17,101,5,137,0,0,22,22,158,21,222,0,0,9,12,53,0,71,0,0,11,23,335,19,389,0,0,9,17,33,3,75,3,0,46,55,170,35,310,3,0,24,36,136,21,214,5,3,21,33,123,21,206,0,0,10,3,15,4,29,0,0,11,14,20,0,43,4,0,8,11,37,4,70,8,5,82,34,64,7,191,0,0,20,41,71,10,138,19,14,98,128,176,18,449,58
LGA35010,1402,143,2503,30,31,260,346,678,91,1435,23,21,127,105,151,14,452,61,73,414,529,613,71,1769,21,17,190,259,544,61,1093,273,187,1234,714,932,112,3450,49,40,366,470,845,108,1878,266,276,1360,1037,1085,92,4116,956,1005,4003,1484,2112,189,9749,811,820,5022,4046,5278,493,16473,24,26,201,166,286,32,732,53,43,331,620,1448,68,2561,56,24,283,299,512,304,1469,2873,2748,15941,12822,20366,2292,57034,40,30,246,214,488,124,1141,111,37,336,213,821,38,1546,152,68,802,1018,4949,283,7285,83,46,312,332,847,54,1673,137,81,811,1259,10970,495,13749,95,55,468,523,1541,135,2814,158,93,1296,1711,5081,419,8756,86,38,614,896,2592,239,4461,139,82,777,1242,3469,337,6045,71,46,343,328,611,39,1429,170,141,870,938,980,106,3198,50,35,342,432,1067,103,2036,778,360,2995,1539,1929,250,7846,84,59,577,755,1930,199,3612,571,541,2464,2578,3154,248,9555,1396
LGA35250,0,0,0,0,0,0,0,0,0,0,0,0,0,0,0,0,0,0,0,0,0,0,0,0,0,0,0,0,0,0,0,0,0,0,0,0,0,0,0,0,0,0,3,3,12,0,0,6,5,0,8,17,0,4,13,0,5,3,23,0,0,7,4,6,3,13,0,0,0,0,0,0,0,0,0,0,6,3,3,11,0,0,0,0,0,0,3,0,4,29,11,23,24,92,0,0,0,0,0,0,0,0,0,0,0,0,0,0,0,0,0,0,0,0,0,0,0,0,0,0,0,0,0,0,0,0,3,0,3,0,0,0,0,0,0,0,0,0,0,0,8,4,12,0,0,0,0,0,0,0,0,0,0,0,0,0,0,0,0,0,0,0,0,0,0,0,0,0,0,0,0,0,0,0,0,0,0,0,0,0,0,0,0,0,3,0,0,0,3,10,3,20,6,0,9,10,22,14,50,0
LGA35300,43,8,100,0,0,5,7,29,3,43,0,0,13,3,4,0,20,0,0,0,10,16,3,31,0,0,6,0,27,0,32,6,3,23,7,16,3,57,0,0,10,13,42,3,66,19,7,61,52,60,3,205,38,47,248,47,117,12,505,57,52,231,105,142,32,616,3,0,0,4,8,0,15,0,3,14,23,60,3,109,4,0,5,11,18,11,53,145,122,757,387,842,111,2363,0,0,6,5,39,0,51,40,19,267,131,1287,55,1801,4,0,9,11,132,3,164,0,3,16,13,41,3,75,0,0,6,18,237,12,280,3,0,7,4,69,4,94,6,4,40,20,164,22,253,3,0,35,31,79,16,167,0,0,11,18,108,11,146,0,0,13,3,13,0,23,0,0,3,9,19,3,33,0,0,7,3,49,3,66,11,5,38,17,38,6,117,0,0,14,18,90,7,136,28,11,98,94,127,5,372,48
LGA35600,13,4,29,0,0,0,0,4,0,6,0,0,0,0,0,0,0,0,0,8,3,0,0,9,0,0,0,0,5,0,7,4,0,7,7,5,0,24,0,0,0,0,7,0,9,0,0,10,7,14,0,42,6,15,60,18,20,3,123,4,4,61,28,56,12,165,0,0,0,0,0,0,4,0,0,0,0,12,0,15,0,0,0,3,3,7,13,21,28,191,94,197,36,562,0,0,28,31,69,10,147,0,0,0,0,7,0,7,4,0,11,3,32,5,57,0,0,0,0,11,0,11,0,0,3,0,58,3,66,0,0,9,3,18,3,35,0,3,7,9,50,11,68,0,3,4,3,25,3,43,0,0,3,3,17,5,29,0,0,0,0,3,0,5,0,0,9,3,0,0,11,0,0,0,0,4,0,4,4,0,12,10,5,0,34,0,0,0,0,15,3,15,3,0,23,28,51,8,110,8
LGA35670,0,0,0,0,0,0,0,0,0,0,0,0,0,0,0,0,0,0,0,0,0,0,0,0,0,0,0,0,0,0,0,0,0,0,0,0,0,0,0,0,0,0,0,0,0,0,0,0,3,3,0,6,0,0,0,0,3,0,0,0,0,0,4,3,0,3,0,0,0,0,0,0,0,0,0,0,0,0,0,0,0,0,0,0,0,0,0,0,3,0,5,12,7,30,0,0,0,0,0,0,0,0,0,0,0,8,3,10,0,0,0,0,0,0,0,0,0,0,0,0,0,0,0,0,0,0,3,0,3,0,0,0,0,0,0,0,0,0,0,0,0,0,0,0,0,0,0,0,0,0,0,0,0,0,0,0,0,0,0,0,0,0,0,0,0,0,0,0,0,0,0,0,0,0,0,0,0,0,0,0,0,0,0,0,0,0,0,0,0,0,0,0,0,0,7,3,17,0,28,0
LGA35740,293,39,666,4,4,18,24,35,5,82,3,5,24,10,17,4,68,9,7,32,61,38,8,151,3,3,40,56,107,12,234,39,29,199,115,95,19,495,16,5,61,77,87,10,255,27,22,89,70,52,13,277,130,141,500,190,189,21,1166,136,72,618,433,501,69,1832,3,3,27,29,42,11,114,13,7,50,91,198,16,373,14,9,67,69,74,28,258,440,342,2119,1711,2231,335,7173,9,6,39,49,68,15,189,3,0,16,27,140,7,192,24,8,82,81,334,29,569,0,0,12,20,72,3,110,11,8,115,146,1376,72,1728,4,8,76,51,138,17,291,27,15,215,226,590,73,1144,35,13,221,304,656,72,1308,21,7,58,94,227,19,427,7,9,47,25,48,4,137,19,17,80,107,76,13,319,17,13,79,93,204,24,433,107,52,462,210,194,42,1063,21,13,103,132,247,24,536,55,44,169,165,180,24,642,204
LGA35760,27,9,45,0,0,3,0,13,0,16,0,0,0,0,0,0,0,0,0,0,3,3,0,9,0,0,3,0,6,0,14,0,0,6,3,19,0,29,0,0,9,8,13,4,39,0,0,17,14,25,7,57,14,22,83,32,56,9,213,5,11,64,66,121,8,275,0,0,3,0,0,0,3,0,0,4,8,29,0,35,0,0,4,3,11,9,19,20,47,267,216,452,83,1087,6,12,109,104,220,79,528,0,0,11,4,64,3,81,0,0,4,3,72,3,82,0,0,0,3,23,0,28,0,0,5,5,108,7,130,0,0,3,3,15,3,30,0,0,12,20,86,15,130,0,0,4,11,42,9,67,0,0,5,3,41,0,53,0,0,3,0,3,0,6,0,0,3,3,4,0,14,0,0,3,0,12,0,19,0,0,13,8,27,0,54,0,0,13,18,30,6,64,4,3,24,15,74,13,132,17
LGA35780,0,0,3,0,0,0,0,0,0,3,0,0,0,0,0,0,0,0,0,0,0,0,0,0,0,0,0,0,0,0,3,0,0,0,0,0,0,7,0,0,0,0,0,0,4,0,0,0,15,31,3,56,0,3,28,11,26,4,76,4,5,12,37,26,5,89,0,0,0,0,0,0,0,0,0,3,3,7,0,18,0,0,0,0,0,3,9,6,7,53,76,114,28,285,0,0,0,0,3,0,5,0,0,0,0,0,3,3,0,0,0,0,0,0,4,0,0,0,0,4,0,4,0,0,3,5,42,4,50,0,0,0,0,0,0,0,0,0,3,3,10,0,18,0,0,3,3,6,0,14,0,0,0,4,4,0,10,0,0,0,0,0,0,0,0,0,0,0,0,0,0,0,0,0,0,0,0,3,0,0,5,3,0,0,8,0,0,0,0,3,3,7,0,0,5,26,69,13,113,3
LGA35790,0,0,4,0,0,0,0,0,0,0,0,0,0,0,0,0,0,0,0,0,0,0,0,0,0,0,0,0,0,0,0,0,0,0,0,3,0,3,0,0,0,0,0,0,3,0,0,6,3,19,3,30,0,6,18,0,20,3,48,7,4,14,10,24,0,55,0,0,0,0,0,0,0,0,0,0,3,3,0,7,0,0,0,0,0,0,0,9,9,37,18,71,11,151,0,0,0,0,0,0,0,0,0,0,0,0,0,0,0,0,0,0,0,0,0,0,0,0,0,0,0,0,0,0,0,0,4,0,4,0,0,0,0,0,0,0,0,0,0,0,0,0,3,0,0,0,0,4,0,8,0,0,0,0,0,0,0,0,0,0,0,0,0,0,0,0,0,0,0,0,0,0,0,0,0,0,0,0,0,0,0,0,5,0,5,0,0,0,0,0,0,3,0,0,4,13,46,4,67,3
LGA35800,9,0,6,0,0,0,0,0,0,0,0,0,0,3,0,0,3,0,0,0,0,0,0,3,0,0,0,0,0,0,0,0,0,0,0,0,0,3,0,0,0,0,0,0,3,0,0,6,9,9,0,29,3,8,21,6,6,0,42,0,0,4,14,19,3,41,0,0,0,0,0,0,0,0,0,0,0,4,0,6,0,0,0,0,3,0,3,7,13,50,50,73,15,201,3,0,12,22,43,8,87,0,0,0,0,3,0,3,0,0,0,0,4,0,3,0,0,0,0,7,0,7,0,0,0,0,15,0,18,0,0,0,0,0,0,3,0,3,0,3,14,0,27,0,0,0,0,9,0,12,0,0,0,0,6,0,10,0,0,0,3,0,0,3,0,0,0,0,0,0,3,0,0,0,0,0,0,0,0,0,0,0,0,0,7,0,0,0,0,3,0,3,0,0,8,21,32,3,64,3
LGA36070,0,0,0,0,0,0,0,0,0,0,0,0,0,0,0,0,0,0,0,0,0,0,0,0,0,0,0,0,0,0,0,0,0,0,0,0,0,3,0,0,0,0,0,0,0,0,0,0,4,3,0,9,0,0,3,0,3,4,9,0,0,3,3,0,0,8,0,0,0,0,0,0,0,0,0,0,0,3,0,4,0,0,0,0,0,0,0,3,0,9,9,17,4,44,0,0,0,0,8,0,6,0,0,0,0,0,0,0,0,0,0,0,0,0,0,0,0,0,0,0,0,0,0,0,0,0,4,0,7,0,0,0,0,0,0,0,0,0,0,0,3,0,3,0,0,0,0,0,0,0,0,0,0,0,0,0,0,0,0,0,0,0,0,0,0,0,0,0,0,0,0,0,0,0,0,0,0,0,0,0,0,0,0,0,3,0,0,0,0,0,0,0,0,0,4,9,20,0,39,0
LGA36150,4,0,10,0,0,0,0,0,0,3,0,0,0,0,0,0,0,0,0,0,0,0,0,0,0,0,0,0,0,0,0,0,0,3,0,0,0,3,0,0,0,0,0,0,0,0,0,0,7,5,0,17,0,0,8,0,12,0,22,0,0,6,3,5,0,23,0,0,0,0,3,0,3,0,0,0,0,3,0,3,0,0,0,0,0,0,0,5,3,32,24,51,3,120,0,0,6,12,32,3,51,0,0,0,0,0,0,0,0,0,0,0,4,0,4,0,0,0,0,5,0,7,0,0,0,0,10,0,10,0,0,0,0,0,0,0,0,0,3,0,11,0,16,0,0,0,5,9,0,15,0,0,0,0,6,0,5,0,0,0,0,0,0,0,0,0,0,0,0,0,0,0,0,0,0,0,0,3,0,0,3,0,0,0,3,0,0,0,0,0,0,0,0,0,3,11,15,5,35,0
LGA36250,418,44,822,12,15,101,133,224,25,515,14,8,64,43,55,12,195,32,22,148,232,209,26,670,8,10,79,91,229,29,437,119,65,450,314,332,41,1321,19,15,157,220,317,56,781,103,75,480,377,394,39,1477,386,381,1532,610,728,67,3707,328,273,1789,1448,1840,183,5856,5,14,66,75,96,17,270,22,21,122,253,538,24,974,27,13,113,153,205,106,622,1204,969,5964,5060,7292,859,21346,12,3,47,52,121,19,261,53,12,122,99,292,12,589,90,50,418,490,2070,109,3223,32,12,102,122,286,19,573,68,29,402,640,4489,185,5816,51,20,225,301,687,53,1332,66,40,533,590,1706,126,3059,32,12,228,304,838,78,1491,76,41,315,434,1188,109,2170,29,11,138,144,252,23,594,70,48,322,403,343,36,1217,28,16,140,175,426,44,826,330,139,1157,653,740,84,3098,30,23,244,312,712,91,1410,211,160,859,797,927,78,3029,569
LGA36300,4,0,7,0,0,0,0,0,3,3,0,0,0,0,0,0,0,0,0,0,0,3,0,3,0,0,0,0,0,0,0,0,0,3,0,0,0,3,0,0,0,0,0,0,3,0,0,3,4,8,0,21,0,0,8,0,5,0,16,0,0,6,3,3,0,16,0,0,0,0,0,0,0,0,0,0,0,0,0,0,0,0,0,0,3,0,9,0,9,36,24,35,10,112,0,0,11,8,32,8,60,0,0,0,0,0,0,0,0,0,0,0,0,0,0,0,0,0,0,3,0,4,0,0,0,0,4,0,8,0,0,0,0,0,0,3,0,0,0,3,6,0,7,0,0,3,0,4,0,11,0,0,0,0,4,3,6,0,0,0,0,0,0,0,0,0,0,0,3,0,3,0,0,0,0,3,0,3,0,0,3,0,0,0,4,0,0,0,0,0,0,3,0,0,8,13,23,0,42,0
LGA36370,329,34,504,5,10,36,40,101,12,200,0,3,13,9,23,6,58,6,3,34,44,78,3,168,0,3,21,16,75,4,130,25,24,176,54,119,8,407,3,7,33,35,92,21,192,31,53,217,175,259,24,763,172,189,886,249,385,39,1919,144,154,1060,643,977,103,3071,0,4,10,20,27,5,60,7,9,40,77,237,17,384,4,6,24,28,75,40,178,422,479,2843,1698,3560,412,9418,6,9,35,46,165,30,286,13,13,47,74,912,43,1104,13,4,84,70,666,54,892,37,19,144,152,349,19,727,6,3,56,97,1340,62,1564,4,0,42,36,382,20,487,21,10,137,134,795,73,1174,16,7,96,117,592,59,893,28,21,123,133,747,62,1106,4,3,30,20,82,12,155,12,7,82,81,96,8,287,0,3,44,22,168,14,261,52,54,393,120,224,24,858,11,4,51,68,241,33,413,73,94,408,357,652,51,1635,302
LGA36510,177,24,333,5,3,19,18,40,10,89,0,4,12,12,6,3,42,3,0,14,38,48,3,106,6,0,5,13,59,8,88,24,13,126,65,80,9,312,4,0,27,51,54,5,148,16,18,79,81,84,4,280,96,96,374,146,205,26,943,70,50,337,288,396,57,1202,5,3,28,21,40,3,96,3,5,26,57,122,4,213,9,4,27,24,62,35,161,269,213,1295,1104,1808,268,4959,13,6,100,116,294,60,584,0,0,11,9,78,12,117,9,3,62,95,446,32,642,6,3,17,25,110,6,163,9,5,60,115,919,66,1176,3,3,31,33,158,12,237,11,10,94,95,350,41,603,11,5,79,92,321,30,544,13,3,36,40,212,32,334,0,4,26,16,44,7,101,6,3,24,58,65,3,164,8,0,16,26,103,19,170,50,20,247,113,135,18,592,4,4,44,62,132,14,264,52,38,151,203,283,19,750,159
LGA36580,64,10,119,0,0,3,4,32,0,46,0,0,5,5,7,0,19,0,3,4,12,22,3,44,0,0,4,7,29,0,40,5,3,32,25,39,5,105,0,3,8,10,45,10,72,4,10,42,54,68,10,183,30,47,165,70,122,12,447,25,29,169,141,249,22,628,0,3,9,4,16,0,30,0,3,9,33,54,5,103,0,0,5,14,39,17,76,85,105,547,528,1086,147,2500,7,3,43,43,193,32,324,0,0,3,13,70,11,93,3,0,84,65,376,44,572,3,0,5,7,88,3,108,4,3,17,34,445,33,541,3,0,10,16,76,8,121,3,0,44,50,220,36,345,0,0,14,27,113,18,174,0,0,10,27,193,22,246,0,0,5,5,12,0,26,0,3,5,17,29,4,62,0,0,9,19,47,3,80,11,12,65,43,76,12,221,0,3,11,19,81,9,125,6,14,61,130,211,29,457,41
LGA36630,108,16,174,0,0,0,9,24,0,34,0,0,3,0,11,0,24,0,0,3,8,27,0,37,0,0,3,11,26,4,47,7,5,52,30,55,3,158,0,0,7,11,33,5,58,7,9,58,57,64,4,197,47,76,346,102,183,11,760,33,26,226,270,373,45,985,0,0,0,3,14,0,19,3,0,8,29,83,5,122,0,0,10,13,29,20,69,113,135,850,708,1426,164,3395,8,11,85,95,289,47,530,3,3,22,29,203,7,269,6,6,46,34,361,39,490,10,5,32,37,203,7,295,0,0,17,27,408,25,480,0,0,12,17,60,17,103,3,3,47,61,364,42,515,3,3,31,37,174,19,258,0,0,12,18,115,8,156,0,0,8,3,27,0,45,0,0,7,20,33,0,57,0,0,7,13,49,3,71,10,10,88,48,83,9,237,5,0,6,18,64,14,105,12,9,97,116,185,17,436,66
LGA36660,155,29,257,0,0,5,14,43,3,64,0,0,12,3,12,0,25,0,0,7,19,28,3,66,3,0,5,13,26,7,57,15,7,73,29,45,4,165,0,0,18,16,44,3,89,7,5,35,45,67,6,170,55,81,339,124,168,22,784,50,34,250,248,427,32,1033,0,3,4,8,16,0,33,0,4,13,18,111,7,151,3,0,18,22,38,28,99,150,152,963,747,1560,212,3782,14,9,142,138,403,67,770,0,0,3,7,66,0,78,20,7,60,62,415,55,610,0,0,4,5,57,3,73,0,0,24,44,560,38,667,0,0,12,19,76,4,110,4,0,61,84,418,36,606,6,6,47,66,255,41,416,3,0,15,49,256,22,343,3,0,14,6,39,0,56,3,0,17,39,37,4,104,0,3,9,15,54,16,105,25,9,137,52,66,10,310,3,0,28,25,74,7,143,29,14,78,108,184,20,433,83
LGA36720,1352,165,2692,14,20,91,135,204,24,482,11,18,150,68,101,9,361,41,20,273,367,375,41,1119,14,19,190,240,479,55,991,142,132,1040,564,704,72,2649,31,46,318,410,665,82,1560,132,142,655,414,421,43,1804,844,863,3115,1063,1234,135,7253,869,638,4339,2888,3475,381,12602,23,12,224,178,309,29,773,30,30,194,527,1056,77,1913,65,36,296,281,374,210,1252,2473,2148,12738,9358,13833,1718,42270,48,22,234,247,561,76,1195,40,23,156,188,946,28,1373,82,36,425,570,2556,135,3806,38,16,152,141,545,18,914,83,59,754,1061,8833,374,11169,51,23,281,275,798,67,1495,137,82,1066,1192,3557,338,6369,134,68,786,970,2684,243,4875,58,45,283,543,1252,139,2313,35,39,273,185,343,27,894,112,62,628,765,724,82,2382,42,37,368,404,933,99,1887,468,261,2437,1150,1308,155,5780,53,74,495,632,1473,158,2884,288,242,1223,1089,1210,105,4157,1303
LGA36820,87,26,163,0,0,3,9,19,0,36,5,3,12,6,5,0,27,3,0,10,9,21,3,42,0,0,3,14,27,4,53,19,8,71,26,42,3,160,0,0,10,27,41,5,80,6,9,51,50,48,4,173,51,58,250,80,130,21,591,37,30,248,191,254,34,791,6,6,7,14,9,3,38,3,5,11,23,60,4,116,0,3,7,21,22,22,79,137,129,815,634,1032,168,2914,15,11,107,104,299,49,578,0,0,14,12,131,12,163,3,3,15,31,194,15,249,3,0,8,12,56,3,76,0,0,23,27,478,18,551,0,0,3,11,60,3,82,8,0,61,62,293,32,451,5,4,33,40,145,38,268,3,3,10,26,110,3,154,3,3,12,10,13,0,42,8,0,14,25,21,3,72,0,0,5,23,38,5,73,36,13,108,48,67,16,293,0,0,17,35,80,9,147,26,17,92,111,146,20,413,75
LGA36910,578,64,964,7,5,31,60,146,14,261,0,4,43,14,38,3,96,17,22,184,176,297,20,703,3,5,67,63,167,16,329,84,62,516,194,283,27,1165,20,16,96,129,202,31,486,85,103,473,295,395,32,1381,658,505,1925,669,823,86,4663,446,289,2318,1303,1983,225,6566,10,6,41,39,99,4,201,25,12,106,182,553,21,897,16,9,103,91,138,82,435,1490,1094,6732,4169,7487,823,21788,96,33,502,414,945,128,2117,17,7,87,107,609,23,854,64,20,261,322,1891,124,2681,30,17,92,123,375,12,645,34,26,298,381,3268,133,4143,23,8,146,157,728,47,1110,65,35,486,434,1714,138,2867,43,11,206,313,1044,104,1720,28,11,135,201,903,91,1363,11,6,81,46,129,5,283,61,39,393,299,413,29,1245,16,8,122,106,323,32,613,216,113,1096,355,549,62,2405,46,22,163,186,456,44,920,260,174,956,806,1239,85,3520,1126
LGA36950,9,4,18,0,0,0,5,5,6,21,0,0,0,0,0,0,0,0,0,0,0,0,0,0,0,0,3,0,3,0,3,3,0,0,3,0,0,8,0,0,0,3,3,6,7,12,3,23,18,37,3,90,12,4,40,13,22,4,97,18,10,49,31,45,18,164,0,0,0,0,0,0,3,0,0,0,3,9,0,12,0,0,0,0,4,15,16,46,25,135,86,149,60,500,0,0,0,0,7,4,10,0,0,0,0,4,0,4,0,0,0,0,3,0,3,0,0,0,0,5,0,5,0,0,4,3,67,9,81,0,0,0,0,0,0,0,0,0,12,4,32,3,47,0,0,3,12,19,4,41,0,0,4,16,37,12,69,0,0,0,0,3,0,7,0,0,0,0,0,0,3,0,0,3,0,4,0,3,3,0,3,6,4,3,15,0,0,0,0,13,6,17,14,9,43,41,65,17,181,17
LGA36960,0,0,0,0,0,0,0,3,0,3,0,0,0,0,0,0,0,0,0,0,0,0,0,0,0,0,0,0,0,0,0,0,0,0,0,0,0,0,0,0,0,0,3,0,6,0,0,0,23,44,10,72,0,8,42,13,30,6,108,0,0,8,26,36,3,71,0,0,0,0,3,0,3,0,0,0,3,15,7,26,0,0,0,0,5,3,10,5,14,47,66,160,32,329,0,0,0,0,3,0,7,0,0,0,0,0,0,0,0,0,0,0,0,0,0,0,0,0,0,0,0,3,0,0,0,0,24,8,34,0,0,0,0,0,0,0,0,0,0,3,28,7,41,0,0,0,0,4,0,4,0,0,0,0,4,0,8,0,0,0,0,0,0,0,0,0,0,0,0,0,0,0,0,0,0,0,0,0,0,0,0,0,0,0,0,0,0,0,0,5,0,10,0,0,5,26,173,35,241,8
LGA37010,771,81,1447,15,3,59,76,191,15,368,3,0,68,39,66,3,186,9,10,105,169,171,13,485,4,8,62,77,216,24,400,116,74,627,168,336,35,1362,11,9,108,132,316,41,619,197,156,925,630,900,59,2861,644,400,2310,641,934,84,5013,561,476,3212,1549,2092,250,8134,14,17,90,55,108,18,304,25,21,149,268,614,23,1093,23,14,110,77,188,103,514,1722,1273,8863,4807,8610,883,26152,10,3,73,47,143,13,289,44,23,184,140,994,30,1413,52,23,278,264,1762,90,2469,53,28,222,192,494,19,1011,39,28,305,395,3931,139,4835,23,9,88,136,635,32,930,40,37,581,487,1863,155,3153,52,20,457,432,1447,132,2546,48,29,204,334,1323,109,2048,20,8,163,128,264,18,597,39,26,209,273,248,22,819,16,12,125,121,436,37,748,307,133,1353,396,711,77,2978,25,16,185,232,804,81,1347,418,266,1693,1655,3431,158,7609,1049
LGA37300,10,4,25,0,0,0,3,3,0,9,0,0,0,0,0,0,0,0,0,0,0,9,0,13,0,0,0,3,7,0,9,0,0,0,0,3,0,7,0,0,0,3,9,0,13,0,4,12,7,4,0,28,13,13,60,16,22,3,128,10,6,43,24,21,8,115,0,0,0,0,3,0,6,0,0,3,3,11,0,12,0,0,0,3,4,3,13,33,36,170,93,194,33,558,0,0,0,0,0,0,0,20,8,82,55,437,25,642,0,0,3,6,97,0,103,0,0,0,0,3,0,3,0,0,3,3,61,0,73,0,0,0,0,7,0,10,0,0,8,3,21,0,35,0,0,6,11,19,3,43,0,0,0,7,19,0,38,0,0,0,0,0,0,3,0,0,0,0,9,0,11,0,0,0,5,12,0,13,0,0,6,0,3,0,10,0,0,0,3,20,0,25,3,4,17,17,15,3,52,11
LGA37310,107,20,188,0,0,7,17,26,0,59,0,0,7,0,15,0,25,0,0,16,15,37,3,74,0,0,7,10,22,4,42,6,6,83,33,54,9,197,0,0,9,27,38,12,90,0,6,59,56,103,7,230,38,61,396,107,137,20,764,19,29,220,160,255,49,730,0,0,0,9,12,0,26,0,0,15,33,103,3,155,0,0,10,17,34,20,84,92,125,1062,734,1434,225,3672,17,17,250,247,565,97,1205,7,3,47,65,290,9,423,3,5,40,41,328,27,432,7,0,38,51,204,16,319,11,3,42,55,701,33,833,0,3,25,30,131,10,201,12,4,52,62,344,57,528,4,3,52,49,192,29,325,0,3,12,29,164,23,230,0,0,11,4,18,0,34,0,0,31,34,44,3,111,0,0,14,19,59,10,92,9,11,146,46,95,9,320,0,3,14,33,77,15,140,5,17,88,118,263,29,520,49
LGA37340,286,28,703,9,3,39,53,86,9,198,3,7,4,10,8,0,31,0,0,3,18,23,0,50,3,4,19,20,38,13,94,16,15,66,31,67,0,189,4,4,55,49,104,28,248,0,7,39,44,52,3,147,38,62,285,96,142,26,641,26,24,206,176,296,30,754,0,0,15,7,14,7,41,3,0,16,39,129,13,194,7,0,29,25,47,27,138,117,134,1078,933,1675,291,4226,10,3,101,72,303,118,611,7,4,40,56,491,19,621,5,0,28,44,307,21,405,3,0,4,11,69,0,83,4,0,22,52,700,30,818,0,0,13,12,88,6,127,3,7,73,95,350,56,589,29,14,276,382,675,69,1446,14,5,74,141,471,45,754,3,7,10,16,20,0,54,3,0,14,19,32,0,64,5,4,26,28,78,14,153,23,17,123,55,130,9,361,4,5,75,70,241,37,441,9,9,66,113,156,9,364,49
LGA37400,12,3,13,0,0,0,3,0,0,3,0,0,0,0,0,0,0,0,0,0,0,0,0,0,0,0,0,0,0,0,0,0,0,0,0,0,0,0,0,0,0,0,3,0,3,3,0,3,5,15,0,24,7,0,11,0,4,0,21,0,0,8,7,3,4,21,0,0,0,3,3,0,6,0,0,0,0,3,0,5,0,0,3,0,0,0,4,11,0,38,33,54,10,143,0,0,7,14,31,0,59,0,0,0,0,0,0,0,0,0,0,0,5,0,7,0,0,0,0,7,0,5,0,0,0,0,14,0,13,0,0,0,0,3,0,4,0,0,3,3,13,3,21,0,0,3,4,14,3,22,0,0,0,3,9,0,14,0,0,0,0,0,0,0,0,0,0,0,0,0,0,0,0,0,0,0,0,0,0,0,0,0,4,0,3,0,0,0,0,3,0,3,4,0,4,6,32,3,56,7
LGA37550,0,0,3,0,0,0,0,0,0,0,0,0,0,0,0,0,0,0,0,0,0,0,0,0,0,0,0,0,0,0,0,0,0,0,0,3,0,3,0,0,0,0,0,0,0,0,0,0,3,3,0,3,0,0,7,0,0,3,11,0,0,3,4,8,3,15,0,0,0,0,0,0,0,0,0,0,0,6,0,6,0,0,0,0,0,0,0,0,0,7,5,20,7,49,0,0,0,0,0,3,3,0,0,0,0,0,0,0,0,0,0,0,0,0,0,0,0,0,0,0,0,0,0,0,0,0,0,0,0,0,0,0,0,0,0,0,0,0,0,0,0,0,0,0,0,0,0,0,0,3,0,0,0,0,0,0,0,0,0,0,0,0,0,0,0,0,0,0,0,0,0,0,0,0,0,0,0,0,0,0,0,0,3,0,3,0,0,0,0,0,0,0,0,0,3,6,9,5,22,0
LGA37570,0,0,0,0,0,0,0,0,0,0,0,0,0,0,0,0,0,0,0,0,0,0,0,0,0,0,0,0,0,0,0,0,0,0,0,0,0,0,0,0,0,0,0,0,0,0,0,0,0,7,0,4,0,0,0,0,3,0,3,0,0,0,0,3,0,5,0,0,0,0,0,0,0,0,0,0,0,0,0,0,0,0,0,0,0,0,0,0,0,0,3,12,0,18,0,0,0,0,0,0,0,0,0,0,0,0,0,0,0,0,0,0,0,0,0,0,0,0,0,0,0,0,0,0,0,0,0,0,0,0,0,0,0,0,0,0,0,0,0,0,0,0,0,0,0,0,0,0,0,0,0,0,0,0,0,0,0,0,0,0,0,0,0,0,0,0,0,0,0,0,0,0,0,0,0,0,0,0,0,0,0,0,0,0,0,0,0,0,0,0,0,0,0,0,0,3,12,0,15,0
LGA37600,0,0,3,0,0,0,0,0,0,0,0,0,0,0,0,0,0,0,0,0,0,0,0,0,0,0,0,0,0,0,0,0,0,0,0,3,0,3,0,0,0,3,0,0,3,0,0,0,3,14,4,24,0,3,14,5,15,3,42,0,0,7,18,17,5,43,0,0,0,0,0,0,0,0,0,0,0,5,0,10,0,0,0,0,0,0,0,0,6,20,25,63,12,128,0,0,0,0,4,0,4,0,0,0,0,0,0,0,0,0,0,0,0,0,0,0,0,0,0,0,0,0,0,0,0,0,6,0,4,0,0,0,0,0,0,0,0,0,0,0,3,0,3,0,0,0,0,0,0,3,0,0,0,0,0,0,0,0,0,0,0,0,0,0,0,0,0,0,0,0,0,0,0,0,0,0,0,0,0,0,0,0,3,0,3,0,0,0,3,0,0,3,0,0,3,9,34,6,61,0
LGA39499,37,12,146,0,0,7,0,11,0,19,0,0,3,0,3,0,4,0,0,3,3,5,0,11,0,0,0,0,3,0,5,4,0,27,5,9,0,48,3,0,21,3,15,0,47,0,5,20,4,16,0,44,16,9,28,5,13,0,76,9,5,69,33,27,7,153,3,0,8,0,6,0,24,5,0,7,6,15,0,36,0,0,12,9,4,14,37,52,28,371,157,227,57,894,6,0,120,37,57,27,249,6,0,11,10,31,5,58,7,3,15,10,47,3,76,0,0,0,3,11,0,20,4,4,13,4,150,17,194,0,0,9,8,11,3,29,3,5,30,14,36,3,83,6,3,80,44,82,16,238,0,0,13,11,50,6,82,3,0,4,3,8,0,20,3,0,6,4,3,0,23,0,3,5,0,9,0,24,7,3,49,18,19,5,101,3,0,29,16,35,6,85,6,6,36,12,32,3,97,32
LGA39799,0,0,0,0,0,0,0,0,0,0,0,0,0,0,0,0,0,0,0,0,0,0,0,0,0,0,0,0,0,0,0,0,0,0,0,0,0,0,0,0,0,0,0,0,0,0,0,0,0,0,0,0,0,0,0,0,0,0,3,0,0,3,0,3,0,5,0,0,0,0,0,0,0,0,0,0,0,0,0,0,0,0,0,0,0,0,0,0,0,0,9,8,0,17,0,0,0,0,0,0,0,0,0,0,0,0,0,0,0,0,0,0,0,0,0,0,0,0,0,0,0,0,0,0,0,3,6,0,8,0,0,0,0,0,0,0,0,0,0,0,4,0,5,0,0,0,0,0,0,0,0,0,0,0,0,0,0,0,0,0,0,0,0,0,0,0,0,0,0,0,0,0,0,0,0,0,0,0,0,0,0,0,0,0,0,0,0,0,0,0,0,0,0,0,0,0,0,0,4,0
