LGA_CODE_2016,D_5_9_FPET_MPTLF,D_5_9_FPET_MPNLF,D_5_9_FPET_MPLFSNS,D_5_9_FPET_T,D_5_9_FPULFTW_MPEFT,D_5_9_FPULFTW_MPEPT,D_5_9_FPULFTW_MP_EAW,D_5_9_FPULFTW_MP_E_HNS,D_5_9_FPULFTW_MPET,D_5_9_FPULFTW_MPULFTW,D_5_9_FPULFTW_MPULPTW,D_5_9_FPULFTW_MPUT,D_5_9_FPULFTW_MPTLF,D_5_9_FPULFTW_MPNLF,D_5_9_FPULFTW_MPLFSNS,D_5_9_FPULFTW_T,D_5_9_FPULPTW_MPEFT,D_5_9_FPULPTW_MPEPT,D_5_9_FPULPTW_MPEAW,D_5_9_FPULPTW_MP_E_HNS,D_5_9_FPULPTW_MPET,D_5_9_FPULPTW_MPULFTW,D_5_9_FPULPTW_MPULPTW,D_5_9_FPULPTW_MPUT,D_5_9_FPULPTW_MPTLF,D_5_9_FPULPTW_MPNLF,D_5_9_FPULPTW_MPLFSNS,D_5_9_FPULPTW_T,D_5_9_FPUT_MPEFT,D_5_9_FPUT_MPEPT,D_5_9_FPUT_MPEAW,D_5_9_FPUT_MPEHNS,D_5_9_FPUT_MPET,D_5_9_FPUT_MPULFTW,D_5_9_FPUT_MPULPTW,D_5_9_FPUT_MPUT,D_5_9_FPUT_MPTLF,D_5_9_FPUT_MPNLF,D_5_9_FPUT_MPLFSNS,D_5_9_FPUT_T,D_5_9_FPTLF_MPEFT,D_5_9_FPTLF_MPEPT,D_5_9_FPTLF_MPEAW,D_5_9_FPTLF_MPEHNS,D_5_9_FPTLF_MPET,D_5_9_FPTLF_MPULFTW,D_5_9_FPTLF_MPULPTW,D_5_9_FPTLF_MPUT,D_5_9_FPTLF_MPTLF,D_5_9_FPTLF_MPNLF,D_5_9_FPTLF_MPLFSNS,D_5_9_FPTLF_T,D_5_9_FPNLF_MPEFT,D_5_9_FPNLF_MPEPT,D_5_9_FPNLF_MPEAW,D_5_9_FPNLF_MPEHNS,D_5_9_FPNLF_MPET,D_5_9_FPNLF_MPULFTW,D_5_9_FPNLF_MPULPTW,D_5_9_FPNLF_MPUT,D_5_9_FPNLF_MPTLF,D_5_9_FPNLF_MPNLF,D_5_9_FPNLF_MPLFSNS,D_5_9_FPNLF_T,D_5_9_FPLFSNS_MPEFT,D_5_9_FPLFSNS_MPEPT,D_5_9_FPLFSNS_MPEAW,D_5_9_FPLFSNS_MPEHNS,D_5_9_FPLFSNS_MPET,D_5_9_FPLFSNS_MPULFTW,D_5_9_FPLFSNS_MPULPTW,D_5_9_FPLFSNS_MPUT,D_5_9_FPLFSNS_MPTLF,D_5_9_FPLFSNS_MPNLF,D_5_9_FPLFSNS_MPLFSNS,D_5_9_FPLFSNS_T,D_5_9_FPT_MPEFT,D_5_9_FPT_MPEPT,D_5_9_FPT_MPEAW,D_5_9_FPT_MPEHNS,D_5_9_FPT_MPET,D_5_9_FPT_MPULFTW,D_5_9_FPT_MPULPTW,D_5_9_FPT_MPUT,D_5_9_FPT_MPTLF,D_5_9_FPT_MPNLF,D_5_9_FPT_MPLFSNS,D_5_9_FPT_T,D_10_12_FPEFT_MPEFT,D_10_12_FPEFT_MPEPT,D_10_12_FPEFT_MPEAW,D_10_12_FPEFT_MPEHNS,D_10_12_FPEFT_MPET,D_10_12_FPEFT_MPULFTW,D_10_12_FPEFT_MPULPTW,D_10_12_FPEFT_MPUT,D_10_12_FPEFT_MPTLF,D_10_12_FPEFT_MPNLF,D_10_12_FPEFT_MPLFSNS,D_10_12_FPEFT_T,D_10_12_FPEPT_MPEFT,D_10_12_FPEPT_MPEPT,D_10_12_FPEPT_MPEAW,D_10_12_FPEPT_MPEHNS,D_10_12_FPEPT_MPET,D_10_12_FPEPT_MPULFTW,D_10_12_FPEPT_MPULPTW,D_10_12_FPEPT_MPUT,D_10_12_FPEPT_MPTLF,D_10_12_FPEPT_MPNLF,D_10_12_FPEPT_MPLFSNS,D_10_12_FPEPT_T,D_10_12_FPEAW_MPEFT,D_10_12_FPEAW_MPEPT,D_10_12_FPEAW_MPEAW,D_10_12_FPEAW_MPEHNS,D_10_12_FPEAW_MPET,D_10_12_FPEAW_MPULFTW,D_10_12_FPEAW_MPULPTW,D_10_12_FPEAW_MPUT,D_10_12_FPEAW_MPTLF,D_10_12_FPEAW_MPNLF,D_10_12_FPEAW_MPLFSNS,D_10_12_FPEAW_T,D_10_12_FPHNS_MPEFT,D_10_12_FPHNS_MPEPT,D_10_12_FPHNS_MPEAW,D_10_12_FPHNS_MPEHNS,D_10_12_FPHNS_MPET,D_10_12_FPHNS_MPULFTW,D_10_12_FPHNS_MPULPTW,D_10_12_FPHNS_MPUT,D_10_12_FPHNS_MPTLF,D_10_12_FPHNS_MPNLF,D_10_12_FPHNS_MPLFSNS,D_10_12_FPHNS_T,D_10_12_FPET_MPEFT,D_10_12_FPET_MPEPT,D_10_12_FPET_MPEAW,D_10_12_FPET_MPEHNS,D_10_12_FPET_MPET,D_10_12_FPET_MPULFTW,D_10_12_FPET_MPULPTW,D_10_12_FPET_MPUT,D_10_12_FPET_MPTLF,D_10_12_FPET_MPNLF,D_10_12_FPET_MPLFSNS,D_10_12_FPET_T,D_10_12_FPULFTW_MPEFT,D_10_12_FPULFTW_MPEPT,D_10_12_FPULFTW_MPEAW,D_10_12_FPULFTW_MPEHNS,D_10_12_FPULFTW_MPET,D_10_12_FPULFTW_MPULFTW,D_10_12_FPULFTW_MPULPTW,D_10_12_FPULFTW_MPUT,D_10_12_FPULFTW_MPTLF,D_10_12_FPULFTW_MPNLF,D_10_12_FPULFTW_MPLFSNS,D_10_12_FPULFTW_T,D_10_12_FPULPTW_MPEFT,D_10_12_FPULPTW_MPEPT,D_10_12_FPULPTW_MPEAW,D_10_12_FPULPTW_MPEHNS,D_10_12_FPULPTW_MPET,D_10_12_FPULPTW_MPULFTW,D_10_12_FPULPTW_MPULPTW,D_10_12_FPULPTW_MPUT,D_10_12_FPULPTW_MPTLF,D_10_12_FPULPTW_MPNLF,D_10_12_FPULPTW_MPLFSNS,D_10_12_FPULPTW_T,D_10_12_FPUT_MPEFT,D_10_12_FPUT_MPEPT,D_10_12_FPUT_MPEAW,D_10_12_FPUT_MPEHNS,D_10_12_FPUT_MPET,D_10_12_FPUT_MPULFTW,D_10_12_FPUT_MPULPTW,D_10_12_FPUT_MPUT,D_10_12_FPUT_MPTLF,D_10_12_FPUT_MPNLF,D_10_12_FPUT_MPLFSNS,D_10_12_FPUT_T,D_10_12_FPTLF_MPEFT,D_10_12_FPTLF_MPEPT,D_10_12_FPTLF_MPEAW,D_10_12_FPTLF_MPEHNS,D_10_12_FPTLF_MPET,D_10_12_FPTLF_MPULFTW,D_10_12_FPTLF_MPULPTW,D_10_12_FPTLF_MPUT,D_10_12_FPTLF_MPTLF,D_10_12_FPTLF_MPNLF,D_10_12_FPTLF_MPLFSNS,D_10_12_FPTLF_T,D_10_12_FPNLF_MPEFT,D_10_12_FPNLF_MPEPT,D_10_12_FPNLF_MPEAW,D_10_12_FPNLF_MPEHNS
LGA30250,19,3,0,22,0,0,0,0,0,6,0,6,6,3,0,13,0,0,0,0,0,0,0,0,3,0,0,3,0,0,0,0,0,7,0,7,9,3,0,14,8,3,0,0,13,9,0,15,28,10,0,32,5,9,0,0,16,15,0,15,31,24,0,51,0,0,0,0,0,0,0,0,0,0,0,0,18,15,0,0,31,26,0,28,55,28,0,84,3,0,0,0,3,0,0,0,3,0,0,3,0,3,0,0,7,0,0,0,7,0,0,3,0,0,0,0,0,0,0,0,0,0,0,0,0,0,0,0,0,0,0,0,0,0,0,0,3,3,0,0,10,0,0,0,10,3,0,11,0,0,0,0,0,0,0,0,0,0,0,0,0,0,0,0,0,0,0,0,0,0,0,0,0,0,0,0,0,0,0,0,0,0,0,0,3,3,0,0,10,0,0,0,12,0,0,10,3,3,0,0
LGA30300,182,7,0,192,0,0,0,0,0,0,0,0,3,0,0,3,0,0,0,0,0,0,0,0,0,5,0,5,6,0,0,0,4,0,0,0,5,5,0,10,178,11,0,4,188,0,0,0,193,15,0,203,27,3,0,0,33,0,0,0,33,8,0,39,0,0,0,0,0,0,0,0,0,0,0,0,205,18,0,4,225,0,0,0,224,19,0,243,29,3,0,0,37,0,0,0,37,3,0,33,53,6,0,0,57,0,0,0,58,3,0,59,0,0,0,0,0,0,0,0,0,0,0,0,0,0,0,0,0,0,0,0,0,0,0,0,86,8,0,3,94,0,0,0,92,7,0,101,0,0,0,0,0,0,0,0,0,0,0,0,0,0,0,0,0,0,0,0,0,0,0,0,0,0,0,0,3,0,0,0,3,0,0,3,88,8,0,3,97,0,0,0,98,7,0,102,15,0,0,0
LGA30370,587,5,3,598,7,0,0,0,9,0,0,0,9,0,0,8,14,0,0,0,15,0,0,0,17,0,0,17,19,0,0,0,23,0,0,0,25,0,0,29,541,28,14,16,605,5,3,12,613,9,3,625,187,19,8,8,214,0,0,0,218,10,0,231,3,0,0,0,3,0,0,0,3,0,3,7,736,45,19,27,820,8,4,13,832,21,5,859,137,10,0,0,150,0,0,0,153,6,0,154,159,8,4,0,176,3,0,3,178,5,0,184,6,0,0,0,12,0,0,0,14,0,0,14,4,0,0,10,10,0,0,0,10,3,0,14,311,21,8,7,348,4,0,4,352,14,0,367,3,0,0,0,3,0,0,0,6,0,0,4,0,0,0,0,4,0,0,0,4,0,0,4,3,0,0,0,4,0,0,0,4,0,0,8,313,23,8,10,352,7,0,7,359,13,0,372,70,5,3,4
LGA30410,92,3,3,99,0,0,0,0,0,0,0,0,0,0,0,0,0,0,0,0,0,0,0,0,0,0,0,0,0,0,0,0,0,0,0,0,0,0,0,0,87,7,0,0,93,0,3,3,94,3,3,102,28,0,0,0,35,0,0,0,35,0,0,33,0,0,0,0,0,0,0,0,0,0,0,0,113,8,0,0,128,0,3,3,128,3,3,134,22,0,0,0,22,0,0,0,22,0,0,26,20,0,0,0,22,0,0,0,22,0,0,24,0,0,0,0,0,0,0,0,0,0,0,0,0,0,0,0,3,0,0,0,3,0,0,3,43,0,0,0,45,0,0,0,45,0,0,50,0,0,0,0,0,0,0,0,0,0,0,0,0,0,0,0,0,0,0,0,0,0,0,0,0,0,0,0,0,0,0,0,0,0,0,0,43,0,0,0,45,0,0,0,45,0,0,50,12,0,0,0
LGA30450,5,0,0,5,0,0,0,0,0,0,0,0,0,0,0,0,0,0,0,0,0,0,0,0,0,0,0,0,0,0,0,0,0,0,0,0,0,0,0,0,0,0,0,0,5,0,0,0,5,0,0,5,3,0,0,0,3,0,0,0,3,0,0,3,0,0,0,0,0,0,0,0,0,0,0,0,5,0,0,0,4,0,0,0,4,0,0,4,0,0,0,0,0,0,0,0,0,0,0,0,3,0,0,0,3,0,0,0,3,0,0,3,0,0,0,0,0,0,0,0,0,0,0,0,0,0,0,0,0,0,0,0,0,0,0,0,5,0,0,0,5,0,0,0,5,0,0,5,0,0,0,0,0,0,0,0,0,0,0,0,0,0,0,0,0,0,0,0,0,0,0,0,0,0,0,0,0,0,0,0,0,0,0,0,5,0,0,0,5,0,0,0,5,0,0,5,0,0,0,0
LGA30760,63,3,0,66,0,0,0,0,0,0,0,0,0,0,0,0,3,0,0,0,3,0,0,0,3,0,0,3,4,0,0,0,4,0,0,0,4,0,0,4,66,0,0,0,70,0,0,0,70,3,0,69,8,0,0,0,8,0,0,0,8,8,0,12,0,0,0,0,0,0,0,0,0,0,0,0,73,0,0,0,72,0,0,0,78,5,0,81,12,0,0,0,8,0,0,0,8,0,0,8,9,0,0,0,9,0,0,0,9,0,0,14,0,0,0,0,0,0,0,0,3,0,0,3,3,0,0,0,3,0,0,0,3,0,0,3,22,0,0,0,24,0,0,0,26,0,0,26,0,0,0,0,0,0,0,0,0,0,0,0,0,0,0,0,0,0,0,0,0,0,0,0,0,0,0,0,0,0,0,0,0,0,0,0,23,0,0,0,22,0,0,0,23,0,0,27,9,0,0,0
LGA30900,3,0,0,3,0,0,0,0,0,0,0,0,0,0,0,0,0,0,0,0,0,0,0,0,0,0,0,0,0,0,0,0,0,0,0,0,0,0,0,0,4,0,0,0,3,0,0,0,3,0,0,3,0,0,0,3,4,0,0,0,4,0,0,4,0,0,0,0,0,0,0,0,0,0,0,0,3,0,0,3,12,0,0,0,12,0,0,12,3,0,0,0,3,0,0,0,3,0,0,3,0,0,0,0,0,0,0,0,0,0,0,0,0,0,0,0,0,0,0,0,0,0,0,0,0,0,0,0,0,0,0,0,0,0,0,0,3,0,0,0,3,0,0,0,3,0,0,3,0,0,0,0,0,0,0,0,0,0,0,0,0,0,0,0,0,0,0,0,0,0,0,0,0,0,0,0,0,0,0,0,0,0,0,0,3,0,0,0,3,0,0,0,3,0,0,3,0,0,0,0
LGA31000,36313,1240,38,37590,458,93,7,8,566,129,9,138,705,66,3,769,951,115,14,17,1098,102,28,129,1223,41,3,1268,1414,209,15,24,1665,234,39,267,1935,107,3,2042,32586,3706,393,426,37111,973,166,1141,38247,1346,40,39631,8914,1095,165,198,10377,409,109,514,10891,1497,18,12409,35,7,0,35,81,3,0,3,83,4,118,212,41534,4813,557,656,47563,1394,272,1662,49225,2850,174,52249,7816,929,66,38,8845,232,39,279,9124,427,3,9557,9607,1009,98,72,10779,194,35,233,11009,280,7,11297,255,34,46,3,333,8,0,7,338,10,0,355,108,16,0,106,228,4,0,7,232,16,7,257,17786,1985,206,211,20186,443,79,518,20709,734,26,21466,256,41,3,3,306,68,3,76,384,23,0,406,404,44,6,12,471,55,15,69,544,28,0,573,666,88,14,18,780,122,18,148,922,53,4,979,18452,2069,216,223,20971,571,97,666,21637,789,27,22451,3917,513,68,88
LGA31750,9,0,0,9,0,0,0,0,0,0,0,0,0,0,0,0,0,0,0,0,0,0,0,0,0,0,0,0,0,0,0,0,0,0,0,0,0,0,0,0,8,0,0,0,9,0,0,0,9,0,0,9,0,0,0,0,0,0,0,0,0,0,0,0,0,0,0,0,0,0,0,0,0,0,0,0,10,0,0,0,17,0,0,0,17,0,0,17,3,0,0,0,3,0,0,0,3,0,0,3,3,0,0,0,3,0,0,0,3,0,0,3,0,0,0,0,0,0,0,0,0,0,0,0,0,0,0,0,0,0,0,0,0,0,0,0,5,0,0,0,5,0,0,0,5,0,0,8,0,0,0,0,0,0,0,0,0,0,0,0,0,0,0,0,0,0,0,0,0,0,0,0,0,0,0,0,0,0,0,0,0,0,0,0,5,0,0,0,5,0,0,0,5,0,0,8,3,0,0,0
LGA31820,2106,144,0,2249,41,3,3,0,43,8,3,15,57,3,0,60,61,7,7,8,82,6,5,8,86,9,0,95,95,13,8,8,125,16,8,21,147,11,0,158,1797,287,28,32,2142,79,26,102,2249,150,0,2407,657,118,21,21,821,74,15,85,905,244,0,1152,9,4,0,3,12,0,0,0,12,0,7,20,2466,408,52,55,2982,155,38,192,3174,401,7,3579,490,89,4,3,589,14,0,11,596,31,0,628,631,102,10,0,746,16,8,21,770,43,0,821,10,6,5,0,20,0,0,0,25,0,0,21,5,0,0,8,19,0,0,0,19,0,0,19,1146,205,19,15,1380,25,6,36,1417,76,0,1495,25,6,0,0,30,9,0,11,42,4,0,52,25,3,3,5,39,0,4,4,46,0,0,47,51,14,3,5,72,9,3,13,86,10,0,99,1197,212,16,18,1447,38,15,50,1502,84,0,1588,273,45,6,12
LGA31900,535,9,0,547,3,0,0,0,3,3,0,3,4,4,3,10,12,0,0,0,16,0,3,3,17,0,0,17,17,3,0,0,14,3,3,6,24,4,3,27,484,36,8,3,542,12,3,14,555,12,0,572,107,8,0,7,124,7,0,8,130,24,0,151,0,0,0,0,0,0,0,0,0,0,0,0,590,50,12,10,658,18,9,24,682,34,8,724,129,3,3,0,135,4,0,4,139,9,0,146,178,22,3,4,202,5,0,5,210,0,0,208,3,0,0,0,3,0,0,0,3,0,0,3,0,0,0,3,6,0,0,0,6,0,0,6,307,24,5,5,350,5,0,5,354,10,0,365,0,0,0,0,3,5,0,5,10,0,0,13,4,0,0,0,5,0,0,0,6,0,0,6,10,0,0,0,10,3,0,3,17,0,0,15,318,26,5,12,358,15,0,15,373,8,0,383,49,6,0,0
LGA31950,6,0,0,6,0,0,0,0,0,0,0,0,0,0,0,0,0,0,0,0,0,0,0,0,0,0,0,0,0,0,0,0,0,0,0,0,0,0,0,0,3,0,0,0,5,4,0,4,6,0,0,6,0,0,0,0,0,0,0,0,0,0,0,0,3,0,0,0,3,0,0,0,3,0,0,4,5,0,0,0,8,4,0,4,12,0,0,12,0,0,0,0,0,0,0,0,0,0,0,0,0,0,0,0,0,0,0,0,0,0,0,0,0,0,0,0,0,0,0,0,0,0,0,0,0,0,0,0,0,0,0,0,0,0,0,0,0,0,0,0,0,0,0,0,0,0,0,0,0,0,0,0,0,0,0,0,0,0,0,0,0,0,0,0,0,0,0,0,0,0,0,0,0,0,0,0,0,0,0,0,0,0,0,0,0,0,0,0,3,0,0,0,3,0,0,3,0,0,0,0
LGA32080,4642,243,13,4894,50,12,8,3,68,17,0,22,87,19,0,107,109,20,3,4,144,9,5,17,166,16,0,180,160,35,7,10,214,27,11,37,252,30,0,280,3950,574,110,67,4703,154,37,191,4894,275,13,5177,1011,178,35,37,1261,66,28,93,1349,232,3,1581,3,0,0,3,13,0,0,0,13,0,19,35,4963,753,143,108,5973,219,57,281,6257,506,37,6795,1114,133,20,5,1278,24,7,39,1311,74,0,1386,1151,158,22,13,1343,39,8,43,1394,79,4,1468,39,5,9,0,50,0,0,0,57,8,0,61,15,3,0,17,37,0,0,0,37,4,4,40,2318,307,57,37,2712,69,16,84,2798,158,5,2963,22,7,3,3,38,12,0,12,48,10,0,62,46,5,3,4,61,0,7,12,68,16,0,81,73,16,3,7,94,20,7,24,123,26,0,145,2385,321,61,40,2809,83,20,104,2917,186,5,3105,431,87,15,21
LGA32250,36,0,0,41,0,0,0,0,0,0,0,0,3,0,0,3,0,0,0,0,0,0,0,0,0,0,0,0,0,0,0,0,0,0,0,0,3,0,0,7,30,7,0,6,36,0,0,0,43,6,0,46,9,3,0,5,15,0,0,0,15,8,0,24,0,0,0,0,0,0,0,0,0,0,3,3,39,5,0,11,55,0,0,4,59,10,3,74,18,0,0,0,14,0,0,0,14,0,0,14,9,0,0,0,9,0,0,0,9,0,0,9,0,0,0,0,0,0,0,0,0,0,0,0,0,0,0,0,0,0,0,0,0,0,0,0,26,0,0,0,26,0,0,0,26,0,0,26,0,0,0,0,0,0,0,0,0,0,0,0,0,0,0,0,0,0,0,0,0,0,0,0,0,0,0,0,0,0,0,0,0,0,0,0,26,0,0,0,26,0,0,0,29,0,0,28,3,0,0,0
LGA32260,731,46,3,778,4,3,0,0,3,4,0,4,8,3,0,16,15,0,4,0,20,3,0,4,20,4,0,27,16,4,4,0,26,9,0,7,28,8,0,40,619,88,11,17,737,16,0,24,763,55,3,819,205,28,8,13,262,24,0,27,285,67,0,353,4,0,0,0,4,0,0,0,4,0,3,12,828,119,23,36,1006,48,7,46,1051,125,8,1184,136,10,3,0,149,0,0,3,155,17,3,170,193,26,5,0,224,3,0,6,231,13,0,242,3,3,0,0,9,0,0,0,9,0,0,9,3,0,0,3,11,0,0,0,11,3,0,15,333,40,8,8,397,4,3,11,404,34,3,436,3,0,0,0,3,3,0,3,10,4,0,10,5,0,0,0,6,0,0,0,9,3,0,7,6,4,0,0,11,7,0,7,17,8,0,24,341,40,8,8,401,12,3,13,420,39,5,462,81,20,4,3
LGA32270,1168,27,0,1192,15,3,0,0,19,0,0,0,23,0,0,23,42,3,3,0,52,0,0,0,52,0,0,52,58,11,3,0,71,3,0,3,70,0,0,70,1100,72,27,24,1228,10,0,14,1240,27,0,1264,416,21,14,4,463,13,7,15,478,30,0,505,4,0,0,0,7,0,0,0,7,0,3,11,1524,93,45,33,1692,20,3,25,1721,51,10,1784,237,8,6,0,250,4,0,3,258,3,0,264,298,30,8,7,343,0,0,3,349,15,0,359,15,0,3,0,21,0,0,0,21,0,0,22,7,0,0,4,7,0,0,0,7,0,0,7,549,40,23,10,625,8,3,10,634,16,0,652,15,0,0,0,15,0,0,0,16,0,0,16,18,0,0,0,19,0,0,0,19,0,0,19,36,0,0,0,33,0,0,0,37,0,0,37,581,43,23,10,660,10,3,8,668,16,0,689,124,14,3,3
LGA32310,307,13,3,318,12,0,0,0,10,5,0,5,19,0,0,22,14,3,0,0,17,7,0,7,19,0,0,21,20,3,0,0,26,11,0,11,38,3,0,39,270,26,11,11,325,15,0,21,341,16,3,359,79,8,3,3,90,10,0,10,102,21,0,122,0,0,0,0,0,0,0,0,0,0,0,0,352,36,19,10,415,26,0,33,447,33,4,484,70,6,3,0,81,3,0,3,87,12,0,95,81,8,0,0,96,8,0,8,103,8,0,104,3,0,0,0,0,0,0,0,0,0,0,0,0,3,0,7,7,0,0,0,7,0,0,7,152,22,5,7,189,13,0,11,200,14,0,213,7,0,0,0,11,3,0,3,12,0,0,12,4,0,0,0,7,3,0,3,8,0,0,8,15,0,0,0,15,3,0,3,23,0,0,23,167,19,5,5,203,12,0,19,221,15,0,239,31,4,0,0
LGA32330,9,0,0,8,0,0,0,0,0,0,0,0,0,0,0,0,0,0,0,0,0,0,0,0,0,0,0,0,0,0,0,0,0,0,0,0,0,0,0,0,9,0,0,0,10,4,0,4,10,0,0,13,3,8,0,0,6,15,0,15,24,15,0,38,0,0,0,0,0,0,0,0,0,0,3,3,12,9,0,0,17,19,0,19,31,22,3,55,3,0,0,0,3,0,0,0,3,0,0,3,0,0,0,0,0,0,0,0,0,0,0,0,0,0,0,0,0,0,0,0,0,0,0,0,0,0,0,0,0,0,0,0,0,0,0,0,3,0,0,0,3,0,0,0,3,0,0,3,0,0,0,0,0,0,0,0,0,0,0,0,0,0,0,0,0,0,0,0,0,0,0,0,0,0,0,0,0,0,0,0,0,0,0,0,3,0,0,0,3,0,0,0,3,0,0,3,0,0,0,0
LGA32450,89,3,0,95,0,0,0,0,0,0,0,0,0,0,0,0,0,0,0,0,0,0,0,0,0,0,0,0,0,0,0,0,0,0,0,0,0,0,0,0,85,4,0,4,93,0,0,0,93,3,0,97,27,0,0,3,32,0,0,0,36,4,0,39,0,0,0,0,0,0,0,0,0,0,0,0,111,4,0,5,128,0,0,0,126,5,0,131,27,0,0,0,30,0,0,0,30,0,0,31,9,0,0,0,12,0,0,0,14,0,0,14,0,0,0,0,0,0,0,0,0,0,0,0,0,0,0,0,0,0,0,0,0,0,0,0,40,0,0,0,37,0,0,0,41,0,0,40,0,0,0,0,0,0,0,0,0,0,0,0,0,0,0,0,0,0,0,0,0,0,0,0,0,0,0,0,0,0,0,0,0,0,0,0,40,0,0,0,37,0,0,0,41,0,0,40,3,0,0,3
LGA32500,100,3,0,106,6,0,0,0,5,0,0,0,5,0,0,5,0,0,0,0,0,0,0,0,0,0,0,0,4,0,0,0,9,0,0,0,9,0,0,9,82,25,0,3,110,0,0,0,110,3,0,109,24,10,3,0,29,5,0,5,34,7,0,43,0,0,0,0,0,0,0,0,0,0,0,0,102,33,3,3,135,5,0,5,139,14,0,156,25,6,0,0,27,0,0,0,27,0,0,31,21,5,0,0,32,0,0,0,32,0,0,32,0,0,0,0,0,0,0,0,0,0,0,0,0,0,0,0,3,0,0,0,3,0,0,3,49,10,0,0,57,0,0,0,57,0,0,59,0,0,0,0,0,0,0,0,0,0,0,0,0,0,0,0,0,0,0,0,0,0,0,0,0,0,0,0,0,0,0,0,0,0,0,0,49,10,0,0,59,0,0,0,59,0,0,59,6,3,0,0
LGA32600,16,0,0,16,0,0,0,0,0,0,0,0,0,0,0,0,0,0,0,0,0,0,0,0,0,0,0,0,0,0,0,0,0,0,0,0,0,0,0,0,12,0,0,0,16,0,0,0,16,0,0,16,0,0,0,0,0,0,0,0,0,9,0,9,0,0,0,0,0,0,0,0,0,0,0,0,12,0,0,0,16,0,0,0,16,9,0,19,0,0,0,0,0,0,0,0,0,0,0,0,0,0,0,0,0,0,0,0,0,0,0,0,0,0,0,0,0,0,0,0,0,0,0,0,0,0,0,0,0,0,0,0,0,0,0,0,0,0,0,0,0,0,0,0,0,0,0,0,0,0,0,0,0,0,0,0,0,0,0,0,0,0,0,0,0,0,0,0,0,0,0,0,0,0,0,0,0,0,0,0,0,0,0,0,0,0,0,0,0,0,0,0,0,0,0,0,0,0,0,0
LGA32750,11,0,0,11,0,0,0,0,0,0,0,0,0,0,0,0,0,0,0,0,0,0,0,0,0,0,0,0,0,0,0,0,0,0,0,0,0,0,0,0,13,0,0,0,11,0,0,0,11,0,0,11,0,0,0,0,0,0,0,0,0,0,0,0,0,0,0,0,0,0,0,0,0,0,0,0,9,0,0,0,15,0,0,0,15,0,0,15,0,0,0,0,0,0,0,0,0,0,0,0,0,0,0,0,0,0,0,0,0,0,0,0,0,0,0,0,0,0,0,0,0,0,0,0,0,0,0,0,0,0,0,0,0,0,0,0,0,0,0,0,0,0,0,0,0,0,0,0,0,0,0,0,0,0,0,0,0,0,0,0,0,0,0,0,0,0,0,0,0,0,0,0,0,0,0,0,0,0,0,0,0,0,0,0,0,0,0,0,0,0,0,0,0,0,0,0,0,0,0,0
LGA32770,34,20,0,50,0,0,0,0,0,0,0,0,0,0,0,0,0,0,0,0,0,0,0,0,0,3,0,3,0,3,0,0,3,0,0,0,3,3,0,4,13,19,0,0,34,3,0,3,37,17,0,54,7,25,0,0,38,3,5,14,51,41,0,86,0,0,0,0,0,0,0,0,0,0,0,0,24,42,0,0,68,4,5,16,86,56,0,144,11,3,0,0,12,0,0,0,12,11,0,23,0,3,0,0,3,0,0,0,3,0,0,5,0,0,0,0,0,0,0,0,0,0,0,0,0,0,0,0,0,0,0,0,0,0,0,0,12,5,0,0,17,0,0,0,17,11,0,27,0,0,0,0,0,0,0,0,0,0,0,0,0,0,0,0,0,0,0,0,0,0,0,3,0,0,0,0,3,0,0,0,3,0,0,4,13,5,0,0,17,0,0,0,17,14,0,34,7,16,0,0
LGA32810,341,8,0,345,0,0,0,0,0,0,0,0,0,0,0,0,8,0,3,0,7,0,0,0,11,0,0,11,8,0,3,0,13,0,0,0,14,0,0,14,283,40,8,13,343,5,0,10,350,8,0,359,37,3,3,3,50,0,0,5,50,14,0,63,4,0,0,0,4,0,0,0,4,0,4,13,326,41,9,13,396,11,7,13,408,18,4,427,69,7,0,0,72,0,0,0,72,3,0,76,69,20,3,0,91,6,0,6,98,5,0,102,0,0,3,0,3,0,0,0,3,0,0,3,0,0,0,4,6,0,0,0,6,0,0,6,136,23,4,4,173,6,0,6,182,7,0,186,0,0,0,0,0,0,0,0,0,0,0,0,3,0,0,0,5,0,0,0,5,0,0,5,3,0,0,0,4,0,0,0,4,0,0,4,137,24,9,4,174,6,0,6,181,7,0,193,16,0,3,0
LGA33100,27,0,0,27,0,0,0,0,0,3,0,3,3,0,0,3,0,0,0,0,0,0,0,0,0,0,0,0,0,0,0,0,0,3,0,3,3,0,0,3,27,0,0,0,27,3,0,3,31,0,0,31,4,0,0,0,7,0,0,0,7,0,0,13,0,0,0,0,0,0,0,0,0,0,0,0,34,0,0,0,34,3,0,3,39,0,3,48,4,0,0,0,4,0,0,0,4,0,0,4,7,0,0,0,7,0,0,0,7,0,0,7,0,0,0,0,0,0,0,0,0,0,0,0,0,0,0,0,0,0,0,0,0,0,0,0,13,0,0,0,13,0,0,0,13,0,0,13,0,0,0,0,0,0,0,0,0,0,0,0,0,0,0,0,0,0,0,0,0,0,0,0,0,0,0,0,0,0,0,0,0,0,0,0,13,0,0,0,13,0,0,0,13,0,0,13,0,0,0,0
LGA33200,41,0,0,41,0,0,0,0,0,0,0,0,0,0,0,0,0,0,0,0,0,0,0,0,0,0,0,0,0,0,0,0,0,0,0,0,0,0,0,0,41,3,0,0,41,0,0,0,41,0,0,41,10,0,0,0,10,0,0,0,10,0,0,11,0,0,0,0,0,0,0,0,0,0,0,0,48,3,0,0,53,0,0,0,53,0,0,56,10,0,0,0,10,0,0,0,10,0,0,10,9,0,0,0,7,0,0,0,7,0,0,7,0,0,0,0,0,0,0,0,0,0,0,0,0,0,0,0,0,0,0,0,0,0,0,0,21,0,0,0,25,0,0,0,25,0,0,25,0,0,0,0,0,0,0,0,0,0,0,0,0,0,0,0,0,0,0,0,0,0,0,0,0,0,0,0,0,0,0,0,0,0,0,0,21,0,0,0,25,0,0,0,20,0,0,20,3,0,0,0
LGA33220,2043,190,7,2234,29,15,0,0,53,23,3,29,78,18,0,98,44,14,5,3,64,9,0,8,75,13,0,89,76,31,5,8,115,36,4,36,158,28,0,183,1624,364,60,42,2079,98,16,115,2201,221,7,2425,564,141,30,16,749,78,14,91,845,267,8,1119,3,0,0,3,7,0,0,0,7,0,17,23,2192,508,84,58,2841,176,36,209,3048,485,34,3567,457,78,13,7,557,14,3,20,575,62,3,644,548,124,14,10,691,29,3,38,729,72,3,806,19,4,5,0,35,0,0,0,37,0,0,37,9,0,0,9,18,0,0,0,18,3,0,18,1037,207,32,27,1301,46,10,53,1360,137,7,1505,16,4,0,0,25,17,0,23,46,18,0,62,23,5,3,0,25,10,0,5,34,11,0,51,39,10,3,0,49,22,3,32,79,31,0,108,1075,220,39,22,1351,68,12,81,1437,168,7,1610,256,60,13,7
LGA33360,1910,68,4,1983,51,5,0,4,62,24,8,31,91,3,0,94,121,4,0,0,129,6,0,11,138,0,0,137,170,17,0,4,186,32,10,43,233,9,0,235,1791,125,55,40,2018,116,10,119,2142,76,4,2224,807,74,15,30,926,89,5,94,1020,88,0,1113,6,0,0,3,8,0,0,0,8,0,14,22,2603,200,75,73,2954,205,14,216,3167,168,21,3356,459,24,14,3,498,21,0,22,516,16,0,530,577,42,21,10,649,28,0,28,681,19,0,695,23,3,14,0,42,0,0,0,42,0,0,42,12,0,0,4,12,0,0,0,18,3,0,22,1066,70,47,22,1198,54,0,54,1253,35,5,1290,29,7,0,3,40,7,0,7,50,3,0,49,58,3,3,0,68,3,0,6,70,0,0,71,87,10,3,5,100,15,0,18,119,5,0,128,1154,79,44,23,1301,68,3,66,1372,37,5,1412,319,28,12,17
LGA33430,16525,630,29,17175,210,47,4,7,270,49,3,54,323,26,0,351,520,66,5,8,610,27,7,36,648,32,0,682,734,117,16,16,879,81,14,95,970,56,0,1031,14650,1913,227,218,17012,398,84,484,17490,686,29,18204,4196,625,110,100,5024,193,31,225,5248,689,9,5949,19,7,0,10,32,3,0,3,39,3,68,109,18860,2546,339,327,22066,591,120,711,22774,1385,103,24261,3358,445,38,20,3858,86,13,100,3961,200,4,4169,4439,650,63,34,5178,89,18,105,5287,193,7,5486,119,23,34,0,172,10,0,10,177,15,0,196,52,8,0,51,108,5,0,5,107,13,3,121,7963,1123,133,100,9317,183,35,217,9531,420,12,9972,108,29,6,4,143,31,0,33,176,16,0,186,252,38,3,8,304,9,4,20,322,18,0,337,359,65,7,12,444,43,5,49,494,31,0,525,8326,1183,135,110,9759,229,39,269,10027,458,12,10499,1859,313,53,59
LGA33610,423,9,0,432,3,0,0,0,3,0,0,0,3,0,0,3,3,0,0,0,3,0,0,0,6,0,0,9,9,0,0,0,7,0,0,0,8,0,0,9,395,30,8,3,431,0,0,0,433,7,0,442,94,8,0,3,98,4,0,5,104,26,0,129,0,0,0,0,0,0,0,0,0,0,0,0,484,31,8,6,532,4,3,8,539,28,0,574,82,6,0,0,96,0,0,0,96,0,0,96,106,9,4,0,120,0,0,0,122,0,0,122,3,0,0,0,3,0,0,0,7,0,0,7,0,0,0,0,0,0,0,0,0,0,0,0,196,24,4,3,221,0,0,3,227,0,0,227,0,0,0,0,0,0,0,0,0,0,0,0,0,0,0,0,0,0,5,5,5,0,0,5,0,0,0,0,0,0,5,5,5,4,0,8,193,24,4,3,223,0,3,4,231,4,0,229,43,5,0,3
LGA33620,1132,71,0,1215,23,7,3,0,31,15,3,17,47,3,0,55,25,6,0,0,32,3,0,3,38,3,0,45,51,8,3,0,68,21,3,22,92,6,0,94,997,132,22,17,1167,48,7,58,1225,77,0,1306,333,77,32,17,457,28,14,43,500,138,0,643,0,0,0,0,3,0,0,0,3,3,3,7,1329,212,54,32,1631,81,21,100,1730,222,5,1958,243,28,5,4,277,5,6,13,285,17,0,306,361,64,12,0,442,9,0,8,449,44,0,489,10,12,0,0,19,0,0,0,20,3,0,21,3,3,0,12,15,0,0,0,18,0,0,18,619,95,20,16,746,17,9,18,771,66,0,838,9,3,0,0,13,5,0,4,22,4,0,30,20,0,0,0,26,0,5,5,29,0,0,26,33,8,0,0,38,5,3,9,50,6,0,57,645,105,18,16,786,20,10,32,819,68,0,887,189,33,15,8
LGA33800,291,7,0,297,0,0,0,0,0,0,0,0,0,0,0,4,7,4,0,0,8,0,0,0,8,0,0,8,7,4,0,0,14,0,0,0,14,0,0,15,269,26,0,8,299,0,3,3,301,12,0,310,70,4,3,0,83,0,0,0,83,14,0,95,0,0,0,0,0,0,0,0,0,0,0,0,340,28,7,12,376,3,3,3,379,20,3,408,71,5,0,0,75,0,0,0,75,3,0,79,108,13,0,0,123,4,0,4,124,4,0,126,0,0,0,0,0,0,0,0,0,0,0,0,0,0,0,0,0,0,0,0,0,0,0,0,177,23,0,0,198,4,0,4,199,4,0,209,5,0,0,0,7,0,0,0,10,0,0,8,4,0,0,0,4,0,0,0,3,0,0,3,11,0,0,0,13,0,0,0,15,0,0,14,185,24,0,0,207,6,0,3,210,5,0,222,22,3,0,5
LGA33830,22,3,0,19,0,0,0,0,0,3,0,3,8,0,0,8,0,4,0,0,6,3,0,4,7,3,0,11,0,6,0,0,7,8,0,9,14,3,0,19,12,11,0,0,20,8,3,15,37,6,0,41,5,0,0,0,5,8,0,8,11,0,0,9,0,0,0,0,0,0,0,0,0,0,0,0,17,11,0,0,26,15,3,22,44,6,0,53,5,0,0,0,5,0,0,0,5,0,0,5,0,3,0,0,5,0,0,0,3,0,0,3,0,0,0,0,0,0,0,0,0,0,0,0,0,0,0,0,0,0,0,0,0,0,0,0,6,3,0,0,10,0,0,0,8,0,0,8,0,0,0,0,0,3,0,3,3,0,0,3,3,0,0,0,6,0,0,0,7,0,0,7,3,0,0,0,6,4,0,4,3,0,0,3,9,3,0,0,13,4,0,3,16,0,0,16,3,0,0,0
LGA33960,6144,312,16,6476,178,32,6,9,222,37,0,37,261,16,3,279,224,29,0,10,264,27,11,35,300,7,3,313,400,59,6,18,485,66,11,75,562,26,5,592,5539,662,92,101,6390,258,56,315,6706,343,22,7067,2142,379,49,72,2641,130,22,150,2794,425,8,3231,13,5,0,6,27,0,0,0,27,3,29,61,7694,1046,141,184,9059,390,79,470,9524,774,61,10363,1300,164,19,10,1493,54,11,60,1557,115,4,1670,1407,172,20,12,1614,31,7,38,1649,74,5,1732,56,5,15,0,79,4,0,4,80,7,0,94,15,4,0,29,44,3,0,3,53,6,3,60,2781,345,50,56,3231,91,14,107,3336,208,11,3552,94,11,0,3,112,28,0,28,141,12,0,148,77,15,0,10,98,9,10,17,118,5,0,124,171,24,0,9,213,34,10,47,257,13,0,272,2954,370,55,65,3441,126,25,149,3596,221,8,3828,877,181,32,36
LGA33980,911,12,0,929,15,3,3,0,21,0,0,0,18,0,0,22,41,0,3,0,46,0,0,0,48,0,0,48,53,3,3,0,66,3,0,3,70,0,0,68,853,63,33,10,965,17,0,17,980,16,0,995,352,21,25,4,407,9,0,9,413,9,0,423,7,0,0,3,9,0,0,0,9,0,0,7,1215,85,59,17,1381,21,0,21,1401,18,0,1425,140,5,3,0,148,3,0,3,151,3,0,155,244,28,7,0,281,3,0,3,277,3,0,282,6,3,7,0,15,0,0,0,15,0,0,16,3,0,0,0,8,0,0,0,8,0,0,8,396,36,12,8,449,3,0,3,448,6,0,461,10,0,0,0,10,0,0,0,10,0,0,10,22,0,0,0,24,0,0,0,24,0,0,24,30,0,0,0,34,0,0,0,34,0,0,34,424,34,12,8,475,3,0,3,480,6,0,488,120,9,5,0
LGA34420,12,3,0,13,3,0,0,0,3,5,0,5,9,0,0,9,0,0,0,0,0,0,0,0,0,0,0,3,3,0,0,0,3,5,0,5,8,0,0,8,12,3,0,0,14,8,0,8,22,4,0,26,6,3,0,0,8,3,0,3,10,9,0,23,0,0,0,0,0,0,0,0,0,0,0,0,16,10,0,0,23,11,0,11,35,13,0,49,0,0,0,0,0,0,0,0,0,0,0,0,0,5,0,0,9,0,0,0,9,0,0,9,0,0,0,0,0,0,0,0,0,0,0,0,0,0,0,0,0,0,0,0,0,0,0,0,0,5,0,0,9,0,0,0,9,0,0,9,0,0,0,0,0,3,0,3,3,0,0,4,0,0,0,0,0,0,0,0,0,0,0,0,0,0,0,0,0,3,0,3,5,0,0,6,3,5,0,0,10,3,0,3,15,0,0,18,0,0,0,0
LGA34530,1088,45,0,1134,14,0,0,0,17,7,0,7,24,0,0,30,29,3,0,0,34,0,0,0,34,0,0,34,48,3,3,4,53,7,0,7,61,0,0,63,977,94,24,22,1124,21,0,27,1150,44,0,1198,196,31,11,5,245,12,3,17,262,51,0,308,3,0,0,0,6,0,0,0,6,0,0,3,1177,127,42,24,1372,37,7,49,1418,96,0,1512,257,19,3,4,285,5,0,6,295,17,0,311,280,29,10,3,325,13,0,13,340,12,0,358,7,0,6,0,11,0,0,0,11,0,0,7,0,0,0,6,8,0,0,0,8,0,0,8,545,50,20,11,632,19,0,22,651,31,0,684,12,0,0,0,13,3,0,3,22,0,0,23,14,0,0,0,17,4,0,3,20,0,0,20,29,0,0,0,32,5,0,4,36,0,0,39,573,54,22,11,662,23,3,29,694,32,0,726,115,20,3,4
LGA34570,14,4,0,15,0,0,0,0,0,6,0,6,6,0,0,6,0,0,0,0,0,0,0,0,0,0,0,0,0,0,0,0,0,6,0,6,6,0,0,6,7,0,0,5,14,6,0,6,24,4,0,29,4,5,0,3,11,0,0,0,11,11,0,22,0,0,0,4,4,0,0,0,4,0,4,3,14,3,0,14,28,6,0,6,36,13,4,51,11,0,0,0,11,0,0,0,11,0,0,11,0,0,0,3,3,0,0,0,3,0,0,5,0,0,0,0,0,0,0,0,0,0,0,0,0,0,0,0,0,0,0,0,0,0,0,0,8,0,0,3,12,0,0,0,12,0,0,16,0,0,0,0,0,3,0,3,3,0,0,3,0,0,0,0,0,0,0,0,0,0,0,0,0,0,0,0,0,3,0,3,3,0,0,3,8,0,0,3,12,3,0,3,19,0,0,14,0,0,0,3
LGA34580,1009,57,0,1068,14,4,0,0,19,3,0,3,22,8,0,26,40,3,0,0,44,3,0,3,50,3,0,53,54,10,0,0,70,8,0,6,77,5,0,86,911,100,24,20,1054,25,4,29,1081,66,0,1152,352,57,14,12,434,35,7,36,470,100,0,570,6,0,0,0,5,0,0,0,5,0,0,11,1265,160,33,27,1493,64,9,72,1565,162,4,1732,227,14,7,4,254,5,0,5,257,12,0,273,295,43,6,8,347,4,0,6,352,18,0,371,10,3,3,0,18,0,0,0,18,0,0,18,4,0,0,4,9,0,0,0,9,0,3,13,532,68,17,18,632,12,0,8,640,29,7,677,9,0,0,0,12,3,0,3,14,4,0,20,24,0,0,3,31,0,0,0,31,3,0,30,32,7,0,3,42,3,0,3,43,7,0,47,567,72,15,15,669,11,0,14,679,35,7,719,180,35,16,3
LGA34590,9269,418,11,9704,205,35,0,3,249,68,0,69,314,26,3,337,329,57,7,8,400,45,7,47,450,22,0,469,530,89,10,11,646,107,12,115,759,43,3,810,8306,1044,149,167,9662,301,66,362,10027,465,17,10513,3355,574,84,107,4128,263,54,314,4439,827,11,5287,17,0,0,20,35,0,3,3,35,10,57,104,11681,1621,230,292,13826,564,115,682,14508,1304,89,15899,2129,198,30,14,2368,52,15,66,2431,190,3,2624,2223,283,29,24,2562,48,10,55,2617,138,0,2753,92,23,17,0,129,3,0,4,136,10,0,147,32,10,0,51,90,0,0,0,89,13,8,112,4467,508,73,97,5152,105,21,126,5274,347,8,5627,129,30,0,4,161,26,3,28,192,13,0,206,149,37,0,7,191,17,0,19,209,21,0,237,282,62,6,7,351,43,3,51,405,38,0,440,4749,568,80,106,5501,146,28,174,5675,380,8,6067,1484,277,48,59
LGA34710,116,5,0,124,3,0,0,0,3,0,0,0,3,0,0,3,0,0,0,0,0,0,0,0,0,0,0,0,3,0,0,0,3,0,0,0,3,0,0,3,110,7,3,5,119,0,0,0,119,5,0,124,31,0,3,0,33,0,0,0,33,3,0,32,0,0,0,0,0,0,0,0,0,0,0,0,133,7,5,5,150,0,0,0,150,7,0,157,39,4,0,0,42,3,0,3,43,3,0,41,23,0,0,0,29,0,0,0,29,0,0,29,0,0,0,0,3,0,0,0,3,0,0,3,0,0,0,0,0,0,0,0,0,0,0,0,64,4,0,3,70,3,0,3,67,3,0,77,0,0,0,0,0,0,0,0,0,0,0,0,0,0,0,0,0,0,0,0,0,0,0,0,0,0,0,0,0,0,0,0,0,0,0,0,60,4,0,3,70,3,0,3,74,3,0,79,11,0,0,0
LGA34770,3424,110,3,3537,68,16,0,3,83,18,0,18,96,16,0,112,150,11,0,3,162,10,3,11,176,7,0,176,211,25,0,8,244,21,3,27,273,19,0,292,3166,252,69,81,3566,119,11,126,3695,125,3,3825,1016,84,33,42,1174,74,4,79,1249,102,4,1358,9,0,0,0,12,0,0,0,8,0,10,17,4188,334,101,120,4748,194,12,208,4954,222,19,5196,712,51,18,0,781,29,3,36,817,36,0,846,1093,105,24,11,1240,25,0,29,1268,31,0,1297,28,0,8,3,40,0,0,0,40,0,0,37,7,3,4,28,37,0,0,0,37,0,0,45,1841,158,54,39,2097,61,7,61,2158,66,0,2223,40,6,0,0,43,4,0,4,51,7,0,60,71,3,0,3,76,8,3,15,90,5,0,96,110,8,0,3,126,16,3,19,144,15,0,156,1954,166,54,43,2217,74,10,82,2302,78,0,2383,470,38,5,12
LGA34800,31,0,0,31,0,0,0,0,0,0,0,0,0,0,0,0,0,0,0,0,0,0,0,0,0,0,0,0,0,0,0,0,0,0,0,0,0,0,0,0,31,0,0,0,31,0,0,0,31,0,0,31,10,0,0,0,8,0,0,0,8,0,0,8,0,0,0,0,0,0,0,0,0,0,0,0,38,0,0,0,43,0,0,0,43,0,0,43,10,0,0,0,10,0,0,0,10,0,0,15,3,0,0,0,3,0,0,0,3,0,0,3,0,0,0,0,0,0,0,0,0,0,0,0,0,0,0,0,0,0,0,0,0,0,0,0,12,0,0,0,12,0,0,0,12,0,0,18,0,0,0,0,0,0,0,0,0,0,0,0,0,0,0,0,0,0,0,0,0,0,0,0,0,0,0,0,0,0,0,0,0,0,0,0,12,0,0,0,12,0,0,0,12,0,0,18,0,0,0,0
LGA34830,3,0,0,3,0,0,0,0,0,0,0,0,0,0,0,0,0,0,0,0,0,0,0,0,0,0,0,0,0,0,0,0,0,0,0,0,0,0,0,0,3,0,0,0,3,0,0,0,3,0,0,3,3,0,0,0,6,4,0,4,8,3,0,15,0,0,0,0,0,0,0,0,0,0,0,0,5,0,0,0,11,4,0,4,13,3,0,15,3,0,0,0,3,0,0,0,3,0,0,3,0,0,0,0,0,0,0,0,0,0,0,0,0,0,0,0,0,0,0,0,0,0,0,0,0,0,0,0,0,0,0,0,0,0,0,0,3,0,0,0,3,0,0,0,3,0,0,3,0,0,0,0,0,0,0,0,0,0,0,0,0,0,0,0,0,0,0,0,0,0,0,0,0,0,0,0,0,0,0,0,0,0,0,0,3,0,0,0,3,0,0,0,3,0,0,3,0,0,0,0
LGA34860,515,14,0,521,0,0,0,0,0,4,0,4,3,0,0,3,7,3,0,0,8,0,0,0,8,0,0,8,7,3,0,0,9,4,0,4,17,0,0,17,456,47,6,3,516,14,0,14,527,14,0,536,93,5,5,0,112,3,0,3,112,23,0,132,0,0,0,0,0,0,0,0,0,0,0,0,552,55,13,9,624,15,0,15,640,31,0,672,140,8,0,0,147,0,0,0,155,3,0,153,94,5,0,0,103,4,0,4,106,8,0,108,3,0,0,0,3,0,0,0,3,0,0,3,0,0,0,0,3,0,0,0,3,0,0,3,239,12,0,3,258,3,0,3,262,12,0,270,0,0,0,0,0,0,0,0,0,0,0,0,7,0,0,0,7,0,0,0,7,0,0,7,7,0,0,0,7,0,0,0,3,0,0,3,247,12,0,3,263,9,0,9,265,12,0,280,26,0,4,0
LGA34880,547,26,0,580,4,0,0,0,8,3,0,7,9,3,0,9,4,0,0,0,7,7,0,7,11,3,0,17,9,0,0,0,16,11,0,11,21,3,0,27,461,72,16,7,556,12,0,20,572,33,0,607,113,30,3,3,153,17,4,17,174,64,0,233,0,0,0,0,0,0,0,0,0,0,6,8,583,102,14,11,710,27,5,34,744,93,10,848,150,17,3,0,172,0,3,0,176,6,0,185,142,32,3,10,187,0,0,0,190,15,0,205,3,3,0,0,3,0,0,0,4,0,0,9,3,0,0,3,6,0,0,0,9,3,0,8,294,54,9,9,368,3,0,9,376,28,0,404,3,0,0,0,4,5,0,5,9,0,0,7,3,0,0,0,3,0,0,0,5,0,0,6,6,0,0,0,7,6,0,6,16,3,0,17,302,60,9,9,378,7,0,13,388,27,0,416,47,13,0,3
LGA35010,14128,597,27,14745,231,31,6,8,276,57,3,65,336,31,0,370,453,59,6,11,535,37,10,45,578,37,0,613,681,93,14,21,814,93,12,105,917,66,0,984,12791,1374,244,205,14612,356,86,437,15050,663,28,15732,4314,499,148,128,5087,206,39,246,5335,671,14,6019,13,3,0,9,26,0,0,0,26,4,43,76,17119,1872,394,337,19723,559,127,686,20407,1333,92,21827,3031,322,42,25,3427,67,15,87,3514,204,0,3716,3981,430,67,25,4500,78,14,89,4593,168,9,4770,119,26,31,3,179,5,0,5,182,13,0,194,45,13,0,46,98,0,0,0,97,9,3,106,7168,785,146,93,8197,156,32,185,8378,400,13,8789,137,17,6,8,159,45,3,44,207,18,0,220,224,27,7,10,266,14,7,22,285,21,0,306,361,39,10,16,422,62,11,67,489,37,0,530,7531,828,154,110,8621,209,34,249,8871,438,13,9322,1929,236,57,61
LGA35250,20,3,0,22,0,0,0,0,0,4,0,4,4,3,0,10,0,0,0,0,0,3,0,3,3,0,0,3,0,0,0,0,0,9,0,9,9,3,0,11,18,6,0,0,19,7,0,7,30,3,0,33,11,9,0,0,19,12,0,12,28,9,0,34,4,0,0,0,4,0,0,0,4,0,8,8,29,12,0,0,44,19,0,19,56,11,8,77,9,0,0,0,9,0,0,0,11,6,0,10,3,0,0,0,3,0,0,3,6,3,0,6,0,0,0,0,0,0,0,0,0,0,0,0,0,0,0,0,0,0,0,0,0,0,0,0,12,0,0,0,9,0,0,3,17,5,0,25,3,0,0,0,3,0,0,0,3,0,0,3,0,0,0,0,0,0,0,0,0,0,0,0,3,0,0,0,3,0,0,0,3,0,0,5,15,0,0,0,11,3,0,3,17,8,0,27,8,4,0,0
LGA35300,609,24,0,629,4,0,0,0,8,3,0,3,9,0,0,9,14,4,0,0,19,3,0,3,19,0,0,19,19,3,3,0,30,4,0,4,37,0,0,37,579,23,13,17,631,7,3,9,643,24,0,662,193,7,4,11,210,8,0,10,222,12,0,238,3,0,0,0,3,3,0,3,4,0,0,5,773,34,14,22,844,15,3,24,868,38,0,903,163,3,5,0,169,6,0,6,177,6,0,183,162,11,0,3,175,3,0,3,177,3,0,182,3,0,0,0,3,0,0,0,3,0,0,3,0,0,0,4,7,0,0,0,7,0,0,7,327,16,6,5,355,11,0,11,360,13,0,373,3,0,0,0,3,3,0,3,5,0,0,5,9,0,0,0,14,0,0,0,14,0,0,14,11,0,0,0,18,6,0,6,22,0,0,22,338,17,11,5,369,11,0,11,384,13,0,395,91,5,3,0
LGA35600,140,3,0,145,0,0,0,0,0,0,0,0,0,0,0,0,3,0,0,0,3,0,0,0,3,0,0,3,3,0,0,0,3,0,0,0,3,0,0,4,117,14,3,9,138,3,0,3,142,5,0,147,16,0,0,0,16,11,0,11,26,7,0,34,0,0,0,0,0,0,0,0,0,0,0,3,133,14,3,9,157,15,0,15,173,16,0,189,41,3,0,0,45,3,0,3,45,0,0,48,23,3,0,0,29,0,0,0,31,3,0,31,0,0,0,0,0,0,0,0,0,0,0,0,0,0,0,4,3,0,0,0,3,0,0,3,70,5,0,4,75,3,0,3,81,4,0,88,4,0,0,0,4,0,0,0,4,0,0,4,0,0,0,0,0,0,0,0,0,0,0,0,4,0,0,0,4,0,0,0,4,0,0,3,75,5,0,4,79,3,0,3,87,3,0,91,11,0,0,0
LGA35670,11,3,0,15,0,0,0,0,0,0,0,0,3,3,0,3,0,0,0,0,0,0,0,0,0,0,0,0,0,0,0,0,0,5,0,5,5,3,0,6,6,0,0,0,7,8,0,8,17,5,0,25,12,3,0,0,17,5,3,10,22,14,0,44,0,0,0,0,0,0,0,0,0,0,0,0,20,3,0,0,24,11,3,17,40,23,0,64,0,0,0,0,3,0,0,0,3,0,0,3,3,0,0,0,0,0,0,0,0,3,0,5,0,0,0,0,0,0,0,0,0,0,0,0,0,0,0,0,0,0,0,0,0,0,0,0,6,0,0,0,10,0,0,0,10,3,0,12,3,0,0,0,3,0,0,0,3,0,0,5,0,0,0,0,0,0,0,0,0,0,0,0,3,0,0,0,3,0,0,0,3,0,0,5,6,0,0,0,14,0,0,0,14,3,0,14,3,3,0,0
LGA35740,1402,62,3,1465,16,7,0,0,23,3,0,3,26,3,0,31,25,12,0,0,37,3,0,9,37,0,0,44,45,16,0,0,60,7,0,12,67,3,0,73,1145,244,26,20,1439,27,9,35,1472,62,3,1541,297,53,20,12,381,13,0,13,391,58,0,448,0,0,3,0,3,0,0,0,3,0,3,5,1443,296,47,33,1819,39,9,42,1865,122,3,1994,262,67,7,0,334,3,0,3,336,18,0,353,471,73,3,3,555,12,3,11,565,27,0,594,7,3,7,0,14,0,0,0,14,3,0,19,3,0,0,6,8,0,0,0,8,0,0,10,752,136,12,10,912,15,3,17,927,47,0,976,10,0,0,0,9,0,0,0,8,0,0,8,14,3,0,0,18,0,0,0,21,3,0,26,23,7,0,0,25,3,0,3,33,3,0,36,769,143,18,10,944,19,3,18,957,49,0,1015,134,30,3,5
LGA35760,315,14,0,327,0,0,0,0,0,0,0,0,0,3,0,3,7,0,0,0,7,0,0,3,4,0,0,4,7,0,0,0,7,0,0,3,4,3,0,9,291,20,0,6,314,3,3,8,322,16,0,336,45,8,0,0,59,6,0,6,71,23,7,98,0,0,0,0,0,0,0,0,0,0,3,3,334,26,4,7,376,10,3,18,391,41,9,439,88,15,0,0,103,4,0,6,108,8,0,117,76,14,0,3,91,0,0,0,93,4,0,95,0,0,0,0,0,0,0,0,0,0,0,3,0,0,0,3,7,0,0,0,7,0,0,7,163,27,0,4,196,4,3,3,200,11,0,216,3,0,0,0,3,0,0,0,3,0,0,3,3,0,0,0,3,3,0,3,3,0,0,3,4,0,0,0,4,3,0,3,5,0,0,5,171,27,0,4,202,6,3,5,208,11,0,221,28,3,0,0
LGA35780,110,24,4,140,4,4,0,0,4,9,0,9,13,3,0,20,0,0,0,0,0,0,0,0,3,0,0,3,6,4,0,0,7,13,0,12,21,3,0,20,79,12,8,3,103,25,0,23,133,26,4,158,24,16,0,0,35,4,0,4,41,35,0,78,0,0,0,0,0,0,0,0,0,0,3,3,98,26,8,3,143,26,0,32,167,66,6,234,24,4,0,0,34,4,0,4,34,6,0,48,3,5,0,0,6,0,0,0,6,4,0,13,0,0,0,0,0,0,0,0,0,0,0,0,0,0,0,0,0,0,0,0,0,0,0,0,29,6,3,0,40,4,0,4,45,17,0,57,0,0,0,0,4,3,0,3,9,0,0,6,0,0,0,0,0,0,0,0,3,0,0,3,3,0,0,0,4,3,0,9,7,0,0,8,32,12,3,0,44,11,0,10,53,18,0,74,14,3,0,0
LGA35790,31,21,0,55,0,0,0,0,0,3,0,3,7,0,0,8,0,0,0,0,0,0,0,0,4,0,0,4,0,0,0,0,3,3,0,7,9,0,0,12,14,17,0,0,27,11,6,15,45,20,0,65,14,10,0,3,28,6,8,12,40,51,0,95,0,0,0,0,0,0,0,0,0,0,0,0,23,29,0,3,53,17,16,30,86,71,0,156,3,0,0,0,7,0,0,0,7,3,0,12,4,9,0,0,13,0,0,0,9,3,0,12,0,0,0,0,0,0,0,0,0,0,0,0,0,0,0,0,0,0,0,0,0,0,0,0,6,10,0,0,19,0,0,0,19,9,0,28,0,0,0,0,0,0,0,0,0,0,0,0,0,0,0,0,0,0,0,0,0,0,0,0,0,0,0,0,0,0,0,0,0,0,0,3,6,10,0,0,19,0,3,3,21,12,0,26,7,7,0,0
LGA35800,36,0,0,40,0,0,0,0,0,0,0,0,0,0,0,0,0,0,0,0,0,0,0,0,0,0,0,0,0,0,0,0,0,0,0,0,0,0,0,0,37,3,0,0,36,0,0,0,34,0,0,36,3,0,0,0,3,0,0,0,3,10,0,11,0,0,0,0,0,0,0,0,0,0,0,0,37,3,0,0,39,0,0,0,39,10,0,46,6,0,0,0,6,0,0,0,6,0,0,6,4,0,0,0,4,0,0,0,4,3,0,6,0,0,0,0,0,0,0,0,0,0,0,0,0,0,0,0,0,0,0,0,0,0,0,0,9,0,0,0,9,0,0,0,9,3,0,14,0,0,0,0,0,0,0,0,0,0,0,0,0,0,0,0,0,0,0,0,0,0,0,0,0,0,0,0,0,0,0,0,0,0,0,0,9,0,0,0,9,0,0,0,9,3,0,14,0,0,0,0
LGA36070,6,0,0,12,3,0,0,0,3,0,0,0,3,0,0,3,0,0,0,0,0,0,0,0,0,0,0,0,3,0,0,0,3,0,0,0,3,0,0,3,9,4,0,0,13,3,0,3,13,0,0,15,10,0,0,0,9,0,0,0,11,4,0,17,0,0,0,0,0,0,0,0,0,0,0,5,11,4,0,0,22,3,0,3,22,10,0,34,3,0,0,0,3,0,0,0,3,0,0,3,0,4,0,0,4,0,0,0,4,3,0,3,0,0,0,0,0,0,0,0,0,0,0,0,0,0,0,0,0,0,0,0,0,0,0,0,3,4,0,0,7,0,0,0,7,6,0,9,0,0,0,0,0,0,0,0,0,0,0,0,0,0,0,0,0,0,3,3,3,0,0,3,0,0,0,0,0,0,3,5,5,0,0,5,3,4,0,0,7,0,3,5,6,6,0,15,3,0,0,0
LGA36150,39,0,0,39,0,0,0,0,0,0,0,0,0,0,0,0,0,0,0,0,0,0,0,0,0,0,0,0,0,0,0,0,0,0,0,0,0,0,0,0,39,3,0,0,39,0,0,0,39,0,0,39,10,0,0,0,8,0,0,0,8,0,0,8,0,0,0,0,0,0,0,0,0,0,0,0,47,6,0,0,47,0,0,0,47,0,0,52,9,0,0,0,9,0,0,0,9,0,0,9,3,0,0,0,0,0,0,0,0,0,0,0,0,0,0,0,0,0,0,0,0,0,0,0,0,0,0,0,0,0,0,0,0,0,0,0,16,0,0,0,12,0,0,0,12,0,0,12,0,0,0,0,0,0,0,0,0,0,0,0,0,0,0,0,0,0,0,0,0,0,0,0,0,0,0,0,0,0,0,0,0,0,0,0,16,0,0,0,12,0,0,0,12,0,0,12,0,0,0,0
LGA36250,5109,160,9,5279,60,7,0,3,66,5,0,5,77,0,0,77,136,12,0,4,158,4,0,3,156,0,0,159,194,21,0,4,223,7,0,9,238,3,0,238,4667,449,70,63,5246,88,10,94,5345,161,9,5512,1184,125,23,26,1352,42,3,49,1402,128,0,1528,5,0,0,0,8,3,0,3,11,0,5,19,5857,574,93,88,6610,130,17,145,6759,287,18,7066,1134,120,11,4,1272,22,8,31,1300,73,5,1379,1543,130,19,14,1706,25,3,28,1731,46,0,1776,35,5,6,0,48,0,0,0,48,4,0,50,15,0,0,19,37,0,0,0,37,0,0,37,2720,259,35,44,3052,43,13,55,3115,126,3,3242,39,3,0,0,41,3,0,3,44,0,0,44,71,10,0,3,86,7,0,7,91,5,0,99,111,11,0,3,128,11,0,11,137,5,0,144,2832,273,39,44,3185,56,13,66,3252,132,3,3387,591,71,15,7
LGA36300,21,0,0,21,0,0,0,0,0,0,0,0,0,0,0,0,0,0,0,0,0,0,0,0,0,0,0,0,0,0,0,0,0,0,0,0,0,0,0,0,20,0,0,0,21,0,0,0,21,0,0,21,11,0,0,0,13,0,0,0,13,0,0,13,0,0,0,0,0,0,0,0,0,0,0,0,31,3,0,0,37,0,0,0,37,0,0,39,8,0,0,0,10,0,0,0,10,0,0,10,0,0,0,0,0,0,0,0,0,0,0,0,0,0,0,0,0,0,0,0,0,0,0,0,0,0,0,0,0,0,0,0,0,0,0,0,9,0,0,0,8,0,0,0,8,0,0,8,0,0,0,0,0,0,0,0,0,0,0,0,0,0,0,0,0,0,0,0,0,0,0,0,0,0,0,0,0,0,0,0,0,0,0,0,9,0,0,0,8,0,0,0,8,0,0,8,4,0,0,0
LGA36370,2288,95,0,2385,41,12,0,0,44,20,0,27,70,8,0,80,83,10,0,3,95,8,3,12,107,3,0,109,122,16,0,3,137,33,3,38,177,15,0,192,2052,209,44,40,2346,95,17,114,2463,113,0,2580,574,84,23,21,707,47,5,58,760,138,0,900,3,3,0,0,9,0,0,0,9,0,6,16,2630,300,71,60,3060,144,28,170,3237,251,11,3490,490,40,7,3,540,22,0,22,556,39,0,600,572,56,5,4,642,17,6,26,666,24,0,697,14,4,6,0,22,0,0,0,26,0,0,26,0,0,0,10,11,0,0,0,11,3,0,15,1084,100,20,18,1221,44,5,49,1266,68,6,1342,18,3,0,0,18,10,0,10,26,5,0,35,25,3,3,0,31,4,0,5,34,0,0,36,43,3,3,0,53,14,0,9,64,6,0,72,1124,104,27,18,1276,51,9,59,1333,76,6,1410,268,38,9,7
LGA36510,1229,52,0,1288,9,3,0,0,15,3,0,3,18,0,0,20,31,4,0,0,37,3,0,3,39,3,0,38,39,5,0,3,52,8,0,8,54,3,0,60,1055,160,23,15,1259,29,4,33,1289,61,0,1352,353,63,5,15,428,18,0,18,446,85,3,530,12,3,0,0,16,0,0,0,16,0,12,26,1421,224,30,28,1704,44,4,46,1753,142,14,1904,278,24,5,0,314,8,0,8,321,26,3,343,396,64,3,3,462,11,3,17,483,16,0,499,10,4,3,0,14,0,0,0,14,0,0,16,3,0,0,9,10,0,0,0,15,0,0,10,686,89,13,11,800,25,3,25,830,46,3,879,4,0,0,0,5,3,0,3,11,0,0,14,14,0,0,0,17,0,0,0,17,3,0,14,19,0,0,4,24,3,0,3,24,4,0,31,707,93,16,14,826,29,3,28,852,51,3,909,173,29,3,11
LGA36580,587,47,0,638,19,3,0,0,20,5,0,5,26,7,0,30,19,0,3,0,18,0,0,0,20,0,0,20,34,3,3,0,42,4,0,4,50,4,0,54,511,74,13,10,616,17,5,19,636,51,0,690,251,37,11,10,314,32,3,31,347,91,0,437,0,0,0,3,3,0,0,0,3,0,4,13,763,114,29,27,929,44,8,57,981,149,8,1136,152,7,0,0,162,0,3,3,169,12,0,182,186,35,0,7,228,3,0,3,235,19,0,254,6,0,0,0,6,0,0,0,6,0,0,5,4,0,0,5,8,0,0,0,8,5,0,11,349,44,0,8,407,3,3,6,413,40,0,452,10,0,0,0,10,4,0,4,14,3,0,19,7,0,3,0,13,0,0,0,13,0,0,9,15,0,3,0,20,4,0,4,24,4,0,25,368,44,7,8,423,12,3,10,439,44,0,475,114,18,5,0
LGA36630,817,48,0,867,9,0,0,0,11,12,3,11,25,3,0,22,17,4,0,0,14,0,0,0,14,10,0,22,21,8,0,0,27,12,3,11,37,8,0,51,699,96,13,15,828,20,5,28,851,62,0,918,254,55,3,10,323,21,5,23,347,130,0,479,3,0,0,0,3,0,0,0,3,0,0,3,955,147,18,26,1150,46,10,51,1202,189,5,1392,170,17,0,4,195,5,0,5,195,15,0,210,252,34,4,4,299,5,0,5,301,23,3,324,11,3,0,0,11,0,0,0,9,4,0,14,0,0,0,4,4,0,0,0,4,0,0,4,429,58,3,13,499,10,0,10,510,43,3,558,6,0,0,0,6,4,0,4,10,3,0,16,14,0,0,0,16,0,0,0,16,3,0,16,17,0,0,0,19,4,0,4,23,3,0,31,448,59,3,13,519,13,0,13,534,47,3,588,126,38,0,8
LGA36660,908,49,0,961,12,0,0,0,12,0,0,0,11,0,0,11,21,8,0,0,22,3,0,3,30,3,0,29,26,8,0,0,33,3,0,3,35,5,0,41,778,109,22,14,928,17,0,23,949,59,0,1000,290,69,13,8,385,14,3,15,402,112,0,511,0,3,0,0,3,0,0,0,3,3,8,15,1076,177,40,27,1308,28,7,33,1346,175,10,1531,184,29,0,0,215,5,0,9,218,26,0,245,290,47,8,0,347,3,0,3,351,17,0,373,14,0,9,0,18,0,0,0,18,0,0,21,3,0,0,6,10,0,0,0,10,0,0,10,494,74,11,9,592,10,0,9,602,42,0,643,8,0,0,0,8,0,0,0,8,5,0,11,7,0,0,0,9,0,0,0,9,0,0,9,12,0,0,0,10,0,0,0,16,5,0,17,507,76,11,9,605,10,0,10,616,50,0,662,133,24,5,9
LGA36720,9091,403,13,9505,91,29,0,0,124,18,3,18,139,16,0,159,271,34,3,8,314,13,7,19,334,19,3,353,359,60,7,9,435,33,3,40,476,35,3,511,7934,1158,133,107,9333,181,40,229,9562,438,18,10015,2166,349,72,68,2657,109,14,128,2787,324,7,3121,9,0,0,6,11,0,0,0,11,3,30,45,10106,1509,208,183,12009,296,59,355,12361,767,54,13183,1812,251,21,17,2107,41,11,57,2160,108,3,2269,2775,458,46,20,3297,63,7,71,3370,133,4,3504,59,9,23,0,94,0,0,0,96,5,0,110,19,5,0,24,51,4,0,4,50,3,0,55,4671,724,93,59,5550,110,20,128,5676,254,5,5937,66,22,3,0,87,14,0,13,95,12,0,109,137,23,0,0,161,12,4,14,180,5,3,188,200,38,4,0,243,22,5,30,272,17,3,298,4871,768,97,66,5796,134,23,155,5952,273,9,6234,999,149,46,32
LGA36820,641,43,0,688,5,0,0,3,5,3,0,7,11,0,0,17,10,3,0,0,9,0,0,0,9,0,0,9,12,3,0,3,18,3,0,7,24,0,0,28,552,77,15,8,652,19,3,17,668,50,0,720,145,33,12,5,201,19,0,19,223,27,9,256,0,0,0,0,0,0,0,0,0,0,3,3,700,109,32,13,855,34,3,42,891,77,8,977,130,28,3,0,161,0,0,3,165,17,0,175,174,37,3,4,218,5,0,5,230,11,0,238,4,0,0,0,10,0,0,0,10,3,0,12,3,0,0,5,9,0,0,0,9,3,0,5,315,60,10,5,390,6,0,10,405,31,0,428,3,0,0,0,3,3,0,3,6,0,0,9,5,3,0,0,12,0,0,0,12,0,0,12,11,3,0,0,13,3,0,3,15,0,0,18,323,67,10,9,409,14,0,9,420,33,0,445,57,20,0,0
LGA36910,5091,197,4,5293,57,12,0,4,67,16,0,16,85,22,0,105,124,8,9,0,147,10,11,17,162,11,0,174,181,20,9,5,214,19,11,31,244,28,0,276,4578,465,94,82,5219,92,26,118,5337,224,4,5563,1565,212,39,34,1843,80,36,110,1959,354,9,2321,11,0,0,8,17,0,0,0,17,0,12,29,6156,677,131,121,7081,170,61,233,7314,578,24,7913,1103,113,9,6,1233,18,10,23,1258,75,0,1329,1516,167,29,10,1725,23,5,26,1753,70,4,1828,46,3,8,0,63,0,0,0,63,7,0,63,14,0,0,15,34,0,0,0,33,3,0,36,2677,283,52,31,3051,38,11,54,3102,152,3,3258,45,8,0,0,52,13,0,13,62,12,0,72,66,3,0,0,75,5,5,13,88,3,0,94,111,9,0,3,127,16,5,23,148,19,0,163,2789,300,51,38,3175,59,21,75,3251,162,3,3420,680,91,16,11
LGA36950,140,3,0,145,3,0,0,0,3,0,0,0,3,0,0,3,0,0,0,0,0,0,0,0,0,0,0,0,3,0,0,0,3,0,0,0,8,0,0,8,92,31,6,11,137,3,0,3,141,3,0,150,32,4,3,3,36,0,0,0,39,16,0,60,0,0,0,0,0,0,0,0,0,0,3,3,124,37,5,15,178,7,0,7,187,19,3,208,37,3,0,0,41,0,3,3,47,3,0,50,7,3,0,0,11,0,0,0,11,5,0,13,0,0,3,0,3,0,0,0,3,0,0,3,0,0,0,5,4,0,0,0,4,0,0,4,44,7,3,3,59,0,3,3,66,7,0,74,0,0,0,0,0,0,0,0,0,0,0,0,0,0,0,0,0,0,0,0,0,0,0,0,0,0,0,0,0,0,0,0,0,0,0,0,44,7,3,3,59,3,3,4,67,7,0,74,8,0,0,0
LGA36960,88,25,0,117,0,6,0,0,7,0,0,0,4,0,0,7,0,0,0,0,0,3,3,3,5,3,0,6,0,3,0,0,8,3,3,3,14,3,0,16,59,29,0,0,93,6,5,9,105,35,0,135,72,45,0,0,119,13,0,13,131,108,0,238,0,0,0,0,0,0,0,0,0,5,0,4,128,71,0,3,209,23,5,28,229,139,3,377,18,3,0,0,16,4,0,4,19,3,0,30,12,7,0,3,25,3,0,3,25,8,0,33,0,0,0,0,3,0,0,0,3,0,0,3,0,0,0,0,0,0,0,0,0,0,0,3,27,13,0,3,42,6,0,8,52,16,0,65,0,0,0,0,6,0,0,0,6,0,0,6,0,0,0,0,0,3,0,3,3,3,0,6,0,0,0,0,6,3,0,3,4,3,0,10,28,13,0,3,48,8,0,7,59,18,0,77,32,15,0,0
LGA37010,5413,287,9,5704,110,8,0,0,121,40,7,48,167,15,0,181,154,15,0,3,177,30,12,37,214,16,0,228,266,19,7,6,293,69,14,81,381,30,0,410,4856,514,109,73,5553,204,38,242,5794,314,9,6114,1247,185,37,37,1502,106,19,131,1637,332,3,1968,8,0,0,0,11,0,0,0,11,3,16,24,6112,698,147,111,7063,312,58,374,7437,651,26,8110,1324,154,21,10,1512,40,6,47,1560,89,0,1652,1295,151,31,11,1484,35,4,38,1525,73,0,1595,48,12,6,0,74,0,3,4,73,0,3,80,7,5,0,25,35,0,0,0,40,7,3,45,2683,321,56,44,3108,80,15,95,3201,166,10,3374,36,12,3,4,54,25,0,25,71,7,0,80,68,17,0,3,84,16,3,18,103,12,0,112,99,21,3,7,137,39,3,36,172,17,0,190,2781,347,66,46,3242,118,13,130,3371,190,10,3565,564,91,23,18
LGA37300,211,4,0,216,4,0,0,0,4,0,0,0,4,0,0,4,3,0,0,0,3,0,3,3,6,0,0,6,7,0,0,0,6,0,3,3,6,0,0,6,198,8,3,4,217,0,3,3,219,4,0,219,46,0,5,0,55,0,0,0,55,5,3,57,0,0,0,0,0,0,0,0,0,0,0,0,249,11,7,4,271,0,3,3,272,7,3,279,64,0,0,0,69,0,0,0,69,3,0,71,29,0,0,0,35,0,0,0,35,0,0,35,3,0,4,0,3,0,0,0,3,0,0,3,0,0,0,4,0,0,0,0,0,0,0,0,97,4,7,3,112,0,0,0,112,3,0,118,0,0,0,0,0,3,0,3,3,0,0,3,0,5,0,0,8,0,0,0,8,0,0,8,0,5,0,0,8,3,0,3,6,0,0,6,101,10,7,6,114,3,0,3,122,3,0,126,20,0,0,0
LGA37310,1123,38,0,1161,15,0,3,0,20,11,0,11,24,7,0,30,13,3,0,0,21,3,0,3,22,3,0,24,30,3,3,0,38,10,0,10,49,4,0,52,1007,93,26,19,1143,22,0,27,1170,46,0,1214,378,29,14,11,428,22,0,23,456,77,3,535,0,4,0,0,5,0,0,0,5,0,3,5,1387,127,39,27,1582,49,4,49,1634,122,9,1758,246,18,6,0,269,5,0,5,275,7,0,276,304,24,8,3,338,3,0,3,339,24,0,362,7,4,5,0,20,0,0,0,19,0,0,19,7,0,0,4,9,0,0,0,9,0,0,14,560,52,19,4,632,8,0,8,648,27,0,675,16,0,0,0,16,6,0,6,23,0,0,23,7,0,0,0,12,0,0,0,12,0,0,12,25,0,0,0,27,4,0,4,34,0,0,34,584,53,19,8,666,19,0,19,684,27,0,712,135,11,8,0
LGA37340,948,33,5,985,11,0,0,0,18,7,0,7,24,0,0,24,19,0,3,0,28,3,3,4,26,0,0,32,36,3,3,0,39,8,3,14,48,0,0,52,829,95,27,21,973,25,3,30,1000,33,5,1036,184,39,4,8,230,11,3,16,251,33,0,285,8,0,0,0,9,0,0,0,9,0,0,5,1019,129,29,31,1213,41,10,48,1259,64,10,1330,226,29,0,6,266,10,0,10,276,3,0,275,232,25,4,3,265,5,0,5,274,5,0,280,3,0,8,0,7,0,0,0,7,0,0,7,3,0,0,0,6,0,0,0,6,0,0,6,463,56,13,4,546,17,0,17,565,11,0,574,9,4,0,0,13,0,0,0,12,0,0,17,8,3,0,0,13,0,0,0,13,0,0,13,23,6,0,0,25,0,0,0,29,0,0,27,487,61,13,4,570,20,0,20,591,11,3,602,77,14,3,3
LGA37400,28,0,0,28,0,0,0,0,0,0,0,0,0,0,0,0,0,0,0,0,0,0,0,0,0,0,0,0,0,0,0,0,0,0,0,0,0,0,0,0,22,3,0,0,28,0,0,0,28,0,0,28,7,0,0,0,7,0,0,0,7,0,0,7,0,0,0,0,0,0,0,0,0,0,0,0,28,3,0,0,29,0,0,0,29,0,0,29,16,0,0,0,16,0,0,0,16,0,0,16,3,0,0,0,7,0,0,0,7,0,0,7,0,0,0,0,0,0,0,0,0,0,0,0,0,0,0,0,0,0,0,0,0,0,0,0,14,0,0,0,16,0,0,0,16,0,0,16,0,0,0,0,0,0,0,0,0,0,0,0,0,0,0,0,0,0,0,0,0,0,0,0,0,0,0,0,0,0,0,0,0,0,0,0,14,0,0,0,16,0,0,0,16,0,0,16,3,0,0,0
LGA37550,9,4,0,13,0,0,0,0,0,0,0,0,0,3,0,3,0,0,0,0,0,0,0,0,0,0,0,0,0,0,0,0,0,0,0,0,0,3,0,3,9,3,0,0,9,0,0,0,9,7,0,16,9,5,0,0,16,0,0,0,17,14,0,35,0,0,0,0,0,0,0,0,0,0,0,0,19,5,0,0,29,0,0,0,27,17,0,51,0,0,0,0,0,0,0,0,0,0,0,0,4,0,0,0,3,0,0,0,3,0,0,3,0,0,0,0,0,0,0,0,0,0,0,0,0,0,0,0,0,0,0,0,0,0,0,0,4,3,0,0,3,0,0,0,3,0,0,5,0,0,0,0,0,0,0,0,0,0,0,0,0,0,0,0,0,0,0,0,0,0,0,0,0,0,0,0,0,0,0,0,0,0,0,0,4,3,0,0,3,0,0,0,3,3,0,9,3,3,0,0
LGA37570,7,0,0,7,0,0,0,0,0,0,0,0,0,0,0,0,0,0,0,0,0,0,0,0,0,0,0,0,0,0,0,0,0,0,0,0,0,0,0,0,3,0,0,0,3,0,0,0,7,0,0,7,0,0,0,0,0,0,0,0,0,7,0,10,0,0,0,0,0,0,0,0,0,0,0,0,4,0,0,0,4,3,0,3,10,7,0,13,0,0,0,0,0,0,0,0,0,0,0,0,0,0,0,0,0,0,0,0,0,0,0,0,0,0,0,0,0,0,0,0,0,0,0,0,0,0,0,0,0,0,0,0,0,0,0,0,0,0,0,0,0,0,0,0,0,0,0,0,0,0,0,0,0,0,0,0,0,0,0,0,0,0,0,0,0,0,0,0,0,0,0,0,0,0,0,0,0,0,0,0,0,0,0,0,0,0,0,0,0,0,0,0,0,0,0,0,3,0,0,0
LGA37600,38,14,0,55,7,0,0,0,7,3,0,3,7,0,0,7,0,0,0,0,0,0,0,0,0,3,0,3,7,0,0,0,7,3,0,5,5,3,0,13,32,8,0,3,38,9,0,7,48,19,0,64,9,4,0,0,9,16,0,16,32,65,0,99,0,0,0,0,0,0,0,0,0,0,3,3,37,8,0,4,51,26,0,26,77,86,3,164,14,0,0,0,17,0,0,0,17,6,0,20,3,3,0,0,7,0,0,5,12,4,0,15,0,0,0,0,0,0,0,0,0,0,0,0,0,0,0,0,0,0,0,0,3,0,0,7,18,3,0,0,23,5,4,9,29,6,0,39,0,0,0,0,0,6,0,6,8,0,0,8,0,0,0,0,0,0,0,0,0,0,0,0,0,0,0,0,0,6,0,6,5,0,0,5,22,3,0,0,22,8,4,14,36,6,0,51,3,0,0,0
LGA39499,0,0,0,0,0,0,0,0,0,0,0,0,0,0,0,0,0,0,0,0,0,0,0,0,0,0,0,0,0,0,0,0,0,0,0,0,0,0,0,0,0,0,0,0,0,0,0,0,0,0,0,0,0,0,0,0,0,0,0,0,0,0,0,0,0,0,0,0,0,0,0,0,0,0,0,0,0,0,0,0,0,0,0,0,0,0,0,0,0,0,0,0,0,0,0,0,0,0,0,0,0,0,0,0,0,0,0,0,0,0,0,0,0,0,0,0,0,0,0,0,0,0,0,0,0,0,0,0,0,0,0,0,0,0,0,0,0,0,0,0,0,0,0,0,0,0,0,0,0,0,0,0,0,0,0,0,0,0,0,0,0,0,0,0,0,0,0,0,0,0,0,0,0,0,0,0,0,0,0,0,0,0,0,0,0,0,0,0,0,0,0,0,0,0,0,0,0,0,0,0
LGA39799,0,0,0,0,0,0,0,0,0,0,0,0,0,0,0,0,0,0,0,0,0,0,0,0,0,0,0,0,0,0,0,0,0,0,0,0,0,0,0,0,0,0,0,0,0,0,0,0,0,0,0,0,0,0,0,0,0,0,0,0,0,0,0,0,0,0,0,0,0,0,0,0,0,0,0,0,0,0,0,0,0,0,0,0,0,0,0,0,0,0,0,0,0,0,0,0,0,0,0,0,0,0,0,0,0,0,0,0,0,0,0,0,0,0,0,0,0,0,0,0,0,0,0,0,0,0,0,0,0,0,0,0,0,0,0,0,0,0,0,0,0,0,0,0,0,0,0,0,0,0,0,0,0,0,0,0,0,0,0,0,0,0,0,0,0,0,0,0,0,0,0,0,0,0,0,0,0,0,0,0,0,0,0,0,0,0,0,0,0,0,0,0,0,0,0,0,0,0,0,0
