LGA_CODE_2016,P_15_19_Num_chld_evr_brn_Nne,P_15_19_Num_chld_evr_brn_1,P_15_19_Num_chld_evr_brn_2,P_15_19_Num_chld_evr_brn_3,P_15_19_Num_chld_evr_brn_4,P_15_19_Num_chld_evr_brn_5,P_15_19_Num_chd_evr_brn_6_mr,P_15_19_Num_chld_evr_brn_ns,P_15_19_yrs_Total,P_20_24_Num_chld_evr_brn_Nne,P_20_24_Num_chld_evr_brn_1,P_20_24_Num_chld_evr_brn_2,P_20_24_Num_chld_evr_brn_3,P_20_24_Num_chld_evr_brn_4,P_20_24_Num_chld_evr_brn_5,P_20_24_Num_chd_evr_brn_6_mr,P_20_24_Num_chld_evr_brn_ns,P_20_24_yrs_Total,P_25_29_Num_chld_evr_brn_Nne,P_25_29_Num_chld_evr_brn_1,P_25_29_Num_chld_evr_brn_2,P_25_29_Num_chld_evr_brn_3,P_25_29_Num_chld_evr_brn_4,P_25_29_Num_chld_evr_brn_5,P_25_29_Num_chd_evr_brn_6_mr,P_25_29_Num_chld_evr_brn_ns,P_25_29_yrs_Total,P_30_34_Num_chld_evr_brn_Nne,P_30_34_Num_chld_evr_brn_1,P_30_34_Num_chld_evr_brn_2,P_30_34_Num_chld_evr_brn_3,P_30_34_Num_chld_evr_brn_4,P_30_34_Num_chld_evr_brn_5,P_30_34_Num_chd_evr_brn_6_mr,P_30_34_Num_chld_evr_brn_ns,P_30_34_yrs_Total,P_35_39_Num_chld_evr_brn_Nne,P_35_39_Num_chld_evr_brn_1,P_35_39_Num_chld_evr_brn_2,P_35_39_Num_chld_evr_brn_3,P_35_39_Num_chld_evr_brn_4,P_35_39_Num_chld_evr_brn_5,P_35_39_Num_chd_evr_brn_6_mr,P_35_39_Num_chld_evr_brn_ns,P_35_39_yrs_Total,P_40_44_Num_chld_evr_brn_Nne,P_40_44_Num_chld_evr_brn_1,P_40_44_Num_chld_evr_brn_2,P_40_44_Num_chld_evr_brn_3,P_40_44_Num_chld_evr_brn_4,P_40_44_Num_chld_evr_brn_5,P_40_44_Num_chd_evr_brn_6_mr,P_40_44_Num_chld_evr_brn_ns,P_40_44_yrs_Total,P_45_49_Num_chld_evr_brn_Nne,P_45_49_Num_chld_evr_brn_1,P_45_49_Num_chld_evr_brn_2,P_45_49_Num_chld_evr_brn_3,P_45_49_Num_chld_evr_brn_4,P_45_49_Num_chld_evr_brn_5,P_45_49_Num_chd_evr_brn_6_mr,P_45_49_Num_chld_evr_brn_ns,P_45_49_yrs_Total,P_50_54_Num_chld_evr_brn_Nne,P_50_54_Num_chld_evr_brn_1,P_50_54_Num_chld_evr_brn_2,P_50_54_Num_chld_evr_brn_3,P_50_54_Num_chld_evr_brn_4,P_50_54_Num_chld_evr_brn_5,P_50_54_Num_chd_evr_brn_6_mr,P_50_54_Num_chld_evr_brn_ns,P_50_54_yrs_Total,P_55_59_Num_chld_evr_brn_Nne,P_55_59_Num_chld_evr_brn_1,P_55_59_Num_chld_evr_brn_2,P_55_59_Num_chld_evr_brn_3,P_55_59_Num_chld_evr_brn_4,P_55_59_Num_chld_evr_brn_5,P_55_59_Num_chd_evr_brn_6_mr,P_55_59_Num_chld_evr_brn_ns,P_55_59_yrs_Total,P_60_64_Num_chld_evr_brn_Nne,P_60_64_Num_chld_evr_brn_1,P_60_64_Num_chld_evr_brn_2,P_60_64_Num_chld_evr_brn_3,P_60_64_Num_chld_evr_brn_4,P_60_64_Num_chld_evr_brn_5,P_60_64_Num_chd_evr_brn_6_mr,P_60_64_Num_chld_evr_brn_ns,P_60_64_yrs_Total,P_65_69_Num_chld_evr_brn_Nne,P_65_69_Num_chld_evr_brn_1,P_65_69_Num_chld_evr_brn_2,P_65_69_Num_chld_evr_brn_3,P_65_69_Num_chld_evr_brn_4,P_65_69_Num_chld_evr_brn_5,P_65_69_Num_chd_evr_brn_6_mr,P_65_69_Num_chld_evr_brn_ns,P_65_69_yrs_Total,P_70_74_Num_chld_evr_brn_Nne,P_70_74_Num_chld_evr_brn_1,P_70_74_Num_chld_evr_brn_2,P_70_74_Num_chld_evr_brn_3,P_70_74_Num_chld_evr_brn_4,P_70_74_Num_chld_evr_brn_5,P_70_74_Num_chd_evr_brn_6_mr,P_70_74_Num_chld_evr_brn_ns,P_70_74_yrs_Total,P_75_79_Num_chld_evr_brn_Nne,P_75_79_Num_chld_evr_brn_1,P_75_79_Num_chld_evr_brn_2,P_75_79_Num_chld_evr_brn_3,P_75_79_Num_chld_evr_brn_4,P_75_79_Num_chld_evr_brn_5,P_75_79_Num_chd_evr_brn_6_mr,P_75_79_Num_chld_evr_brn_ns,P_75_79_yrs_Total,P_80_84_Num_chld_evr_brn_Nne,P_80_84_Num_chld_evr_brn_1,P_80_84_Num_chld_evr_brn_2,P_80_84_Num_chld_evr_brn_3,P_80_84_Num_chld_evr_brn_4,P_80_84_Num_chld_evr_brn_5,P_80_84_Num_chd_evr_brn_6_mr,P_80_84_Num_chld_evr_brn_ns,P_80_84_yrs_Total,P_85_ov_Num_chld_evr_brn_Nne,P_85_ov_Num_chld_evr_brn_1,P_85_ov_Num_chld_evr_brn_2,P_85_ov_Num_chld_evr_brn_3,P_85_ov_Num_chld_evr_brn_4,P_85_ov_Num_chld_evr_brn_5,P_85_ov_Num_chd_evr_brn_6_mr,P_85_ov_Num_chld_evr_brn_ns,P_85ov_Total,Tot_Nmbr_child_ever_born_None,Tot_Nmbr_children_ever_born_1,Tot_Nmbr_children_ever_born_2,Tot_Nmbr_children_ever_born_3,Tot_Nmbr_children_ever_born_4,Tot_Nmbr_children_ever_born_5,Tot_Nmbr_chidrn_ever_brn_6_mr,Tot_Nmbr_childrn_ever_born_Ns,Total_Total
LGA30250,38,0,0,0,0,0,0,14,47,25,18,11,3,0,0,0,9,64,21,12,6,4,3,0,0,3,49,7,7,8,8,5,3,3,10,50,11,3,0,9,3,3,0,4,33,10,9,10,5,3,3,11,3,42,11,8,0,5,4,4,0,6,40,0,4,4,8,5,0,5,4,43,5,3,9,3,3,0,3,4,34,0,0,9,4,0,0,3,4,23,3,0,0,0,3,3,3,0,14,0,0,0,0,0,0,7,0,8,0,0,0,0,0,0,0,0,4,0,0,0,0,0,0,3,0,3,0,0,0,0,0,0,0,0,0,118,69,63,54,42,18,43,50,459
LGA30300,94,0,0,0,0,0,0,36,130,71,14,9,3,0,0,0,14,105,61,24,20,12,3,0,0,11,132,30,30,36,23,5,3,0,16,147,10,10,52,27,12,7,4,12,130,13,11,37,35,13,7,9,13,141,9,17,54,42,13,0,10,15,153,11,16,42,40,11,5,3,17,151,4,14,45,36,20,4,4,17,142,9,5,33,52,18,6,3,12,141,9,9,31,26,13,3,3,14,108,3,0,17,12,22,4,6,8,70,0,0,6,13,17,8,6,7,59,4,3,3,3,4,9,8,0,33,3,0,8,12,3,5,7,6,46,331,149,400,348,163,62,64,181,1692
LGA30370,311,3,0,0,0,0,0,60,378,251,39,27,8,0,0,0,26,349,202,74,81,36,15,0,0,30,442,93,69,152,84,36,7,0,42,488,49,61,164,107,48,18,4,38,483,35,42,146,102,58,17,10,35,450,39,41,156,115,40,16,6,33,446,40,49,159,140,69,20,9,47,533,38,33,142,113,62,15,10,39,453,22,14,105,108,44,19,5,29,354,7,12,83,79,51,13,18,31,288,18,16,57,67,40,17,14,21,252,15,4,39,48,38,15,18,16,192,0,5,18,32,32,13,24,22,146,11,11,17,20,17,16,28,8,131,1146,469,1354,1059,539,185,150,486,5383
LGA30410,59,0,0,0,0,0,0,10,62,53,7,6,0,0,0,0,4,69,40,19,14,6,0,0,0,6,88,24,10,29,16,9,3,0,6,98,14,12,18,16,11,0,0,4,82,13,7,22,29,12,3,0,4,98,17,3,40,21,12,5,0,6,109,15,15,27,22,13,6,3,7,104,6,6,33,29,16,3,0,5,98,7,3,30,19,18,3,3,4,83,3,4,18,16,12,3,3,11,73,9,0,21,23,13,3,4,5,76,3,0,8,8,11,3,3,4,42,0,0,7,3,8,3,8,0,36,0,4,0,3,8,3,7,4,28,259,89,274,218,133,45,36,85,1143
LGA30450,3,0,0,0,0,0,0,0,3,5,3,0,0,0,0,0,0,12,3,0,0,0,0,0,0,0,3,4,0,0,0,0,0,0,0,7,0,0,3,0,0,0,0,0,9,0,0,0,5,0,0,0,0,4,0,0,5,0,3,0,0,0,8,3,0,4,6,3,0,0,0,17,0,0,0,3,3,0,0,0,11,0,0,5,3,3,0,0,0,6,3,0,3,0,0,0,0,0,10,0,0,0,0,0,3,0,0,10,0,0,0,0,0,0,0,0,0,0,0,0,0,0,0,0,0,5,0,0,0,0,0,0,0,0,3,24,6,22,25,13,5,3,11,104
LGA30760,28,0,0,0,0,0,0,3,36,24,3,3,0,0,0,0,0,33,22,0,4,3,0,0,0,0,38,20,6,15,10,0,0,0,3,61,4,4,18,16,7,3,0,0,54,7,9,22,15,6,0,0,9,66,7,5,12,19,10,3,0,4,55,5,8,30,18,5,3,0,7,83,3,12,24,29,11,3,0,4,87,5,4,30,14,7,4,0,3,71,3,3,16,27,3,7,4,4,71,4,3,10,17,5,3,3,6,53,7,0,3,10,6,0,7,4,33,0,0,4,4,5,0,3,4,32,3,0,3,6,0,6,3,0,25,152,60,208,188,76,36,26,54,788
LGA30900,6,0,0,0,0,0,0,0,6,16,0,0,0,0,0,0,3,22,10,3,0,0,3,0,0,4,18,9,3,6,3,3,0,0,3,22,3,0,0,0,3,0,0,0,11,3,4,3,0,0,0,0,0,11,0,0,5,5,0,3,0,3,13,0,0,4,0,0,0,0,3,7,0,4,4,3,0,0,0,3,18,0,0,8,3,3,0,0,3,17,0,0,0,0,0,0,0,0,3,0,0,0,3,0,0,0,0,3,0,0,0,0,0,0,0,0,3,0,0,0,0,0,0,0,0,0,0,0,0,0,0,0,0,0,0,52,14,29,20,13,3,3,31,156
LGA31000,31532,173,21,3,5,0,5,3096,34840,42686,1545,470,107,34,3,17,4487,49360,36739,5340,2408,631,165,38,33,4407,49774,23041,10498,8297,2168,556,179,121,3450,48320,11686,7995,13425,4874,1225,332,238,2493,42270,8372,6504,15222,6669,1782,479,374,2209,41619,7163,5905,14608,6752,2001,539,419,2136,39539,6043,4903,12800,6497,1965,539,390,1989,35119,4927,4138,11045,6452,2240,628,369,1780,31580,3823,3387,9382,5780,2217,620,355,1555,27117,2815,2417,8193,5437,2097,652,402,1405,23410,1985,1540,5583,4309,1851,661,414,1166,17528,1314,907,3460,3193,1775,820,592,1090,13151,959,674,2214,2262,1559,781,746,1088,10286,1186,1072,2751,2604,1745,878,943,2651,13833,184277,57013,109886,57738,21225,7163,5426,35014,477739
LGA31750,7,0,0,0,0,0,0,0,8,11,0,0,0,0,0,0,0,10,3,3,0,0,0,0,0,0,10,4,0,3,3,0,0,0,0,13,3,3,4,3,0,0,0,0,8,4,0,0,0,0,0,0,0,9,0,0,5,0,3,0,0,0,7,0,0,0,9,0,0,0,0,15,0,0,8,7,3,0,0,0,21,0,0,0,0,3,3,0,3,11,0,0,0,0,0,0,0,0,4,0,0,0,3,0,0,0,0,4,0,0,0,0,0,0,0,0,0,0,0,0,0,0,0,0,0,4,0,0,0,0,0,0,0,0,0,37,9,31,18,16,7,4,9,128
LGA31820,2324,53,9,4,3,0,0,316,2705,1512,339,172,46,8,0,4,201,2285,1076,435,452,181,47,20,8,179,2409,591,413,698,331,144,51,19,167,2412,344,302,814,462,220,76,59,130,2404,327,292,880,597,267,119,74,189,2735,360,330,1019,626,279,107,85,214,3027,372,363,1119,742,315,107,66,224,3313,396,307,1142,810,364,111,73,257,3461,333,303,1195,831,355,105,71,267,3457,322,294,1158,862,383,133,59,244,3449,194,176,820,705,389,142,90,235,2749,147,137,509,495,323,169,121,204,2099,89,83,221,319,223,132,118,155,1344,98,120,255,269,214,122,137,199,1408,8482,3942,10472,7273,3526,1390,977,3189,39255
LGA31900,439,3,0,0,0,0,0,61,501,298,52,31,6,0,0,0,36,428,188,103,38,27,10,3,3,21,397,87,64,122,89,18,5,9,40,435,49,50,161,117,24,13,6,25,450,50,39,189,127,35,10,11,32,510,53,59,207,149,44,15,13,44,578,52,54,185,138,72,19,15,46,565,75,49,198,158,75,25,14,36,626,47,35,188,161,84,21,7,50,595,27,27,134,177,81,25,12,72,559,25,30,100,107,72,36,16,35,416,15,13,67,94,61,29,20,32,334,10,9,41,60,49,32,28,43,274,11,15,43,60,56,25,25,62,293,1429,603,1706,1475,686,271,174,618,6960
LGA31950,3,0,0,0,0,0,0,3,7,5,3,0,0,0,0,0,3,12,5,0,0,0,0,0,0,3,11,3,0,0,3,3,0,0,3,18,0,0,0,3,0,0,0,3,13,0,0,0,0,0,0,0,0,8,0,3,0,0,0,0,0,3,7,0,0,3,0,0,0,6,0,11,0,0,4,0,0,0,0,0,9,0,0,3,4,0,0,0,0,17,0,0,0,3,0,0,3,0,8,0,0,0,0,0,0,0,0,4,0,0,0,0,0,0,0,0,0,0,0,0,0,0,0,0,0,0,0,0,0,0,0,0,0,0,0,20,11,21,18,7,3,14,28,120
LGA32080,3992,81,13,0,3,0,0,667,4762,3307,465,192,49,12,0,6,588,4618,2981,831,631,239,92,28,16,637,5456,2021,1116,1239,465,189,61,62,585,5746,1300,1001,1740,795,296,119,91,543,5886,1106,949,1955,980,381,136,130,567,6214,1055,842,1985,999,363,135,139,540,6065,1024,795,1763,924,359,127,114,518,5631,825,600,1653,946,374,134,108,474,5121,589,485,1447,908,338,110,111,438,4417,393,366,1173,749,341,116,76,350,3563,234,206,751,548,267,97,88,268,2460,122,131,390,362,220,86,74,236,1624,86,88,212,209,143,77,95,148,1057,94,103,259,260,160,83,106,221,1284,19145,8063,15404,8435,3549,1316,1212,6777,63897
LGA32250,31,6,0,0,0,0,0,7,46,35,11,3,3,0,0,0,15,68,25,12,14,5,4,0,0,14,69,13,10,17,10,3,0,0,10,65,14,6,15,4,7,0,7,12,63,9,11,19,8,5,4,7,3,61,5,10,8,13,13,4,0,12,63,19,11,15,17,16,3,0,10,93,6,3,23,17,14,7,7,6,75,6,3,5,11,7,3,3,7,47,10,5,11,15,6,0,4,3,49,0,3,7,0,0,0,5,0,29,0,0,0,3,7,4,3,0,19,0,0,0,0,0,0,0,0,3,0,0,0,0,0,0,0,0,0,172,77,140,112,74,37,38,103,743
LGA32260,618,7,3,0,0,0,0,122,752,423,97,50,13,8,0,0,78,666,357,155,123,59,16,6,0,90,801,184,151,191,83,39,12,15,90,765,116,102,214,150,53,19,26,72,761,99,101,255,187,64,30,36,92,871,114,104,300,207,73,28,36,77,948,109,97,354,230,86,30,27,96,1027,114,90,391,273,116,32,22,116,1155,115,86,322,253,94,22,26,80,996,60,65,291,210,89,32,29,92,875,46,42,169,175,95,39,24,81,656,27,22,99,114,64,38,40,46,459,18,12,58,85,73,35,22,35,347,27,17,74,95,64,39,37,38,392,2436,1161,2887,2133,934,364,336,1205,11469
LGA32270,579,12,3,0,0,0,0,134,726,539,111,64,9,3,0,0,118,842,410,190,209,76,25,5,3,116,1038,243,208,357,202,72,13,13,157,1264,128,96,314,216,82,31,12,111,992,81,91,292,218,98,27,20,108,930,82,73,301,224,77,30,22,108,922,50,88,260,217,121,31,19,117,892,49,59,233,200,92,36,15,91,779,25,36,159,149,71,27,15,70,549,15,14,99,107,44,24,16,46,365,12,16,73,64,45,18,12,27,252,12,3,28,32,34,17,12,32,168,3,8,12,24,14,10,5,11,90,3,4,8,12,10,9,6,11,67,2230,999,2403,1758,782,277,180,1243,9878
LGA32310,366,12,3,0,0,0,0,54,433,167,43,28,0,0,0,0,31,273,140,48,50,18,9,4,0,39,304,68,44,91,61,19,9,7,28,327,45,31,103,77,31,8,7,29,335,43,37,126,83,47,11,10,39,397,38,41,119,88,53,17,12,49,412,33,27,124,82,52,22,13,56,413,39,28,120,83,58,12,11,38,381,30,34,107,104,42,14,13,37,383,23,23,99,102,44,25,12,46,369,20,26,67,59,27,19,16,32,264,12,10,30,38,31,15,14,33,189,9,12,19,25,17,17,20,22,152,17,12,31,27,12,7,14,18,133,1049,417,1124,841,431,192,150,555,4761
LGA32330,31,17,0,0,0,0,0,15,60,16,11,10,8,5,0,0,13,65,14,4,10,4,7,3,0,3,54,8,3,0,5,8,3,7,0,36,0,4,0,3,7,4,6,3,40,6,3,0,6,4,3,7,3,42,7,0,7,4,5,4,8,3,37,8,0,0,0,3,4,10,0,27,3,0,0,5,0,5,10,0,27,0,7,3,0,0,3,3,0,12,4,0,0,0,4,0,14,0,25,0,0,0,0,0,0,5,0,3,0,3,0,0,0,0,0,0,5,0,0,0,0,0,0,0,0,0,0,0,0,4,0,0,0,0,5,98,56,37,52,40,31,69,50,433
LGA32450,44,0,0,0,0,0,0,17,64,60,16,3,3,0,0,0,20,100,58,15,14,6,3,0,0,21,117,41,27,23,14,6,0,0,16,129,8,9,26,17,8,3,0,17,87,9,7,11,11,11,5,3,10,76,12,13,16,14,3,3,3,8,79,7,15,19,23,10,3,4,12,87,10,6,24,21,10,4,8,17,91,3,7,15,17,6,4,7,15,66,3,4,9,6,5,0,4,11,44,4,0,9,7,5,0,7,3,30,0,0,5,0,0,3,0,5,20,0,0,0,0,3,0,3,0,13,0,0,0,4,0,0,0,3,7,264,120,165,145,64,33,46,178,1016
LGA32500,60,0,0,0,0,0,0,22,84,68,14,12,0,0,0,0,28,127,64,28,11,10,4,3,0,24,140,27,21,35,13,5,0,0,19,125,20,8,31,12,9,7,4,15,101,21,15,36,22,7,0,3,16,125,15,10,38,16,12,4,3,15,113,19,18,26,23,22,4,4,19,137,38,16,39,40,12,8,6,26,190,29,14,30,19,10,6,12,34,155,14,8,30,16,10,3,7,21,107,10,9,8,17,3,7,0,3,59,0,3,10,4,3,3,8,7,33,3,0,0,0,0,0,3,0,11,0,3,0,0,3,0,4,4,18,402,160,314,196,108,46,54,252,1534
LGA32600,0,0,0,0,0,0,0,0,0,5,0,0,0,0,0,0,0,8,3,0,3,0,0,0,0,0,9,3,0,0,0,0,0,0,3,11,3,0,0,3,0,0,0,0,8,0,0,7,3,0,0,0,4,9,0,0,0,3,3,0,0,5,15,0,0,3,0,0,3,0,0,7,0,0,0,5,0,0,0,0,11,0,0,3,0,4,0,0,3,13,0,0,0,0,0,0,0,0,5,0,0,0,0,3,0,0,0,7,0,0,0,0,0,0,0,3,3,0,0,0,0,0,0,0,0,0,0,0,0,0,0,0,0,0,0,23,3,20,21,11,3,0,23,108
LGA32750,7,0,0,0,0,0,0,5,14,12,0,0,0,0,0,0,8,13,8,3,3,0,0,0,0,0,15,4,0,3,4,0,0,0,3,13,0,0,0,4,0,0,0,0,7,0,0,0,3,0,0,0,0,4,0,0,0,3,0,0,0,0,10,0,0,3,4,4,0,0,0,14,0,0,0,3,0,0,0,0,4,0,0,3,0,3,0,0,3,14,0,0,0,0,0,0,0,3,5,0,0,0,0,0,0,0,0,0,0,0,0,0,0,0,0,0,0,0,0,0,0,0,0,0,0,0,0,0,0,0,0,0,0,0,0,29,5,18,21,10,0,3,24,114
LGA32770,41,15,0,0,0,0,0,18,75,20,17,16,6,0,0,0,8,54,20,9,16,17,15,4,0,4,77,12,4,5,3,10,3,3,0,52,5,9,10,3,8,0,8,0,47,5,7,3,6,4,3,12,0,38,0,3,3,3,3,0,3,0,25,8,3,4,3,6,3,7,3,36,0,0,5,4,11,6,4,0,27,0,0,0,3,0,0,0,3,8,0,4,0,3,0,0,3,0,7,0,0,0,0,0,0,0,0,5,0,0,0,0,0,0,3,0,4,0,0,0,0,0,0,0,0,3,0,0,0,0,0,0,0,0,0,105,70,64,49,61,30,37,37,466
LGA32810,193,3,0,0,0,0,0,56,257,190,23,4,0,0,0,0,52,268,224,43,31,12,4,3,0,80,395,170,58,70,35,4,4,0,70,417,88,62,108,53,15,3,6,49,381,93,53,114,58,19,13,4,63,423,104,58,116,63,22,3,11,57,428,115,55,133,77,31,11,4,57,483,91,41,151,68,32,12,13,67,475,74,39,135,72,42,4,9,55,427,43,34,97,83,30,11,3,47,343,28,27,79,45,26,4,3,43,249,10,8,32,35,29,13,8,24,168,4,10,12,22,9,3,3,12,76,5,3,11,10,7,3,4,40,86,1429,523,1106,639,269,76,61,763,4867
LGA33100,13,0,0,0,0,0,0,0,13,6,0,0,0,0,0,0,0,10,10,4,6,4,0,0,0,0,23,3,4,17,0,0,4,0,3,31,0,5,3,3,9,0,0,3,23,0,4,3,5,0,0,0,0,17,0,3,8,9,3,0,0,4,23,5,6,6,8,3,0,0,4,36,3,3,6,4,6,0,0,7,34,7,4,5,4,5,0,0,3,21,0,3,5,9,0,0,0,0,20,0,4,3,7,4,3,0,0,20,0,0,0,0,0,0,0,0,6,0,0,3,0,0,0,0,0,5,0,0,0,0,3,0,0,0,4,57,31,75,54,28,10,10,33,288
LGA33200,31,0,0,0,0,0,0,3,29,24,7,4,0,0,0,0,11,46,22,12,6,3,0,0,0,11,51,4,3,17,3,0,3,3,7,44,4,5,12,3,3,0,0,3,35,3,0,18,14,5,0,0,0,47,4,7,20,25,5,3,0,3,71,3,3,13,12,9,3,0,3,38,4,3,17,17,8,0,0,6,58,3,0,14,16,5,0,0,0,38,4,8,20,16,9,3,0,4,62,0,3,12,14,9,5,0,4,48,4,0,4,13,6,0,3,3,28,0,0,4,4,0,0,3,3,15,3,0,5,3,0,0,4,0,21,117,46,153,142,59,25,16,64,625
LGA33220,2325,73,14,0,0,0,3,327,2734,1312,333,170,51,4,0,0,201,2069,853,420,442,191,54,15,4,179,2168,518,396,612,382,137,50,29,175,2299,364,354,783,505,223,91,59,172,2552,407,368,977,605,266,97,76,227,3024,392,443,1125,626,288,101,81,236,3295,476,415,1136,731,361,111,68,259,3554,504,398,1273,904,384,143,73,305,3982,461,402,1452,973,400,126,67,310,4190,465,427,1546,1045,446,147,66,377,4522,309,276,1106,864,394,155,78,329,3509,183,174,614,567,404,155,125,222,2454,126,98,315,333,276,126,115,167,1554,102,126,337,271,199,123,144,203,1513,8790,4696,11911,8065,3834,1453,1001,3687,43429
LGA33360,1464,47,6,0,0,0,0,244,1760,1171,235,127,30,3,0,0,169,1739,910,442,422,157,45,9,0,177,2168,510,443,680,303,98,30,14,164,2254,239,270,718,437,147,35,36,160,2047,241,256,852,529,175,65,46,167,2330,205,248,813,510,189,66,44,144,2219,214,228,760,485,188,67,27,182,2156,135,207,631,484,188,50,35,145,1874,86,110,483,366,176,55,19,104,1401,67,82,402,295,155,54,34,91,1181,47,52,191,243,123,44,27,72,795,41,27,116,138,89,37,46,48,547,11,16,60,62,58,36,51,39,327,16,30,65,75,38,22,41,24,325,5350,2711,6322,4113,1680,569,431,1942,23119
LGA33430,14856,124,22,4,3,0,3,1888,16903,15186,1217,438,83,10,0,9,1984,18929,12011,2953,1953,547,104,29,14,1971,19577,7159,4305,4532,1541,400,125,68,1634,19762,3930,3506,6571,2625,827,221,147,1410,19236,3039,3271,7636,3451,1130,276,167,1392,20360,3007,3195,7457,3530,1137,313,189,1437,20280,2673,2745,6730,3432,1209,308,172,1419,18688,2348,2315,6404,3675,1271,362,201,1368,17932,1868,1902,5884,3345,1200,322,151,1244,15916,1597,1683,5849,3435,1236,324,184,1199,15502,1179,1164,4073,2792,1130,356,166,963,11814,749,733,2374,2015,1047,386,244,822,8378,489,495,1465,1262,756,351,241,747,5805,591,813,1666,1337,789,392,330,1383,7302,70679,30409,63050,33069,12245,3768,2288,20870,236378
LGA33610,237,12,0,0,0,0,0,48,296,184,41,14,0,0,0,0,28,271,166,51,38,27,4,3,3,33,323,86,44,109,70,15,7,7,33,370,33,42,112,67,30,5,8,37,335,19,27,115,73,34,5,3,27,303,28,29,97,110,34,15,4,34,348,25,20,112,77,47,10,9,32,332,31,31,110,84,51,8,4,36,367,18,31,68,76,46,15,7,32,291,24,25,83,63,45,10,11,36,291,12,12,59,66,36,14,11,44,252,3,15,44,45,26,13,15,27,187,4,4,14,22,21,9,15,12,105,12,11,19,21,20,18,14,19,129,881,389,1006,789,415,129,113,477,4201
LGA33620,1170,16,3,0,0,3,0,170,1367,688,180,80,19,3,0,0,78,1062,420,216,226,100,23,8,0,85,1084,261,212,360,197,90,31,14,99,1252,165,172,410,248,139,54,30,82,1308,175,178,463,305,133,61,30,99,1453,229,199,551,340,153,63,47,149,1725,230,204,645,373,187,62,50,160,1909,208,200,630,466,211,70,46,153,1978,207,183,606,455,219,62,38,165,1931,174,139,615,493,221,58,42,158,1894,95,116,437,379,219,84,50,144,1525,62,49,186,227,135,81,51,108,891,49,29,95,124,109,46,69,108,635,38,43,92,92,71,63,59,150,616,4174,2139,5399,3815,1913,736,531,1912,20624
LGA33800,237,4,4,0,0,0,0,36,283,136,27,6,3,3,0,0,20,192,80,34,32,21,0,0,0,12,186,36,37,63,40,6,4,0,24,215,30,26,78,59,17,4,3,10,227,40,21,124,62,26,13,7,25,316,33,34,103,76,21,11,6,26,320,39,39,163,107,54,11,6,30,453,48,38,132,99,37,9,7,35,410,41,30,147,116,47,8,5,28,417,27,38,104,124,46,12,14,26,394,22,14,91,80,44,12,13,35,316,24,13,70,76,56,24,14,30,304,15,8,52,48,31,20,11,26,211,14,18,52,52,44,21,23,27,253,820,389,1225,946,452,159,111,402,4506
LGA33830,14,4,0,0,0,0,0,25,50,8,18,6,0,0,0,0,4,40,11,6,12,5,0,0,0,3,46,3,0,4,7,0,3,0,3,26,3,3,9,5,6,4,3,0,29,7,3,4,6,3,3,8,3,27,0,0,11,3,11,0,0,0,23,4,0,3,3,0,5,3,0,16,0,3,0,6,0,3,9,0,17,3,0,0,0,3,0,0,0,10,0,0,0,0,0,0,4,0,7,0,0,0,0,0,0,8,3,11,0,0,0,0,0,0,0,0,0,0,0,0,0,0,0,3,0,4,0,0,0,0,0,0,0,0,0,58,44,47,36,27,19,36,43,313
LGA33960,5649,148,20,3,0,0,3,731,6562,4729,964,513,134,25,4,0,608,6989,3326,1537,1377,560,209,59,33,576,7676,1967,1604,2183,979,420,140,95,549,7937,1072,1016,2096,1135,522,223,195,401,6661,909,906,2184,1241,521,243,244,420,6662,861,798,2062,1265,540,210,228,452,6413,692,672,1903,1277,559,232,214,417,5957,495,523,1605,1339,573,196,172,365,5267,389,374,1408,1043,495,164,161,331,4359,247,289,1135,915,479,171,131,288,3656,179,168,781,661,346,159,128,217,2639,133,100,431,484,361,155,182,176,2032,94,94,259,291,236,107,149,130,1362,94,114,272,267,221,124,152,162,1409,20834,9310,18233,11597,5493,2195,2091,5825,75578
LGA33980,412,6,3,0,0,0,0,84,509,382,72,43,9,0,0,0,114,631,350,156,174,63,15,3,0,133,895,188,148,316,158,52,16,6,123,999,81,68,244,177,70,19,10,87,761,73,69,235,145,70,17,17,90,723,58,52,185,131,62,10,18,80,591,47,39,167,145,56,26,15,85,583,27,22,122,127,64,17,3,62,449,18,27,91,70,40,16,7,35,303,7,15,54,52,39,16,5,21,201,6,7,30,35,15,11,3,17,129,7,5,13,22,16,11,9,6,83,3,0,7,11,9,9,4,5,48,4,3,7,9,8,3,8,0,49,1673,705,1691,1142,517,171,102,940,6937
LGA34420,14,9,0,0,0,0,0,12,33,21,12,3,3,0,0,0,8,43,10,15,6,9,0,0,0,8,50,16,3,3,6,6,0,0,8,38,7,6,6,0,0,3,3,0,26,5,4,9,7,4,0,3,7,41,8,9,7,0,0,3,3,8,37,10,3,6,0,3,4,0,3,30,5,11,0,8,3,3,0,0,28,3,3,0,8,0,3,3,5,25,3,0,0,0,4,0,0,3,6,0,0,0,0,0,0,0,0,3,0,0,0,0,0,0,0,0,0,0,0,0,0,0,0,0,0,0,0,0,0,0,0,0,0,0,3,104,67,41,46,24,21,21,49,371
LGA34530,995,17,3,0,0,0,0,122,1137,588,90,55,6,0,0,0,72,813,373,167,152,55,17,3,0,55,816,221,154,322,150,45,4,11,71,989,141,131,332,211,71,26,9,76,1007,141,142,404,260,93,30,24,80,1176,100,154,454,281,117,45,25,95,1264,147,143,506,315,140,30,21,101,1401,160,101,448,353,136,37,20,104,1360,112,112,401,304,141,48,23,91,1230,93,81,362,280,137,38,17,99,1104,60,59,190,199,109,39,22,70,758,35,30,146,168,82,36,39,53,586,25,19,71,83,72,33,42,49,392,18,31,73,78,59,31,38,84,404,3190,1430,3927,2743,1223,406,291,1228,14434
LGA34570,12,7,0,0,0,0,0,12,27,3,10,3,0,3,0,0,12,35,11,5,8,4,3,3,0,6,40,9,8,0,0,0,3,0,4,24,4,0,3,0,3,0,3,5,20,0,0,5,4,0,0,3,0,12,3,4,6,0,3,0,3,5,31,3,3,4,5,0,6,0,0,17,0,0,3,0,0,3,0,0,9,3,0,3,0,6,3,3,4,18,0,0,3,0,0,0,0,0,4,0,0,3,4,0,0,0,0,4,0,0,0,0,0,0,0,0,5,0,0,0,0,0,0,0,0,0,0,0,0,0,0,0,0,0,0,49,42,41,16,22,21,19,46,252
LGA34580,1152,27,0,0,0,0,0,175,1362,1017,134,63,17,3,0,3,145,1379,565,205,172,73,24,3,4,125,1167,305,195,289,187,82,24,17,74,1163,148,137,338,222,107,40,30,80,1105,124,141,358,263,149,46,32,114,1231,192,155,421,279,128,51,40,111,1377,184,143,385,337,140,57,41,122,1405,107,123,365,319,127,45,30,100,1214,111,93,344,269,150,58,27,110,1165,76,78,335,287,164,53,26,97,1115,61,41,197,205,136,51,48,79,816,42,28,98,123,79,55,35,61,519,19,20,60,61,53,32,39,40,328,27,24,73,63,39,20,33,92,365,4136,1545,3480,2702,1379,536,403,1527,15710
LGA34590,8897,191,35,3,0,0,3,1289,10416,7080,1359,677,162,42,8,16,971,10312,4780,2167,1883,782,272,64,42,860,10847,2720,2155,3046,1439,634,200,167,738,11092,1621,1585,3401,1794,836,331,280,665,10521,1308,1411,3504,1970,906,372,377,697,10550,1248,1329,3416,2010,932,400,312,719,10376,1019,1094,3259,1994,1005,371,323,652,9717,794,844,3080,2160,970,351,283,616,9107,592,723,2774,1944,839,297,199,567,7931,456,612,2573,1743,837,300,202,482,7205,275,379,1413,1207,604,235,216,377,4708,200,217,759,698,492,223,218,258,3066,124,137,418,465,312,183,205,197,2035,134,179,438,424,312,181,190,228,2089,31243,14390,30675,18806,8986,3524,3027,9320,119965
LGA34710,104,0,0,0,0,0,0,24,128,83,20,4,3,0,0,0,6,113,74,18,13,6,0,0,0,16,121,45,16,29,12,7,4,0,7,127,21,15,37,30,9,0,3,15,123,18,15,31,25,3,0,5,15,106,23,10,29,33,20,7,8,17,143,20,20,45,30,16,7,6,8,146,13,4,41,35,16,6,7,15,130,7,9,33,26,8,8,4,11,108,3,6,19,26,13,6,3,14,92,3,0,15,8,5,3,5,7,52,0,0,12,8,12,10,4,4,58,3,0,12,11,4,3,11,4,38,0,0,10,10,9,3,6,10,47,416,130,321,267,124,57,50,165,1538
LGA34770,3070,59,10,3,0,0,0,380,3531,2355,416,194,62,11,3,0,296,3323,1765,742,666,215,66,17,7,314,3786,941,763,1208,602,159,49,22,286,4035,525,480,1290,745,232,68,56,237,3634,446,472,1410,864,301,115,68,267,3942,431,467,1531,876,378,99,54,288,4128,393,398,1432,975,394,151,70,315,4123,344,305,1223,1027,411,140,59,268,3778,224,251,1000,811,384,123,59,229,3081,181,161,743,669,347,132,72,198,2499,120,131,508,470,253,123,94,166,1857,110,78,271,314,217,129,98,145,1361,63,48,162,228,162,108,115,111,998,72,67,164,175,178,87,138,153,1027,11050,4824,11810,8032,3497,1344,919,3651,45114
LGA34800,11,0,0,0,0,0,0,3,14,22,0,0,0,0,0,0,6,23,17,4,4,0,4,0,0,0,27,15,3,3,9,0,0,0,3,30,0,3,12,3,3,0,0,3,23,8,0,7,10,3,3,0,3,26,0,0,6,4,9,0,0,0,18,4,0,3,7,3,0,0,8,25,4,0,3,5,7,0,0,0,25,0,0,4,9,3,0,0,3,29,3,3,3,4,6,3,0,0,26,0,0,0,0,4,0,0,0,3,0,0,0,0,0,0,0,0,3,0,0,0,3,3,3,0,0,5,0,0,0,0,0,0,0,0,4,86,19,50,55,38,16,3,25,290
LGA34830,5,0,0,0,0,0,0,7,9,7,0,3,0,0,0,0,3,19,3,0,0,0,0,0,0,0,13,0,3,0,0,0,0,3,0,5,3,0,0,0,3,0,0,0,9,0,0,0,0,3,0,0,0,3,3,0,0,0,0,0,3,0,12,0,0,3,0,0,0,3,0,12,3,0,0,0,4,0,0,0,8,0,0,0,5,0,3,0,0,11,0,0,0,3,0,0,0,0,3,0,0,0,0,0,0,0,0,3,0,0,0,0,0,0,0,0,0,0,0,0,0,0,0,0,0,0,0,0,0,0,0,0,0,0,0,31,6,9,13,12,12,11,15,112
LGA34860,260,5,0,0,0,0,0,44,305,264,56,17,3,0,0,0,36,373,214,81,64,22,4,0,0,43,435,114,86,131,74,25,5,4,46,483,57,49,132,82,38,7,7,43,416,47,29,129,91,49,18,3,35,413,47,28,134,109,47,18,4,39,415,32,35,132,84,60,10,13,38,403,20,27,106,113,43,17,8,35,382,12,28,98,82,42,12,7,33,318,16,17,72,69,36,9,14,23,256,8,10,55,42,39,15,8,23,210,9,10,29,43,44,16,23,19,188,4,0,22,26,20,13,14,17,126,10,0,30,22,19,22,16,22,141,1131,462,1150,865,471,173,125,490,4872
LGA34880,467,12,0,0,0,0,0,118,593,289,66,34,12,0,0,0,58,454,234,92,74,39,10,4,0,71,518,141,83,130,67,30,4,7,57,514,86,64,167,87,48,16,18,58,542,88,85,217,153,59,24,18,71,716,122,75,234,147,56,22,22,94,773,96,94,228,159,61,18,22,73,745,115,78,211,159,72,26,6,88,762,76,75,226,161,87,29,14,79,749,65,52,171,166,74,17,17,69,627,42,45,139,154,73,26,24,55,566,34,18,75,88,56,21,15,48,370,14,16,35,62,38,18,19,26,225,17,11,40,46,24,12,16,43,202,1871,868,1983,1507,689,228,206,1003,8358
LGA35010,12009,211,26,9,5,0,4,1232,13497,9421,1518,690,130,21,3,10,952,12746,6192,2512,2135,801,211,77,33,863,12811,3714,2916,3984,1833,568,183,92,827,14107,2301,2263,5039,2521,892,313,184,726,14235,2105,2133,5725,3092,1145,394,247,802,15638,1928,2015,5717,3160,1220,390,279,782,15494,1723,1685,5112,3142,1191,419,247,754,14278,1372,1346,4883,3081,1259,388,218,730,13279,1129,1111,4297,3055,1319,368,209,781,12277,1003,1060,4315,3101,1282,371,207,798,12140,708,690,2897,2209,1079,376,241,589,8800,449,372,1446,1459,938,416,265,536,5889,301,242,814,865,590,292,313,556,3973,296,320,821,808,536,311,319,1166,4580,44660,20390,47900,29275,12261,4298,2881,12089,173755
LGA35250,27,10,0,0,0,0,0,12,54,19,11,4,0,0,0,0,13,45,12,8,7,8,4,3,0,11,49,8,4,5,9,6,7,0,5,52,7,9,6,7,5,5,4,7,50,4,3,0,4,3,3,10,0,26,3,7,12,3,0,4,0,3,31,3,3,4,7,4,4,3,6,37,0,3,3,3,3,4,6,0,28,4,0,6,3,3,0,3,3,17,0,0,3,3,3,0,0,3,15,0,0,3,0,0,3,0,0,11,0,0,0,0,0,0,0,0,4,0,0,0,0,0,0,0,0,0,0,0,0,0,0,0,0,0,0,83,52,51,45,36,40,31,72,418
LGA35300,398,27,3,0,0,0,0,102,536,447,100,47,8,3,0,0,85,699,423,162,119,51,17,9,3,118,904,211,175,201,98,42,9,8,90,830,102,90,172,131,52,18,9,70,641,68,80,174,123,52,29,27,79,631,75,67,182,99,66,22,25,85,623,62,29,170,142,63,33,15,89,606,33,42,121,93,56,22,17,58,440,24,35,69,81,32,19,18,38,317,14,24,50,56,36,10,11,33,231,18,7,37,37,25,3,19,23,163,10,5,22,16,19,8,8,14,101,3,5,5,9,12,9,12,4,64,3,3,5,9,10,8,5,10,53,1882,849,1367,962,475,192,183,904,6820
LGA35600,78,3,0,0,0,0,0,10,91,82,31,5,5,3,0,0,12,139,70,29,22,9,10,0,0,14,155,29,23,42,20,5,3,3,8,133,17,14,33,25,8,5,4,5,111,20,16,47,30,14,0,3,7,142,20,12,47,31,13,8,0,14,143,18,17,52,43,20,12,3,10,171,15,11,61,40,23,3,0,13,162,8,10,40,29,15,6,0,18,130,11,5,27,16,6,3,3,12,95,7,3,20,22,11,11,3,7,88,3,0,11,14,13,6,3,9,67,6,0,9,8,9,3,0,6,45,0,3,11,13,8,3,11,17,65,385,188,430,307,160,72,47,165,1744
LGA35670,17,3,0,0,0,0,0,15,39,28,19,9,0,0,0,0,6,54,3,3,9,5,6,3,0,5,32,4,5,12,7,3,3,3,0,32,0,4,0,6,4,4,7,3,29,4,3,4,4,3,7,3,3,29,5,3,0,7,8,0,5,3,31,9,3,0,3,0,0,3,3,26,4,3,4,0,0,6,3,0,21,3,0,3,0,0,0,0,0,11,0,0,3,0,0,0,3,0,6,0,0,0,0,0,3,0,0,6,0,0,0,0,0,0,0,3,3,0,0,0,0,0,0,0,0,3,0,0,0,0,0,0,0,0,0,76,42,48,34,30,26,30,41,324
LGA35740,1192,5,0,0,0,0,0,178,1371,714,50,25,7,0,0,3,89,886,559,161,81,32,3,0,0,63,900,370,248,289,116,14,8,3,63,1115,289,224,489,208,70,17,11,85,1391,257,274,713,328,87,26,7,125,1816,360,297,770,348,139,29,18,133,2094,425,289,821,407,132,37,17,130,2263,402,308,738,455,142,28,17,142,2231,347,261,823,435,161,23,20,149,2213,301,259,808,478,125,35,14,138,2164,203,130,593,375,160,41,19,108,1632,116,87,331,263,124,44,30,89,1088,68,69,169,175,99,40,36,72,725,55,61,196,158,98,45,50,186,837,5648,2712,6853,3787,1347,387,253,1743,22723
LGA35760,223,3,0,0,0,0,0,35,261,138,32,15,3,0,0,0,37,228,105,39,37,22,5,3,0,27,245,63,47,54,50,15,3,0,29,261,29,29,70,58,28,6,5,37,261,33,31,94,73,34,10,8,29,309,40,28,111,79,36,11,12,43,372,43,25,121,61,35,18,7,37,328,32,37,111,84,53,9,17,34,366,32,15,108,96,49,15,9,40,372,26,32,106,98,50,21,15,56,402,25,23,61,59,42,19,9,38,281,12,10,43,48,39,19,15,33,234,9,0,17,30,23,9,11,22,127,11,10,18,38,27,12,19,28,162,821,374,970,792,440,166,122,537,4213
LGA35780,88,10,0,0,0,0,0,19,122,51,36,22,12,3,0,0,4,136,33,25,30,15,9,5,11,6,136,22,11,5,7,13,9,10,6,83,14,5,7,4,8,7,27,9,89,9,7,16,6,10,14,20,5,78,10,11,14,6,8,5,16,3,67,6,9,9,14,10,4,12,4,69,3,3,10,13,16,3,8,4,60,3,3,3,0,4,3,7,3,38,0,0,6,4,0,0,12,0,24,3,4,0,0,3,0,5,0,13,0,0,3,0,0,0,0,0,6,0,3,0,0,0,0,0,0,7,0,0,0,0,0,0,0,0,0,244,129,129,84,90,59,129,71,926
LGA35790,60,7,5,0,0,0,0,36,108,37,20,22,16,6,0,0,15,111,16,15,15,15,8,6,0,15,90,21,12,9,16,13,7,15,4,91,12,8,11,4,7,4,14,9,73,10,6,9,9,3,10,10,5,58,15,10,3,7,14,4,25,12,87,10,6,10,7,12,3,11,3,64,4,8,10,7,4,7,15,0,62,4,4,7,5,9,8,12,4,51,3,0,6,0,3,5,9,0,25,0,0,0,0,0,0,8,0,8,3,0,0,0,0,0,0,0,4,0,0,0,0,0,0,0,0,0,0,0,0,0,0,0,0,0,0,204,95,98,94,79,60,113,97,833
LGA35800,31,3,0,0,0,0,0,3,33,30,12,4,0,0,0,0,10,54,30,9,4,3,3,0,0,6,53,6,9,11,5,9,0,3,3,43,3,4,14,3,3,0,3,3,28,4,10,15,7,3,0,3,3,45,11,13,10,14,0,3,3,0,57,15,10,26,13,7,3,4,3,74,7,8,17,20,10,4,3,8,79,7,3,17,16,10,3,3,3,62,3,3,14,9,11,0,7,4,49,3,0,5,11,5,0,6,3,37,0,0,5,6,0,3,0,0,20,0,0,4,0,3,0,4,0,13,0,0,0,0,4,6,0,3,18,147,78,150,110,63,23,35,50,661
LGA36070,12,3,0,0,0,0,0,6,22,9,14,4,0,3,0,0,0,39,15,10,6,3,0,0,0,4,33,6,4,9,6,0,0,0,0,30,6,8,6,3,3,3,4,0,33,5,0,3,0,11,3,3,3,27,4,4,3,8,3,0,4,0,25,5,3,6,0,0,0,0,0,19,0,6,4,0,4,0,0,0,21,0,0,3,5,3,0,0,0,12,0,0,0,4,0,3,3,0,15,0,0,0,0,0,0,0,0,7,0,4,0,0,0,0,0,0,0,0,0,0,0,0,0,0,0,4,0,0,0,0,0,0,0,0,0,74,61,43,29,32,13,17,12,275
LGA36150,3,0,0,0,0,0,0,0,4,14,7,0,0,0,0,0,0,20,15,10,4,5,0,0,0,3,33,8,3,10,7,0,0,0,0,32,7,0,6,4,0,0,0,0,16,3,7,7,5,3,0,0,0,29,5,0,6,15,4,0,0,0,32,6,3,18,7,6,0,0,3,38,3,6,10,6,3,0,0,3,27,0,5,6,3,0,0,0,6,22,0,0,6,8,0,0,0,0,13,3,0,3,0,3,0,0,0,10,0,0,4,0,0,0,0,0,9,0,0,3,0,0,0,0,0,4,0,0,0,5,0,4,0,0,9,68,36,76,60,25,11,5,16,307
LGA36250,4278,33,6,0,0,0,0,328,4648,3240,350,133,22,8,0,0,210,3965,2054,748,552,162,36,14,5,187,3758,1192,916,1303,454,127,40,20,204,4260,675,717,1654,792,274,66,39,185,4395,630,737,2095,1028,365,88,70,194,5206,585,737,2311,1180,346,111,63,212,5543,630,637,2230,1255,392,134,61,225,5579,582,559,2058,1331,459,122,50,237,5396,520,482,1860,1192,430,122,56,231,4885,444,417,1681,1141,476,121,55,238,4574,277,298,1160,851,384,111,77,218,3379,195,157,629,622,366,155,80,204,2405,102,110,368,414,240,131,112,194,1670,136,143,412,375,258,132,109,485,2044,15540,7044,18452,10813,4167,1341,798,3551,61715
LGA36300,5,0,0,0,0,0,0,5,14,19,3,4,0,0,0,0,0,32,20,3,10,0,0,0,0,4,42,11,3,9,7,0,0,0,0,31,0,3,3,6,0,0,0,4,18,0,0,6,4,3,0,0,6,19,3,4,5,0,4,0,0,0,19,3,3,5,14,8,4,0,4,31,0,3,7,10,3,0,0,3,24,0,0,3,6,3,5,0,0,20,0,0,4,3,6,0,0,4,14,0,0,0,3,4,0,0,3,12,0,0,3,0,5,0,3,3,12,0,0,0,8,3,0,0,3,12,0,0,0,0,0,0,0,0,4,66,24,64,60,37,13,6,33,302
LGA36370,2385,60,12,3,3,0,0,343,2805,1863,360,180,55,4,0,4,266,2737,1286,532,513,214,69,11,4,201,2829,636,530,809,365,119,53,29,167,2708,404,322,787,453,188,71,39,154,2417,314,298,790,504,215,82,62,182,2440,281,293,879,558,250,95,77,180,2617,271,267,859,600,267,93,87,194,2641,220,227,788,627,285,98,72,200,2529,195,180,667,519,223,82,61,148,2072,151,144,533,437,224,80,55,150,1774,111,99,388,361,218,77,56,165,1476,96,62,267,256,208,109,101,140,1241,68,46,169,162,170,80,95,135,919,99,62,145,154,116,81,87,285,1032,8381,3480,7780,5259,2559,1023,838,2909,32228
LGA36510,993,14,0,0,0,0,0,173,1184,618,93,57,10,0,0,0,99,879,371,146,153,40,11,0,0,72,795,250,172,293,132,42,13,11,91,1009,172,148,355,217,116,31,14,53,1110,178,201,476,291,134,38,40,121,1474,220,185,511,310,145,37,27,119,1550,215,164,494,340,127,46,23,117,1526,208,140,476,324,171,34,33,136,1517,168,134,475,315,145,43,18,123,1425,130,108,490,316,186,42,26,112,1410,87,80,309,263,150,44,29,79,1047,55,41,166,165,129,49,48,71,723,48,24,82,99,73,37,51,54,464,36,25,89,72,88,46,46,55,463,3752,1683,4430,2905,1508,460,365,1483,16577
LGA36580,547,10,0,0,0,0,0,116,677,365,93,58,23,3,3,0,66,607,195,100,135,61,27,9,0,54,573,142,100,201,116,55,20,12,55,694,91,77,214,119,61,12,19,54,654,116,80,243,175,76,30,17,70,823,111,105,251,169,75,23,17,68,822,93,83,277,190,96,37,19,70,866,119,101,291,223,98,26,23,84,965,82,73,263,216,119,26,24,83,874,60,68,255,190,119,29,24,68,811,48,41,175,150,94,33,27,54,624,27,20,68,91,50,32,27,37,362,12,16,31,37,33,25,24,17,198,10,9,42,52,22,15,29,24,197,2015,979,2508,1813,928,321,262,911,9739
LGA36630,719,22,5,0,0,0,0,108,854,452,124,74,18,6,0,0,64,737,285,149,156,72,26,3,6,62,763,156,125,206,141,53,24,13,52,768,135,69,225,181,77,38,40,49,806,117,122,271,218,109,47,38,79,991,138,97,291,234,120,57,29,68,1034,121,97,354,267,125,47,26,97,1131,136,82,355,313,144,36,34,100,1197,133,113,352,284,156,64,43,93,1226,103,98,356,306,195,74,41,101,1284,71,69,232,198,145,59,47,70,904,35,28,126,134,110,58,40,76,609,24,22,71,65,77,27,50,48,390,24,22,74,58,66,49,56,65,407,2653,1248,3139,2481,1400,588,471,1130,13109
LGA36660,842,33,0,0,0,0,0,112,993,535,125,63,23,9,0,0,58,807,300,147,154,73,31,4,0,55,767,187,147,239,131,66,20,11,38,851,112,106,276,182,98,31,25,56,883,110,134,336,232,124,50,35,62,1084,135,108,370,245,115,38,37,76,1125,187,118,380,289,141,39,34,58,1248,151,103,424,347,150,50,30,92,1349,134,119,390,346,156,57,35,102,1339,127,94,410,305,185,55,40,88,1301,101,73,250,261,151,63,43,104,1034,62,41,142,203,132,59,54,78,773,40,23,79,105,86,50,50,77,517,37,35,97,100,79,48,53,112,574,3065,1419,3612,2842,1512,568,453,1161,14637
LGA36720,7866,60,10,3,0,0,3,851,8786,6189,536,229,43,7,3,4,689,7683,4426,1339,961,254,59,7,8,542,7596,2575,1835,2422,882,251,66,28,538,8594,1493,1412,3300,1449,473,128,59,490,8807,1378,1420,4193,2047,699,176,87,524,10521,1505,1432,4261,2147,707,203,90,590,10927,1533,1393,3942,2299,839,205,106,615,10925,1357,1098,3829,2360,868,230,131,631,10502,1163,989,3648,2347,915,223,107,583,9969,982,886,3730,2397,865,244,100,600,9804,691,631,2630,2067,849,280,144,543,7832,492,387,1518,1479,835,320,201,418,5653,284,252,912,986,676,271,200,451,4033,347,371,1008,990,639,320,275,795,4749,32276,14046,36581,21741,8683,2680,1544,8848,126390
LGA36820,565,14,3,0,0,0,0,103,682,312,76,39,7,3,0,0,57,501,210,93,106,38,16,0,0,56,520,129,103,176,87,26,16,3,41,583,93,66,181,111,48,22,21,54,591,91,89,246,152,74,21,27,60,757,106,98,278,176,69,33,26,77,856,159,99,271,204,73,38,19,81,948,146,97,278,264,112,46,22,90,1048,129,97,276,250,106,31,26,81,994,89,90,306,215,122,35,16,84,963,59,47,184,208,95,46,20,88,750,34,33,111,133,81,43,29,62,524,26,21,55,73,61,41,25,53,355,17,20,62,65,58,27,43,75,366,2153,1043,2568,1983,949,388,283,1066,10442
LGA36910,4548,72,7,0,0,0,0,599,5225,3637,537,273,75,14,6,0,405,4947,2489,914,747,352,102,23,14,374,5020,1296,940,1342,760,244,83,43,322,5026,740,578,1495,957,395,121,96,290,4677,661,583,1678,1127,485,168,161,307,5168,681,594,1821,1216,497,161,143,348,5454,635,481,1711,1212,506,181,122,308,5159,589,478,1728,1299,622,169,94,349,5332,496,401,1483,1242,556,173,108,323,4786,413,315,1456,1173,555,190,107,379,4579,291,234,1031,968,557,179,147,339,3733,218,137,580,636,486,200,193,290,2746,170,109,313,454,368,210,222,291,2134,185,132,344,393,346,189,215,643,2456,17047,6514,16003,11855,5737,2055,1663,5566,66435
LGA36950,82,6,0,0,0,0,0,44,135,70,17,13,3,0,0,0,38,142,52,18,23,17,4,0,0,59,167,43,23,25,18,16,5,3,27,153,37,14,22,18,13,14,9,22,151,33,9,16,17,9,8,12,15,128,13,13,9,12,10,3,16,19,96,9,8,12,12,13,6,11,26,101,16,14,13,16,9,8,14,18,106,3,12,12,10,13,3,14,11,69,8,3,3,3,7,0,9,6,47,9,0,0,4,3,3,3,0,17,3,0,3,6,0,0,0,3,13,0,0,0,0,0,0,0,0,4,3,0,0,0,0,0,5,4,12,378,129,151,136,102,59,96,300,1348
LGA36960,60,15,3,0,0,0,0,74,153,59,62,25,13,4,0,0,61,226,44,31,47,24,8,5,4,35,195,19,21,26,22,22,19,10,9,146,26,9,18,20,16,20,24,15,138,6,8,14,10,22,12,31,8,105,7,7,8,7,16,11,34,11,98,10,0,10,7,14,11,27,6,88,17,13,10,8,15,12,19,10,99,12,5,8,9,12,5,26,6,83,6,5,4,5,5,3,18,11,52,0,4,0,3,5,4,10,4,31,0,4,5,3,8,0,7,0,20,0,0,0,0,0,0,4,0,3,3,0,0,0,0,0,0,0,7,265,176,182,137,140,98,206,238,1450
LGA37010,5587,108,15,7,0,0,3,704,6414,5717,659,331,70,16,5,3,744,7538,3730,1279,926,349,109,26,12,574,7002,2090,1371,1714,790,282,83,60,519,6910,1081,978,2029,1040,412,132,109,458,6238,920,879,2244,1208,479,165,135,432,6465,856,813,2114,1336,508,183,150,478,6426,718,677,2059,1341,529,150,114,441,6026,616,605,1934,1274,559,160,85,400,5635,433,439,1566,1146,482,156,83,358,4669,327,353,1338,950,443,172,81,361,4011,254,207,828,680,358,132,104,240,2806,155,132,447,492,357,175,128,206,2092,82,83,239,327,239,133,115,167,1386,114,100,252,292,206,108,146,205,1417,22665,8687,18016,11304,4972,1782,1331,6286,75042
LGA37300,93,0,0,0,0,0,0,22,118,60,13,6,0,0,0,0,12,93,93,26,19,12,0,0,0,15,158,44,34,60,16,9,3,0,20,196,20,15,56,23,14,3,3,14,153,22,20,62,26,10,3,12,18,164,17,19,47,25,8,4,4,17,146,7,14,39,33,13,3,0,14,128,3,3,26,16,10,8,0,8,66,0,6,10,3,10,3,0,8,47,0,0,5,11,0,0,0,4,21,0,0,3,7,3,0,0,3,15,0,0,0,0,0,0,0,0,0,0,0,0,0,0,0,0,0,0,0,0,0,0,0,0,0,0,0,364,153,345,171,75,26,21,159,1317
LGA37310,825,24,4,0,0,0,0,152,1005,578,149,67,26,0,0,0,115,938,423,149,184,94,33,13,6,101,1004,217,173,278,162,66,26,11,80,1011,126,108,299,230,104,33,28,101,1023,95,98,307,270,132,46,37,115,1103,102,85,345,267,115,40,38,126,1118,82,97,309,258,123,59,25,128,1080,74,74,273,268,123,41,32,131,1018,62,59,267,209,101,40,25,115,882,55,43,198,203,105,35,33,106,782,47,28,138,153,106,46,46,92,652,32,17,79,104,89,36,49,56,471,21,17,51,66,55,33,42,57,339,10,23,46,57,58,28,53,82,352,2750,1143,2848,2372,1211,464,423,1561,12767
LGA37340,621,16,0,0,0,0,0,138,778,755,77,31,8,3,0,0,207,1076,692,177,158,43,25,0,0,246,1342,405,167,284,134,40,8,5,161,1201,180,139,347,188,57,16,11,134,1067,170,147,359,223,59,29,32,130,1155,165,137,355,181,78,19,21,139,1095,160,127,394,218,86,25,12,111,1143,136,126,372,234,102,34,20,147,1168,105,111,334,219,95,42,14,116,1034,87,74,269,195,88,27,24,103,860,48,33,158,128,73,23,18,69,556,31,22,75,104,47,26,15,49,377,21,15,46,50,55,16,19,36,261,17,17,51,44,34,17,26,56,263,3596,1386,3227,1963,842,290,232,1832,13380
LGA37400,24,0,0,0,0,0,0,0,27,24,3,0,0,0,0,0,0,38,8,4,3,4,0,0,0,0,18,13,8,12,7,0,3,0,3,46,4,5,7,6,3,0,0,3,24,4,6,7,5,5,0,0,3,33,9,0,10,15,10,3,0,3,49,7,3,6,10,3,3,0,4,38,0,3,8,12,6,3,0,3,33,3,3,14,12,4,0,0,3,44,4,4,10,9,3,0,0,9,28,4,0,5,7,5,7,0,6,32,0,0,0,3,7,0,0,3,13,0,0,4,0,7,0,0,0,13,0,0,0,3,0,0,3,3,15,111,43,93,85,52,21,15,42,455
LGA37550,30,4,0,0,0,0,0,5,46,23,10,3,8,0,0,0,8,55,10,12,0,6,3,0,0,0,38,7,0,3,5,3,3,3,0,24,3,3,5,0,3,4,7,0,24,0,3,3,0,6,0,12,3,32,4,3,0,0,6,3,9,0,27,6,3,0,0,3,8,10,3,38,0,3,3,3,0,0,4,3,21,0,4,0,0,3,0,8,0,17,3,0,0,0,3,3,4,0,12,0,0,0,0,0,0,3,0,9,0,0,0,0,0,0,0,0,0,0,0,0,0,0,0,0,0,0,0,0,0,0,0,0,0,0,0,87,43,20,30,27,32,61,37,339
LGA37570,7,0,0,0,0,0,0,3,6,4,8,0,0,0,0,0,3,13,3,6,0,3,0,0,0,0,18,3,0,0,0,0,0,0,3,6,0,3,3,0,0,0,0,0,9,8,3,0,0,4,0,0,0,13,4,0,0,0,0,0,0,3,10,3,0,0,3,0,0,0,3,8,0,0,0,0,0,0,0,0,3,0,3,3,0,3,0,0,0,13,0,0,0,0,0,0,0,0,3,0,0,0,0,0,0,0,0,5,0,0,0,0,0,0,0,0,0,0,0,0,0,0,0,0,0,0,0,0,0,0,0,0,0,0,0,33,20,14,16,11,5,3,14,118
LGA37600,84,15,3,0,0,0,0,35,130,44,31,15,6,0,0,3,15,113,21,14,21,12,13,3,0,8,97,14,12,11,12,7,10,5,8,79,15,3,9,8,8,10,13,0,64,15,4,3,5,9,6,12,3,64,9,5,6,15,13,14,26,9,94,8,3,11,12,4,9,24,0,68,5,0,6,3,9,7,7,0,48,3,6,3,3,6,6,7,0,37,0,3,3,3,3,4,5,4,21,0,0,0,3,3,0,6,3,24,0,0,0,0,0,0,4,0,6,0,0,0,0,0,0,3,0,3,0,0,0,0,0,0,3,0,4,230,101,87,80,76,67,125,88,851
LGA39499,157,0,0,0,0,0,0,33,203,412,17,15,4,3,0,0,118,576,436,23,21,7,7,0,0,138,627,198,33,32,9,11,0,3,83,374,78,31,45,22,15,3,3,65,261,70,33,35,28,6,5,5,68,256,66,39,59,33,14,9,7,72,298,87,32,104,60,20,12,7,84,393,91,56,166,112,48,12,14,100,592,53,47,207,154,64,14,10,91,639,42,35,175,129,56,16,5,82,539,20,20,60,65,38,14,9,33,254,5,6,29,23,18,3,8,29,118,4,5,3,9,3,0,0,0,34,3,3,0,7,0,0,0,10,18,1728,366,959,652,307,89,77,1006,5179
LGA39799,4,0,0,0,0,0,0,0,5,0,3,0,0,0,0,0,0,4,4,0,0,0,0,0,0,0,4,0,0,0,0,0,0,0,0,3,0,0,0,0,0,0,0,0,0,0,0,0,0,0,0,0,0,3,0,0,0,0,0,0,0,0,5,0,0,3,0,0,0,0,0,3,0,0,5,8,0,0,0,3,14,0,0,4,0,0,0,0,0,3,3,0,3,3,4,0,0,4,12,0,0,0,3,0,0,0,0,9,0,3,0,0,0,0,0,0,4,0,0,0,0,0,0,0,0,0,0,0,0,0,0,0,0,0,0,13,11,18,18,5,3,0,9,81
