LGA_CODE_2016,D_10_12_FPNLF_MPET,D_10_12_FPNLF_MPULFTW,D_10_12_FPNLF_MPULPTW,D_10_12_FPNLF_MPUT,D_10_12_FPNLF_MPTLF,D_10_12_FPNLF_MPNLF,D_10_12_FPNLF_MPLFSNS,D_10_12_FPNLF_T,D_10_12_FPLFSNS_MPEFT,D_10_12_FPLFSNS_MPEPT,D_10_12_FPLFSNS_MPEAW,D_10_12_FPLFSNS_MPEHNS,D_10_12_FPLFSNS_MPET,D_10_12_FPLFSNS_MPULFTW,D_10_12_FPLFSNS_MPULPTW,D_10_12_FPLFSNS_MPUT,D_10_12_FPLFSNS_MPTLF,D_10_12_FPLFSNS_MPNLF,D_10_12_FPLFSNS_MPLFSNS,D_10_12_FPLFSNS_T,D_10_12_FPT_MPEFT,D_10_12_FPT_MPEPT,D_10_12_FPT_MPEAW,D_10_12_FPT_MPEHNS,D_10_12_FPT_MPET,D_10_12_FPT_MPULFTW,D_10_12_FPT_MPULPTW,D_10_12_FPT_MPUT,D_10_12_FPT_MPTLF,D_10_12_FPT_MPNLF,D_10_12_FPT_MPLFSNS,D_10_12_FPT_T,D_13_14_FPEFT_MPEFT,D_13_14_FPEFT_MPEPT,D_13_14_FPEFT_MPEAW,D_13_14_FPEFT_MPEHNS,D_13_14_FPEFT_MPET,D_13_14_FPEFT_MPULFTW,D_13_14_FPEFT_MPULPTW,D_13_14_FPEFT_MPUT,D_13_14_FPEFT_MPTLF,D_13_14_FPEFT_MPNLF,D_13_14_FPEFT_MPLFSNS,D_13_14_FPEFT_T,D_13_14_FPEPT_MPEFT,D_13_14_FPEPT_MPEPT,D_13_14_FPEPT_MPEAW,D_13_14_FPEPT_MPEHNS,D_13_14_FPEPT_MPET,D_13_14_FPEPT_MPULFTW,D_13_14_FPEPT_MPULPTW,D_13_14_FPEPT_MPUT,D_13_14_FPEPT_MPTLF,D_13_14_FPEPT_MPNLF,D_13_14_FPEPT_MPLFSNS,D_13_14_FPEPT_T,D_13_14_FPEAW_MPEFT,D_13_14_FPEAW_MPEPT,D_13_14_FPEAW_MPEAW,D_13_14_FPEAW_MPEHNS,D_13_14_FPEAW_MPET,D_13_14_FPEAW_MPULFTW,D_13_14_FPEAW_MPULPTW,D_13_14_FPEAW_MPUT,D_13_14_FPEAW_MPTLF,D_13_14_FPEAW_MPNLF,D_13_14_FPEAW_MPLFSNS,D_13_14_FPEAW_T,D_13_14_FPHNS_MPEFT,D_13_14_FPHNS_MPEPT,D_13_14_FPHNS_MPEAW,D_13_14_FPHNS_MPEHNS,D_13_14_FPHNS_MPET,D_13_14_FPHNS_MPULFTW,D_13_14_FPHNS_MPULPTW,D_13_14_FPHNS_MPUT,D_13_14_FPHNS_MPTLF,D_13_14_FPHNS_MPNLF,D_13_14_FPHNS_MPLFSNS,D_13_14_FPHNS_T,D_13_14_FPET_MPEFT,D_13_14_FPET_MPEPT,D_13_14_FPET_MPEAW,D_13_14_FPET_MPEHNS,D_13_14_FPET_MPET,D_13_14_FPET_MPULFTW,D_13_14_FPET_MPULPTW,D_13_14_FPET_MPUT,D_13_14_FPET_MPTLF,D_13_14_FPET_MPNLF,D_13_14_FPET_MPLFSNS,D_13_14_FPET_T,D_13_14_FPULFTW_MPEFT,D_13_14_FPULFTW_MPEPT,D_13_14_FPULFTW_MPEAW,D_13_14_FPULFTW_MPEHNS,D_13_14_FPULFTW_MPET,D_13_14_FPULFTW_MPULFTW,D_13_14_FPULFTW_MPULPTW,D_13_14_FPULFTW_MPUT,D_13_14_FPULFTW_MPTLF,D_13_14_FPULFTW_MPNLF,D_13_14_FPULFTW_MPLFSNS,D_13_14_FPULFTW_T,D_13_14_FPULPTW_MPEFT,D_13_14_FPULPTW_MPEPT,D_13_14_FPULPTW_MPEAW,D_13_14_FPULPTW_MPEHNS,D_13_14_FPULPTW_MPET,D_13_14_FPULPTW_MPULFTW,D_13_14_FPULPTW_MPULPTW,D_13_14_FPULPTW_MPUT,D_13_14_FPULPTW_MPTLF,D_13_14_FPULPTW_MPNLF,D_13_14_FPULPTW_MPLFSNS,D_13_14_FPULPTW_T,D_13_14_FPUT_MPEFT,D_13_14_FPUT_MPEPT,D_13_14_FPUT_MPEAW,D_13_14_FPUT_MPEHNS,D_13_14_FPUT_MPET,D_13_14_FPUT_MPULFTW,D_13_14_FPUT_MPULPTW,D_13_14_FPUT_MPUT,D_13_14_FPUT_MPTLF,D_13_14_FPUT_MPNLF,D_13_14_FPUT_MPLFSNS,D_13_14_FPUT_T,D_13_14_FPTLF_MPEFT,D_13_14_FPTLF_MPEPT,D_13_14_FPTLF_MPEAW,D_13_14_FPTLF_MPEHNS,D_13_14_FPTLF_MPET,D_13_14_FPTLF_MPULFTW,D_13_14_FPTLF_MPULPTW,D_13_14_FPTLF_MPUT,D_13_14_FPTLF_MPTLF,D_13_14_FPTLF_MPNLF,D_13_14_FPTLF_MPLFSNS,D_13_14_FP_T,D_13_14_FPNLF_MPEFT,D_13_14_FPNLF_MPEPT,D_13_14_FPNLF_MPEAW,D_13_14_FPNLF_MPEHNS,D_13_14_FPNLF_MPET,D_13_14_FPNLF_MPULFTW,D_13_14_FPNLF_MPULPTW,D_13_14_FPNLF_MPUT,D_13_14_FPNLF_MPTLF,D_13_14_FPNLF_MPNLF,D_13_14_FPNLF_MPLFSNS,D_13_14_FPNLF_T,D_13_14_FPLFSNS_MPEFT,D_13_14_FPLFSNS_MPEPT,D_13_14_FPLFSNS_MPEAW,D_13_14_FPLFSNS_MPEHNS,D_13_14_FPLFSNS_MPET,D_13_14_FPLFSNS_MPULFTW,D_13_14_FPLFSNS_MPULPTW,D_13_14_FPLFSNS_MPUT,D_13_14_FPLFSNS_MPTLF,D_13_14_FPLFSNS_MPNLF,D_13_14_FPLFSNS_MPLFSNS,D_13_14_FPLFSNS_T,D_13_14_FPT_MPEFT,D_13_14_FPT_MPEPT,D_13_14_FPT_MPEAW,D_13_14_FPT_MPEHNS,D_13_14_FPT_MPET,D_13_14_FPT_MPULFTW,D_13_14_FPT_MPULPTW,D_13_14_FPT_MPUT,D_13_14_FPT_MPTLF,D_13_14_FPT_MPNLF,D_13_14_FPT_MPLFSNS,D_13_14_FPT_T,D_15_17_FPEFT_MPEFT,D_15_17_FPEFT_MPEPT,D_15_17_FPEFT_MPEAW,D_15_17_FPEFT_MPEHNS,D_15_17_FPEFT_MPET,D_15_17_FPEFT_MPULFTW,D_15_17_FPEFT_MPULPTW,D_15_17_FPEFT_MPUT,D_15_17_FPEFT_MPTLF,D_15_17_FPEFT_MPNLF,D_15_17_FPEFT_MPLFSNS,D_15_17_FPEFT_T,D_15_17_FPEPT_MPEFT,D_15_17_FPEPT_MPEPT,D_15_17_FPEPT_MPEAW,D_15_17_FPEPT_MPEHNS,D_15_17_FPEPT_MPET,D_15_17_FPEPT_MPULFTW,D_15_17_FPEPT_MPULPTW,D_15_17_FPEPT_MPUT,D_15_17_FPEPT_MPTLF,D_15_17_FPEPT_MPNLF,D_15_17_FPEPT_MPLFSNS,D_15_17_FPEPT_T
LGA30250,4,8,0,8,11,10,0,24,0,0,0,0,0,0,0,0,0,0,0,0,6,4,0,0,16,5,0,5,25,14,0,37,0,0,0,0,0,0,0,0,0,0,0,0,0,0,0,0,0,0,0,0,0,0,0,0,0,0,0,0,0,0,0,0,0,0,0,0,0,0,0,0,0,0,0,0,0,0,0,0,0,0,0,0,0,0,0,0,0,0,0,0,0,0,0,0,0,0,0,0,0,0,0,0,0,0,0,0,0,0,0,0,0,0,0,0,0,0,0,0,0,0,0,0,0,0,0,0,0,0,0,0,0,0,0,0,0,0,0,0,3,0,0,0,3,3,0,3,10,6,0,11,0,0,0,0,0,0,0,0,0,0,0,0,4,0,0,0,3,3,0,3,5,6,0,13,0,0,0,0,0,0,0,0,0,0,0,0,0,0,0,0,0,0,0,0,0,0,0,0
LGA30300,15,0,0,0,15,5,0,20,0,0,0,0,0,0,0,0,0,0,0,0,99,6,0,3,109,0,0,0,111,10,0,127,11,0,0,0,17,0,0,0,17,0,0,14,20,5,0,0,21,0,0,0,21,0,0,26,0,0,0,0,0,0,0,0,0,0,0,0,0,0,0,0,0,0,0,0,0,0,0,0,33,6,0,0,39,0,0,0,39,0,0,46,0,0,0,0,0,0,0,0,0,0,0,0,0,0,0,0,0,0,0,0,0,0,0,0,0,0,0,0,0,0,0,0,0,0,0,0,34,6,0,0,41,0,0,0,41,0,0,48,5,0,0,0,7,0,0,0,4,5,0,12,0,0,0,0,0,0,0,0,0,0,0,0,38,9,0,0,48,0,0,0,48,3,0,52,19,3,0,0,23,0,0,0,23,0,0,27,20,3,3,0,22,0,0,0,22,3,0,27
LGA30370,78,3,0,3,82,11,0,89,0,0,0,0,0,0,0,0,0,0,0,7,385,28,10,18,432,6,0,6,440,20,0,464,72,0,3,0,76,0,0,0,74,0,0,76,86,5,3,3,99,0,0,0,99,3,0,104,3,0,0,0,5,0,0,0,5,0,0,5,0,0,0,0,4,0,0,0,4,0,0,4,166,10,5,3,181,3,0,3,188,9,0,193,0,0,0,0,0,0,0,0,4,0,0,6,3,0,0,0,3,0,0,0,3,0,0,3,10,0,0,0,10,0,0,0,6,0,0,10,169,10,5,3,192,4,0,4,193,9,0,201,37,3,3,0,43,0,0,0,44,7,0,50,0,0,0,0,0,0,0,0,0,0,0,0,204,11,9,3,233,6,0,6,238,17,0,251,81,3,0,0,84,0,0,0,88,0,0,83,96,13,0,3,111,0,0,0,113,4,0,120
LGA30410,12,0,0,0,12,0,0,14,0,0,0,0,0,0,0,0,0,0,0,0,53,3,0,3,61,0,0,0,61,0,0,62,10,0,0,0,14,0,0,0,12,0,0,12,3,0,0,0,3,0,0,0,3,3,0,7,0,0,0,0,0,0,0,0,0,0,0,0,0,0,0,0,0,0,0,0,0,0,0,0,18,0,0,0,16,0,0,0,21,3,0,20,0,0,0,0,0,0,0,0,0,0,0,0,0,0,0,0,0,0,0,0,0,0,0,0,0,0,0,0,0,0,0,0,0,0,0,0,18,0,0,0,16,0,0,0,21,3,0,20,4,0,0,0,8,0,0,0,8,0,0,8,0,0,0,0,0,0,0,0,0,0,0,0,22,3,0,0,23,0,0,0,25,3,0,29,13,0,0,0,16,0,0,0,16,0,0,16,10,0,0,0,10,0,0,0,10,0,0,10
LGA30450,0,0,0,0,0,0,3,3,0,0,0,0,0,0,0,0,0,0,0,0,5,0,0,0,5,0,0,0,5,0,3,9,0,0,0,0,0,0,0,0,0,0,0,0,0,0,0,0,0,0,0,0,0,0,0,0,0,0,0,0,0,0,0,0,0,0,0,0,0,0,0,0,0,0,0,0,0,0,0,0,0,0,0,0,0,0,0,0,0,0,0,0,0,0,0,0,0,0,0,0,0,0,0,0,0,0,0,0,0,0,0,0,0,0,0,0,0,0,0,0,0,0,0,0,0,0,0,0,0,0,0,0,0,0,0,0,0,0,0,0,0,0,0,0,0,0,0,0,0,0,0,0,0,0,0,0,0,0,0,0,0,0,0,0,0,0,0,0,0,0,0,0,0,0,0,0,0,0,0,0,0,0,0,0,0,0,0,0,0,0,0,0,0,0,0,0,0,0,0,0
LGA30760,12,0,0,0,12,0,0,10,0,0,0,0,0,0,0,0,0,0,0,0,35,3,0,0,34,0,0,0,35,3,0,35,0,0,0,0,0,0,0,0,0,0,0,3,6,0,0,0,4,0,0,0,4,0,0,10,0,0,0,0,0,0,0,0,0,0,0,0,0,0,0,0,0,0,0,0,0,0,0,0,7,0,0,0,11,0,0,0,11,3,0,14,0,0,0,0,0,0,0,0,0,0,0,0,0,0,0,0,0,0,0,0,0,0,0,0,0,0,0,0,0,0,0,0,0,0,0,0,7,0,0,0,11,0,0,0,11,3,0,14,0,0,0,0,0,0,0,0,0,0,0,0,0,0,0,0,0,0,0,0,0,0,0,0,12,0,0,0,13,0,0,0,13,3,0,13,0,0,0,0,0,0,0,0,0,0,0,3,7,0,0,0,5,0,0,0,5,0,0,5
LGA30900,0,0,0,0,0,0,0,0,0,0,0,0,0,0,0,0,0,0,0,0,3,0,0,0,3,0,0,0,3,0,0,3,0,0,0,0,0,0,0,0,0,0,0,0,0,0,0,0,0,0,0,0,0,0,0,0,0,0,0,0,0,0,0,0,0,0,0,0,0,0,0,0,0,0,0,0,0,0,0,0,0,0,0,0,0,0,0,0,0,0,0,0,0,0,0,0,0,0,0,0,0,0,0,0,0,0,0,0,0,0,0,0,0,0,0,0,0,0,0,0,0,0,0,0,0,0,0,0,0,0,0,0,0,0,0,0,0,0,0,0,0,0,0,0,0,0,0,0,0,0,0,0,0,0,0,0,0,0,0,0,0,0,0,0,0,0,0,0,0,0,0,0,0,0,0,0,0,0,0,0,0,0,0,0,0,0,0,0,0,0,0,0,0,0,0,0,0,0,0,0
LGA31000,4591,194,42,235,4828,812,13,5654,17,5,0,13,35,0,0,0,35,0,67,104,22390,2592,283,329,25599,767,139,900,26496,1603,111,28213,5257,553,42,26,5877,153,14,168,6044,328,6,6379,5447,663,61,31,6201,123,23,142,6349,189,0,6536,138,23,28,0,182,0,0,3,190,13,0,202,61,7,0,54,123,8,0,4,135,13,0,146,10903,1244,130,116,12395,279,47,323,12719,538,9,13262,155,27,0,5,187,43,3,45,232,16,0,254,223,45,7,11,274,21,7,35,312,12,0,327,380,71,8,12,468,63,15,75,545,30,0,575,11277,1313,141,130,12860,347,59,401,13257,567,9,13837,2148,309,37,59,2555,101,24,127,2679,550,11,3240,17,4,0,16,39,0,0,0,39,4,33,72,13445,1629,176,207,15450,445,83,526,15977,1124,53,17150,7466,721,81,34,8305,242,37,278,8579,454,3,9036,6956,888,79,51,7976,175,25,197,8174,307,3,8481
LGA31750,3,0,0,0,3,0,0,3,0,0,0,0,0,0,0,0,0,0,0,0,11,0,0,0,11,0,0,0,11,0,0,10,0,0,0,0,0,0,0,0,0,0,0,0,0,0,0,0,0,0,0,0,0,0,0,0,0,0,0,0,0,0,0,0,0,0,0,0,0,0,0,0,0,0,0,0,0,0,0,0,0,0,0,0,0,0,0,0,0,0,0,0,0,0,0,0,0,0,0,0,0,0,0,0,0,0,0,0,0,0,0,0,0,0,0,0,0,0,0,0,0,0,0,0,0,0,0,0,0,0,0,0,0,0,0,0,0,0,0,0,0,0,0,0,0,0,0,0,0,0,0,0,0,0,0,0,0,0,0,0,0,0,0,0,0,0,0,0,0,0,0,0,0,0,0,0,0,0,0,0,0,0,0,0,0,0,0,0,0,0,0,0,0,0,0,0,0,0,0,0
LGA31820,330,38,4,44,377,175,0,547,0,0,0,3,3,0,0,0,3,0,3,10,1467,255,29,30,1783,78,24,99,1882,261,3,2147,344,45,3,6,395,13,0,13,407,24,0,437,402,79,6,3,493,3,5,7,499,55,0,552,5,0,3,0,5,0,0,0,6,0,0,14,4,0,0,3,15,0,0,0,16,0,0,15,752,124,6,10,899,24,5,25,928,81,3,1013,13,3,0,0,10,8,0,6,21,8,0,26,17,3,0,0,25,3,3,3,31,0,0,31,27,8,0,0,35,12,4,14,48,8,0,53,784,133,6,11,935,35,9,40,976,91,3,1065,190,33,7,4,237,21,3,21,263,102,0,367,0,0,0,0,3,0,0,0,3,0,0,7,979,166,18,24,1181,55,8,64,1245,193,3,1443,535,66,4,3,604,9,4,14,620,41,0,660,498,81,11,5,597,12,5,21,609,55,0,668
LGA31900,57,3,0,3,61,9,3,75,0,0,0,0,0,0,0,0,0,0,3,3,366,31,7,13,414,15,0,16,433,21,4,458,104,0,5,0,108,0,0,0,110,3,0,115,124,6,0,3,133,0,0,0,137,4,0,139,3,0,0,0,4,0,0,0,4,0,0,4,0,0,0,0,5,0,0,0,5,0,0,5,227,8,6,9,250,3,0,3,253,5,0,261,0,0,0,0,0,0,0,0,0,0,0,0,8,0,0,3,4,0,0,0,4,0,0,4,6,0,0,3,8,0,0,0,8,0,0,8,236,13,6,11,259,3,0,3,267,5,0,274,24,3,0,0,25,0,0,0,24,7,0,39,0,0,0,0,0,0,0,0,0,0,0,0,255,10,6,11,283,3,0,3,288,14,3,309,128,3,0,0,138,0,0,0,138,3,0,137,157,6,0,0,161,0,0,0,162,3,0,169
LGA31950,0,0,0,0,0,0,0,0,0,0,0,0,0,0,0,0,0,0,0,0,0,0,0,0,4,0,0,0,4,0,0,3,0,0,0,0,0,0,0,0,0,0,0,0,0,0,0,0,0,0,0,0,0,0,0,0,0,0,0,0,0,0,0,0,0,0,0,0,0,0,0,0,0,0,0,0,0,0,0,0,0,0,0,0,0,0,0,0,0,0,0,0,0,0,0,0,0,0,0,0,0,0,0,0,0,0,0,0,0,0,0,0,0,0,0,0,0,0,0,0,0,0,0,0,0,0,0,0,0,0,0,0,3,0,0,0,3,0,0,3,0,0,0,0,0,0,0,0,0,0,0,0,0,0,0,0,0,0,0,0,0,0,0,0,0,0,0,0,3,0,0,0,3,0,0,3,0,0,0,0,0,0,0,0,0,0,0,0,0,0,0,0,0,0,0,0,0,0,0,0
LGA32080,555,33,10,47,604,168,4,772,6,0,0,3,11,0,0,0,11,7,15,34,2829,410,72,67,3377,121,35,148,3524,355,31,3911,745,96,10,6,857,12,0,14,871,45,0,918,672,107,21,6,806,11,0,12,818,42,3,865,24,0,3,0,29,0,0,0,29,0,0,33,8,0,0,12,27,0,0,0,31,6,0,37,1444,206,41,28,1719,24,4,32,1748,97,3,1846,16,4,0,3,20,7,0,7,20,12,0,35,29,4,0,0,32,3,3,9,37,8,0,44,42,10,0,3,48,8,3,10,62,15,0,76,1483,218,41,31,1766,37,7,42,1811,109,3,1924,242,36,4,10,294,22,10,30,326,121,0,440,3,0,0,0,3,0,0,0,3,3,11,14,1733,247,46,43,2067,58,14,70,2137,232,12,2384,1072,109,16,10,1210,31,5,34,1243,64,4,1307,745,151,19,11,919,22,0,27,946,64,3,1010
LGA32250,3,0,0,0,3,3,0,6,0,0,0,0,0,0,0,0,0,0,0,0,29,0,0,0,29,0,0,0,29,7,0,37,5,3,0,0,8,0,0,0,8,0,0,8,0,0,0,0,0,0,0,0,0,0,0,0,0,0,0,0,0,0,0,0,0,0,0,0,0,0,0,0,0,0,0,0,0,0,0,0,8,3,0,0,9,0,0,0,9,0,0,9,0,0,0,3,3,0,0,0,3,0,0,3,0,0,0,0,0,0,0,0,0,0,0,0,0,0,0,3,3,0,0,0,3,0,0,3,8,4,0,5,12,0,0,0,12,0,0,12,0,0,0,0,3,0,0,0,3,0,0,3,0,0,0,0,0,0,0,0,0,0,0,0,8,3,0,3,16,0,0,0,16,0,0,15,0,0,0,0,0,0,0,0,0,0,0,0,0,0,0,0,0,0,0,0,0,0,0,0
LGA32260,109,11,0,11,124,43,0,171,0,0,0,0,0,0,0,0,0,0,3,0,429,59,11,14,517,27,3,27,542,82,7,630,112,12,5,0,128,0,0,4,131,6,0,137,125,12,3,0,145,0,0,3,143,20,0,159,4,3,0,0,4,0,0,0,4,0,0,5,0,0,0,0,0,0,0,0,0,0,0,3,238,31,8,3,275,3,3,4,278,27,0,306,0,0,0,0,3,3,0,3,3,3,0,5,0,0,0,0,0,0,0,0,0,0,0,3,4,0,0,0,4,3,0,3,10,7,0,9,246,26,8,3,282,8,3,9,291,31,0,318,51,10,3,0,63,9,0,10,75,30,0,100,0,0,0,0,4,0,0,0,4,0,3,5,296,43,7,6,351,13,0,13,363,55,3,422,155,22,5,0,184,3,0,3,188,13,0,198,149,30,4,0,186,8,0,8,193,11,0,203
LGA32270,145,0,0,0,142,11,0,155,3,0,0,0,3,0,0,0,0,0,3,6,706,51,21,17,803,8,6,16,813,30,3,847,131,10,0,0,138,3,0,3,137,4,0,143,167,15,5,5,194,0,0,0,192,4,0,198,6,0,5,0,9,0,0,0,9,0,0,7,6,0,0,0,8,0,0,0,8,0,0,8,309,25,5,6,347,3,0,3,347,11,0,354,6,0,0,0,6,0,0,0,6,0,0,6,8,0,0,0,11,0,0,0,14,3,0,15,15,0,0,0,20,4,0,4,21,3,0,22,321,26,5,6,364,7,0,7,371,13,0,377,55,7,3,3,66,0,0,0,63,6,0,73,0,0,0,0,0,0,0,0,0,0,0,4,377,33,13,12,425,4,0,4,435,16,0,452,150,4,3,6,164,9,0,9,174,3,0,174,172,10,9,3,187,3,0,3,194,7,0,203
LGA32310,43,3,0,3,44,18,0,58,0,0,0,0,0,0,0,0,0,0,3,0,202,31,7,5,247,20,0,15,264,32,3,299,48,7,0,0,61,0,0,0,64,6,0,70,40,7,3,0,56,0,0,0,56,7,0,64,0,0,0,0,0,0,0,0,0,0,0,0,0,0,0,0,0,0,0,0,0,0,0,0,88,13,4,3,116,3,0,3,116,17,0,132,0,0,0,0,0,0,0,0,0,0,0,0,3,0,0,0,3,0,0,0,4,0,0,4,5,0,0,0,5,0,0,0,10,0,0,10,99,13,4,3,118,6,0,6,126,17,0,144,21,3,0,0,25,0,0,0,29,15,0,36,0,0,0,0,0,0,0,0,0,0,0,0,115,16,4,3,142,12,0,12,151,26,0,179,49,3,3,0,57,3,0,3,62,7,0,66,46,14,0,0,63,3,0,3,61,9,0,68
LGA32330,0,4,0,4,8,11,0,19,0,0,0,0,0,0,0,0,0,0,0,0,6,0,0,0,4,4,0,4,13,11,0,23,0,0,0,0,0,0,0,0,0,0,0,0,3,0,0,0,3,0,0,0,3,0,0,3,0,0,0,0,0,0,0,0,0,0,0,0,0,0,0,0,0,0,0,0,0,0,0,0,4,0,0,0,4,0,0,0,4,0,0,3,0,0,0,0,0,4,0,4,4,0,0,4,0,0,0,0,0,0,0,0,0,0,0,0,0,0,0,0,0,4,0,4,4,0,0,4,4,0,0,0,4,4,0,4,7,0,0,6,0,0,0,0,0,3,0,3,3,15,0,16,0,0,0,0,0,0,0,0,0,0,0,0,4,0,0,0,4,9,0,9,11,15,0,22,3,0,0,0,3,0,0,0,3,0,0,3,0,0,0,0,0,0,0,0,0,0,0,0
LGA32450,5,0,0,0,5,0,0,7,0,0,0,0,0,0,0,0,0,0,0,4,38,0,0,4,46,0,0,0,48,8,0,56,11,0,0,0,11,0,0,0,11,0,0,16,12,0,0,0,12,0,0,0,12,0,0,12,0,0,0,0,0,0,0,0,0,0,0,0,0,0,0,0,0,0,0,0,0,0,0,0,22,0,0,0,22,0,0,0,22,0,0,27,0,0,0,0,0,0,0,0,0,0,0,0,0,0,0,0,0,0,0,0,0,0,0,0,0,0,0,0,0,0,0,0,0,0,0,0,22,0,0,0,22,0,0,0,22,0,0,27,8,0,0,3,9,0,0,0,7,4,0,13,0,0,0,0,0,0,0,0,0,3,0,3,29,0,0,3,28,0,0,0,31,6,0,40,17,0,0,0,18,3,0,3,16,3,0,19,5,0,0,0,3,0,0,0,3,0,0,3
LGA32500,11,4,0,4,18,4,0,19,0,0,0,0,0,0,0,0,0,0,0,0,53,19,0,0,78,4,0,4,80,4,0,82,10,0,0,0,10,3,0,3,12,3,0,11,8,3,0,0,14,0,0,0,14,0,0,17,0,0,0,0,0,0,0,0,0,0,0,0,0,0,0,0,0,0,0,0,0,0,0,0,17,3,3,0,26,3,0,3,29,5,0,29,3,0,0,0,3,0,0,0,3,0,0,3,0,0,0,0,0,0,0,0,0,0,0,0,4,0,0,0,4,0,0,0,3,0,0,3,24,3,3,0,25,3,0,4,32,5,0,32,0,3,0,0,3,3,0,3,3,4,0,7,0,0,0,0,0,0,0,0,0,0,0,0,24,7,3,0,28,3,0,6,35,9,0,38,9,0,0,0,16,0,0,0,16,0,0,16,12,0,0,0,13,0,0,0,13,3,0,13
LGA32600,0,0,0,0,0,0,0,0,0,0,0,0,0,0,0,0,0,0,0,0,0,0,0,0,0,0,0,0,0,0,0,0,0,0,0,0,0,0,0,0,0,0,0,0,0,0,0,0,0,0,0,0,0,0,0,0,0,0,0,0,0,0,0,0,0,0,0,0,0,0,0,0,0,0,0,0,0,0,0,0,0,0,0,0,0,0,0,0,0,0,0,0,0,0,0,0,0,0,0,0,0,0,0,0,0,0,0,0,0,0,0,0,0,0,0,0,0,0,0,0,0,0,0,0,0,0,0,0,0,0,0,0,0,0,0,0,0,0,0,0,0,0,0,0,0,0,0,0,0,0,0,0,0,0,0,0,0,0,0,0,0,0,0,0,0,0,0,0,0,0,0,0,0,0,0,0,0,0,0,0,0,0,0,0,0,0,0,0,0,0,0,0,0,0,0,0,0,0,0,0
LGA32750,0,0,0,0,0,0,0,0,0,0,0,0,0,0,0,0,0,0,0,0,0,0,0,0,0,0,0,0,0,0,0,0,0,0,0,0,0,0,0,0,0,0,0,0,0,0,0,0,0,0,0,0,0,0,0,0,0,0,0,0,0,0,0,0,0,0,0,0,0,0,0,0,0,0,0,0,0,0,0,0,0,0,0,0,0,0,0,0,0,0,0,0,0,0,0,0,0,0,0,0,0,0,0,0,0,0,0,0,0,0,0,0,0,0,0,0,0,0,0,0,0,0,0,0,0,0,0,0,0,0,0,0,0,0,0,0,0,0,0,0,0,0,0,0,0,0,0,0,0,0,0,0,0,0,0,0,0,0,0,0,0,0,0,0,0,0,0,0,0,0,0,0,0,0,0,0,0,0,0,0,0,0,0,0,0,0,0,0,0,0,0,0,0,0,0,0,0,0,0,0
LGA32770,21,0,0,0,23,21,0,45,0,0,0,0,0,0,0,0,0,0,0,0,23,17,0,0,44,0,0,0,43,32,0,72,3,0,0,0,3,0,0,0,3,3,0,4,0,3,0,0,3,0,0,0,3,0,0,5,0,0,0,0,0,0,0,0,0,0,0,0,0,0,0,0,0,0,0,0,0,0,0,0,3,3,0,0,4,0,0,0,4,5,0,12,0,0,0,0,0,0,0,0,0,0,0,0,0,0,0,0,0,0,0,0,0,0,0,0,0,0,0,0,0,0,0,0,0,0,0,0,3,3,0,0,4,0,0,0,4,6,0,10,0,12,0,0,12,0,0,3,10,7,0,20,0,0,0,0,0,0,0,0,0,0,0,0,3,13,0,0,13,0,0,3,16,15,0,31,0,0,0,0,0,0,0,0,0,4,0,4,0,0,0,0,0,0,0,0,0,3,0,0
LGA32810,21,4,0,4,23,6,0,34,4,0,0,0,4,0,0,0,4,0,0,4,155,28,11,4,203,8,3,12,213,11,0,226,36,7,0,0,49,0,0,0,48,3,0,54,39,3,0,0,41,3,0,3,44,6,0,49,0,0,0,0,0,0,0,0,0,0,0,0,0,0,3,0,3,0,0,0,3,0,0,4,78,14,3,0,90,3,0,3,94,8,0,105,0,0,0,0,0,0,0,0,0,0,0,0,0,0,0,0,0,0,0,0,3,0,0,3,3,0,0,0,3,0,0,0,4,0,0,4,75,14,3,0,92,3,0,3,97,8,0,112,3,0,0,0,7,0,0,0,7,5,0,16,0,0,0,0,0,0,0,0,0,0,0,0,83,18,3,0,105,3,0,3,104,15,0,123,48,6,0,0,57,3,0,3,59,3,0,65,55,7,0,4,63,0,0,0,64,3,0,69
LGA33100,0,0,0,0,0,0,0,3,0,0,0,0,0,0,0,0,0,0,0,0,14,0,0,0,14,0,0,0,14,0,0,10,0,0,0,0,0,0,0,0,0,0,0,0,0,0,0,0,0,0,0,0,0,0,0,0,0,0,0,0,0,0,0,0,0,0,0,0,0,0,0,0,0,0,0,0,0,0,0,0,0,0,0,0,0,0,0,0,0,0,0,0,0,0,0,0,0,0,0,0,0,0,0,0,0,0,0,0,0,0,0,0,0,0,0,0,0,0,0,0,0,0,0,0,0,0,0,0,0,0,0,0,0,0,0,0,0,0,0,0,0,0,0,0,0,0,0,0,0,0,0,0,0,0,0,0,0,0,0,0,0,0,0,0,0,0,0,0,0,0,0,0,0,0,0,0,0,0,0,0,0,0,0,0,0,0,0,0,0,0,0,0,0,0,0,0,0,0,0,0
LGA33200,3,0,0,0,3,0,0,3,0,0,0,0,0,0,0,0,0,0,0,0,22,0,0,0,26,0,0,0,29,0,0,29,3,0,0,0,3,0,0,0,3,0,0,3,3,0,0,0,3,0,0,0,3,0,0,3,0,0,0,0,0,0,0,0,0,0,0,0,0,0,0,0,0,0,0,0,0,0,0,0,4,0,0,0,6,0,0,0,6,0,0,6,0,0,0,0,0,0,0,0,0,0,0,0,0,0,0,0,0,0,0,0,0,0,0,0,0,0,0,0,0,0,0,0,0,0,0,0,4,0,0,0,6,0,0,0,6,0,0,6,6,0,0,0,6,0,0,0,6,0,0,6,0,0,0,0,0,0,0,0,0,0,0,0,13,0,0,0,16,0,0,0,16,0,0,16,0,3,0,0,5,0,0,0,5,0,0,5,4,0,0,0,4,0,0,0,4,0,0,4
LGA33220,342,34,0,40,374,221,0,599,0,0,0,4,4,0,0,0,5,0,8,9,1327,275,49,39,1698,106,19,120,1819,395,14,2228,317,57,6,3,377,19,4,17,401,32,0,434,344,64,13,5,423,15,3,22,442,55,0,500,12,6,0,0,11,0,0,0,11,0,0,18,6,0,0,4,11,0,0,0,16,0,0,17,675,118,21,14,832,34,7,43,873,87,0,959,16,3,0,0,16,8,0,8,28,3,0,32,13,0,4,0,17,4,0,3,23,5,0,27,28,8,3,0,32,17,0,12,47,14,0,65,705,126,21,17,864,47,6,56,920,101,0,1026,148,44,8,5,199,15,4,20,218,132,0,356,0,0,0,0,4,0,0,0,6,0,3,13,848,164,26,20,1066,69,9,81,1144,234,5,1386,439,78,9,11,524,18,3,22,551,41,0,592,443,76,16,4,541,28,6,29,573,73,0,652
LGA33360,367,40,0,40,404,55,0,462,0,0,0,0,0,0,0,0,0,0,10,8,1471,107,61,36,1675,99,3,107,1781,99,12,1887,313,15,11,0,338,7,0,7,348,10,0,349,397,32,17,0,445,10,0,10,461,10,0,474,5,0,3,0,16,0,0,0,16,0,0,16,0,0,0,4,3,0,0,0,6,0,0,7,717,48,25,7,796,26,0,26,820,18,0,841,20,0,3,0,24,8,0,8,29,0,0,29,31,7,3,0,35,6,0,6,41,0,0,44,51,3,6,0,61,12,0,12,73,0,0,69,762,56,30,7,856,37,0,37,892,24,0,916,169,7,4,15,196,15,5,20,214,36,0,256,0,0,0,0,0,0,0,0,0,0,7,7,940,67,39,16,1058,52,5,57,1112,59,7,1178,399,21,5,3,428,17,0,16,444,16,0,462,438,30,5,3,480,22,0,21,501,14,3,517
LGA33430,2285,95,20,111,2395,404,3,2801,21,7,0,12,33,3,0,3,32,5,30,71,10204,1505,191,173,12077,320,56,382,12456,861,50,13367,2311,337,32,21,2700,47,15,64,2767,134,5,2903,2605,377,34,16,3037,46,3,53,3083,111,3,3201,73,21,24,0,116,0,0,0,116,8,0,123,31,7,3,44,84,3,0,3,86,7,4,96,5020,739,91,88,5937,98,20,119,6052,263,9,6324,74,17,0,6,99,26,0,25,120,9,0,135,122,31,0,0,148,8,3,14,163,9,0,174,195,45,3,8,244,39,3,42,284,20,0,310,5215,783,98,92,6183,135,23,157,6341,282,9,6631,1104,167,26,38,1340,47,4,49,1393,257,3,1647,8,0,0,7,13,0,0,0,14,0,14,32,6325,954,127,131,7537,183,27,214,7751,533,32,8311,3438,418,51,23,3933,71,19,89,4020,203,3,4225,3171,521,58,25,3774,81,9,94,3864,166,0,4035
LGA33610,52,0,0,0,56,10,0,71,0,0,0,0,0,0,0,0,0,0,0,0,240,23,4,6,277,3,3,6,287,14,0,303,54,4,0,0,57,0,0,0,57,3,0,60,43,6,6,3,61,0,0,0,60,0,0,60,0,0,0,0,0,0,0,0,0,0,0,0,0,0,0,3,3,0,0,0,3,0,0,3,97,9,4,3,121,0,0,0,117,4,0,127,0,0,0,0,0,0,0,0,0,0,0,0,0,0,0,0,0,0,0,0,0,0,0,0,0,0,0,0,0,0,0,0,0,0,0,0,97,10,4,3,120,0,0,4,120,4,0,124,12,0,0,4,20,0,0,0,20,3,0,23,0,0,0,0,0,0,0,0,0,0,0,0,116,10,4,7,137,0,0,3,142,7,0,150,56,0,0,0,53,0,0,0,53,0,0,53,60,6,7,0,69,0,0,0,73,0,0,74
LGA33620,245,24,6,30,278,110,0,392,0,0,0,0,3,0,0,0,3,0,3,4,835,142,32,23,1029,45,15,65,1094,187,4,1283,156,24,0,0,179,10,3,6,186,10,0,199,214,48,5,3,266,6,0,6,274,29,0,305,4,3,0,0,8,0,0,0,13,0,0,9,0,4,0,5,10,0,0,0,10,0,0,14,366,76,14,12,467,15,3,14,479,43,0,524,4,4,0,0,8,3,3,7,12,5,0,19,14,0,0,0,11,0,0,3,17,0,0,17,17,8,0,0,24,6,3,6,29,9,0,35,382,81,14,12,489,13,3,22,512,50,0,560,92,31,11,0,137,13,3,14,148,74,0,222,3,0,0,0,3,0,0,0,3,0,0,3,479,116,19,12,623,26,6,38,657,124,0,783,213,21,7,3,238,12,0,11,250,27,0,271,247,55,3,3,311,8,0,8,322,31,0,358
LGA33800,33,4,0,4,34,8,0,41,3,0,0,0,3,0,0,0,3,0,0,4,207,25,0,5,242,8,0,7,249,15,0,266,37,0,0,0,33,0,0,0,38,0,0,39,60,9,0,3,70,0,0,0,75,3,0,82,0,0,0,0,0,0,0,0,0,0,0,0,0,0,0,0,0,0,0,0,0,0,0,0,102,10,0,3,113,3,0,4,116,8,0,122,5,0,0,0,5,0,0,0,4,0,0,5,0,0,0,0,4,0,0,0,4,0,0,4,3,0,0,0,6,0,0,0,6,0,0,8,107,10,0,3,120,5,0,3,123,6,0,129,18,0,0,0,20,0,0,0,25,6,0,35,0,0,0,0,3,0,0,0,3,0,4,6,128,13,3,3,138,6,0,5,148,12,4,169,64,3,0,0,66,0,0,0,72,0,0,72,106,10,0,3,119,0,0,3,124,3,0,128
LGA33830,3,5,0,5,7,0,0,5,0,0,0,0,0,0,0,0,0,0,0,0,8,3,0,0,12,5,0,6,22,0,0,24,3,0,0,0,3,0,0,0,3,0,0,5,3,0,0,0,3,0,0,0,3,0,0,3,0,0,0,0,0,0,0,0,0,0,0,0,0,0,0,0,0,0,0,0,0,0,0,0,8,0,0,0,5,0,0,0,5,0,0,7,0,0,0,0,0,0,0,0,0,0,0,0,0,0,0,0,3,0,0,0,4,0,0,4,0,0,0,0,3,3,0,3,5,0,0,5,9,0,0,0,12,3,0,3,11,0,0,18,0,0,0,0,0,0,0,0,4,0,0,4,0,0,0,0,0,0,0,0,0,0,0,0,9,0,0,0,8,4,0,4,18,0,0,15,5,0,0,0,5,0,0,0,5,0,0,5,0,0,0,0,0,0,0,0,0,0,0,0
LGA33960,1120,58,13,66,1185,275,3,1465,9,0,0,0,9,0,0,0,9,0,30,39,3842,547,83,101,4578,186,35,223,4794,495,42,5334,940,92,13,9,1049,34,3,38,1089,71,0,1154,788,109,11,3,916,31,6,36,952,53,6,1009,40,5,11,3,57,0,0,0,57,3,0,62,6,0,0,15,20,4,0,7,30,0,0,28,1775,203,35,27,2044,70,5,75,2128,128,9,2257,67,6,0,0,75,11,0,11,95,11,0,103,41,11,0,0,61,11,3,16,71,3,0,75,112,22,0,5,133,25,3,26,163,14,0,179,1886,221,39,36,2184,93,14,108,2292,141,9,2436,487,90,17,18,611,35,8,45,652,180,3,831,10,0,0,0,9,0,0,0,9,3,15,29,2378,309,59,57,2801,131,21,151,2948,320,29,3296,1325,93,21,13,1450,29,8,36,1490,106,0,1595,1029,138,24,9,1193,23,0,28,1220,80,7,1301
LGA33980,142,0,0,0,143,3,0,149,3,0,0,0,5,0,0,0,5,0,0,5,547,42,24,12,623,7,0,7,630,8,0,641,71,4,4,0,84,0,0,0,84,5,0,86,110,12,0,0,132,0,0,0,132,3,0,132,3,3,0,0,8,0,0,0,8,0,0,8,0,0,0,0,0,0,0,0,0,0,0,0,191,21,8,5,222,0,0,0,222,7,0,230,3,0,0,0,6,0,0,0,8,0,0,8,3,0,0,0,7,3,0,3,8,0,0,8,10,0,0,0,8,3,0,3,16,0,0,16,202,23,5,5,233,3,0,3,236,7,0,246,48,3,0,3,52,0,0,0,52,6,0,59,0,0,0,0,0,0,0,0,0,0,0,0,249,24,6,7,284,3,0,3,289,13,0,301,94,6,0,3,106,0,0,0,109,3,0,110,116,22,4,4,143,3,0,3,148,0,0,148
LGA34420,4,0,0,0,6,3,0,8,0,0,0,0,0,0,0,0,0,0,0,0,9,3,0,0,10,6,0,6,18,4,0,23,0,0,0,0,0,0,0,0,0,0,0,0,0,4,0,0,4,0,0,0,4,0,0,4,0,0,0,0,0,0,0,0,0,0,0,0,0,0,0,0,0,0,0,0,0,0,0,0,0,4,0,0,4,0,0,0,4,0,0,4,0,0,0,0,0,0,0,4,4,0,0,4,0,0,0,0,0,0,0,0,0,0,0,0,0,0,0,0,0,0,0,4,4,0,0,4,0,4,0,0,4,0,0,4,7,0,0,7,4,0,0,0,4,0,0,0,4,0,0,4,0,0,0,0,0,0,0,0,0,0,0,0,4,4,0,0,3,0,0,4,8,0,0,8,0,0,0,0,0,0,0,0,0,0,0,0,0,0,0,0,0,0,0,0,0,0,0,0
LGA34530,131,9,0,4,138,23,0,162,0,0,0,0,0,0,0,0,0,0,0,0,687,74,23,17,797,28,3,35,832,57,0,890,173,17,5,0,188,6,0,6,200,8,0,210,189,15,4,0,207,3,0,3,208,14,0,222,10,0,3,0,8,0,0,0,10,0,0,11,0,0,0,0,3,0,0,0,3,0,0,6,365,32,17,5,417,5,0,12,426,25,0,448,10,0,0,0,12,6,0,6,18,0,0,18,11,3,0,0,12,4,3,3,12,0,0,15,15,3,0,0,22,9,3,12,27,0,0,30,379,33,19,5,436,13,4,17,452,27,0,481,72,5,0,0,79,3,0,3,86,19,0,101,0,0,0,0,3,0,0,0,3,0,0,6,458,38,19,10,516,15,3,21,539,52,0,587,232,10,10,3,256,4,0,5,266,16,0,275,236,29,8,0,270,9,0,13,282,20,0,301
LGA34570,3,0,0,0,3,7,0,12,0,0,0,3,3,0,0,0,3,0,0,3,10,0,0,5,22,3,0,3,20,9,0,32,3,0,0,0,3,0,0,0,3,0,0,3,0,0,0,0,0,0,0,0,0,0,0,0,0,0,0,0,0,0,0,0,0,0,0,0,0,0,0,0,0,0,0,0,0,0,0,0,3,0,0,0,3,0,0,0,3,0,0,7,0,0,0,0,0,0,0,0,0,0,0,0,0,0,0,0,0,0,0,0,0,0,0,0,0,0,0,0,0,0,0,0,0,0,0,0,3,0,0,0,3,0,0,0,3,0,0,7,0,0,0,0,0,0,0,0,0,0,0,0,0,0,0,0,0,0,0,0,0,0,0,0,4,0,0,0,4,0,0,0,4,3,0,7,0,0,0,0,0,0,0,0,0,0,0,0,0,0,0,0,0,0,0,0,0,0,0,0
LGA34580,233,16,4,14,245,68,0,317,4,0,0,0,4,0,0,0,4,0,7,6,747,105,33,27,906,26,4,32,930,107,12,1049,159,9,4,3,177,3,0,3,178,11,0,196,187,30,8,0,226,0,0,3,232,10,0,242,10,0,0,0,10,0,0,0,10,0,0,10,0,0,0,9,7,0,0,0,7,0,0,11,358,40,8,14,419,10,0,5,430,26,3,455,3,0,0,0,4,0,0,0,7,0,0,9,13,0,0,0,16,0,0,0,17,0,0,17,16,0,0,0,24,3,0,3,26,0,0,21,372,40,15,14,441,10,0,9,450,24,3,480,95,12,5,0,117,10,3,8,127,50,0,174,3,0,0,5,3,0,0,0,3,0,0,10,475,54,16,21,560,19,4,19,583,71,10,661,211,14,6,3,236,8,0,8,240,20,0,257,220,36,11,6,271,8,0,7,279,21,0,298
LGA34590,1865,107,20,129,2000,537,11,2547,7,0,0,7,16,0,0,0,16,9,37,58,6238,851,124,168,7379,255,50,307,7686,928,59,8677,1523,140,13,14,1695,51,6,56,1751,103,4,1860,1232,191,19,10,1451,44,3,50,1500,100,3,1602,43,9,16,0,70,0,0,0,72,9,0,77,21,11,0,32,58,0,0,0,58,9,3,68,2817,352,53,54,3279,91,10,101,3379,217,7,3612,74,13,0,3,94,12,0,15,103,8,0,113,99,19,3,4,117,7,3,12,130,15,0,144,174,32,3,5,209,17,4,27,235,20,0,259,2986,384,55,63,3490,111,14,127,3614,245,7,3870,830,179,31,32,1077,59,13,73,1148,370,4,1520,3,0,0,7,12,3,0,3,9,0,15,29,3824,563,83,108,4571,176,27,196,4772,617,29,5421,2014,201,33,13,2270,61,7,65,2336,147,3,2484,1534,257,25,16,1842,36,11,47,1885,113,0,2002
LGA34710,10,0,0,0,10,3,0,16,0,0,0,0,0,0,0,0,0,0,0,0,73,4,0,3,77,3,0,3,85,7,0,94,16,3,0,0,22,0,0,0,22,0,0,22,13,0,0,0,12,0,0,0,12,0,0,12,3,0,0,0,4,0,0,0,4,3,0,6,0,0,0,0,0,0,0,0,0,0,0,0,39,3,0,0,43,0,0,0,42,0,0,45,0,0,0,0,0,0,0,0,0,0,0,0,0,0,0,0,0,0,0,0,0,0,0,0,0,0,0,0,0,0,0,0,0,0,0,0,39,3,0,0,43,0,0,0,42,3,0,48,4,0,0,0,4,0,0,0,4,0,0,3,0,0,0,0,0,0,0,0,0,0,0,0,36,3,0,0,42,0,0,0,48,7,0,50,25,0,3,0,22,3,0,3,25,0,0,26,9,0,0,0,12,0,0,0,13,0,0,13
LGA34770,526,30,0,30,562,62,0,625,0,0,0,3,3,0,0,0,3,0,3,10,2426,210,60,57,2752,110,10,115,2866,144,7,3017,507,39,8,3,555,17,3,22,581,22,0,600,656,58,17,8,742,23,0,20,768,17,0,781,17,0,5,0,23,3,0,3,25,0,0,30,8,0,0,14,23,0,0,0,23,0,0,23,1184,98,34,27,1347,41,3,45,1394,37,0,1431,27,8,0,0,40,6,0,6,40,8,0,47,30,0,0,4,35,7,3,10,50,0,0,48,60,8,0,4,76,13,3,21,94,7,0,100,1250,109,40,29,1423,58,5,66,1487,46,0,1532,243,20,3,7,275,13,0,17,293,44,0,337,0,0,0,0,0,0,0,0,0,0,3,4,1486,129,42,39,1698,69,10,78,1774,91,8,1873,718,53,10,4,787,20,3,23,811,21,0,835,791,54,22,12,885,31,0,32,912,23,0,937
LGA34800,0,0,0,0,0,0,0,0,0,0,0,0,0,0,0,0,0,0,0,0,12,0,0,0,12,0,0,0,12,0,0,18,0,0,0,0,0,0,0,0,0,0,0,0,3,0,0,0,3,0,0,0,3,0,0,3,0,0,0,0,0,0,0,0,0,0,0,0,0,0,0,0,0,0,0,0,0,0,0,0,3,0,0,0,3,0,0,0,3,0,0,3,0,0,0,0,0,0,0,0,0,0,0,0,0,0,0,0,0,0,0,0,0,0,0,0,0,0,0,0,0,0,0,0,0,0,0,0,3,0,0,0,3,0,0,0,3,0,0,3,0,0,0,0,0,0,0,0,0,0,0,0,0,0,0,0,0,0,0,0,0,0,0,0,3,0,0,0,3,0,0,0,3,0,0,3,0,0,0,0,0,0,0,0,0,0,0,0,0,0,0,0,0,0,0,0,0,0,0,0
LGA34830,3,0,0,0,3,7,0,3,0,0,0,0,0,0,0,0,0,0,0,0,7,0,0,0,3,0,0,0,3,7,0,10,0,0,0,0,0,0,0,0,0,0,0,0,0,5,0,0,5,0,0,0,5,0,0,5,0,0,0,0,0,0,0,0,0,0,0,0,0,0,0,0,0,0,0,0,0,0,0,0,0,5,0,0,6,0,0,0,6,0,0,6,0,0,0,0,0,0,0,0,0,0,0,0,0,0,0,0,0,0,0,0,0,0,0,0,0,0,0,0,0,0,0,0,0,0,0,0,0,5,0,0,6,0,0,0,6,0,0,6,3,0,0,0,3,0,0,0,3,0,0,3,0,0,0,0,0,0,0,0,0,0,0,0,5,5,0,0,10,0,0,0,10,0,0,10,0,0,0,0,0,0,0,0,0,0,0,0,0,0,0,0,0,0,0,0,0,0,0,0
LGA34860,34,0,0,0,33,13,0,42,0,0,0,0,0,0,0,0,0,0,0,0,275,12,6,4,297,7,0,7,304,24,0,323,72,9,3,0,84,0,0,0,82,3,0,83,53,7,3,0,56,0,0,0,65,4,0,63,0,0,0,0,3,0,0,0,3,0,0,3,0,0,0,0,3,0,0,0,3,0,0,3,120,14,4,5,143,7,0,7,147,3,0,157,0,0,0,0,3,0,0,0,4,0,0,4,4,0,0,0,4,0,0,0,4,0,0,3,7,0,0,0,3,0,0,0,6,0,0,4,125,14,4,5,154,5,0,5,156,8,0,162,22,0,0,0,23,0,0,0,23,3,0,23,0,0,0,0,0,0,0,0,0,0,0,0,145,17,4,5,172,5,0,5,179,13,0,188,91,9,0,0,104,0,0,0,104,4,0,104,49,0,0,0,55,0,0,0,55,0,0,58
LGA34880,65,4,0,4,71,36,0,103,0,0,0,0,0,0,0,0,0,0,0,3,345,71,9,16,436,14,0,15,458,69,0,524,109,11,3,0,120,0,0,0,120,5,0,124,96,14,0,0,115,3,0,3,119,10,0,129,0,0,0,0,3,0,0,0,3,0,0,7,0,0,0,3,8,0,0,0,5,0,0,5,207,24,3,7,246,4,0,7,251,10,0,268,3,0,0,0,3,0,0,0,3,0,0,4,4,0,0,0,4,0,0,0,4,0,0,4,3,0,0,0,3,0,0,0,5,0,0,4,211,24,3,7,254,3,0,4,259,17,0,270,31,8,0,0,38,6,0,6,47,29,0,78,0,0,0,0,0,0,0,0,0,0,0,0,242,30,10,9,287,8,3,14,300,40,3,352,156,12,7,3,176,0,0,0,179,12,0,188,113,20,0,6,137,0,4,0,139,6,0,143
LGA35010,2282,87,22,108,2392,379,8,2771,15,0,0,7,23,0,0,0,23,0,31,55,9477,1061,210,179,10927,299,58,361,11288,817,48,12153,2097,211,34,13,2360,47,6,53,2415,142,0,2560,2318,241,42,15,2623,54,11,57,2687,118,3,2809,54,17,14,3,91,4,0,3,99,5,0,104,22,5,0,26,58,3,0,3,59,3,0,62,4497,479,87,66,5133,99,22,120,5251,274,3,5531,94,9,0,3,108,17,0,23,126,14,0,137,125,13,3,6,143,13,3,16,161,11,0,174,219,21,3,13,250,32,6,42,289,23,0,309,4715,502,93,77,5384,135,27,160,5538,297,3,5844,1079,155,38,33,1308,67,3,70,1377,262,4,1639,4,3,0,7,17,0,0,0,17,0,17,30,5802,658,129,119,6699,202,27,229,6931,561,23,7516,2952,251,48,18,3265,78,16,94,3358,209,0,3566,2928,336,74,19,3360,69,8,72,3436,163,0,3597
LGA35250,20,8,0,8,27,3,0,29,0,0,0,0,0,0,0,0,0,0,0,0,26,11,0,0,33,12,0,11,46,11,0,60,4,0,0,0,4,0,0,0,4,0,0,0,0,0,0,0,0,0,0,0,0,0,0,0,0,0,0,0,0,0,0,0,0,0,0,0,0,0,0,0,0,0,0,0,0,0,0,0,4,0,0,0,4,0,0,0,4,0,0,3,0,0,0,0,0,0,0,0,0,0,0,0,0,0,0,0,0,0,0,0,0,0,0,0,0,0,0,0,0,0,0,0,0,0,0,0,4,0,0,0,4,0,0,0,4,0,0,3,3,0,0,0,3,0,0,0,3,0,0,3,0,0,0,0,0,0,0,0,0,0,0,3,6,0,0,0,6,0,0,0,6,3,0,15,0,0,0,0,0,0,0,0,0,0,0,0,0,0,0,0,0,0,0,0,0,0,0,0
LGA35300,94,8,0,8,103,17,0,122,0,0,0,0,0,0,0,0,0,0,3,4,424,24,8,11,468,20,0,21,493,24,3,520,102,3,0,3,103,0,0,0,104,3,0,112,80,4,0,0,83,0,0,0,85,0,0,91,3,0,3,0,10,0,0,0,10,0,0,10,0,0,0,3,3,0,0,0,3,0,0,3,180,10,3,6,201,4,0,4,205,9,0,212,6,0,0,0,5,3,0,3,7,0,0,7,3,0,0,0,3,0,0,0,3,0,0,3,12,0,3,0,9,3,0,3,15,0,0,15,194,10,3,9,210,3,0,3,217,9,0,224,41,0,0,3,40,3,0,3,42,3,0,53,0,0,0,0,0,0,0,0,0,0,0,0,229,10,8,8,256,9,0,9,265,11,0,279,134,6,4,0,147,4,0,4,144,0,0,152,85,3,0,3,93,0,0,0,93,0,0,95
LGA35600,11,5,0,5,18,9,0,22,0,0,0,0,0,0,0,0,0,0,0,0,84,5,0,4,91,10,0,10,104,8,0,114,19,4,0,0,19,0,0,0,23,0,0,23,13,3,0,0,16,0,0,0,14,0,0,14,0,0,0,0,0,0,0,0,0,0,0,0,0,0,0,0,0,0,0,0,0,0,0,0,25,4,0,0,36,0,0,3,38,0,0,38,0,0,0,0,0,0,0,0,0,0,0,0,0,0,0,0,0,0,0,0,0,0,0,0,0,0,0,0,0,0,0,0,0,0,0,0,33,4,0,0,36,0,0,3,40,0,0,40,5,0,0,0,5,5,0,5,8,0,0,8,0,0,0,0,0,0,0,0,0,0,4,4,35,4,0,0,44,4,0,5,46,0,4,53,21,3,0,0,28,0,0,0,28,0,0,28,16,0,0,0,17,0,0,0,22,3,0,21
LGA35670,9,8,3,7,18,3,0,23,0,0,0,0,0,0,0,0,0,0,0,0,15,3,0,0,22,8,3,7,29,6,0,33,4,0,0,0,4,0,0,0,4,0,0,0,0,0,0,0,3,0,0,0,3,0,0,3,0,0,0,0,0,0,0,0,0,0,0,0,0,0,0,0,0,0,0,0,0,0,0,0,3,0,0,0,5,0,0,0,3,3,0,7,0,0,0,0,0,0,0,0,0,0,0,0,0,0,0,0,0,0,0,0,0,0,0,0,0,0,0,0,0,0,0,0,0,0,0,0,3,0,0,0,5,0,0,0,3,3,0,5,4,0,0,0,4,3,0,3,4,4,0,9,0,0,0,0,0,0,0,0,0,0,0,0,3,3,0,0,11,3,0,3,13,5,0,18,0,0,0,0,0,0,0,0,0,0,0,0,0,0,0,0,0,0,0,0,0,0,0,3
LGA35740,172,3,3,8,182,49,0,229,3,0,0,4,7,0,0,0,7,0,0,12,910,168,23,20,1123,23,3,28,1148,102,3,1253,222,35,4,0,259,3,0,3,262,17,0,284,265,62,7,4,337,10,0,8,353,30,0,382,5,3,0,0,10,0,0,0,10,0,0,10,4,0,0,0,4,0,0,0,4,0,0,7,495,103,9,3,613,11,0,14,627,45,4,678,0,0,0,0,0,0,0,0,4,3,0,7,8,3,0,0,9,0,0,0,7,0,0,14,9,3,0,0,14,0,0,0,17,3,0,16,508,101,9,3,625,13,0,18,641,53,4,695,63,27,0,4,99,3,3,4,103,40,0,145,0,0,0,3,3,0,0,0,3,0,0,7,573,135,12,13,724,21,5,20,750,92,5,842,303,44,5,0,352,8,0,7,357,20,0,380,288,64,7,4,364,11,0,8,370,21,0,397
LGA35760,33,0,0,0,31,20,0,55,0,3,0,0,3,0,0,0,3,0,0,3,197,30,3,6,235,8,3,9,245,26,5,280,65,10,0,0,79,0,0,0,82,3,0,85,38,5,0,0,45,0,0,0,45,3,0,45,0,0,0,0,3,0,0,0,3,0,0,3,3,0,0,0,3,0,0,0,3,0,0,3,109,17,4,0,123,0,0,0,125,6,0,131,0,0,0,0,0,0,0,0,0,0,0,0,0,0,0,0,0,0,0,0,0,0,0,0,0,0,0,0,0,0,0,0,0,0,0,0,109,17,4,0,123,0,0,0,125,6,0,131,19,3,0,0,24,3,0,3,23,10,0,31,0,0,0,0,0,0,0,0,0,0,0,0,125,20,3,0,150,4,0,4,154,14,0,166,69,5,0,0,75,0,0,0,75,0,0,73,33,13,0,3,49,0,0,0,49,3,0,58
LGA35780,17,0,0,0,23,16,0,40,0,0,0,0,0,0,0,0,0,0,0,0,51,12,3,0,60,8,0,9,76,36,0,107,12,0,0,3,14,7,0,7,15,0,0,21,0,0,0,0,3,0,0,0,3,0,0,3,0,0,0,0,0,0,0,0,0,0,0,0,0,0,0,0,0,0,0,0,0,0,0,0,14,3,0,3,17,7,0,7,23,3,0,22,0,4,0,0,4,6,0,6,7,0,0,7,0,0,0,0,0,0,0,0,0,0,0,0,0,4,0,0,4,4,0,4,4,0,0,4,14,6,0,3,17,9,0,9,27,3,0,30,5,0,0,0,7,3,0,3,5,7,0,15,0,0,0,0,0,0,0,0,0,0,0,0,20,8,0,3,26,12,0,12,33,15,0,46,13,0,0,0,18,4,0,3,21,0,0,25,3,0,0,0,3,0,0,0,3,3,0,7
LGA35790,11,0,0,0,16,18,0,29,0,0,0,0,0,0,0,0,0,0,0,0,16,15,0,0,28,0,4,4,36,27,0,59,4,3,0,0,5,0,0,0,5,0,0,5,3,0,0,0,0,0,0,0,0,3,0,6,0,0,0,0,0,0,0,0,0,0,0,0,0,0,0,0,0,0,0,0,0,0,0,0,7,4,0,0,10,0,0,0,10,3,0,11,0,0,0,0,0,0,0,0,0,0,0,0,0,0,0,0,0,0,0,0,0,0,0,0,0,0,0,0,0,0,0,0,0,0,0,0,4,4,0,0,9,0,0,0,9,3,0,13,0,7,0,0,7,3,0,8,16,18,0,26,0,0,0,0,0,0,0,0,0,0,0,0,4,8,0,0,19,3,0,8,25,17,0,40,0,0,0,0,0,0,0,0,0,0,0,3,0,0,0,0,3,0,0,0,6,0,0,6
LGA35800,0,0,0,0,0,3,0,10,0,0,0,0,0,0,0,0,0,0,0,0,13,0,0,0,13,0,0,0,10,7,0,20,4,0,0,0,4,0,0,0,4,0,0,4,3,0,0,0,3,0,0,0,3,0,0,5,0,0,0,0,0,0,0,0,0,0,0,0,0,0,0,0,0,0,0,0,0,0,0,0,3,0,0,0,3,0,0,0,3,0,0,6,0,0,0,0,0,0,0,0,0,0,0,0,0,0,0,0,0,0,0,0,0,0,0,0,0,0,0,0,0,0,0,0,0,0,0,0,3,0,0,0,3,0,0,0,3,0,0,6,5,0,0,0,5,0,0,0,3,0,0,3,0,0,0,0,0,0,0,0,0,0,0,0,6,0,0,0,6,0,0,0,6,0,0,10,7,0,0,0,6,0,0,0,6,0,0,6,0,0,0,0,0,0,0,0,0,0,0,3
LGA36070,3,0,0,0,3,7,0,9,0,0,0,0,0,0,0,0,0,0,0,0,4,4,0,0,11,0,3,5,15,11,0,17,0,0,0,0,0,0,0,0,0,0,0,0,0,0,0,0,3,0,0,0,3,0,0,3,0,0,0,0,0,0,0,0,0,0,0,0,0,0,0,0,0,0,0,0,0,0,0,0,0,0,0,0,3,0,0,0,3,0,0,3,0,0,0,0,0,0,0,0,0,0,0,0,0,0,0,0,0,0,0,0,0,0,0,0,0,0,0,0,0,0,0,0,0,0,0,0,0,0,0,0,3,0,0,0,3,0,0,3,0,0,0,0,0,0,0,0,0,0,0,3,0,0,0,0,0,0,0,0,0,0,0,0,0,0,0,0,3,0,0,0,3,0,0,4,0,0,0,0,0,0,0,0,0,0,0,0,0,3,0,0,3,0,0,0,3,0,0,3
LGA36150,0,0,0,0,0,0,0,0,0,0,0,0,0,0,0,0,0,0,0,0,16,0,0,0,12,0,0,0,12,0,0,12,0,0,0,0,3,0,0,0,3,0,0,3,0,0,0,0,0,0,0,0,0,0,0,0,0,0,0,0,0,0,0,0,0,0,0,0,0,0,0,0,0,0,0,0,0,0,0,0,3,0,0,0,4,0,0,0,4,0,0,4,0,0,0,0,0,0,0,0,0,0,0,0,0,0,0,0,0,0,0,0,0,0,0,0,0,0,0,0,0,0,0,0,0,0,0,0,3,0,0,0,4,0,0,0,4,0,0,4,0,0,0,0,0,0,0,0,0,0,0,0,0,0,0,0,0,0,0,0,0,0,0,0,3,0,0,0,6,0,0,0,6,0,0,6,3,0,0,0,3,0,0,0,3,0,0,3,0,0,0,0,0,0,0,0,0,0,0,0
LGA36250,685,14,7,25,704,83,4,786,4,0,0,3,11,0,0,0,11,0,7,17,3431,342,46,54,3873,72,15,89,3961,217,12,4194,814,78,10,5,904,18,0,16,919,42,3,970,962,92,17,16,1084,21,5,22,1106,36,0,1137,28,4,7,0,36,0,0,0,36,0,0,37,12,0,0,5,20,0,0,0,20,0,0,20,1814,169,30,26,2039,35,5,36,2074,77,3,2161,26,5,0,0,26,4,0,4,35,8,0,39,45,6,0,7,57,0,0,0,61,3,0,63,65,16,0,7,86,6,0,6,93,7,0,100,1883,186,33,25,2130,35,5,41,2168,90,3,2260,340,42,0,7,386,11,3,12,403,54,0,457,3,0,0,0,3,0,0,0,3,0,3,7,2229,226,36,33,2520,43,10,51,2572,142,12,2724,1309,126,22,6,1459,29,6,31,1489,49,3,1548,1223,118,27,5,1381,28,9,31,1411,42,0,1451
LGA36300,3,0,0,0,3,0,0,3,0,0,0,0,0,0,0,0,0,0,0,0,13,3,0,0,15,0,0,0,15,0,0,15,0,0,0,0,0,0,0,0,0,0,0,0,0,0,0,0,0,0,0,0,0,0,0,0,0,0,0,0,0,0,0,0,0,0,0,0,0,0,0,0,0,0,0,0,0,0,0,0,0,0,0,0,0,0,0,0,0,0,0,0,0,0,0,0,0,0,0,0,0,0,0,0,0,0,0,0,0,0,0,0,0,0,0,0,0,0,0,0,0,0,0,0,0,0,0,0,0,0,0,0,0,0,0,0,0,0,0,0,0,0,0,0,0,0,0,0,0,0,0,0,0,0,0,0,0,0,0,0,0,0,0,0,0,0,0,0,0,0,0,0,0,0,0,0,0,0,0,0,0,0,0,0,0,0,0,0,0,0,0,0,0,0,0,0,0,0,0,0
LGA36370,322,22,3,25,348,93,0,441,0,0,0,0,0,0,0,0,0,0,3,5,1394,146,29,28,1596,75,13,84,1679,162,11,1851,386,27,9,3,417,22,3,23,440,28,0,466,357,49,5,3,420,12,3,14,429,13,0,440,10,0,0,0,17,0,0,0,14,0,0,16,4,0,0,0,3,0,0,0,3,3,0,6,756,75,20,8,855,36,7,36,896,36,0,933,4,0,0,0,4,3,0,3,11,7,0,15,16,0,0,0,17,3,0,3,21,4,0,27,17,0,0,0,21,8,0,8,34,12,0,43,775,74,18,8,876,42,7,47,924,48,0,976,127,29,4,0,164,11,3,11,172,53,0,226,0,0,0,0,0,0,0,0,0,0,0,4,903,102,28,8,1037,53,8,59,1096,97,0,1199,498,36,7,3,543,19,0,17,564,32,0,594,419,50,11,3,480,21,4,23,502,18,0,522
LGA36510,213,5,0,7,221,53,3,283,3,0,0,0,10,0,0,0,10,0,4,8,885,119,18,24,1047,35,3,40,1085,107,9,1200,180,15,3,0,202,5,0,5,205,10,0,216,262,31,0,3,299,5,4,7,307,9,3,318,9,3,0,0,13,0,0,0,13,0,0,11,3,0,0,10,11,0,0,0,11,0,0,17,457,51,5,9,527,6,4,9,533,28,3,563,3,0,0,0,7,3,0,3,8,0,0,7,3,0,0,0,3,0,3,3,3,0,0,6,6,3,0,0,14,3,3,5,13,3,0,19,466,52,6,9,532,13,3,16,553,28,3,584,98,14,4,3,127,3,0,3,128,38,0,166,3,0,0,0,3,0,0,0,3,0,0,7,570,68,15,11,666,12,3,19,687,64,3,755,238,24,12,0,266,11,3,12,280,14,0,293,303,36,4,8,350,7,0,7,357,24,0,377
LGA36580,138,5,0,10,148,45,0,198,0,0,0,0,0,0,0,0,0,0,0,0,476,61,15,15,567,15,0,22,586,84,0,673,94,7,0,0,102,3,0,3,103,17,0,118,105,27,0,0,138,0,0,0,138,11,0,149,3,0,0,0,5,0,0,0,3,0,0,4,0,0,0,0,0,0,0,0,0,0,0,3,198,38,3,4,242,3,0,3,248,24,0,268,10,0,0,0,10,5,0,5,13,0,0,15,0,0,0,0,5,0,0,0,3,0,0,3,10,0,0,0,8,7,0,7,18,0,0,17,208,35,3,4,251,12,0,12,265,29,0,292,52,11,0,0,70,6,0,6,71,33,0,107,0,0,0,0,0,0,0,0,3,0,0,4,261,49,3,6,318,15,0,15,335,55,0,395,143,11,0,0,152,0,0,0,153,14,0,174,126,23,0,3,151,7,0,7,152,12,0,163
LGA36630,170,5,3,9,181,65,0,247,0,0,0,0,0,0,0,0,0,0,0,3,578,92,10,19,696,20,3,22,713,115,4,831,128,14,0,0,143,0,0,0,142,7,0,151,140,26,5,0,174,3,0,0,176,12,0,195,9,0,0,0,11,3,0,3,8,0,0,8,0,0,0,3,3,0,0,0,3,0,0,3,274,44,4,6,327,8,0,7,334,24,0,363,4,0,0,0,3,0,0,0,3,0,0,4,3,0,0,0,3,0,0,0,3,4,0,3,6,0,0,0,4,0,0,0,4,5,0,12,278,44,4,6,336,8,0,7,341,30,0,369,72,12,0,3,91,6,4,8,103,56,0,156,0,0,0,0,0,0,0,0,3,0,0,4,354,58,8,9,429,10,3,14,443,86,3,534,147,11,0,0,166,3,0,3,167,8,0,177,139,33,7,3,186,0,0,3,189,14,0,205
LGA36660,168,3,3,3,172,68,0,241,0,0,0,0,3,0,0,0,3,0,3,10,641,107,20,13,775,11,3,18,790,119,4,912,155,18,0,0,173,3,0,3,176,13,0,188,188,32,0,0,217,5,0,5,220,18,0,236,5,0,0,0,13,0,0,0,13,0,0,13,0,0,0,4,9,0,0,0,9,0,0,11,354,50,5,4,408,4,0,4,419,33,0,444,3,0,0,0,3,0,0,0,4,3,0,3,10,0,0,0,6,0,0,0,12,0,0,13,7,0,0,0,12,0,0,3,12,0,0,17,360,49,5,4,423,7,0,8,425,35,0,459,76,15,0,6,100,3,0,5,106,43,0,148,0,0,0,0,0,0,0,0,0,0,4,3,435,62,8,8,520,13,3,10,529,78,4,611,201,30,0,0,226,0,3,3,232,21,0,254,238,51,3,4,298,3,0,3,300,25,0,323
LGA36720,1226,43,7,53,1276,206,3,1489,6,3,0,9,19,0,0,0,19,0,10,28,5883,914,144,103,7037,174,36,209,7251,478,20,7751,1233,173,13,8,1429,24,5,34,1462,74,0,1543,1698,288,39,14,2042,35,4,43,2082,100,3,2184,33,4,11,0,48,0,0,0,48,3,0,55,19,6,0,21,38,3,0,3,40,4,3,53,2980,465,65,51,3563,67,8,80,3639,182,8,3828,43,8,0,0,54,12,0,11,63,12,0,75,70,13,0,3,87,12,3,13,103,3,0,108,114,18,0,3,144,22,3,24,167,16,0,184,3098,488,72,52,3703,88,19,101,3805,202,8,4015,551,95,22,13,682,30,8,33,713,125,5,846,7,0,0,3,10,0,0,0,10,3,5,22,3654,583,87,70,4398,110,21,134,4533,326,17,4882,1743,237,31,16,2029,43,12,52,2076,84,0,2166,2055,367,45,30,2494,57,5,63,2562,93,3,2648
LGA36820,75,3,0,3,79,35,0,120,0,0,0,0,4,0,0,0,4,0,0,3,381,80,8,11,488,13,0,17,503,65,4,571,89,16,0,0,106,4,0,4,113,7,0,119,123,28,0,0,157,3,0,6,163,12,0,170,6,0,0,0,6,0,0,0,6,0,0,6,0,0,0,5,5,0,0,0,5,0,0,5,221,42,3,10,269,12,0,8,283,20,0,301,0,0,0,0,0,0,0,0,4,3,0,4,0,3,0,0,5,0,0,0,5,0,0,5,7,3,0,0,7,0,0,0,9,3,0,9,225,41,3,8,281,10,0,11,293,23,0,314,23,9,5,0,30,0,0,0,35,17,4,56,0,0,0,0,0,0,0,0,0,0,4,4,247,50,7,9,313,13,0,11,325,41,4,370,108,19,9,3,135,0,3,5,138,12,0,150,114,25,6,0,149,0,3,3,158,17,0,168
LGA36910,797,34,4,36,835,172,3,1015,3,0,0,0,7,0,0,0,7,0,4,10,3473,385,71,52,3980,88,27,117,4093,338,13,4445,814,79,4,8,902,22,9,22,928,33,0,962,914,97,15,8,1035,14,3,17,1054,36,0,1094,28,3,14,0,42,0,0,0,42,3,0,46,17,0,0,11,25,0,0,0,27,0,0,30,1772,179,30,21,2010,30,10,44,2054,73,3,2132,22,7,0,0,26,4,0,4,30,3,0,32,38,12,0,0,46,4,3,5,49,7,0,57,58,18,0,0,74,3,3,7,84,10,0,87,1830,200,32,21,2083,35,13,48,2135,86,3,2217,325,69,9,5,406,22,5,25,429,107,0,539,5,0,0,0,3,0,0,0,3,0,8,10,2159,265,41,24,2488,59,16,78,2571,188,12,2767,1111,84,20,14,1229,29,6,36,1263,55,0,1322,1113,145,11,11,1282,13,4,15,1297,59,0,1361
LGA36950,13,0,0,3,14,5,0,21,0,0,0,0,0,0,0,0,0,0,4,9,60,7,4,3,75,3,0,7,80,10,4,103,22,3,0,0,21,0,0,0,22,0,0,27,6,3,0,0,10,0,0,0,10,0,0,10,0,0,0,0,0,0,0,0,0,0,0,0,0,0,0,0,0,0,0,0,0,0,0,0,30,5,0,0,36,3,0,3,39,0,0,39,0,0,0,0,0,3,0,3,5,0,0,5,0,0,0,0,0,0,0,0,0,0,0,0,0,0,0,0,0,3,0,3,5,0,0,5,32,5,0,0,40,3,0,3,39,0,0,42,10,3,3,3,17,0,0,0,17,3,0,21,0,0,0,0,0,0,0,0,0,0,3,4,36,12,0,3,49,3,0,3,58,5,3,67,9,3,3,0,19,0,0,0,19,4,0,18,3,0,0,0,6,0,0,0,6,0,0,4
LGA36960,46,10,0,8,55,39,0,93,0,0,0,3,3,0,0,0,3,0,0,3,57,32,0,6,99,15,4,20,113,56,3,175,3,0,0,0,7,0,0,0,7,3,0,7,3,0,0,0,10,0,0,0,10,0,0,12,0,0,0,0,0,0,0,0,0,0,0,0,0,0,0,0,0,0,0,0,0,0,0,0,6,4,0,0,18,0,0,0,18,5,0,16,0,0,0,0,0,0,0,0,0,0,0,0,0,0,0,0,0,0,0,0,0,4,0,4,0,0,0,0,0,0,0,0,0,4,0,4,6,4,0,0,18,0,0,0,18,3,0,23,7,4,0,0,9,0,0,4,14,14,0,25,0,0,0,0,0,0,0,0,0,0,0,0,17,12,0,0,30,0,0,4,30,16,0,43,3,0,0,0,3,0,0,0,3,0,0,7,4,0,0,0,4,0,0,0,4,0,0,4
LGA37010,691,49,12,59,756,198,0,960,0,0,0,0,0,0,0,0,0,3,3,8,3348,435,86,69,3934,168,29,195,4133,387,16,4538,929,102,13,6,1051,32,0,38,1090,61,3,1151,787,103,22,7,920,23,0,25,945,37,0,986,22,9,8,0,34,0,0,0,34,7,0,40,11,0,0,11,22,0,0,0,24,0,0,28,1752,215,43,24,2029,60,5,66,2094,105,3,2201,38,11,0,3,45,20,0,23,66,3,0,73,43,3,0,4,51,10,0,9,56,5,0,61,74,14,0,7,94,27,3,35,128,10,0,133,1822,230,43,33,2124,90,6,97,2221,115,3,2339,297,40,13,12,359,30,4,29,392,127,4,521,5,0,0,0,5,0,0,0,5,0,16,16,2119,268,54,39,2489,120,9,128,2615,239,23,2873,1305,130,31,10,1476,60,11,68,1543,71,3,1617,954,131,31,9,1128,31,3,35,1162,72,0,1238
LGA37300,21,0,0,0,21,0,0,24,0,0,0,0,0,0,0,0,0,0,0,0,119,12,3,6,135,3,0,3,136,3,0,146,42,0,0,0,45,0,0,0,45,0,0,45,10,6,0,0,14,0,0,0,14,0,0,14,0,0,0,0,0,0,0,0,0,0,0,0,0,0,0,0,0,0,0,0,0,0,0,0,52,6,0,4,61,0,0,0,61,0,0,61,4,0,0,0,4,0,0,0,3,0,0,3,0,0,0,0,0,0,0,0,3,0,0,3,3,0,0,0,3,0,0,4,5,0,0,5,56,6,0,4,68,0,0,4,67,0,0,67,11,0,0,0,16,0,0,0,17,0,0,16,0,0,0,0,0,0,0,0,0,0,0,0,70,9,5,4,81,3,0,0,87,0,0,84,33,6,0,0,38,0,0,0,38,0,0,43,8,0,0,0,13,0,0,0,13,0,0,13
LGA37310,161,4,0,10,170,42,3,207,0,3,0,0,3,0,0,0,3,0,0,3,723,65,29,10,826,26,0,26,852,70,3,927,160,16,3,0,178,3,0,3,180,8,0,186,186,17,4,0,213,0,0,0,213,4,0,222,8,0,0,0,8,0,0,0,8,0,0,8,7,0,0,0,4,0,0,0,4,0,0,4,357,33,8,3,404,0,0,5,409,11,0,420,10,0,0,0,10,0,0,0,12,0,0,12,7,4,0,0,7,0,0,0,7,0,0,7,14,4,0,0,17,3,0,3,15,0,0,15,368,42,8,3,424,3,0,9,430,11,0,438,69,8,4,0,82,8,0,12,89,26,0,118,3,0,0,0,3,0,0,0,3,0,3,4,436,45,13,3,500,17,0,15,518,37,3,561,199,12,3,0,218,0,0,5,218,6,0,227,217,25,7,3,246,3,0,3,253,12,0,257
LGA37340,94,11,0,11,106,17,0,121,0,0,0,0,0,0,0,0,0,0,0,3,561,78,16,12,671,29,0,29,695,28,3,729,133,21,0,0,152,8,0,3,155,5,0,159,112,20,5,4,145,10,0,10,153,3,0,157,7,0,3,0,12,0,0,0,12,0,0,12,0,0,0,0,3,0,0,0,3,0,0,3,250,37,15,5,308,12,0,16,321,10,0,335,6,0,0,0,6,0,0,0,6,0,0,11,4,3,0,0,4,0,0,0,4,0,0,4,11,3,0,0,12,0,0,0,12,0,0,15,258,44,14,5,326,12,0,16,335,10,3,350,34,7,0,3,45,3,0,8,47,9,0,60,0,0,0,0,0,0,0,0,0,0,0,0,293,48,16,14,371,18,3,17,389,18,3,412,155,30,3,0,186,10,0,10,196,3,0,198,154,21,8,0,181,0,0,0,186,9,0,191
LGA37400,5,0,0,0,5,0,0,5,0,0,0,0,0,0,0,0,0,0,0,0,21,3,0,0,28,0,0,0,28,0,0,28,3,0,0,0,3,0,0,0,3,0,0,3,0,0,0,0,0,0,0,0,0,0,0,0,0,0,0,0,0,0,0,0,0,0,0,0,0,0,0,0,0,0,0,0,0,0,0,0,3,0,0,0,10,0,0,0,10,0,0,10,0,0,0,0,0,0,0,0,0,0,0,0,0,0,0,0,0,0,0,0,0,0,0,0,0,0,0,0,0,0,0,0,0,0,0,0,3,0,0,0,10,0,0,0,10,0,0,10,3,0,0,0,3,0,0,0,3,0,0,3,0,0,0,0,0,0,0,0,0,0,0,0,8,0,0,0,12,0,0,0,12,0,0,12,8,3,0,0,10,0,0,0,10,0,0,10,0,0,0,0,0,0,0,0,0,0,0,0
LGA37550,5,0,0,0,5,10,0,21,0,0,0,0,0,0,0,0,0,0,0,0,4,6,0,0,10,0,0,0,10,14,0,28,0,0,0,0,0,0,0,0,0,0,0,3,0,0,0,0,0,0,0,0,0,0,0,3,0,0,0,0,0,0,0,0,0,0,0,0,0,0,0,0,0,0,0,0,0,0,0,0,3,0,0,0,5,0,0,0,5,4,0,7,0,0,0,0,0,0,0,0,0,0,0,0,0,0,0,0,0,0,0,0,0,0,0,0,0,0,0,0,0,0,0,0,0,0,0,0,3,0,0,0,5,0,0,0,5,4,0,5,0,0,0,0,0,0,0,0,0,8,0,10,0,0,0,0,0,0,0,0,0,0,0,0,3,0,0,0,4,0,0,0,4,12,0,12,0,0,0,0,0,0,0,0,0,0,0,0,0,0,0,0,0,0,0,0,0,0,0,3
LGA37570,3,0,0,0,3,0,0,3,0,0,0,0,0,0,0,0,0,0,0,0,3,0,0,0,3,0,0,0,3,0,0,3,0,0,0,0,0,0,0,0,0,0,0,0,0,0,0,0,0,0,0,0,0,0,0,0,0,0,0,0,0,0,0,0,0,0,0,0,0,0,0,0,0,0,0,0,0,0,0,0,0,0,0,0,0,0,0,0,0,0,0,0,0,0,0,0,0,0,0,0,0,0,0,0,0,0,0,0,0,0,0,0,0,0,0,0,0,0,0,0,0,0,0,0,0,0,0,0,0,0,0,0,0,0,0,0,0,0,0,0,0,0,0,0,0,0,0,0,0,0,0,3,0,0,0,0,0,0,0,0,0,0,0,0,0,0,0,0,3,0,0,0,3,0,0,3,0,0,0,0,0,0,0,0,0,0,0,0,0,0,0,0,0,0,0,0,0,0,0,0
LGA37600,4,11,0,11,21,44,0,59,0,0,0,0,0,0,0,0,0,0,0,0,22,5,0,3,30,21,4,25,61,49,0,110,3,0,0,0,4,0,0,3,6,3,0,11,0,4,0,0,9,0,0,3,9,0,0,11,0,0,3,0,3,0,0,0,4,0,0,4,0,0,0,0,0,0,0,0,0,0,0,0,9,5,3,0,15,0,4,3,20,4,0,18,0,0,0,0,0,7,0,7,7,0,0,6,0,0,0,0,0,0,0,0,0,0,0,0,0,0,0,0,0,7,0,8,8,0,0,5,9,5,3,0,15,9,3,10,26,4,0,28,0,0,0,0,0,4,0,4,8,32,0,39,0,0,0,0,0,0,0,0,0,0,0,0,4,3,3,0,12,10,3,14,30,34,0,67,5,0,0,0,5,0,0,0,12,0,0,12,0,3,0,0,3,0,3,3,3,0,0,8
LGA39499,0,0,0,0,0,0,0,0,0,0,0,0,0,0,0,0,0,0,0,0,0,0,0,0,0,0,0,0,0,0,0,0,0,0,0,0,0,0,0,0,0,0,0,0,0,0,0,0,0,0,0,0,0,0,0,0,0,0,0,0,0,0,0,0,0,0,0,0,0,0,0,0,0,0,0,0,0,0,0,0,0,0,0,0,0,0,0,0,0,0,0,0,0,0,0,0,0,0,0,0,0,0,0,0,0,0,0,0,0,0,0,0,0,0,0,0,0,0,0,0,0,0,0,0,0,0,0,0,0,0,0,0,0,0,0,0,0,0,0,0,0,0,0,0,0,0,0,0,0,0,0,0,0,0,0,0,0,0,0,0,0,0,0,0,0,0,0,0,0,0,0,0,0,0,0,0,0,0,0,0,0,0,0,0,0,0,0,0,0,0,0,0,0,0,0,0,0,0,0,0
LGA39799,0,0,0,0,0,0,0,0,0,0,0,0,0,0,0,0,0,0,0,0,0,0,0,0,0,0,0,0,0,0,0,0,0,0,0,0,0,0,0,0,0,0,0,0,0,0,0,0,0,0,0,0,0,0,0,0,0,0,0,0,0,0,0,0,0,0,0,0,0,0,0,0,0,0,0,0,0,0,0,0,0,0,0,0,0,0,0,0,0,0,0,0,0,0,0,0,0,0,0,0,0,0,0,0,0,0,0,0,0,0,0,0,0,0,0,0,0,0,0,0,0,0,0,0,0,0,0,0,0,0,0,0,0,0,0,0,0,0,0,0,0,0,0,0,0,0,0,0,0,0,0,0,0,0,0,0,0,0,0,0,0,0,0,0,0,0,0,0,0,0,0,0,0,0,0,0,0,0,0,0,0,0,0,0,0,0,0,0,0,0,0,0,0,0,0,0,0,0,0,0
