LGA_CODE_2016,Buddhism_M,Buddhism_F,Buddhism_P,Christianity_Anglican_M,Christianity_Anglican_F,Christianity_Anglican_P,Christianity_Asyrin_Apstlic_M,Christianity_Asyrin_Apstlic_F,Christianity_Asyrin_Apstlic_P,Christianity_Baptist_M,Christianity_Baptist_F,Christianity_Baptist_P,Christianity_Brethren_M,Christianity_Brethren_F,Christianity_Brethren_P,Christianity_Catholic_M,Christianity_Catholic_F,Christianity_Catholic_P,Christianity_Church_Christ_M,Christianity_Church_Christ_F,Christianity_Church_Christ_P,Christianity_Eastrn_Orthdox_M,Christianity_Eastrn_Orthdox_F,Christianity_Eastrn_Orthdox_P,Christinty_Jehvahs_Witnses_M,Christinty_Jehvahs_Witnses_F,Christinty_Jehvahs_Witnses_P,Christianity_Lattr_day_Snts_M,Christianity_Lattr_day_Snts_F,Christianity_Lattr_day_Snts_P,Christianity_Lutheran_M,Christianity_Lutheran_F,Christianity_Lutheran_P,Christianity_Orintal_Orthdx_M,Christianity_Orintal_Orthdx_F,Christianity_Orintal_Orthdx_P,Christianity_Othr_Protestnt_M,Christianity_Othr_Protestnt_F,Christianity_Othr_Protestnt_P,Christianity_Pentecostal_M,Christianity_Pentecostal_F,Christianity_Pentecostal_P,Christinty_Prsbytrin_Refrmd_M,Christinty_Prsbytrin_Refrmd_F,Christinty_Prsbytrin_Refrmd_P,Christianity_Salvation_Army_M,Christianity_Salvation_Army_F,Christianity_Salvation_Army_P,Christnty_Sevnth_dy_Advntst_M,Christnty_Sevnth_dy_Advntst_F,Christnty_Sevnth_dy_Advntst_P,Christianity_Uniting_Church_M,Christianity_Uniting_Church_F,Christianity_Uniting_Church_P,Christianity_Christian_nfd_M,Christianity_Christian_nfd_F,Christianity_Christian_nfd_P,Christianity_Othr_Christian_M,Christianity_Othr_Christian_F,Christianity_Othr_Christian_P,Christianity_Tot_M,Christianity_Tot_F,Christianity_Tot_P,Hinduism_M,Hinduism_F,Hinduism_P,Islam_M,Islam_F,Islam_P,Judaism_M,Judaism_F,Judaism_P,Othr_Rel_Aust_Abor_Trad_Rel_M,Othr_Rel_Aust_Abor_Trad_Rel_F,Othr_Rel_Aust_Abor_Trad_Rel_P,Othr_Rel_Sikhism_M,Othr_Rel_Sikhism_F,Othr_Rel_Sikhism_P,Othr_Reln_Other_reln_groups_M,Othr_Reln_Other_reln_groups_F,Othr_Reln_Other_reln_groups_P,Other_Religions_Tot_M,Other_Religions_Tot_F,Other_Religions_Tot_P,SB_OSB_NRA_NR_M,SB_OSB_NRA_NR_F,SB_OSB_NRA_NR_P,SB_OSB_NRA_SB_M,SB_OSB_NRA_SB_F,SB_OSB_NRA_SB_P,SB_OSB_NRA_OSB_M,SB_OSB_NRA_OSB_F,SB_OSB_NRA_OSB_P,SB_OSB_NRA_Tot_M,SB_OSB_NRA_Tot_F,SB_OSB_NRA_Tot_P,Religious_affiliation_ns_M,Religious_affiliation_ns_F,Religious_affiliation_ns_P,Tot_M,Tot_F,Tot_P
LGA30250,0,0,3,11,10,23,0,0,0,0,0,0,0,0,0,13,19,32,0,0,0,0,0,0,0,0,0,0,0,0,0,0,0,0,0,0,0,0,0,3,0,5,78,62,141,0,0,0,0,0,3,268,297,566,32,18,44,0,0,0,400,406,808,0,0,0,0,0,0,0,0,0,13,11,24,0,0,0,0,0,0,13,7,20,185,194,375,3,0,3,0,0,0,189,194,380,34,23,60,632,635,1269
LGA30300,10,8,18,635,614,1247,0,0,0,16,18,26,0,0,0,633,636,1271,0,0,0,5,0,6,3,8,8,0,0,0,22,21,39,0,0,0,25,21,46,25,32,50,113,114,226,11,10,19,9,5,18,113,113,222,65,83,150,0,0,0,1665,1663,3329,0,0,0,3,0,5,0,0,0,0,0,0,0,0,0,0,7,8,0,7,8,347,262,609,0,4,4,0,0,3,352,264,613,219,189,410,2251,2129,4377
LGA30370,56,66,121,1722,1757,3478,0,0,0,186,177,367,0,0,0,1709,1657,3367,6,7,10,23,16,39,47,45,88,9,7,19,214,223,432,0,0,0,32,45,77,62,82,148,379,373,752,12,27,38,24,33,57,506,526,1035,185,176,364,5,8,10,5127,5153,10283,36,19,53,59,16,75,0,4,5,0,3,3,7,13,19,9,13,25,19,27,50,1266,978,2241,16,4,18,14,8,20,1289,993,2284,791,658,1447,7388,6928,14319
LGA30410,0,8,6,350,355,707,0,0,0,16,17,28,0,0,0,406,412,818,0,0,0,3,0,7,9,10,14,0,0,0,6,11,19,0,0,0,0,0,0,6,3,5,38,37,76,7,4,10,0,0,0,136,182,317,26,23,51,0,0,0,1006,1047,2056,8,7,14,8,10,11,0,0,0,7,3,10,0,0,0,3,4,3,10,5,16,277,223,502,0,3,7,0,0,4,278,230,507,138,116,252,1449,1419,2865
LGA30450,0,0,0,38,35,78,0,0,0,0,0,0,0,0,0,52,37,94,0,0,0,0,0,0,0,0,0,0,0,0,0,0,0,0,0,0,0,0,0,0,0,0,12,3,13,0,0,0,0,0,0,9,15,24,0,0,0,0,0,0,122,94,217,0,0,0,0,0,0,0,0,0,0,0,0,0,0,0,0,0,0,0,0,0,16,13,35,0,0,0,0,0,0,16,13,35,8,7,24,149,123,267
LGA30760,4,0,4,294,293,590,0,0,0,0,8,10,0,0,0,295,301,598,0,3,3,0,0,0,17,21,33,0,0,0,0,6,7,0,0,0,3,0,6,12,7,14,34,28,67,3,4,7,0,0,0,64,79,143,19,24,44,0,0,0,747,767,1518,3,4,11,0,0,0,3,0,3,0,0,0,0,0,0,0,0,0,0,0,0,124,112,236,3,0,3,0,0,0,130,114,238,59,67,135,944,958,1903
LGA30900,0,0,0,43,35,80,0,0,0,0,0,3,0,0,0,58,62,122,0,0,0,0,0,0,0,0,0,3,3,7,0,0,0,0,0,0,0,0,0,3,0,6,5,6,16,0,0,0,0,0,0,21,15,29,0,0,6,0,0,0,141,131,272,0,0,0,0,0,0,0,0,0,0,0,0,0,0,0,0,0,0,0,0,0,46,27,75,0,0,0,0,0,0,46,27,75,41,36,75,228,201,426
LGA31000,13545,17795,31345,57513,67466,124975,16,6,17,9826,11261,21089,279,343,619,122663,138813,261474,459,550,1008,7670,8032,15707,1412,1877,3290,1757,1898,3656,3709,4563,8278,718,727,1446,2707,3039,5746,6621,7930,14554,12651,13975,26626,837,1087,1927,1300,1481,2779,19426,25730,45159,12822,15043,27865,871,934,1804,263251,304770,568021,13247,11901,25139,11707,10793,22503,777,757,1534,55,54,102,5355,4229,9590,1906,2263,4177,7314,6546,13864,188560,168992,357554,2495,1882,4375,874,1287,2161,191924,172161,364089,54668,49992,104660,556440,574720,1131155
LGA31750,0,0,0,59,46,101,0,0,0,0,0,0,0,0,0,56,55,103,0,0,0,0,0,0,0,0,0,0,0,0,0,0,0,0,0,0,0,0,0,0,0,0,8,3,5,0,0,0,0,0,0,8,10,18,0,0,3,0,0,0,124,111,239,0,0,0,0,0,0,0,0,0,0,0,0,0,0,0,0,0,0,0,0,0,40,37,74,0,0,0,0,0,0,46,37,78,23,17,37,187,164,353
LGA31820,314,453,769,8425,9190,17612,0,0,0,973,1059,2039,126,122,250,8150,8976,17126,124,155,283,64,77,143,299,404,705,148,155,309,982,1145,2127,17,17,27,329,363,694,495,553,1040,1680,1771,3453,177,239,421,194,243,433,3397,4188,7588,1402,1598,2998,159,192,349,27152,30455,57602,125,119,238,176,133,303,18,31,44,18,10,31,30,29,59,94,142,241,138,190,326,12837,11242,24083,129,93,217,65,89,152,13032,11420,24455,4760,4392,9152,45716,47180,92897
LGA31900,32,40,71,1402,1391,2791,0,0,0,60,52,110,0,0,0,3203,3146,6351,3,4,7,72,75,148,35,49,81,10,16,27,30,43,79,6,0,5,19,25,42,137,174,314,485,465,952,22,27,48,63,56,119,657,780,1436,158,194,355,3,12,15,6366,6504,12868,12,14,25,11,6,18,0,3,4,0,0,3,6,9,8,15,17,34,20,22,43,1436,1113,2545,4,3,13,0,3,9,1439,1118,2559,790,689,1481,8673,8402,17074
LGA31950,0,0,0,20,28,49,0,0,0,4,4,9,3,3,7,36,21,65,0,0,0,0,0,0,3,3,3,0,0,0,0,0,0,0,0,0,0,0,0,0,0,0,3,0,3,0,0,0,0,0,0,3,4,12,8,4,11,0,0,0,81,74,158,0,0,0,0,0,0,0,0,0,0,0,0,0,0,0,0,0,0,0,0,3,58,40,96,0,0,0,0,0,0,58,42,94,37,28,70,183,144,328
LGA32080,1120,1644,2763,10002,11051,21058,0,0,0,812,907,1717,8,10,17,16918,18929,35845,80,116,194,328,351,679,424,571,996,148,207,359,538,624,1165,35,19,56,319,370,685,1117,1443,2561,2185,2411,4600,107,133,239,347,429,778,2496,3206,5697,1936,2272,4212,62,60,124,37872,43098,80967,647,623,1270,293,269,563,87,69,156,20,15,41,446,398,847,315,420,733,785,836,1616,26470,23333,49807,250,200,453,143,162,304,26869,23693,50564,9722,9278,19002,77390,79508,156901
LGA32250,0,3,5,165,186,359,0,0,0,12,13,28,0,0,0,186,173,361,17,18,27,3,0,3,9,9,13,0,0,0,3,3,12,0,0,0,5,9,9,25,32,61,39,32,68,4,6,8,0,0,0,49,47,95,11,17,27,0,0,0,531,540,1072,3,0,4,3,0,3,0,0,0,0,0,0,0,0,0,0,0,3,0,0,3,338,305,639,3,0,3,0,0,0,341,307,647,129,102,227,1003,947,1958
LGA32260,97,151,241,2009,2051,4061,0,0,0,117,137,256,8,5,15,4267,4072,8334,0,3,7,118,134,250,119,172,290,35,43,75,69,78,140,0,0,3,36,37,71,321,320,644,340,398,741,11,24,40,64,89,153,667,726,1394,313,340,652,8,12,17,8512,8636,17146,41,39,88,16,14,24,3,0,6,4,7,15,378,318,691,71,74,145,451,400,852,3758,3071,6828,31,18,49,16,25,44,3809,3114,6922,1837,1604,3443,14769,13961,28726
LGA32270,87,97,178,2547,2460,5005,0,0,0,145,146,291,10,4,15,3612,3493,7102,5,8,13,26,31,58,46,58,105,31,40,72,151,154,307,0,0,0,58,45,105,224,220,446,465,374,840,38,59,98,49,37,89,954,994,1952,503,513,1017,15,15,29,8880,8655,17541,63,49,116,34,38,71,0,0,4,5,4,11,24,26,53,26,37,64,60,65,126,3291,2557,5848,49,47,94,16,14,29,3348,2616,5967,2278,1715,3995,14756,13240,27999
LGA32310,15,30,40,1091,1163,2253,0,0,0,41,81,126,0,0,3,1373,1503,2870,5,13,13,11,7,13,54,68,126,15,8,25,33,31,63,0,0,0,18,15,35,40,46,89,185,188,370,27,30,60,8,19,22,593,724,1318,103,109,215,3,0,3,3600,3998,7602,8,14,20,6,7,14,3,3,9,10,0,5,0,0,0,12,20,32,22,21,41,1501,1228,2725,7,12,19,4,3,5,1512,1240,2749,720,682,1400,5885,5992,11876
LGA32330,0,0,0,88,80,161,0,0,0,110,129,239,0,0,0,89,95,179,0,0,0,0,0,0,0,0,0,0,0,0,0,0,0,0,0,0,89,87,178,0,0,0,0,0,0,4,0,12,0,0,0,6,6,16,0,3,4,0,0,0,388,399,789,0,0,0,0,0,0,0,0,0,18,10,29,0,0,0,0,0,0,18,10,29,180,184,362,0,0,0,0,0,0,180,184,362,48,41,88,628,635,1269
LGA32450,13,13,27,282,227,514,0,0,0,11,19,30,0,0,0,489,381,872,0,0,0,3,0,5,9,10,15,0,0,0,4,9,12,0,0,0,3,0,4,19,14,31,37,28,59,0,5,4,3,10,15,95,94,192,29,22,50,0,0,0,987,816,1806,4,7,11,11,3,16,0,0,4,0,0,0,5,3,5,5,4,8,9,7,13,376,249,629,4,5,5,3,0,3,384,253,639,292,234,527,1706,1327,3032
LGA32500,25,30,55,290,273,561,0,0,0,15,25,40,0,0,0,360,306,669,0,0,0,3,4,9,15,24,42,0,0,3,90,117,208,0,0,0,11,9,19,30,40,69,61,44,105,0,7,3,4,12,14,68,67,129,58,53,115,3,3,6,1013,983,1995,15,7,20,5,0,5,0,0,0,24,23,45,0,0,0,11,7,14,35,32,62,714,544,1262,3,0,3,6,7,12,725,550,1273,462,349,813,2273,1950,4226
LGA32600,0,0,0,39,38,74,0,0,0,0,3,5,0,0,0,21,17,41,0,0,0,0,0,0,0,0,0,0,0,0,0,0,0,0,0,0,0,0,0,0,0,0,3,14,15,0,0,0,0,0,0,5,6,16,0,0,0,0,0,0,72,81,156,0,0,0,0,0,0,0,0,0,0,0,0,0,0,0,0,0,0,0,0,0,35,28,60,0,0,0,0,0,0,35,28,60,44,37,80,148,145,294
LGA32750,0,4,5,16,18,30,0,0,0,0,0,0,0,0,0,35,28,66,0,0,0,0,0,0,0,0,0,0,0,0,0,5,3,0,0,0,0,0,0,0,0,0,4,4,12,0,0,0,0,0,0,9,19,30,0,6,7,0,0,0,68,77,146,0,0,0,0,0,0,0,0,0,0,0,0,0,0,0,0,0,0,0,0,0,56,31,88,0,0,0,0,0,0,56,31,92,20,29,50,150,142,291
LGA32770,0,0,0,5,6,17,0,0,0,340,300,637,180,196,379,16,9,24,0,0,0,0,0,0,0,0,0,0,0,0,0,0,0,0,0,0,8,7,20,0,10,10,0,0,0,0,0,0,0,0,0,4,7,5,6,9,13,0,0,0,568,537,1100,3,0,3,0,0,0,0,0,0,0,8,8,0,3,6,0,0,0,3,6,9,97,98,197,0,0,0,0,0,0,97,98,197,47,44,89,707,692,1405
LGA32810,75,101,175,798,843,1641,0,0,0,44,33,80,0,0,0,1081,1135,2218,4,4,6,21,24,41,53,54,107,3,6,9,40,37,84,0,0,0,20,18,33,48,66,119,129,112,246,6,3,11,12,13,30,202,220,426,98,95,186,3,3,7,2573,2672,5250,21,10,29,15,7,15,3,9,14,11,10,15,10,8,16,18,17,40,38,32,70,2199,1941,4140,18,20,36,11,16,30,2230,1976,4208,1001,951,1957,5960,5758,11714
LGA33100,3,4,8,103,90,192,0,0,0,0,0,0,0,0,0,106,108,220,0,0,0,0,0,0,0,0,0,0,0,0,0,0,3,0,0,0,0,0,0,0,8,8,21,13,40,0,0,3,0,0,0,20,13,32,3,0,3,0,0,0,259,246,505,0,0,0,0,0,4,0,0,0,0,0,0,0,0,0,0,0,0,0,0,0,114,72,188,0,0,0,0,0,0,121,72,194,51,41,97,435,369,799
LGA33200,0,0,3,198,208,406,0,0,0,12,16,25,0,0,0,193,204,401,0,0,0,0,0,0,4,3,12,0,0,0,7,8,16,0,0,0,3,0,3,0,0,3,37,36,79,6,3,10,0,0,0,64,69,136,17,12,27,0,0,0,541,569,1112,0,3,3,0,0,0,0,0,0,0,0,0,0,0,0,0,0,0,0,0,0,150,111,265,0,0,0,0,0,0,148,118,264,81,72,151,777,756,1536
LGA33220,299,492,794,9527,10825,20345,0,0,0,1001,1122,2119,120,120,241,8246,9673,17922,101,108,205,118,101,224,337,401,738,74,91,162,757,885,1636,5,4,16,387,414,800,560,656,1216,1916,1937,3852,172,254,425,101,143,243,3045,3877,6925,1339,1553,2893,79,76,157,27875,32237,60114,144,156,304,86,81,161,13,21,34,15,15,33,20,17,37,140,228,367,172,264,430,15034,13210,28238,136,114,254,64,123,194,15241,13444,28685,5942,5042,10983,49773,51730,101504
LGA33360,287,336,623,5375,5441,10812,0,0,0,604,633,1237,9,3,7,6478,6566,13040,73,72,147,116,101,219,95,130,230,86,87,170,334,386,723,6,0,9,121,125,247,386,439,821,1257,1133,2383,85,142,229,59,73,128,1553,1741,3289,785,795,1586,44,46,97,17462,17914,35375,226,236,464,162,151,312,10,16,27,7,7,13,55,39,91,65,110,167,119,155,275,9963,8198,18156,115,95,208,42,56,92,10116,8347,18464,3264,2843,6105,31647,29989,61640
LGA33430,3478,5316,8793,41156,48561,89719,16,14,34,3226,3593,6822,19,22,42,53772,61671,115439,366,485,850,2534,2798,5335,1256,1540,2798,1438,1499,2935,1891,2315,4206,272,240,511,892,1022,1916,3907,4665,8569,7340,8180,15520,375,496,863,577,703,1281,9598,12180,21776,7897,9282,17174,420,495,922,136963,159757,296717,2111,1904,4012,2367,2034,4400,585,617,1206,24,24,41,848,622,1470,781,1113,1898,1650,1758,3415,92558,84041,176600,846,696,1537,501,841,1348,93904,85578,179482,29087,28616,57704,270141,285586,555721
LGA33610,23,18,41,1592,1602,3193,0,0,0,27,27,58,0,0,0,1313,1428,2743,3,3,7,0,8,6,16,19,37,0,4,9,51,58,111,4,0,3,16,8,20,48,60,107,254,229,481,3,16,19,14,16,22,203,236,437,123,97,217,3,4,13,3665,3825,7492,10,6,13,0,3,4,0,3,6,0,0,0,12,11,26,7,14,23,24,29,51,961,802,1764,8,8,12,0,4,9,968,814,1784,647,594,1249,5340,5288,10630
LGA33620,155,234,386,4044,4428,8472,0,3,3,419,470,887,56,50,108,3825,4168,7997,43,68,107,35,33,73,246,287,528,84,93,174,287,338,626,8,3,8,221,262,482,241,291,532,774,783,1558,110,142,248,93,107,201,2024,2363,4385,859,946,1801,29,31,56,13393,14868,28265,28,27,57,20,30,50,13,20,35,7,0,11,23,17,41,77,146,220,111,166,272,7869,6743,14619,81,85,163,55,80,134,8003,6911,14913,2844,2724,5571,24578,24985,49559
LGA33800,5,28,31,871,854,1728,0,0,0,72,88,155,0,0,0,2473,2405,4878,0,0,0,4,10,11,31,45,77,0,4,5,51,65,112,0,0,0,13,14,25,37,44,83,94,101,196,13,28,34,8,11,19,394,437,829,101,80,177,3,0,3,4163,4181,8342,11,3,20,0,3,8,0,0,0,8,0,11,6,3,10,3,11,18,21,15,38,838,633,1466,4,7,11,3,5,8,848,641,1482,501,461,960,5556,5332,10885
LGA33830,3,0,3,11,16,22,0,0,0,0,0,0,0,0,0,20,4,22,0,0,0,0,0,0,5,0,4,0,0,0,385,347,732,0,0,0,3,0,3,0,3,7,0,0,0,0,0,0,0,0,0,0,0,0,3,4,5,0,0,0,428,367,796,0,0,0,0,0,0,0,0,0,0,0,0,0,0,0,0,0,0,0,0,0,29,19,45,0,0,0,0,0,0,29,19,45,42,32,70,499,423,918
LGA33960,1105,1391,2498,12929,14381,27307,3,0,3,2043,2138,4175,99,94,193,18156,20168,38323,245,337,583,389,437,828,484,574,1060,1343,1518,2867,1410,1636,3044,80,75,152,673,730,1397,1961,2276,4240,2529,2675,5207,326,436,758,478,513,993,4389,5226,9617,3789,3956,7745,405,461,866,51742,57626,109367,1085,1002,2084,615,578,1188,34,52,88,18,23,39,234,190,423,288,498,785,539,711,1254,30406,27096,57505,334,281,620,141,182,325,30885,27563,58447,9792,9011,18805,95797,97937,193733
LGA33980,52,89,146,1885,1612,3495,0,0,0,91,75,168,3,3,8,2786,2630,5416,11,16,24,6,8,14,19,31,50,15,23,37,97,80,175,0,0,0,17,16,34,127,142,264,286,237,525,25,22,52,28,26,54,776,785,1558,312,268,582,19,15,28,6502,5979,12478,62,41,104,36,35,65,0,3,3,0,0,0,14,7,18,15,32,50,24,40,66,2618,2058,4674,16,10,30,9,11,19,2649,2082,4731,2100,1241,3342,11419,9516,20940
LGA34420,3,0,3,326,385,717,0,0,0,0,0,0,0,0,0,23,20,41,0,0,0,0,0,0,0,0,0,0,0,0,0,3,3,0,0,0,0,0,0,0,0,0,0,0,0,0,0,0,0,0,0,5,3,4,7,0,4,0,0,0,359,423,784,0,0,0,0,0,0,0,0,0,0,4,4,0,0,0,0,0,0,0,4,5,70,54,125,0,0,0,0,0,0,70,54,125,14,15,35,451,493,944
LGA34530,92,135,223,3183,3436,6620,0,0,0,273,301,573,4,12,21,4340,4509,8848,23,19,43,24,36,59,84,102,188,34,25,60,126,137,263,0,0,0,84,112,197,177,205,380,719,686,1405,54,75,133,47,41,90,1158,1370,2526,511,503,1013,37,26,63,10867,11591,22466,20,21,36,5,7,20,0,0,5,3,0,3,3,0,9,45,63,106,50,68,120,4851,4074,8925,49,56,104,25,35,58,4927,4166,9092,2658,1659,4320,18621,17649,36272
LGA34570,0,0,0,253,265,510,0,0,0,0,0,5,0,0,0,12,0,11,3,4,3,0,0,0,0,0,0,0,0,0,3,0,3,0,0,0,4,4,4,3,0,3,0,0,0,0,0,0,3,11,13,0,0,0,5,7,10,0,0,0,281,290,570,0,0,0,0,0,0,0,0,0,0,0,0,0,0,0,3,3,3,3,3,3,26,25,56,3,0,3,0,0,0,33,28,55,40,41,86,357,360,712
LGA34580,140,172,314,2954,3169,6121,0,0,0,517,559,1077,9,4,15,3771,4090,7859,155,170,329,32,21,49,84,127,209,38,46,83,1065,1170,2234,4,3,8,44,57,99,179,166,346,529,490,1010,74,82,164,105,140,244,979,1153,2129,747,783,1532,299,293,595,11578,12522,24103,87,66,155,238,145,380,3,10,9,0,3,3,43,29,69,65,87,153,107,116,221,4775,4266,9037,45,39,88,27,32,63,4845,4337,9183,2297,1944,4238,19298,19309,38609
LGA34590,2215,2875,5084,19989,22668,42661,12,16,29,3413,3676,7089,23,23,50,26691,29521,56209,155,216,377,1275,1241,2519,979,1300,2283,1806,1993,3801,1555,1827,3381,118,90,204,1075,1186,2265,3388,3805,7191,3944,4501,8446,321,382,706,1148,1349,2494,5690,6969,12658,5926,6600,12527,398,486,886,77909,87848,165762,1404,1305,2706,4546,4049,8598,101,82,186,17,9,31,786,622,1408,632,869,1498,1439,1499,2941,46685,40854,87535,490,380,865,242,325,573,47415,41559,88977,14865,14267,29132,149901,153480,303386
LGA34710,7,12,23,399,415,813,0,0,0,56,53,118,0,0,0,508,575,1083,0,0,3,0,4,4,12,11,24,0,0,0,6,4,7,0,0,3,4,7,8,22,20,39,40,38,80,9,5,17,0,0,0,127,171,298,30,45,80,0,3,3,1223,1354,2581,6,7,12,3,0,7,3,0,3,0,0,0,0,0,0,0,3,4,5,8,11,326,290,620,3,0,3,3,0,5,334,290,628,210,195,400,1791,1869,3660
LGA34770,312,451,758,8968,9789,18755,0,0,0,556,605,1162,7,5,10,15797,16390,32187,66,68,133,88,111,193,275,368,638,71,92,169,542,650,1194,14,8,19,229,238,464,701,834,1533,1782,1587,3368,96,123,221,319,393,714,4582,5158,9736,1483,1585,3068,227,234,459,35780,38246,74024,260,274,534,151,159,310,9,12,25,0,0,3,86,63,152,105,146,256,195,211,407,14775,12405,27180,161,138,298,78,121,199,15012,12663,27679,6526,4710,11236,58256,56713,114969
LGA34800,0,0,0,94,108,203,0,0,0,0,7,3,0,0,0,124,92,219,0,0,0,0,0,0,0,0,0,0,0,0,0,0,0,0,0,0,0,3,3,0,0,0,23,12,32,0,0,0,0,0,0,27,29,54,13,9,24,0,0,0,285,264,548,3,3,6,0,0,0,0,0,0,0,0,0,0,0,3,0,0,0,3,0,3,96,64,161,0,0,0,0,0,0,99,64,158,47,30,82,432,364,796
LGA34830,0,0,0,15,14,29,0,0,0,0,0,3,0,0,0,8,7,21,0,0,0,0,0,0,0,0,0,5,0,3,0,0,0,0,0,0,0,0,0,14,30,50,4,10,13,0,0,0,0,0,0,17,16,37,3,0,3,0,0,0,74,89,163,0,0,0,0,0,0,0,0,0,0,0,0,0,0,0,0,0,0,0,0,0,70,66,135,0,0,0,0,0,0,70,66,135,8,7,15,151,157,310
LGA34860,7,20,22,1675,1651,3327,0,0,0,48,39,81,0,0,0,1590,1647,3241,22,33,52,3,10,12,17,24,42,3,6,6,62,62,126,0,0,0,24,11,36,82,78,162,238,257,491,25,45,70,17,15,28,427,428,856,139,141,275,8,0,8,4379,4438,8812,30,20,50,13,10,20,3,0,8,0,0,3,24,24,51,10,14,19,41,41,74,1201,940,2137,13,8,24,3,6,8,1216,957,2175,825,673,1503,6515,6150,12666
LGA34880,88,142,233,1255,1320,2577,0,0,0,128,138,269,0,0,3,2674,2801,5471,16,14,35,27,24,49,62,94,158,15,21,40,63,69,136,0,0,0,41,46,84,132,141,276,267,286,550,3,13,22,259,288,551,416,502,918,241,269,508,12,7,22,5613,6033,11644,24,23,42,77,72,147,12,6,10,10,11,15,21,18,35,38,55,94,68,81,143,3038,2512,5548,25,25,46,32,38,65,3088,2572,5666,2343,1321,3659,11310,10251,21557
LGA35010,1525,2271,3794,32051,36522,68567,0,3,5,5319,5822,11138,134,122,254,41316,46899,88216,267,332,602,700,791,1495,1182,1454,2634,937,1023,1960,2104,2514,4615,73,70,141,1323,1486,2808,3065,3438,6503,6238,6792,13029,576,814,1390,813,1027,1837,9614,12112,21723,7083,7907,14993,600,662,1262,113385,129777,243164,1408,1449,2856,538,501,1036,126,127,256,25,30,57,400,311,715,634,1008,1642,1067,1348,2413,69200,62039,131242,741,592,1329,352,499,851,70298,63129,133423,19824,18536,38361,208170,217136,425302
LGA35250,0,0,0,6,6,18,0,0,0,4,0,5,4,0,4,37,34,73,0,0,0,0,0,0,0,6,4,0,0,0,3,0,3,0,0,0,3,0,3,5,0,5,9,8,16,0,0,0,0,0,0,142,169,307,8,8,18,0,3,8,219,240,464,0,0,0,0,0,0,0,0,0,51,63,118,0,0,0,0,0,0,51,63,118,227,209,441,0,0,0,0,0,0,227,215,438,59,61,121,563,579,1143
LGA35300,46,57,103,1012,1035,2051,0,0,0,186,214,399,7,12,18,2543,2573,5111,6,0,6,37,33,63,31,53,87,59,38,104,87,92,176,0,0,0,53,40,94,205,232,440,223,186,413,13,27,42,44,55,98,376,406,783,210,209,414,5,7,9,5100,5211,10309,81,63,146,35,33,71,3,0,3,9,3,15,20,6,27,15,14,31,38,33,72,2875,2334,5206,32,17,49,16,15,31,2916,2360,5281,1432,1251,2680,9656,9012,18671
LGA35600,25,24,53,525,600,1117,0,0,0,15,19,39,0,0,0,722,735,1462,0,0,3,0,3,3,11,10,19,5,4,7,9,28,32,0,0,0,0,4,11,12,17,30,86,91,179,3,5,10,8,7,12,61,64,132,28,31,62,3,4,13,1502,1628,3135,0,0,8,10,3,11,0,0,0,0,0,0,0,0,0,0,3,3,3,3,4,385,309,692,4,3,7,0,0,0,389,311,700,196,207,402,2131,2180,4307
LGA35670,0,0,0,28,17,43,0,0,0,0,0,0,0,0,0,20,19,40,0,0,0,0,0,0,0,0,0,0,0,0,0,0,0,0,0,0,0,0,0,35,33,69,12,10,26,0,0,0,0,0,0,107,105,211,23,12,42,0,0,0,225,199,429,0,0,0,0,0,0,0,0,0,0,0,0,0,0,0,0,0,0,0,0,0,202,214,414,0,0,0,0,0,0,202,214,414,68,48,111,495,464,957
LGA35740,293,459,751,4182,4949,9130,0,0,0,233,278,506,3,0,3,4244,4907,9153,13,18,32,88,117,206,122,157,281,11,22,34,242,312,555,3,0,3,71,83,160,267,324,591,745,881,1622,46,47,97,71,78,142,1022,1258,2278,591,679,1272,16,25,43,11979,14142,26123,61,60,121,14,13,32,26,24,49,0,0,4,11,3,16,90,138,224,97,144,243,10055,9199,19245,121,89,211,80,138,217,10256,9421,19679,2619,2529,5151,25340,26810,52149
LGA35760,22,27,53,1289,1325,2613,0,0,0,93,96,190,12,7,14,806,807,1614,3,14,19,3,3,6,29,34,64,12,11,18,79,84,161,0,0,0,56,55,116,65,81,139,240,269,513,6,3,11,20,23,44,375,437,815,129,136,264,52,49,103,3256,3437,6699,29,9,37,16,7,22,0,0,0,0,5,8,0,3,3,12,21,28,15,21,35,1227,967,2197,4,4,8,8,9,12,1240,980,2221,780,636,1420,5353,5129,10478
LGA35780,0,0,0,475,532,1004,0,0,0,10,9,13,0,0,0,57,40,96,0,0,0,0,0,0,69,86,149,3,3,4,3,0,4,0,0,0,3,0,6,387,451,840,5,3,10,0,0,0,7,0,12,15,16,27,51,53,104,3,3,6,1089,1189,2282,0,0,3,0,0,0,0,0,0,0,0,3,0,0,0,4,3,9,9,7,15,148,139,288,0,0,0,0,3,7,147,141,294,114,92,208,1359,1434,2796
LGA35790,0,0,0,230,236,471,0,0,0,60,65,122,0,0,0,623,606,1233,0,0,0,0,0,0,20,12,30,0,0,0,0,0,0,0,0,0,100,112,209,7,10,22,0,0,0,0,0,0,0,3,8,23,30,50,0,4,10,0,0,0,1070,1092,2166,0,0,0,0,0,0,0,0,0,3,0,3,0,0,0,4,5,8,6,3,13,94,98,191,0,0,0,0,0,0,94,98,191,39,34,73,1209,1235,2446
LGA35800,0,6,6,237,237,474,0,0,0,3,3,6,0,0,0,232,278,514,0,0,0,0,3,5,3,9,13,0,0,0,4,3,8,0,0,0,3,3,4,4,9,16,13,18,38,0,0,0,0,3,3,32,40,69,9,14,22,0,0,0,543,630,1179,0,0,0,0,0,0,0,0,0,0,0,0,0,0,0,3,0,3,3,0,3,176,109,286,4,0,3,3,0,3,183,112,298,85,79,163,815,824,1640
LGA36070,0,3,6,278,278,554,0,0,0,0,3,3,0,0,0,21,21,40,0,0,0,0,0,0,0,0,0,0,0,0,0,0,0,0,0,0,0,0,0,0,0,3,0,0,0,0,0,0,3,3,9,0,0,0,0,0,0,0,0,0,309,306,613,0,0,0,0,0,0,0,0,0,0,4,6,0,0,0,0,0,0,0,4,6,50,42,96,0,0,0,0,0,0,46,42,96,16,16,31,375,378,749
LGA36150,0,0,3,104,104,207,0,0,0,0,3,3,0,0,0,159,125,283,0,0,0,0,4,4,0,0,0,0,0,0,3,3,4,0,0,0,0,0,0,3,0,4,9,10,17,0,0,0,0,0,0,19,24,39,5,8,14,0,0,0,312,271,579,0,0,0,0,0,0,0,0,0,0,0,0,0,0,0,0,0,0,0,0,0,87,79,166,3,3,3,0,0,3,94,77,168,31,24,58,436,377,813
LGA36250,504,805,1307,12150,14177,26325,0,3,4,1934,2194,4125,39,39,76,14736,16345,31081,111,119,234,511,562,1066,317,389,710,349,369,719,741,941,1685,18,9,26,326,366,696,886,1018,1902,2379,2547,4923,190,252,441,173,243,415,3960,4959,8927,2033,2290,4321,219,233,449,41070,47069,88137,310,322,633,214,200,406,57,52,106,12,10,22,149,148,301,180,302,478,339,458,800,23444,20349,43798,260,203,464,115,152,268,23818,20714,44527,5684,5415,11102,71985,75022,147010
LGA36300,0,0,0,110,114,223,0,0,0,3,4,7,0,0,0,145,119,261,0,0,0,0,0,0,0,0,0,0,0,0,0,0,0,0,0,0,0,0,0,0,0,0,11,15,25,0,0,0,0,0,0,20,27,46,5,6,13,0,0,0,295,289,587,3,3,3,0,0,0,0,0,0,0,0,0,0,0,0,3,0,3,3,0,3,73,57,130,0,0,0,0,0,0,73,60,135,35,28,65,410,378,791
LGA36370,280,400,675,6501,7427,13925,0,3,3,888,991,1876,9,8,18,10064,10936,20998,44,38,74,57,58,116,179,228,403,131,136,268,255,309,564,5,7,14,122,160,284,564,668,1230,1552,1690,3243,213,318,533,83,101,185,2421,3063,5485,1027,1151,2180,36,41,74,24147,27329,51480,342,260,601,310,166,475,13,8,20,20,27,47,73,71,145,116,143,258,210,239,450,9801,8280,18081,144,104,245,48,44,98,10000,8425,18419,4102,3497,7597,39402,40321,79726
LGA36510,118,165,283,3529,3976,7505,0,0,0,420,477,901,3,3,11,3495,3886,7378,152,155,310,50,45,96,145,170,318,43,34,79,512,516,1022,3,0,3,60,64,122,217,262,477,577,610,1187,95,122,215,91,96,184,1404,1504,2904,585,707,1294,29,35,65,11398,12655,24058,33,32,63,9,10,25,11,18,31,11,7,22,9,12,21,71,128,195,91,143,239,5658,5089,10749,64,54,116,38,56,94,5755,5200,10957,2337,2087,4427,19761,20308,40072
LGA36580,91,121,213,2375,2461,4837,0,0,0,244,254,503,0,0,4,2098,2137,4235,22,25,52,27,23,53,65,90,154,29,39,72,483,483,961,0,0,0,36,54,86,99,128,225,367,396,754,52,46,95,46,48,92,863,953,1809,317,355,669,102,127,229,7227,7608,14837,9,9,21,33,13,42,3,4,11,0,0,0,8,9,12,34,57,87,39,66,100,3551,3023,6574,30,37,68,21,25,44,3599,3085,6679,1376,1305,2690,12381,12215,24597
LGA36630,85,95,176,2619,2843,5459,0,0,0,351,383,739,0,0,0,2652,2893,5544,72,80,154,14,12,27,127,169,298,54,59,110,783,787,1572,0,0,0,65,72,132,156,198,356,583,559,1144,97,109,209,78,82,158,1337,1480,2817,584,659,1241,56,68,127,9636,10453,20092,16,28,44,13,17,22,8,8,18,3,0,8,7,7,12,55,88,142,68,99,162,4353,3730,8085,47,26,71,28,36,63,4432,3792,8220,1855,1586,3440,16111,16071,32186
LGA36660,79,89,170,3504,3911,7424,0,0,0,283,349,632,85,81,170,4235,4542,8779,27,37,65,36,35,71,89,129,222,67,70,138,151,160,310,3,3,4,75,70,149,171,213,384,649,639,1285,67,80,150,112,107,218,1135,1313,2448,508,546,1057,31,30,60,11228,12332,23559,36,42,78,25,25,47,7,4,11,3,3,5,6,10,20,61,78,136,70,92,163,4166,3644,7812,38,30,67,26,37,62,4224,3714,7941,1613,1536,3144,17285,17831,35110
LGA36720,1370,2138,3515,22358,26678,49032,4,0,3,3120,3517,6634,101,94,194,25056,28805,53865,245,316,563,365,457,826,906,1203,2113,423,479,907,1626,2030,3660,35,33,72,511,589,1099,2257,2667,4925,4247,4838,9080,296,430,722,272,347,622,6788,8952,15738,4713,5468,10176,173,222,396,73496,87141,160638,567,539,1103,327,268,594,125,134,259,13,13,30,201,162,366,368,540,905,584,717,1301,51278,47213,98491,531,499,1033,345,646,990,52159,48358,100512,13341,13109,26446,141965,152403,294367
LGA36820,68,123,194,1830,2005,3834,0,0,0,214,223,440,0,0,7,2559,2871,5431,3,3,8,21,23,40,116,167,277,19,17,38,80,95,181,0,0,0,54,69,118,194,239,437,439,431,871,28,46,79,54,65,119,675,812,1483,329,401,734,14,14,26,6627,7496,14122,14,19,41,10,3,20,5,4,10,3,0,3,6,4,13,46,72,116,53,75,132,3939,3378,7312,33,25,55,23,39,63,3994,3439,7435,1432,1454,2882,12214,12617,24827
LGA36910,579,713,1293,14131,16479,30609,0,0,0,1126,1339,2469,143,120,260,17792,19591,37378,681,764,1450,128,134,264,399,530,929,203,228,430,2994,3386,6383,32,27,64,358,382,745,1318,1538,2858,2803,3131,5934,203,296,498,312,379,691,4269,5258,9523,3411,3984,7393,140,173,319,50443,57748,108187,736,485,1228,869,729,1595,34,22,59,13,18,33,159,114,267,220,304,526,390,438,824,17252,14923,32177,234,186,425,88,112,206,17578,15228,32807,7545,7247,14792,78166,82607,160779
LGA36950,5,13,12,498,525,1029,0,0,0,12,6,17,0,0,0,287,269,551,0,0,0,3,0,4,21,15,39,16,14,30,0,4,3,0,0,0,6,6,12,165,194,360,10,23,35,6,6,11,5,16,20,54,63,116,54,72,132,3,4,10,1144,1220,2363,4,4,10,3,7,11,0,0,0,0,3,3,0,0,3,14,13,27,12,17,35,269,256,520,3,3,3,0,0,0,268,257,526,346,305,648,1788,1826,3610
LGA36960,0,0,0,908,848,1763,0,0,0,0,0,0,0,0,0,178,205,384,0,0,0,0,0,3,10,12,20,11,7,18,3,0,3,0,0,0,27,35,62,279,290,573,3,5,10,0,0,0,21,18,38,36,23,58,272,282,558,0,0,0,1749,1739,3488,0,0,0,0,0,0,4,8,13,101,103,208,0,0,0,5,3,8,103,103,213,174,139,310,3,4,8,13,10,26,186,151,340,241,217,464,2295,2221,4514
LGA37010,670,911,1580,13410,15035,28442,0,0,0,1133,1254,2384,21,23,40,23749,25769,49517,53,56,110,506,562,1075,264,378,644,164,204,366,533,630,1167,70,53,120,380,442,820,1302,1605,2906,2838,3023,5861,358,420,782,282,380,659,4184,5329,9514,2092,2291,4379,115,119,234,51454,57571,109029,520,494,1015,501,463,963,46,37,79,32,31,66,138,122,255,231,323,561,400,474,882,28544,24510,53057,356,269,625,113,145,256,29011,24932,53935,10748,8519,19266,93352,93402,186757
LGA37300,23,23,48,318,287,606,0,0,0,25,22,50,0,0,0,466,482,949,0,0,0,0,0,3,15,13,24,0,3,3,9,10,19,0,0,0,0,0,3,38,39,78,54,49,102,0,3,3,13,12,27,124,95,223,53,37,87,0,3,3,1123,1067,2187,5,3,8,0,0,0,0,0,0,0,4,3,0,0,0,0,14,17,4,17,17,668,475,1144,10,3,7,3,0,3,678,483,1156,267,217,480,2097,1806,3905
LGA37310,48,77,131,3395,3543,6943,0,0,0,326,359,688,9,8,14,3814,3724,7534,91,102,196,16,15,30,87,115,206,25,29,55,545,578,1116,0,0,0,58,33,89,302,303,607,1170,1126,2293,43,44,86,46,47,92,916,1005,1924,526,504,1032,22,17,40,11391,11544,22935,66,58,123,32,30,60,7,5,9,6,0,3,36,27,66,23,50,72,66,77,142,3188,2541,5733,32,27,63,19,10,31,3242,2580,5824,2270,1942,4208,17128,16322,33444
LGA37340,162,260,420,2833,2796,5624,0,0,0,205,200,411,0,0,0,3433,3523,6957,9,9,15,34,46,80,122,145,270,32,31,60,99,100,201,4,0,3,38,34,75,164,190,359,547,453,996,39,47,87,30,51,80,1062,1256,2321,395,407,804,17,19,41,9065,9316,18379,48,37,83,40,24,68,12,10,22,3,0,4,21,15,37,19,29,53,44,46,87,5279,4257,9532,56,39,100,21,33,59,5362,4333,9692,2766,2265,5030,17495,16284,33778
LGA37400,0,0,0,130,129,268,0,0,0,0,0,0,0,0,0,182,158,341,0,0,0,3,3,4,0,0,0,0,3,5,0,5,9,0,0,0,0,0,0,0,0,0,21,23,47,0,3,3,0,0,0,39,32,74,11,9,14,0,0,0,399,373,769,0,0,0,0,0,0,0,3,3,0,0,4,0,0,0,0,4,9,4,5,12,117,100,218,0,0,0,0,0,0,117,100,218,73,61,131,590,538,1134
LGA37550,0,0,0,130,174,306,0,0,0,17,19,28,0,0,0,91,72,166,0,0,0,0,0,0,0,0,0,4,0,7,3,0,3,0,0,0,72,77,151,6,13,16,0,0,0,0,0,0,0,0,0,0,5,5,7,5,15,0,0,0,325,364,693,0,0,0,0,0,0,0,0,0,4,3,10,0,0,0,0,0,0,6,3,11,94,91,189,0,0,0,0,0,0,94,91,189,43,28,73,470,492,962
LGA37570,0,0,0,7,3,11,0,0,0,3,4,9,0,0,0,6,3,12,0,0,0,0,0,0,0,0,0,0,0,0,89,115,203,0,0,0,0,0,0,0,3,3,0,0,0,0,0,0,4,11,14,0,0,0,0,0,0,0,0,0,111,133,248,0,0,0,0,0,0,0,0,0,0,0,0,0,0,0,0,0,0,0,0,0,11,10,20,0,0,0,0,0,0,11,10,20,10,3,14,131,148,282
LGA37600,0,0,0,1075,1086,2155,0,0,0,3,0,3,0,0,0,12,14,29,0,0,0,0,0,0,8,8,16,0,0,0,0,0,0,0,0,0,0,0,0,3,3,11,0,0,0,0,0,0,8,8,15,3,3,3,7,3,15,0,0,0,1126,1130,2251,0,0,0,0,0,0,0,0,0,7,7,15,0,0,0,0,0,0,7,7,17,94,96,188,0,0,0,0,0,0,94,96,188,54,47,98,1278,1278,2559
LGA39499,93,82,179,854,785,1639,0,0,0,81,69,149,0,0,3,884,768,1651,7,12,19,17,18,37,31,30,61,22,17,41,48,44,86,0,0,0,29,28,61,57,65,118,177,150,329,23,18,41,21,20,44,229,232,462,183,197,380,6,9,15,2682,2458,5143,33,27,65,41,20,69,6,10,12,6,3,7,7,7,13,23,33,60,34,45,82,2148,1665,3817,21,19,39,28,25,44,2191,1707,3905,1846,1220,3063,6937,5572,12510
LGA39799,0,0,0,11,10,27,0,0,0,3,3,6,0,0,0,13,27,44,0,0,0,0,3,5,0,0,0,0,0,0,0,3,3,0,0,0,0,0,0,0,0,0,3,3,3,0,0,3,0,0,0,0,3,4,0,0,0,0,0,0,37,55,91,0,0,0,0,0,0,0,0,0,0,0,0,0,0,0,0,0,0,0,0,0,20,16,33,0,0,0,0,0,0,20,16,33,8,12,22,66,87,150
