LGA_CODE_2016,M_AgriForestFish_0,M_AgriForestFish_1_15,M_AgriForestFish_16_24,M_AgriForestFish_25_34,M_AgriForestFish_35_39,M_AgriForestFish_40,M_AgriForestFish_41_48,M_AgriForestFish_49over,M_AgriForestFish_hours_NS,M_AgriForestFish_Tot,M_Min_0,M_Min_1_15,M_Min_16_24,M_Min_25_34,M_Min_35_39,M_Min_40,M_Min_41_48,M_Min_49over,M_Min_hours_NS,M_Min_Tot,M_Mnfg_0,M_Mnfg_1_15,M_Mnfg_16_24,M_Mnfg_25_34,M_Mnfg_35_39,M_Mnfg_40,M_Mnfg_41_48,M_Mnfg_49over,M_Mnfg_hours_NS,M_Mnfg_Tot,M_EGW_WS_0,M_EGW_WS_1_15,M_EGW_WS_16_24,M_EGW_WS_25_34,M_EGW_WS_35_39,M_EGW_WS_40,M_EGW_WS_41_48,M_EGW_WS_49over,M_EGW_WS_hours_NS,M_EGW_WS_Tot,M_Cnstn_0,M_Cnstn_1_15,M_Cnstn_16_24,M_Cnstn_25_34,M_Cnstn_35_39,M_Cnstn_40,M_Cnstn_41_48,M_Cnstn_49over,M_Cnstn_hours_NS,M_Cnstn_Tot,M_WTrade_0,M_WTrade_1_15,M_WTrade_16_24,M_WTrade_25_34,M_WTrade_35_39,M_WTrade_40,M_WTrade_41_48,M_WTrade_49over,M_WTrade_hours_NS,M_WTrade_Tot,M_RTrade_0,M_RTrade_1_15,M_RTrade_16_24,M_RTrade_25_34,M_RTrade_35_39,M_RTrade_40,M_RTrade_41_48,M_RTrade_49over,M_RTrade_hours_NS,M_RTrade_Tot,M_AccomFoodS_0,M_AccomFoodS_1_15,M_AccomFoodS_16_24,M_AccomFoodS_25_34,M_AccomFoodS_35_39,M_AccomFoodS_40,M_AccomFoodS_41_48,M_AccomFoodS_49over,M_AccomFoodS_hours_NS,M_AccomFoodS_Tot,M_TransPostWhse_0,M_TransPostWhse_1_15,M_TransPostWhse_16_24,M_TransPostWhse_25_34,M_TransPostWhse_35_39,M_TransPostWhse_40,M_TransPostWhse_41_48,M_TransPostWhse_49over,M_TransPostWhse_hours_NS,M_TransPostWhse_Tot,M_InfoMedTelecom_0,M_InfoMedTelecom_1_15,M_InfoMedTelecom_16_24,M_InfoMedTelecom_25_34,M_InfoMedTelecom_35_39,M_InfoMedTelecom_40,M_InfoMedTelecom_41_48,M_InfoMedTelecom_49over,M_InfoMedTelecom_hours_NS,M_InfoMedTelecom_Tot,M_FinInsurS_0,M_FinInsurS_1_15,M_FinInsurS_16_24,M_FinInsurS_25_34,M_FinInsurS_35_39,M_FinInsurS_40,M_FinInsurS_41_48,M_FinInsurS_49over,M_FinInsurS_hours_NS,M_FinInsurS_Tot,M_RentHirREserv_0,M_RentHirREserv_1_15,M_RentHirREserv_16_24,M_RentHirREserv_25_34,M_RentHirREserv_35_39,M_RentHirREserv_40,M_RentHirREserv_41_48,M_RentHirREserv_49over,M_RentHirREserv_hours_NS,M_RentHirREserv_Tot,M_ProScieTechServ_0,M_ProScieTechServ_1_15,M_ProScieTechServ_16_24,M_ProScieTechServ_25_34,M_ProScieTechServ_35_39,M_ProScieTechServ_40,M_ProScieTechServ_41_48,M_ProScieTechServ_49over,M_ProScieTechServ_hours_NS,M_ProScieTechServ_Tot,M_AdminSupServ_0,M_AdminSupServ_1_15,M_AdminSupServ_16_24,M_AdminSupServ_25_34,M_AdminSupServ_35_39,M_AdminSupServ_40,M_AdminSupServ_41_48,M_AdminSupServ_49over,M_AdminSupServ_hours_NS,M_AdminSupServ_Tot,M_PubAdmiSafety_0,M_PubAdmiSafety_1_15,M_PubAdmiSafety_16_24,M_PubAdmiSafety_25_34,M_PubAdmiSafety_35_39,M_PubAdmiSafety_40,M_PubAdmiSafety_41_48,M_PubAdmiSafety_49over,M_PubAdmiSafety_hours_NS,M_PubAdmiSafety_Tot,M_EducTrain_0,M_EducTrain_1_15,M_EducTrain_16_24,M_EducTrain_25_34,M_EducTrain_35_39,M_EducTrain_40,M_EducTrain_41_48,M_EducTrain_49over,M_EducTrain_hours_NS,M_EducTrain_Tot,M_HealthCareSocA_0,M_HealthCareSocA_1_15,M_HealthCareSocA_16_24,M_HealthCareSocA_25_34,M_HealthCareSocA_35_39,M_HealthCareSocA_40,M_HealthCareSocA_41_48,M_HealthCareSocA_49over,M_HealthCareSocA_hours_NS,M_HealthCareSocA_Tot,M_ArtRecServ_0,M_ArtRecServ_1_15,M_ArtRecServ_16_24,M_ArtRecServ_25_34,M_ArtRecServ_35_39,M_ArtRecServ_40,M_ArtRecServ_41_48,M_ArtRecServ_49over,M_ArtRecServ_hours_NS,M_ArtRecServ_Tot,M_OthServ_0,M_OthServ_1_15,M_OthServ_16_24,M_OthServ_25_34,M_OthServ_35_39,M_OthServ_40,M_OthServ_41_48,M_OthServ_49over,M_OthServ_hours_NS,M_OthServ_Tot,M_ID_NS_0,M_ID_NS_1_15,M_ID_NS_16_24,M_ID_NS_25_34,M_ID_NS_35_39,M_ID_NS_40,M_ID_NS_41_48,M_ID_NS_49over,M_ID_NS_hours_NS,M_ID_NS_Tot
LGA30250,0,0,0,0,0,0,0,0,0,3,0,0,0,3,0,0,0,3,0,9,0,0,0,0,0,0,0,0,0,0,0,0,0,0,0,0,0,0,0,0,3,0,0,0,3,0,0,7,0,15,0,0,0,0,0,0,0,0,0,0,0,0,0,3,3,3,0,0,0,13,0,0,0,0,0,0,0,0,0,0,0,0,0,0,0,0,0,0,0,3,0,0,0,0,0,0,0,0,0,0,0,0,0,0,0,0,0,0,0,0,0,0,0,0,0,0,0,0,0,0,0,0,0,0,0,0,0,0,0,0,0,0,0,0,3,0,0,0,0,3,0,3,0,5,18,13,0,6,0,46,0,0,0,0,5,3,0,0,0,8,0,0,0,0,4,0,0,3,0,5,0,0,0,5,4,0,0,0,0,9,0,0,0,4,3,3,0,0,0,13,0,0,0,0,0,0,0,0,4,7
LGA30300,14,22,16,28,31,71,32,330,13,555,0,0,0,0,0,0,0,6,0,9,0,0,0,3,4,3,5,10,0,22,0,0,0,0,3,6,4,0,0,22,3,0,4,8,8,10,4,42,0,89,0,0,4,3,3,3,11,25,3,49,3,5,8,10,12,7,8,12,5,69,0,0,0,3,3,0,0,10,0,29,0,8,3,3,7,5,3,18,4,49,0,0,0,0,0,0,0,0,0,0,0,0,0,0,0,0,0,0,0,4,0,0,0,0,0,0,0,0,0,3,0,0,0,4,0,0,0,3,0,13,0,0,0,0,0,5,0,0,0,8,0,0,3,5,23,24,15,9,0,75,0,3,0,4,3,0,5,7,0,28,0,0,0,3,12,10,0,7,0,35,0,0,0,0,0,0,0,0,0,4,0,3,3,0,7,12,8,9,0,50,0,0,4,3,6,11,4,14,11,55
LGA30370,19,41,22,32,38,107,50,593,13,913,54,10,10,17,59,83,187,482,14,918,16,9,3,7,127,81,56,69,9,384,7,4,3,7,81,48,46,87,7,298,12,9,13,10,37,49,40,127,10,308,7,5,0,0,20,13,15,37,0,104,4,29,16,13,26,21,18,29,0,160,4,29,4,7,9,11,7,25,3,97,12,8,4,6,15,19,10,62,4,139,3,0,0,0,4,0,0,0,0,13,0,0,0,0,3,0,3,0,0,10,0,0,0,0,3,0,0,14,0,21,0,5,0,3,7,10,0,23,0,51,3,5,4,0,16,8,8,18,0,70,7,3,0,4,51,50,42,19,6,191,0,4,3,7,9,8,12,16,0,61,3,4,9,10,10,3,3,12,0,50,0,3,0,0,0,4,3,3,0,11,3,3,8,4,27,30,16,34,0,123,4,13,4,8,16,32,9,31,39,158
LGA30410,3,9,3,13,12,51,16,193,8,301,0,0,0,0,0,7,4,9,0,19,0,0,0,0,3,3,0,3,0,12,0,0,0,0,7,8,5,0,0,21,0,0,0,0,30,33,15,29,0,110,0,0,0,0,0,0,3,3,0,6,0,3,0,3,0,0,3,8,0,12,0,7,0,0,0,0,0,10,0,13,0,3,0,0,10,15,12,14,4,59,0,0,0,0,0,0,0,0,0,3,0,0,0,0,0,0,0,0,0,0,0,0,0,0,0,0,0,5,0,3,0,0,0,0,14,3,4,5,0,30,0,0,0,0,3,0,0,3,0,11,3,0,0,3,25,19,13,10,0,75,0,0,0,0,0,0,0,9,0,16,3,0,0,0,0,8,5,3,0,17,0,0,0,0,0,4,3,0,0,12,0,0,0,3,0,4,3,3,0,22,0,0,0,0,0,4,0,4,5,18
LGA30450,4,3,0,0,0,3,0,28,0,43,0,0,0,0,0,0,0,0,0,0,0,0,0,0,0,0,0,0,0,0,0,0,0,0,0,0,0,0,0,0,0,0,0,0,0,0,0,6,0,5,0,0,0,0,0,0,0,0,0,0,0,0,0,0,0,0,0,0,0,0,0,0,0,0,0,0,0,5,0,3,0,0,0,0,0,0,0,0,0,7,0,0,0,0,0,0,0,0,0,0,0,0,0,0,0,0,0,0,0,0,0,0,0,0,0,0,0,0,0,0,0,0,0,0,0,0,0,0,0,0,0,0,0,0,0,0,0,0,0,0,0,0,3,0,5,8,3,11,0,32,0,0,0,0,0,0,0,0,0,0,0,0,0,0,0,0,0,0,0,3,0,0,0,0,0,0,0,0,0,0,0,0,0,0,0,0,0,0,0,0,0,0,0,0,0,0,0,0,0,0
LGA30760,10,0,0,9,8,29,10,127,4,198,0,0,0,0,0,0,0,7,0,7,0,0,0,3,0,0,0,5,0,11,0,0,0,0,5,0,0,0,0,9,5,0,0,0,7,17,8,18,0,50,0,0,0,0,0,5,0,9,0,22,0,7,3,3,0,3,0,7,0,24,0,3,4,0,0,0,0,9,0,15,0,0,3,0,3,8,0,15,0,26,0,0,0,0,0,0,0,0,0,0,0,0,0,0,0,0,0,0,0,0,0,0,0,0,0,0,0,0,0,7,0,0,0,0,0,0,0,0,0,4,0,3,0,0,0,0,0,0,0,5,0,3,0,0,20,14,10,4,3,67,0,0,0,0,5,4,0,0,0,12,0,0,0,0,0,0,0,3,0,6,0,0,0,0,0,0,0,0,0,3,0,0,0,3,0,4,0,3,0,13,0,0,0,0,0,3,0,9,8,27
LGA30900,0,0,0,0,0,3,5,55,0,69,0,0,0,0,0,0,0,0,0,3,0,0,0,0,0,0,0,0,0,0,0,0,0,0,0,3,0,0,0,3,0,0,0,0,0,0,0,9,0,14,0,0,0,0,0,0,0,0,0,0,0,0,0,0,0,0,0,0,0,0,0,0,0,0,0,0,0,0,0,3,0,0,0,0,0,0,0,3,0,0,0,0,0,0,0,0,0,0,0,0,0,0,0,0,0,0,0,0,0,0,0,0,0,0,0,0,0,0,0,0,0,0,0,0,0,0,0,0,0,0,0,0,0,0,0,0,0,0,0,0,0,0,0,0,6,6,0,7,0,22,0,0,0,0,0,0,0,0,0,3,0,0,0,0,0,0,0,0,0,0,0,0,0,0,0,0,0,0,0,0,0,0,0,0,0,0,0,0,0,0,0,0,0,0,0,0,0,3,3,7
LGA31000,28,107,116,116,177,295,152,368,15,1367,230,86,80,103,588,1233,800,2237,40,5381,332,566,680,895,5402,4897,3142,3964,157,20037,95,54,86,135,744,1449,578,922,24,4090,636,1127,1329,1899,3963,8810,4610,10146,358,32874,159,352,375,460,2324,2618,1505,2364,60,10221,458,3998,2687,2433,4062,3241,2022,3544,220,22657,413,5097,3483,2279,2464,1983,1327,2876,292,20200,642,813,1249,1817,4299,4273,2646,4486,266,20487,113,333,245,336,1440,1390,698,1100,37,5688,179,275,356,454,2491,3169,1480,2774,48,11225,92,419,349,445,872,1395,743,2273,56,6643,559,1646,1425,1679,4884,10185,4547,9089,178,34188,194,1178,1580,1057,1703,1746,809,1420,86,9768,828,595,620,918,6714,5847,3283,3139,167,22117,393,2750,1195,1640,3524,3551,1813,3430,168,18473,571,1415,1471,2219,4711,4330,2001,3540,176,20426,130,966,497,585,891,946,422,836,53,5327,151,709,659,779,1979,2097,1142,1904,96,9508,283,945,823,823,2212,2728,962,2189,2231,13191
LGA31750,3,0,0,0,0,4,0,23,5,40,0,0,0,0,0,0,0,6,0,6,0,0,0,0,0,0,0,0,0,3,0,0,0,0,0,0,0,0,0,0,0,0,0,0,0,0,3,9,0,11,0,0,0,0,0,0,0,0,0,0,0,0,0,0,0,0,0,3,0,6,0,0,0,0,0,0,0,6,0,11,0,0,0,0,0,0,3,3,0,4,0,0,0,0,0,0,0,0,0,0,0,0,0,0,0,0,0,0,0,0,0,0,0,0,0,0,0,0,0,0,0,0,0,0,0,0,0,0,0,0,0,0,0,0,0,0,0,0,0,0,3,0,0,0,6,4,7,7,3,28,0,0,0,0,0,0,0,0,0,0,0,0,0,0,0,0,0,3,0,3,0,0,0,0,0,0,0,0,0,0,0,0,0,0,0,0,0,0,0,0,0,0,0,0,0,0,0,3,3,4
LGA31820,48,106,111,214,261,394,240,857,43,2279,74,9,18,6,37,29,93,366,15,647,35,47,39,98,334,455,306,358,12,1690,9,8,3,21,106,53,32,53,5,299,64,106,82,196,374,522,300,579,29,2246,10,26,16,33,91,108,73,130,9,480,46,264,124,178,309,196,172,290,21,1595,14,258,108,121,88,75,55,180,17,925,36,60,65,88,131,145,103,349,20,994,8,18,6,10,31,21,17,23,0,148,0,4,4,6,35,37,20,39,0,151,3,19,15,10,19,29,27,63,4,193,10,42,27,34,78,122,57,155,3,530,20,83,54,63,64,81,38,79,3,473,33,27,36,44,387,218,116,107,7,986,24,79,52,129,129,126,103,159,8,816,48,67,93,181,331,239,97,157,14,1224,3,22,8,13,26,12,15,26,0,119,12,48,38,43,178,147,86,147,15,724,38,66,49,51,166,130,74,138,190,906
LGA31900,26,46,27,45,85,201,125,714,23,1310,10,0,3,7,4,3,30,109,7,172,16,14,9,18,171,232,158,136,9,766,4,3,0,3,22,38,18,13,0,99,9,12,12,27,60,72,51,93,5,340,0,3,0,3,15,24,12,18,0,75,8,39,8,16,40,34,26,50,3,224,3,49,19,12,11,11,8,16,3,131,3,7,14,7,20,24,19,63,5,172,0,3,0,0,0,0,0,3,0,10,0,0,0,0,0,10,3,3,0,23,0,3,0,0,0,7,3,11,0,21,4,11,3,6,9,12,14,27,0,87,0,9,3,10,7,11,5,15,3,60,15,13,0,6,90,51,15,40,3,226,3,5,8,11,7,19,12,27,7,101,3,9,10,4,26,20,8,12,3,99,0,10,3,0,0,0,0,0,0,17,3,5,3,18,25,41,29,55,0,177,13,10,10,5,15,35,15,40,46,188
LGA31950,0,0,0,0,0,3,0,13,0,18,0,0,0,0,0,0,0,0,0,0,0,0,0,0,0,0,0,0,0,0,0,0,0,0,0,0,0,0,0,0,0,0,0,0,0,0,0,0,0,3,0,0,0,0,0,0,0,0,0,0,0,0,0,0,0,0,3,0,0,3,0,0,0,0,0,0,5,4,0,5,0,0,0,0,0,0,0,0,0,4,0,0,0,0,0,0,0,0,0,0,0,0,0,0,0,0,0,0,0,0,0,0,0,0,0,0,0,0,0,0,0,0,0,0,0,0,0,0,0,0,0,0,0,0,0,0,0,0,0,3,0,0,0,0,6,5,0,6,0,20,0,0,0,0,0,0,0,0,0,3,0,0,0,0,0,0,0,0,0,0,0,0,0,0,0,0,0,0,0,0,0,0,0,0,3,0,0,3,0,7,0,0,0,0,0,0,0,0,3,8
LGA32080,23,42,37,49,89,170,47,294,21,765,107,7,19,8,32,58,72,572,17,901,45,76,53,100,493,562,320,457,19,2124,11,8,8,17,103,191,94,105,6,545,144,189,223,417,757,1250,728,1340,62,5113,14,36,33,63,311,281,203,246,8,1193,77,432,235,369,686,448,353,490,24,3115,62,583,369,465,582,377,295,560,48,3333,144,147,156,290,627,591,485,793,44,3279,14,19,18,37,71,71,45,78,0,361,3,14,11,23,61,94,60,95,8,368,14,48,38,53,89,133,93,176,3,648,35,106,77,127,270,393,189,444,12,1656,28,130,117,219,303,246,148,246,34,1475,178,70,65,133,896,849,512,569,43,3309,43,162,106,224,356,306,174,304,16,1689,100,106,152,330,588,506,211,366,26,2379,18,114,73,98,198,124,77,94,10,801,37,75,96,118,341,392,197,329,10,1606,65,125,94,120,246,300,125,303,356,1735
LGA32250,0,3,0,0,0,16,7,65,0,98,0,0,0,0,0,0,0,0,0,3,0,0,0,0,0,0,0,3,0,9,0,0,0,0,3,5,0,3,0,7,4,0,0,0,3,3,4,26,0,47,0,0,0,0,0,3,0,6,0,14,0,0,0,0,3,4,9,6,0,17,0,3,0,0,4,0,0,10,3,23,0,0,4,3,6,3,0,14,0,37,0,0,0,0,0,0,0,0,0,4,0,0,0,0,0,0,0,0,0,0,0,0,0,0,0,0,0,3,0,6,0,0,0,0,0,0,0,0,0,0,0,0,0,3,4,0,0,3,0,16,3,3,3,4,9,13,18,18,4,76,0,3,0,0,8,6,0,6,0,23,0,0,4,0,7,3,0,3,0,21,0,0,0,0,0,0,0,0,0,3,0,0,0,3,4,3,0,3,0,9,0,0,0,5,3,3,0,9,11,36
LGA32260,38,67,105,179,402,341,133,519,39,1812,19,3,0,0,5,10,15,126,0,183,13,21,16,20,139,251,114,179,13,767,3,0,5,5,30,26,20,14,0,115,23,38,52,58,103,133,64,175,18,664,4,8,0,6,29,31,16,28,3,114,11,67,24,25,67,53,52,67,4,375,10,62,33,32,24,30,17,61,6,271,19,15,27,27,55,51,39,150,5,397,4,0,0,0,3,3,0,10,0,26,3,3,0,0,4,6,3,9,0,25,0,4,9,4,5,6,6,13,0,44,0,11,9,12,23,29,10,35,0,137,7,15,20,21,33,20,14,22,0,158,16,10,4,16,107,76,71,57,9,373,7,19,15,26,19,28,26,35,0,181,10,9,11,26,40,33,15,21,0,171,0,12,8,7,14,17,8,10,0,66,3,19,12,19,51,57,31,51,9,247,21,17,31,32,57,59,23,50,74,366
LGA32270,23,32,18,31,46,127,71,774,18,1143,134,39,36,50,196,191,580,1548,47,2831,4,3,0,3,33,28,27,97,4,203,7,3,4,0,17,28,16,43,0,127,15,18,14,32,55,106,70,230,12,548,6,6,0,10,29,36,35,96,0,217,15,70,17,30,57,42,29,62,6,322,14,77,30,34,36,22,11,69,0,286,27,12,19,26,50,80,38,133,7,390,0,4,0,0,9,5,7,7,0,27,0,0,0,0,3,10,4,7,0,29,3,3,4,3,17,9,8,54,4,107,4,5,3,0,10,21,28,44,4,128,4,15,12,16,17,20,15,46,0,146,10,7,3,3,75,67,47,51,7,266,4,10,11,19,36,26,19,55,0,183,0,13,3,5,17,15,13,18,0,81,3,0,6,3,6,3,3,3,0,35,8,21,7,12,44,59,53,132,4,340,16,17,6,16,30,40,16,66,57,272
LGA32310,16,20,7,14,13,55,18,223,6,366,24,10,3,9,16,15,63,238,3,387,0,3,4,12,20,18,14,23,3,93,0,3,0,0,5,11,3,6,0,28,10,10,6,16,28,47,21,85,11,231,0,3,3,5,5,12,3,15,0,52,6,28,10,16,35,19,25,29,9,172,3,24,13,14,6,10,3,15,3,95,3,6,3,12,17,25,6,51,6,130,0,0,0,0,4,0,3,7,0,12,0,0,0,0,0,0,0,3,0,3,0,0,0,0,0,0,4,12,0,16,3,0,0,0,8,5,0,13,0,31,0,0,0,8,10,3,3,8,0,40,17,8,9,13,64,34,16,31,0,179,5,8,11,10,21,32,11,45,0,150,3,0,11,15,24,25,7,8,0,105,0,3,3,6,4,0,0,0,0,20,0,8,4,4,11,23,10,21,3,90,4,3,4,4,24,23,10,20,24,117
LGA32330,0,0,0,0,0,0,0,0,0,0,0,0,0,0,0,0,0,0,0,0,0,0,0,0,0,0,0,0,0,0,0,0,0,0,0,0,0,0,0,0,0,0,0,0,0,0,0,0,0,0,0,0,0,0,0,0,0,0,0,0,0,0,0,0,0,0,0,0,0,0,0,0,0,0,0,0,0,0,0,0,0,0,0,0,0,0,0,0,0,0,0,0,0,0,0,0,0,0,0,0,0,0,0,0,0,0,0,0,0,0,0,0,0,0,0,0,0,0,0,0,0,0,0,0,0,0,0,0,0,0,0,0,0,0,0,0,0,0,0,0,0,0,0,0,14,4,3,6,0,31,0,0,0,12,0,0,0,0,0,11,0,0,0,0,3,0,0,0,0,5,0,0,0,0,0,0,0,0,0,0,0,4,0,0,0,0,0,0,0,7,0,0,0,0,0,0,0,0,0,0
LGA32450,7,4,3,4,5,19,3,70,3,114,11,4,3,3,10,14,32,250,6,328,0,0,0,0,0,5,3,10,0,26,0,0,0,0,0,0,0,7,0,7,0,0,0,0,7,15,12,50,4,84,0,0,0,0,0,0,0,7,0,11,0,3,3,3,3,4,3,11,0,37,0,0,3,0,0,0,4,16,0,25,4,0,3,7,16,38,9,34,4,120,0,0,0,0,0,0,0,3,0,3,0,0,0,0,0,0,0,0,0,3,0,0,0,0,0,0,0,3,0,3,0,0,0,0,0,0,0,5,0,5,0,0,3,0,4,0,0,7,0,13,0,0,0,3,14,25,11,10,0,67,0,0,0,6,0,0,0,4,0,13,3,0,0,0,0,0,0,3,0,14,0,0,0,0,0,0,0,0,0,3,0,0,0,0,3,3,3,19,0,33,0,0,0,3,0,0,3,14,13,30
LGA32500,8,0,10,3,17,20,11,71,5,149,3,0,0,0,3,3,0,12,0,18,0,4,0,0,3,3,0,3,0,14,0,0,0,3,6,4,0,4,0,16,7,10,11,17,15,29,13,62,4,164,0,0,0,3,0,0,0,0,0,6,0,3,7,7,12,5,10,9,0,54,0,3,5,8,11,13,7,25,0,88,0,7,3,3,0,5,0,12,0,37,0,0,0,0,0,0,0,0,0,3,0,0,0,0,0,0,0,0,0,0,0,0,0,0,0,0,0,0,0,0,0,0,0,0,7,0,0,0,0,17,3,3,4,0,4,3,0,5,0,22,4,4,0,10,27,33,19,20,3,111,0,6,0,13,8,3,3,15,0,45,3,0,8,13,7,17,0,3,0,51,0,0,5,5,12,4,8,5,0,31,3,3,0,5,4,16,4,14,0,42,3,6,5,3,4,3,5,16,9,57
LGA32600,0,0,0,0,0,4,0,17,0,21,0,0,0,0,0,0,0,0,0,4,0,0,0,0,0,0,0,0,0,0,0,0,0,0,0,0,0,0,0,0,0,0,0,0,0,0,0,3,0,4,0,0,0,0,0,0,0,0,0,0,0,0,0,0,0,0,0,0,0,0,0,0,0,0,0,0,0,0,0,0,0,0,0,0,0,0,0,0,0,0,0,0,0,0,0,0,0,0,0,0,0,0,0,0,0,0,0,0,0,0,0,0,0,0,0,0,0,0,0,0,0,0,0,0,0,0,0,0,0,0,0,0,0,0,0,0,0,0,0,0,0,0,0,0,3,4,3,5,0,17,0,0,0,0,0,0,0,0,0,0,0,0,0,0,0,0,0,0,0,0,0,0,0,0,0,0,0,0,0,0,0,0,0,0,0,0,0,0,0,0,0,0,0,0,0,0,0,0,3,6
LGA32750,0,0,0,0,0,3,0,18,0,28,0,0,0,0,0,0,0,0,0,0,0,0,0,0,0,0,0,0,0,0,0,0,0,0,0,0,0,0,0,0,0,0,0,0,0,0,0,3,0,9,0,0,0,0,0,0,0,0,0,0,0,0,0,0,0,0,0,0,0,5,0,0,0,0,0,0,0,4,0,11,0,0,0,0,0,0,0,0,0,0,0,0,0,0,0,0,0,0,0,0,0,0,0,0,0,0,0,0,0,0,0,0,0,0,0,0,0,0,0,0,0,0,0,0,0,0,0,0,0,0,0,3,0,0,0,0,0,0,0,5,0,0,0,3,3,3,0,17,0,27,0,0,0,0,0,0,0,0,0,0,0,0,0,0,0,0,0,0,0,3,0,0,0,0,0,3,0,0,0,3,0,0,0,0,0,0,0,0,0,0,0,0,0,0,0,0,0,3,0,4
LGA32770,0,0,0,0,0,0,0,3,0,6,0,0,0,0,0,0,0,0,0,0,0,0,0,0,0,0,0,0,0,0,0,0,0,0,0,0,0,0,0,0,0,3,0,0,4,0,0,0,0,7,0,0,0,0,0,0,0,0,0,0,0,3,0,0,0,0,0,0,0,4,0,0,0,0,3,0,0,0,0,3,0,0,0,0,0,0,0,0,0,0,0,0,0,0,0,0,0,0,0,0,0,0,0,0,0,0,0,0,0,0,0,0,0,0,0,0,0,0,0,0,0,0,0,0,0,0,0,0,0,0,0,0,0,0,0,0,0,0,0,0,0,11,4,7,9,3,0,9,3,40,0,5,3,9,12,0,0,3,0,31,3,3,0,0,8,0,0,3,0,18,0,0,0,0,0,0,0,0,0,0,0,3,0,3,3,4,0,0,0,16,0,0,0,0,0,0,0,0,0,0
LGA32810,5,10,8,3,5,31,14,75,0,149,12,0,0,0,0,0,0,26,0,46,3,3,3,11,24,49,33,46,4,175,0,0,0,0,12,8,7,3,0,30,19,22,24,35,44,73,28,89,10,333,0,0,0,4,5,7,3,3,0,21,10,25,18,27,26,21,9,26,0,164,7,20,42,71,139,84,97,178,15,650,3,16,21,24,34,48,36,72,3,262,0,0,0,0,4,7,4,10,0,22,3,3,0,0,4,5,0,0,0,11,0,4,0,7,3,11,6,16,0,46,0,3,5,6,3,23,3,23,0,68,9,15,19,33,28,32,28,59,3,215,7,4,7,6,47,23,10,18,5,139,3,10,7,16,10,10,9,10,3,83,3,6,6,8,6,16,6,9,0,66,0,0,3,6,16,7,3,13,0,53,0,6,4,10,15,19,10,27,0,98,10,13,10,12,25,27,12,31,27,178
LGA33100,7,3,3,4,3,14,0,66,0,103,0,0,0,0,0,0,0,0,0,3,0,3,0,0,0,0,0,0,0,3,0,0,0,0,4,3,0,0,0,3,3,0,0,0,0,0,0,7,0,13,0,0,0,0,0,0,0,0,0,0,0,0,0,0,0,0,0,0,0,5,0,0,0,0,0,0,0,4,0,16,0,0,0,3,0,3,0,3,0,11,0,0,0,0,0,0,0,0,0,0,0,0,0,0,0,0,0,0,0,0,0,0,0,0,0,0,0,0,0,0,0,0,0,0,0,0,0,0,0,7,0,0,0,0,0,3,0,0,0,5,4,0,0,0,4,4,3,8,0,31,0,0,0,0,0,0,0,0,0,0,0,0,0,0,0,0,0,0,0,0,0,0,0,0,0,0,0,0,0,0,0,0,0,0,0,0,0,0,0,0,0,0,0,0,0,0,0,3,0,6
LGA33200,3,8,3,3,6,16,7,122,0,169,0,0,0,0,0,0,0,6,0,7,0,0,0,0,3,3,0,0,0,9,0,0,0,0,3,3,0,3,0,12,3,0,3,3,6,8,0,7,0,22,0,0,0,0,0,0,0,0,0,6,0,4,3,3,0,0,0,6,0,21,0,0,0,0,0,3,0,6,3,15,0,0,3,0,10,14,3,12,3,50,0,0,0,0,0,0,0,0,0,0,0,0,0,0,0,0,0,3,0,3,0,0,0,0,0,0,0,0,0,4,0,0,0,0,0,0,0,0,0,3,0,0,0,0,0,0,0,0,0,4,3,0,0,7,16,18,4,11,3,66,0,0,0,0,0,4,0,3,0,6,3,0,0,0,3,6,0,0,0,12,0,0,0,0,0,0,0,0,0,4,0,3,0,0,3,4,0,0,0,13,0,0,0,0,3,0,3,4,5,20
LGA33220,24,36,37,60,67,109,49,250,4,634,75,12,7,7,39,38,55,305,3,536,45,28,36,86,369,265,262,297,19,1404,16,4,12,13,120,111,48,63,0,390,70,132,128,226,408,586,284,585,30,2451,11,24,15,16,84,67,34,70,5,338,43,292,188,180,344,170,149,272,22,1653,24,286,125,148,147,103,92,233,19,1180,42,62,85,111,162,148,90,297,15,1024,6,12,18,12,50,35,8,19,0,162,0,8,6,8,22,31,9,34,0,124,8,20,10,19,26,53,31,78,5,251,17,48,29,39,68,102,35,134,5,482,17,125,50,74,66,81,22,74,5,517,63,46,34,64,457,186,137,133,11,1130,26,91,67,135,137,138,96,118,8,812,47,82,118,190,306,246,99,161,17,1260,8,37,9,18,38,23,7,19,3,157,22,51,48,57,189,133,72,119,8,699,44,63,54,71,163,117,55,130,176,881
LGA33360,9,27,22,17,15,48,32,148,4,334,51,7,5,6,71,133,165,395,11,840,119,46,37,50,333,540,1174,753,25,3068,19,14,18,15,151,152,104,176,3,651,89,84,77,136,284,441,310,1097,36,2553,13,8,8,12,52,66,76,114,0,350,25,192,64,80,153,100,76,152,12,860,21,206,86,77,67,45,27,115,13,653,99,52,61,60,238,305,258,558,17,1653,0,3,0,4,12,9,8,10,4,52,0,5,0,0,3,19,6,19,0,53,3,8,3,12,22,47,26,73,0,191,26,45,16,32,70,122,79,630,8,1033,13,39,28,40,50,53,46,93,4,364,24,17,13,35,212,127,94,82,7,612,12,33,23,47,61,71,47,83,7,370,5,25,28,35,43,75,20,46,4,279,0,18,3,3,18,15,4,15,0,73,13,35,21,18,121,92,61,123,6,484,36,40,33,33,89,130,83,200,134,784
LGA33430,23,81,64,93,103,139,82,248,7,836,143,28,33,26,85,157,136,981,19,1604,224,309,310,483,2336,2434,1639,2402,82,10216,33,28,27,42,265,341,149,360,7,1248,531,871,1102,1951,3211,6893,3484,7585,326,25951,67,146,147,197,793,1006,658,1016,24,4060,263,1833,1160,1399,2376,1791,1123,2242,117,12299,237,2360,1507,1466,1732,1356,835,1677,154,11318,234,396,496,765,1151,1278,847,2043,113,7327,35,130,110,146,539,554,241,532,18,2308,49,121,132,196,543,820,351,792,22,3014,54,232,223,327,484,778,433,1134,29,3705,152,539,390,531,1153,2149,951,2337,50,8244,118,561,545,667,975,940,396,757,68,5039,247,203,232,342,1780,1661,854,831,53,6201,129,727,396,732,1123,1158,552,1072,55,5954,223,443,511,955,1625,1572,583,1158,62,7126,103,579,372,583,808,683,298,554,49,4041,96,350,317,485,958,1221,618,1130,58,5233,207,507,428,560,1207,1577,607,1419,1238,7757
LGA33610,21,34,38,33,45,161,78,566,14,985,4,0,0,3,0,0,4,18,0,33,3,3,6,3,20,20,31,37,0,119,3,0,0,3,9,17,12,0,0,44,7,12,8,13,31,77,43,108,3,299,3,4,0,3,16,24,16,28,3,91,10,21,14,17,43,23,17,43,0,198,0,19,7,9,9,6,3,27,3,93,4,11,3,9,16,19,20,61,0,144,0,0,0,0,3,0,0,0,0,8,0,0,0,3,0,4,3,5,0,16,0,0,0,0,0,4,0,9,0,18,0,0,0,0,6,5,9,21,0,38,0,3,0,8,5,6,0,7,0,33,0,4,0,3,29,20,22,24,0,107,3,8,3,8,6,9,9,9,0,66,4,4,4,9,5,14,0,7,0,52,0,0,0,3,0,0,8,0,0,14,4,5,4,3,17,37,23,23,0,113,3,10,3,3,11,27,7,34,29,127
LGA33620,31,64,67,93,80,143,53,456,21,1005,34,5,6,3,12,21,45,206,3,337,32,42,41,78,311,240,211,214,17,1186,4,7,0,12,32,29,16,34,0,141,61,69,73,124,210,293,143,431,16,1418,3,7,24,24,58,51,36,56,3,266,20,114,54,87,135,83,75,145,10,722,12,105,40,49,40,34,27,59,3,371,31,49,41,47,72,79,44,244,8,616,0,14,8,9,14,15,5,19,4,81,3,3,0,7,10,10,3,8,0,42,7,17,3,10,17,13,10,43,4,115,14,23,11,13,30,40,22,77,0,238,12,54,21,49,46,38,10,50,3,277,26,16,20,39,192,120,50,56,3,520,17,37,35,57,51,79,31,69,4,377,18,24,36,64,69,48,14,55,3,334,0,20,12,4,23,8,3,7,0,93,10,25,31,24,99,77,45,111,6,429,32,35,43,54,82,72,32,99,104,545
LGA33800,14,24,18,32,41,90,41,363,16,627,7,0,0,0,4,0,9,47,0,71,8,5,3,13,99,140,107,90,7,476,0,0,0,0,8,11,3,6,0,40,3,7,7,11,42,48,27,58,7,211,3,3,0,3,12,10,12,10,0,51,0,20,6,10,18,20,19,40,3,134,0,33,9,3,12,3,3,20,3,87,9,7,5,13,16,7,9,20,0,93,0,0,0,0,0,0,3,0,0,7,0,3,0,0,9,3,0,11,0,28,0,4,4,0,3,0,0,0,0,10,8,8,0,0,8,9,5,17,3,56,3,5,5,10,6,7,4,7,3,49,4,6,0,8,73,27,26,27,4,164,3,9,0,14,16,12,13,19,0,94,3,5,3,4,14,14,10,11,0,68,3,7,0,0,6,3,0,3,0,19,0,3,4,3,21,31,15,17,4,96,9,10,0,10,12,23,14,26,24,127
LGA33830,0,0,0,0,0,0,0,0,0,3,0,0,0,0,0,0,0,21,0,22,0,0,0,0,0,0,0,0,0,0,0,0,0,0,0,0,0,0,0,0,0,0,0,0,4,0,0,0,0,7,0,0,0,0,0,0,0,0,0,0,0,0,0,0,3,0,0,0,0,3,0,0,0,0,0,0,0,0,0,0,0,0,0,0,0,0,0,0,0,0,0,0,0,0,0,0,0,0,0,0,0,0,0,0,0,0,0,0,0,0,0,0,0,0,0,0,0,0,0,0,0,0,0,0,0,0,0,0,0,0,0,0,0,0,3,0,0,0,0,4,0,0,0,6,34,0,0,0,0,44,0,0,0,3,0,4,0,0,0,11,0,0,0,0,0,3,0,0,0,5,0,0,0,0,0,3,0,0,0,4,0,0,0,8,11,3,0,3,0,27,0,0,0,0,0,0,0,0,3,3
LGA33960,3,23,29,40,79,105,39,104,4,428,45,3,6,14,65,65,70,318,13,600,145,146,152,386,2050,1485,960,955,58,6333,15,16,17,25,188,211,116,198,6,788,161,180,219,388,1022,1628,972,1609,76,6245,35,44,37,81,493,475,354,358,22,1894,70,491,337,407,880,561,347,597,41,3721,43,595,262,211,195,141,108,219,26,1802,124,134,225,321,876,769,609,1232,61,4350,11,44,15,33,170,112,60,78,3,540,17,14,19,32,208,184,72,119,3,679,13,30,28,44,136,122,68,154,4,605,46,88,73,84,435,522,259,407,10,1923,38,157,127,172,324,240,122,163,31,1370,179,99,106,166,1316,1167,758,650,52,4501,50,171,109,239,414,296,173,272,14,1732,72,124,154,274,592,462,149,220,24,2063,15,84,30,44,87,70,40,47,3,413,44,88,83,124,455,409,265,327,21,1818,77,141,117,154,628,536,213,384,459,2701
LGA33980,17,18,9,19,12,84,41,470,3,673,181,63,46,73,166,177,587,1757,49,3104,7,5,3,7,25,23,48,99,3,219,3,0,0,5,12,14,17,32,0,87,9,15,0,6,30,38,21,159,3,278,5,0,3,4,7,14,18,53,0,105,0,30,13,13,13,11,15,18,3,123,4,35,15,30,18,16,16,59,3,202,10,6,12,13,41,51,31,114,4,275,0,0,0,0,0,0,0,4,0,6,0,0,0,0,0,0,0,0,0,3,0,3,0,3,8,5,5,22,3,47,0,3,0,0,6,9,13,37,0,68,3,0,9,10,18,7,28,67,4,146,7,0,0,7,76,28,37,30,3,193,0,5,4,7,10,17,26,31,0,98,0,4,0,0,0,7,4,19,0,36,0,4,0,0,6,3,0,0,0,13,3,14,7,6,22,22,23,69,5,165,7,5,3,3,13,17,8,52,36,155
LGA34420,0,0,0,0,0,0,0,4,0,3,0,0,0,0,0,0,0,0,0,0,0,0,0,0,0,0,0,0,0,0,0,0,0,0,0,0,0,0,0,0,0,0,0,0,0,8,0,6,0,13,0,0,0,0,0,0,0,0,0,0,0,0,0,0,0,0,0,0,0,5,0,0,0,0,0,0,0,0,0,0,0,0,0,0,0,0,0,0,0,0,0,0,0,0,0,0,0,0,0,0,0,0,0,0,0,0,0,0,0,0,0,0,0,0,0,0,0,0,0,0,0,0,0,0,0,0,0,0,0,0,0,0,0,0,3,0,0,0,0,3,0,12,0,3,12,20,7,3,0,54,0,0,0,3,4,3,0,0,0,14,0,0,0,3,0,4,0,0,0,12,0,0,0,0,0,0,0,0,0,0,0,0,0,0,0,3,0,3,0,10,0,0,0,0,0,0,0,0,3,5
LGA34530,17,25,18,29,46,57,26,190,4,408,98,9,20,27,116,100,206,732,24,1337,9,15,6,19,96,95,52,113,6,426,3,0,6,8,51,68,34,47,0,221,48,69,46,94,162,307,168,340,17,1249,13,3,3,6,66,49,49,71,3,267,15,92,36,50,79,66,47,86,3,483,8,120,48,50,46,30,24,92,5,424,19,29,18,41,79,74,51,141,11,454,3,4,6,4,13,10,4,13,0,52,0,3,4,3,16,18,5,20,0,77,0,10,5,10,9,23,15,39,0,116,9,20,13,14,31,56,22,78,0,242,12,17,25,16,23,33,21,45,4,200,33,14,11,16,214,123,70,79,9,553,16,31,32,31,82,68,47,73,3,387,8,21,25,36,68,64,35,44,0,304,7,17,0,7,26,7,3,7,0,75,8,17,13,24,62,83,40,96,5,352,21,23,9,20,47,52,17,71,74,321
LGA34570,0,0,0,0,0,0,0,0,0,0,0,0,0,0,0,0,0,0,0,0,0,0,0,0,0,0,0,0,0,0,0,0,0,0,0,0,0,0,0,0,0,0,0,0,0,0,0,7,0,7,0,0,0,0,0,0,0,0,0,0,0,3,0,0,0,0,0,0,0,9,0,0,0,0,0,0,0,0,0,0,0,0,0,0,0,0,0,0,0,0,0,0,0,0,0,0,0,0,0,0,0,0,0,0,0,0,0,0,0,0,0,0,0,0,0,0,0,0,0,0,0,0,0,0,0,0,0,0,0,0,0,0,0,0,0,0,0,0,0,0,0,4,0,5,5,4,0,4,3,35,0,3,0,0,0,3,0,0,0,6,0,0,0,0,0,3,5,4,0,15,0,0,0,0,0,0,0,0,0,0,0,4,0,0,4,0,0,0,3,14,0,0,0,3,0,0,0,0,7,11
LGA34580,31,74,77,128,166,224,139,506,28,1367,15,5,0,0,13,17,13,105,3,179,13,21,23,74,201,191,119,123,16,784,11,5,4,16,28,30,21,54,3,182,38,44,34,67,175,275,160,344,22,1155,4,24,11,24,64,85,55,69,3,323,13,100,38,60,122,83,74,95,8,599,13,111,33,22,26,27,19,30,5,293,40,29,48,51,126,133,106,336,22,880,5,9,3,0,18,14,7,13,3,68,3,3,0,4,13,8,11,12,0,58,0,10,3,3,10,11,7,36,0,85,9,22,16,22,41,37,23,49,0,219,10,27,14,29,31,32,21,19,0,185,22,18,14,16,203,108,68,64,5,512,11,36,17,32,90,61,25,58,10,343,14,10,13,33,58,40,14,36,0,231,4,14,11,7,11,10,10,7,0,72,6,19,23,18,81,81,44,58,5,331,17,25,20,29,83,82,39,88,89,468
LGA34590,14,37,42,54,142,138,69,155,12,664,46,7,10,13,55,106,85,377,6,710,167,221,220,373,2983,2244,1487,1621,92,9410,25,18,12,34,212,233,154,272,6,969,313,424,518,964,2036,3757,1979,3557,208,13751,60,96,86,155,997,933,552,647,31,3568,124,773,487,605,1267,948,547,898,72,5733,52,855,347,333,354,259,161,314,47,2732,221,244,392,660,1413,1437,976,2095,138,7573,24,52,38,46,216,176,98,141,7,786,27,29,32,46,295,268,113,177,6,998,24,67,38,74,215,216,138,267,5,1056,56,157,125,182,536,808,362,647,20,2895,66,257,233,305,500,375,186,265,43,2216,155,111,128,194,1100,809,461,430,39,3412,60,255,177,339,552,408,219,339,20,2366,95,154,179,354,821,562,200,325,31,2709,30,131,68,79,139,122,60,93,10,726,59,203,137,248,773,784,451,641,35,3338,121,252,220,317,1114,1027,410,729,838,5035
LGA34710,6,3,3,11,5,29,12,119,0,183,3,0,0,0,3,0,0,5,0,12,0,7,0,0,3,13,4,6,0,25,0,0,0,0,12,3,0,3,0,12,3,0,0,3,20,25,20,42,0,113,0,0,0,0,0,4,4,7,0,24,0,5,4,10,16,13,12,18,0,81,3,7,0,0,8,3,0,17,3,44,0,4,3,7,11,5,7,19,0,56,0,0,0,0,0,5,0,0,0,11,0,0,0,0,4,5,0,3,0,8,0,0,0,0,3,3,0,4,0,10,0,0,0,0,5,3,4,5,0,15,0,3,0,0,3,4,0,6,0,20,3,0,3,4,22,27,23,24,4,114,0,0,0,9,3,5,10,11,0,41,5,0,0,4,10,16,0,6,0,40,0,3,3,6,11,4,4,3,3,33,0,3,0,6,17,11,11,10,0,57,3,3,0,4,7,4,7,7,9,48
LGA34770,24,81,48,70,86,168,107,769,33,1389,304,70,93,111,567,494,1031,2936,87,5691,63,60,49,102,546,728,463,607,36,2653,21,5,6,15,89,90,87,87,4,402,113,132,132,221,529,613,431,1060,55,3287,47,39,24,44,355,274,254,425,15,1475,41,288,135,193,402,213,147,292,20,1719,24,340,128,132,118,99,77,182,19,1127,111,71,78,120,455,457,377,824,43,2535,0,5,5,13,34,21,10,41,0,135,0,4,3,6,25,38,36,49,0,174,11,12,7,19,65,68,48,146,4,386,29,38,31,53,177,211,134,319,5,1004,19,60,42,60,93,87,77,184,11,629,37,25,31,48,332,292,214,173,16,1173,34,69,38,81,124,135,108,184,4,769,17,51,63,70,205,188,79,150,6,819,8,35,12,20,19,15,15,24,3,161,40,55,57,78,353,255,243,500,18,1594,47,72,52,70,266,226,130,265,285,1409
LGA34800,0,0,0,0,0,8,5,82,3,102,3,0,0,0,0,0,5,35,0,43,0,0,0,0,0,0,0,0,0,4,0,0,0,0,0,0,0,0,0,3,0,0,0,0,0,5,0,16,0,31,0,0,0,0,0,0,0,4,0,7,0,0,3,0,0,0,0,9,0,11,0,0,0,0,0,0,0,10,0,9,0,0,0,0,0,3,0,4,0,9,0,0,0,0,0,0,0,0,0,0,0,0,0,0,0,0,0,3,0,4,0,0,0,0,0,0,0,0,0,3,0,0,0,0,0,0,0,0,0,0,0,0,0,0,0,0,0,3,0,6,4,0,0,0,9,8,4,9,0,33,0,0,0,0,0,0,0,0,0,0,0,0,0,0,0,3,0,0,0,6,0,0,0,0,0,0,0,0,0,0,0,0,0,0,0,0,0,3,0,4,0,0,0,0,0,0,0,0,3,7
LGA34830,0,0,0,0,0,0,0,0,0,0,0,0,0,0,0,0,3,0,0,7,0,0,0,0,0,0,0,0,0,0,0,0,0,0,0,0,0,0,0,3,0,0,0,0,0,0,0,0,0,4,0,0,0,0,0,0,0,0,0,0,0,0,0,0,0,0,0,0,0,0,0,0,0,0,0,0,0,0,0,0,0,0,0,0,0,0,0,0,0,0,0,0,0,0,0,0,0,0,0,0,0,0,0,0,0,0,0,0,0,0,0,0,0,0,0,0,0,0,0,0,0,0,0,0,0,0,0,0,0,0,0,0,0,0,0,0,0,0,0,0,0,0,0,0,14,0,0,0,0,17,0,0,0,0,0,0,0,0,0,3,0,0,0,0,0,0,0,0,0,4,0,0,0,0,0,0,0,0,0,0,0,0,0,0,0,0,0,0,0,0,0,0,0,0,0,0,0,0,0,0
LGA34860,11,34,24,33,16,96,52,536,11,823,22,0,4,6,24,33,18,124,9,238,3,8,3,7,36,34,17,41,0,148,4,0,0,3,13,30,15,46,0,124,11,9,11,23,33,77,76,163,4,407,3,11,3,3,17,24,20,35,3,117,5,25,9,8,27,26,24,61,0,188,4,23,12,10,26,10,10,33,0,122,8,6,5,20,33,31,16,93,3,214,0,0,0,0,5,0,3,0,0,9,0,0,0,3,5,5,4,4,0,21,0,5,3,0,9,9,3,27,0,50,3,6,0,0,8,8,7,22,0,53,0,9,3,4,6,4,3,12,0,42,11,3,5,5,95,80,54,53,3,308,0,5,3,17,13,15,4,9,0,79,3,3,3,3,24,33,5,18,0,95,3,3,0,0,7,0,0,0,0,14,0,9,3,8,26,29,20,49,4,144,13,17,9,11,24,38,14,51,28,196
LGA34880,18,44,47,80,138,144,98,354,16,931,27,7,0,7,9,6,15,120,0,191,12,15,11,13,57,59,43,53,4,261,5,0,3,3,19,25,13,18,0,84,26,36,17,42,83,123,50,148,11,528,0,5,3,10,23,18,17,20,0,103,8,40,28,29,68,40,21,46,6,280,0,35,22,31,14,20,16,34,7,177,18,20,12,28,42,42,30,97,3,297,0,4,6,3,6,3,0,4,0,23,0,3,0,0,7,8,0,9,0,30,0,4,0,5,8,11,4,12,0,41,0,9,3,16,14,10,12,27,0,98,5,15,17,19,24,18,4,15,0,116,18,12,10,14,155,65,41,37,3,348,3,23,5,20,35,28,13,28,0,145,5,12,11,30,55,29,7,28,5,183,0,9,3,3,17,13,5,13,0,66,4,7,7,14,39,33,26,43,3,169,13,18,14,8,23,36,13,35,56,210
LGA35010,34,106,145,201,216,253,85,365,21,1436,135,15,24,37,141,191,196,957,20,1724,172,195,215,369,2889,2147,1448,1890,86,9420,69,25,26,64,396,545,309,393,5,1831,419,599,672,1215,2563,4704,2542,4939,244,17900,56,117,69,134,862,945,535,789,22,3536,203,1314,683,819,1824,1319,893,1462,95,8616,110,1568,562,514,541,433,315,614,57,4718,319,306,405,687,1745,1755,1198,2280,135,8823,38,68,59,59,398,356,185,248,14,1417,41,30,48,52,510,591,253,430,11,1969,27,85,74,105,238,297,174,450,11,1471,100,312,225,261,866,1515,694,1344,38,5363,92,354,271,378,620,569,263,432,41,3019,349,177,202,300,2205,1859,1172,1067,80,7411,109,421,248,444,777,718,391,652,30,3789,163,275,355,631,1225,965,393,538,42,4592,47,256,106,139,222,221,101,159,13,1257,110,277,204,280,958,1094,589,905,48,4462,154,327,255,308,1127,1132,424,950,918,5588
LGA35250,0,0,0,0,0,3,0,0,0,3,0,0,0,0,0,0,0,0,0,0,0,0,0,0,0,0,0,0,0,0,0,0,0,0,0,0,0,0,0,0,0,0,0,0,0,0,0,0,0,3,0,0,0,0,0,0,0,0,0,0,0,0,0,3,0,4,3,3,0,16,0,0,0,0,0,0,0,0,0,0,0,0,0,0,0,0,0,0,0,0,0,0,0,0,0,0,0,0,0,0,0,0,0,0,0,0,0,0,0,0,0,0,0,0,0,0,0,0,0,0,0,0,0,0,0,0,0,0,0,3,0,0,4,0,3,0,0,3,3,15,3,0,0,0,22,19,6,10,0,63,0,0,3,0,3,4,4,5,0,18,0,0,0,0,3,8,0,3,0,13,0,0,0,0,0,0,0,0,0,0,0,0,0,0,0,0,3,0,0,7,0,0,0,0,0,0,0,0,0,0
LGA35300,3,0,0,0,0,21,6,44,0,78,143,20,9,12,54,139,1042,928,25,2360,3,5,6,3,13,43,43,63,3,186,7,0,0,0,8,12,29,23,0,77,10,14,11,21,43,81,32,114,5,333,3,4,0,0,24,33,17,45,0,119,10,51,21,28,50,49,27,31,5,264,3,39,12,30,26,15,10,23,8,161,6,4,8,10,35,38,31,77,4,209,0,4,0,0,4,0,3,3,3,19,0,0,0,0,0,6,0,4,0,9,0,4,0,3,5,3,10,23,0,49,0,0,0,0,9,15,6,25,0,64,6,14,5,5,18,18,26,39,0,131,0,8,3,3,44,79,45,49,7,243,3,8,3,21,25,27,13,26,0,120,6,10,0,3,53,50,12,36,0,163,0,4,4,0,4,3,0,9,0,21,6,6,4,3,31,48,23,69,0,188,4,10,4,14,25,40,14,39,53,203
LGA35600,6,12,7,10,6,44,11,153,6,257,3,0,0,0,0,0,0,3,0,12,5,3,0,6,34,12,10,13,0,81,0,0,0,0,0,4,3,3,0,11,4,3,0,8,10,21,14,42,0,96,0,3,0,3,18,9,7,10,0,48,0,13,0,3,23,11,9,13,0,75,0,4,3,3,3,3,3,9,0,31,0,7,4,11,21,9,3,30,0,77,0,0,0,0,0,3,0,0,0,6,0,0,0,0,0,0,0,0,0,5,0,0,0,0,0,0,0,3,0,7,0,0,0,0,3,4,0,6,0,14,0,0,0,0,3,3,0,3,0,17,3,0,0,3,52,41,9,16,0,129,3,0,0,3,3,4,4,8,0,26,0,3,0,0,7,13,0,3,0,38,0,0,0,0,0,0,0,0,0,3,0,0,0,0,6,9,3,14,0,36,4,6,6,4,11,4,4,13,16,56
LGA35670,0,0,0,0,0,0,0,4,0,3,0,3,0,0,0,3,12,3,0,29,0,0,0,0,0,0,0,0,0,3,0,0,0,0,0,0,0,0,0,0,0,0,0,0,3,0,0,0,0,4,0,0,0,0,0,0,0,0,0,0,0,0,0,0,0,0,0,0,0,0,0,0,0,0,0,0,0,0,0,0,0,0,0,0,0,0,0,0,0,0,0,0,0,0,0,0,0,0,0,0,0,0,0,0,0,0,0,0,0,0,0,0,0,0,0,0,0,0,0,0,0,0,0,0,0,0,0,0,0,3,0,0,0,0,0,0,0,0,0,3,0,0,0,3,14,7,6,5,0,34,0,0,0,0,0,0,0,0,0,0,0,0,0,3,0,3,0,0,0,8,0,0,0,0,0,0,0,0,0,0,0,0,3,3,3,0,0,3,0,11,0,0,0,0,0,0,0,0,3,8
LGA35740,3,21,16,32,30,38,18,48,0,220,26,0,8,3,10,13,14,163,4,246,23,30,31,43,140,148,68,141,3,625,13,3,8,3,26,41,19,33,0,143,64,110,97,202,291,502,243,518,30,2058,7,23,14,9,50,79,39,65,0,295,21,177,95,147,165,132,107,169,8,1019,34,198,132,170,152,153,96,269,5,1220,35,49,59,79,76,69,49,138,4,565,3,7,11,18,19,29,14,23,0,123,5,19,15,18,26,60,21,59,3,225,5,37,15,34,28,58,29,91,0,301,18,66,40,81,80,130,58,187,7,669,13,83,65,80,74,68,35,75,7,484,20,21,10,37,127,100,68,60,10,459,14,84,44,66,85,99,55,89,8,534,25,53,65,107,124,120,57,92,5,646,7,42,17,32,40,34,17,25,0,212,9,38,25,44,69,93,49,85,7,418,17,71,33,71,76,96,40,113,94,610
LGA35760,20,45,38,66,60,158,103,449,18,951,4,6,0,3,7,9,18,81,6,132,0,4,3,5,18,28,23,37,3,129,3,0,0,0,11,9,3,10,0,43,6,4,5,15,23,39,21,70,4,191,0,4,0,4,8,5,3,20,0,40,0,17,8,7,15,7,7,30,4,97,0,10,3,3,0,4,0,20,3,52,4,9,8,6,3,17,11,35,6,97,0,0,0,0,3,5,0,0,0,8,0,0,0,0,0,3,0,3,0,8,3,3,0,0,0,3,3,6,0,18,0,0,3,0,3,8,7,11,0,29,0,6,3,7,9,12,13,22,3,75,3,4,0,4,62,13,21,29,3,136,0,3,9,10,11,14,3,12,0,57,3,0,8,6,8,17,4,3,0,60,0,0,3,3,3,0,5,0,0,12,3,6,0,9,7,14,5,22,0,74,5,12,6,12,12,21,5,24,43,138
LGA35780,0,0,0,0,0,0,0,3,0,3,0,0,0,0,0,0,0,0,0,0,0,0,0,0,0,0,0,0,0,3,0,0,0,0,4,0,0,0,0,4,3,0,0,8,17,11,9,17,3,60,0,0,0,0,0,0,0,0,0,0,0,3,0,3,3,3,0,7,0,23,0,0,0,0,0,0,3,3,0,13,0,0,0,0,0,0,0,4,0,13,0,0,0,0,0,0,0,0,0,0,0,0,0,0,0,0,0,0,0,0,0,0,0,0,0,0,0,0,0,0,0,0,0,0,3,0,0,0,0,3,0,0,0,3,0,0,0,0,0,3,4,6,8,11,36,20,4,17,0,98,0,0,3,3,12,6,3,12,0,38,4,0,3,3,18,16,0,7,0,47,0,0,0,0,0,0,0,0,0,0,3,3,3,3,9,15,7,4,0,46,0,0,0,0,0,0,0,3,3,13
LGA35790,0,0,0,0,0,0,0,0,0,3,0,0,0,0,0,0,0,0,0,0,0,0,0,0,0,0,0,0,0,0,0,0,0,0,0,0,0,0,0,0,0,3,0,0,0,3,0,4,0,9,0,0,0,0,0,0,0,0,0,0,0,0,3,0,0,0,0,3,0,9,0,0,3,0,0,0,0,4,0,6,0,0,0,0,0,0,0,0,0,3,0,0,0,0,0,0,0,0,0,0,0,0,0,0,0,0,0,0,0,0,0,0,0,0,0,0,0,0,0,0,0,0,0,0,0,0,0,0,0,3,0,0,0,3,0,0,0,3,0,8,3,17,3,7,22,18,4,9,0,78,0,12,4,13,3,5,3,3,0,38,5,12,0,6,6,10,7,4,0,45,0,0,0,0,0,0,0,0,0,0,0,4,0,4,6,3,0,6,0,21,0,0,0,0,0,0,0,0,0,5
LGA35800,4,6,3,4,3,21,9,89,0,141,0,0,0,0,3,0,0,3,0,9,0,0,0,0,0,0,0,3,0,3,0,0,0,0,3,0,0,0,0,4,0,3,3,0,3,3,0,15,0,33,0,0,0,0,0,0,0,0,0,7,0,0,0,3,5,8,0,8,0,22,0,0,0,0,0,0,0,4,0,11,0,0,3,4,0,7,0,4,0,20,0,0,0,0,0,0,0,0,0,0,0,0,0,0,0,0,0,0,0,0,0,0,0,0,0,0,0,0,0,0,0,0,0,0,0,0,0,0,0,3,0,0,0,0,0,0,0,0,0,3,0,0,0,0,15,12,8,10,0,53,0,0,0,3,0,0,0,0,0,11,3,3,0,0,3,3,0,4,0,14,0,0,0,0,4,3,0,0,0,6,0,0,0,0,7,3,0,3,0,15,0,0,0,0,0,6,4,6,7,22
LGA36070,0,0,0,0,0,4,0,7,0,11,0,0,0,0,0,0,0,0,0,0,0,0,0,0,0,0,0,0,0,0,0,0,0,0,0,0,0,0,0,0,0,4,0,0,0,0,0,3,0,8,0,0,0,0,0,0,0,0,0,0,0,0,0,0,0,0,0,3,0,7,0,0,0,0,0,0,0,0,0,0,0,0,0,0,0,0,0,0,0,0,0,0,0,0,0,0,0,0,0,0,0,0,0,0,0,0,0,0,0,0,0,0,0,0,0,0,0,0,0,0,0,0,0,0,0,0,0,0,0,0,0,0,0,0,0,0,0,0,0,3,0,21,0,0,9,10,0,3,5,45,0,0,0,0,0,0,0,3,0,4,0,5,0,0,3,0,0,3,0,15,0,0,0,0,0,3,0,0,0,4,0,4,0,0,0,8,0,0,0,9,0,0,0,0,0,0,0,3,0,3
LGA36150,3,0,0,0,0,11,4,64,0,83,0,0,0,0,0,0,0,0,0,3,0,0,0,0,0,0,0,0,0,3,0,0,0,0,0,5,0,0,0,7,0,0,0,3,0,5,0,15,0,29,0,0,0,0,0,0,0,0,0,0,0,3,0,0,0,0,0,4,0,14,0,3,0,0,0,0,0,5,0,11,8,0,0,3,4,5,0,13,0,29,0,0,0,0,0,0,0,0,0,0,0,0,0,0,0,0,0,0,0,0,0,0,0,0,0,0,0,3,0,3,0,0,0,0,0,0,0,0,0,0,0,0,0,0,0,0,0,0,0,0,0,0,0,0,17,17,3,3,0,37,0,0,0,0,4,0,0,0,0,6,0,0,0,0,0,3,0,0,0,4,0,0,0,0,0,0,0,0,0,0,0,0,0,0,0,0,0,3,0,6,0,0,0,0,3,0,0,4,3,9
LGA36250,9,25,26,42,56,64,41,92,0,350,39,6,10,9,48,124,90,351,3,686,90,71,91,149,923,882,652,878,31,3766,25,8,12,26,125,175,93,149,7,612,170,229,259,431,920,1911,1075,2092,85,7163,35,39,49,60,340,420,285,384,17,1621,71,523,267,297,535,427,315,588,21,3047,36,605,215,165,140,141,80,238,19,1643,113,138,140,221,540,599,434,891,41,3117,13,38,23,23,152,117,74,114,4,564,17,19,21,26,153,188,112,187,9,743,10,38,29,51,71,114,63,189,10,580,36,147,101,125,280,598,275,595,9,2168,22,136,114,139,177,227,99,185,9,1103,91,54,63,91,629,521,269,281,19,2024,40,151,87,144,276,249,139,285,4,1379,38,105,113,176,398,304,119,197,11,1469,6,93,34,55,78,84,39,72,3,469,30,97,84,114,311,417,201,360,10,1630,52,119,105,106,314,436,154,388,283,1953
LGA36300,0,5,0,0,3,11,6,66,0,90,0,0,0,0,0,0,0,3,0,3,0,0,0,0,0,3,0,7,0,7,0,0,0,0,0,3,0,0,0,4,0,0,0,0,3,0,0,5,0,15,0,0,0,0,0,0,0,3,0,4,0,0,0,0,0,5,0,0,0,6,0,0,0,0,0,0,0,4,0,4,0,0,3,0,3,3,0,7,0,19,0,0,0,0,0,0,0,0,0,0,0,0,0,0,0,0,0,0,0,0,0,0,0,0,0,0,0,0,0,3,0,0,0,0,0,0,0,0,0,0,0,0,0,0,0,0,0,0,0,0,0,0,0,3,15,21,7,11,0,50,0,0,0,0,3,0,0,0,0,6,0,0,0,0,0,0,0,0,0,3,0,0,0,0,0,0,0,0,0,0,0,0,0,0,0,0,0,0,0,4,0,0,0,0,0,3,0,3,5,10
LGA36370,23,25,22,28,42,54,36,208,8,448,84,16,27,28,185,114,272,835,26,1598,20,59,16,56,533,403,197,246,32,1562,21,15,15,25,173,189,94,100,3,637,60,78,76,116,388,555,275,557,28,2138,9,21,22,30,290,148,105,158,4,793,41,268,118,142,313,197,131,205,12,1432,22,321,109,114,118,82,39,130,15,955,56,53,52,98,403,291,227,478,22,1686,6,17,5,9,43,28,18,26,0,160,7,5,4,9,23,37,33,55,0,174,3,9,13,17,38,30,35,72,0,219,12,46,34,35,89,126,74,167,4,583,16,44,46,46,85,56,41,73,10,420,65,31,34,44,439,254,179,162,9,1214,27,81,42,93,201,151,88,159,7,858,48,51,72,136,284,269,80,136,10,1084,5,39,13,16,27,24,12,20,0,160,22,58,24,47,220,201,103,207,6,899,32,48,26,39,122,131,66,118,135,718
LGA36510,21,68,46,80,80,124,78,452,17,961,12,0,3,0,13,12,17,105,0,163,27,20,28,46,157,196,140,191,20,832,9,0,4,9,34,50,25,40,3,176,37,64,72,135,204,368,189,448,23,1544,10,25,13,14,56,71,52,70,7,317,17,81,43,57,110,88,67,110,6,577,15,105,41,31,58,41,31,79,5,408,23,24,46,38,79,93,69,196,8,579,0,9,3,3,13,11,5,34,0,87,3,7,3,5,14,24,10,19,0,84,3,8,11,8,16,25,12,38,3,125,5,26,19,23,36,93,42,94,3,340,11,38,24,29,36,42,17,31,7,241,35,11,13,23,187,142,98,111,7,630,23,36,36,53,68,79,37,92,5,425,12,20,29,31,69,53,25,47,3,287,4,25,11,12,39,30,4,37,0,163,7,29,20,30,60,65,49,101,5,368,25,37,17,26,81,104,39,128,75,527
LGA36580,16,30,23,42,32,99,44,269,13,563,3,0,3,7,7,3,5,89,4,126,8,44,25,57,143,212,121,161,11,782,5,3,3,8,31,29,18,41,0,137,19,38,19,44,104,177,85,237,21,745,8,10,4,6,43,38,33,34,5,174,12,62,33,36,62,46,34,56,5,333,3,26,6,13,10,15,9,17,4,100,13,28,27,28,54,63,58,166,9,453,0,3,0,0,5,4,4,3,0,14,0,0,0,0,8,3,4,5,0,22,0,10,5,5,7,3,8,15,0,55,3,5,10,12,28,37,14,36,0,134,8,19,9,11,17,28,4,9,0,108,20,16,14,16,125,78,69,38,3,378,5,19,14,27,38,23,20,34,0,178,5,9,16,18,25,29,7,23,5,131,8,12,3,9,7,4,0,6,0,57,5,12,13,15,47,36,22,45,3,195,10,26,6,16,33,49,22,60,65,289
LGA36630,15,45,33,59,73,124,75,497,17,943,24,4,7,7,31,20,46,247,7,398,31,21,30,65,248,153,124,123,8,805,14,4,6,7,103,72,40,77,3,323,23,37,35,59,84,133,88,194,8,655,3,11,9,12,30,21,15,37,0,137,15,96,45,61,100,70,46,96,8,524,6,53,18,35,15,13,10,48,4,210,16,36,31,36,24,32,15,88,6,282,3,5,0,3,4,8,10,10,0,31,0,0,0,5,7,15,3,6,0,42,0,4,0,6,3,4,6,27,0,45,7,10,10,6,14,15,10,31,0,98,5,33,12,13,8,8,9,16,0,109,17,10,8,20,125,68,58,39,4,340,4,17,16,48,36,48,22,55,3,258,13,29,31,58,55,56,22,30,3,294,0,10,3,0,7,8,3,5,0,32,3,21,9,16,50,53,27,74,0,251,16,22,24,28,39,46,21,71,83,349
LGA36660,33,82,81,109,137,225,120,556,25,1366,13,0,0,3,13,12,11,60,0,120,22,38,26,51,216,220,127,174,6,874,5,0,3,5,35,23,15,17,3,103,30,35,47,77,152,176,109,238,13,881,0,11,7,10,29,39,33,59,0,193,17,105,49,76,138,90,71,115,13,669,12,118,42,41,31,26,22,89,7,383,32,40,31,30,99,84,79,235,11,639,5,3,3,7,15,9,3,3,0,56,0,3,0,0,9,19,4,13,0,49,0,5,5,4,5,9,6,29,0,65,7,18,14,14,20,33,22,48,0,176,0,25,4,20,14,16,9,23,3,112,12,15,6,10,156,80,48,39,3,378,9,29,25,37,52,42,31,87,7,317,12,21,32,39,64,45,18,39,5,272,0,15,3,6,6,4,3,12,0,64,3,25,11,34,60,81,31,69,3,331,13,22,16,16,64,49,25,63,88,363
LGA36720,38,112,104,152,160,259,156,462,22,1472,182,29,19,25,71,84,163,1115,21,1715,99,173,156,289,1051,918,678,1017,42,4420,48,26,22,30,213,228,167,243,11,977,389,507,570,1143,1769,3505,1904,3853,168,13812,44,81,65,84,322,417,275,478,10,1782,156,961,503,654,1102,796,562,1029,66,5827,94,1139,550,581,553,436,339,753,42,4496,173,207,215,367,570,484,356,1001,54,3429,23,76,52,53,147,205,88,162,6,814,30,41,47,102,354,447,244,453,8,1733,23,110,63,104,174,245,142,463,11,1351,83,272,219,267,515,880,395,1028,28,3685,50,322,253,344,383,386,159,312,35,2246,143,133,102,159,871,735,441,425,26,3035,103,341,221,443,579,607,314,673,30,3317,146,272,408,646,915,846,358,624,41,4252,33,238,114,103,197,215,103,170,16,1178,68,191,154,253,476,621,306,505,23,2596,107,258,206,271,502,630,254,716,570,3505
LGA36820,21,49,36,70,110,128,85,370,12,887,26,6,4,4,12,12,15,149,7,234,10,15,11,25,61,62,59,67,3,308,3,3,3,3,27,19,20,9,0,92,31,40,41,54,76,129,90,197,14,675,3,8,3,10,22,21,16,22,0,100,9,78,27,52,80,55,40,77,8,432,5,61,16,34,19,18,6,54,0,214,11,24,20,24,27,27,22,87,0,234,0,0,0,3,5,3,8,3,0,24,0,3,3,0,10,8,5,11,0,40,0,4,0,9,6,4,7,13,0,43,7,21,11,16,19,29,14,37,0,157,10,23,15,20,16,24,6,17,3,126,24,11,9,16,128,68,33,48,3,334,17,20,21,36,49,39,23,40,3,253,23,14,42,34,45,48,11,36,8,254,0,12,3,6,15,7,6,7,3,67,3,8,11,18,48,48,18,47,0,195,14,36,17,25,26,35,17,43,53,260
LGA36910,78,160,136,194,261,444,300,1418,51,3050,85,11,12,27,98,116,120,647,22,1139,62,103,102,184,1161,688,581,750,43,3678,32,4,3,28,137,234,94,166,3,705,125,182,156,261,680,1107,854,1790,57,5219,31,59,26,63,352,359,271,403,14,1577,69,421,240,272,602,365,285,555,27,2844,45,562,216,209,182,129,113,268,22,1743,92,100,101,162,307,337,262,981,34,2382,3,16,11,24,91,75,43,50,0,316,22,19,24,32,197,165,89,182,7,732,8,25,32,22,40,71,64,202,8,477,33,104,74,78,273,343,196,421,11,1520,23,124,88,93,155,119,52,96,18,766,120,94,59,101,815,726,493,414,30,2856,58,216,135,223,507,368,237,412,13,2176,66,114,179,281,553,487,193,349,12,2244,12,65,23,28,50,51,24,70,0,318,32,111,72,95,314,370,235,397,17,1656,56,110,70,91,266,291,170,354,295,1695
LGA36950,0,4,0,0,4,3,3,4,0,22,0,0,0,0,0,0,0,0,0,4,0,0,0,0,0,0,0,0,0,3,0,0,0,0,3,3,0,0,0,9,3,13,4,7,7,26,17,26,0,103,0,0,0,0,0,0,0,0,0,0,0,9,0,6,3,4,3,7,3,37,0,0,0,0,6,0,6,12,0,23,3,5,0,6,13,9,16,15,9,76,0,0,0,0,0,0,3,0,0,8,0,0,0,0,0,0,0,0,0,3,0,0,0,0,0,0,0,0,0,0,0,0,0,0,0,3,0,0,3,9,0,3,0,0,4,0,0,3,0,12,9,12,0,10,21,44,14,25,4,144,0,4,5,3,9,15,3,13,0,54,3,0,0,3,18,35,3,11,6,88,0,0,0,0,0,0,0,0,0,3,0,5,3,4,0,4,4,4,0,27,5,0,0,0,3,5,0,3,15,38
LGA36960,0,0,0,0,0,3,0,0,0,4,0,0,0,0,0,0,0,0,0,0,0,0,0,0,0,0,0,0,0,0,0,0,0,0,0,0,0,0,0,0,0,4,0,3,0,14,0,22,0,40,0,0,0,0,0,0,0,0,0,0,6,6,8,3,4,3,0,3,0,28,0,0,0,0,0,0,0,0,0,0,0,0,0,0,0,3,0,0,0,9,0,0,0,0,0,0,0,4,0,4,0,0,0,0,0,0,0,0,0,0,0,0,0,0,0,0,0,0,0,0,0,0,0,0,0,0,0,0,0,0,0,0,0,0,0,0,0,0,0,4,4,23,13,17,65,57,3,45,9,233,3,3,0,10,0,0,4,8,4,33,0,7,8,8,16,11,0,8,0,50,0,0,0,3,6,0,0,0,0,9,3,25,10,17,8,15,0,9,4,84,0,0,0,7,0,0,0,0,12,18
LGA37010,15,48,29,30,41,73,31,164,8,429,162,19,37,27,94,115,229,1164,20,1865,80,83,72,93,810,619,615,694,27,3093,23,17,16,41,242,310,131,176,4,947,178,226,214,377,1027,1416,818,1770,68,6092,35,33,33,38,346,360,198,301,7,1343,83,643,318,351,665,409,296,554,27,3356,84,867,362,333,297,224,148,352,47,2709,107,119,145,247,666,575,461,884,45,3243,29,33,22,50,226,137,70,97,5,659,10,17,21,15,85,97,74,142,0,456,9,34,27,32,97,121,75,185,8,587,42,109,76,93,353,471,239,524,10,1926,26,161,115,150,289,205,92,216,20,1276,287,163,151,165,1354,1997,1553,1801,96,7566,62,261,136,198,437,408,196,432,19,2142,103,133,157,272,599,603,245,412,15,2548,11,139,48,51,112,75,59,83,7,592,29,109,68,99,400,408,205,374,22,1719,71,107,69,110,321,342,133,292,374,1815
LGA37300,0,0,0,0,0,3,0,0,0,3,28,13,5,6,16,33,441,144,5,695,4,4,3,0,3,8,36,59,4,122,0,0,0,0,0,0,0,5,0,6,4,3,4,5,8,15,10,42,0,86,0,0,0,0,0,3,9,5,0,11,0,6,4,4,0,3,3,9,0,27,0,3,4,5,3,4,7,11,0,36,0,0,3,3,5,7,9,13,0,50,0,0,0,0,0,0,0,0,0,0,0,0,0,0,0,0,0,3,0,3,0,0,0,0,0,0,3,4,0,11,0,0,0,3,3,0,0,5,0,9,0,0,0,3,3,3,3,9,0,21,0,0,0,3,7,13,4,7,0,31,0,0,0,4,8,3,3,13,0,32,0,0,0,0,3,3,4,3,0,22,0,0,0,0,0,0,3,0,0,7,0,0,0,0,3,6,7,9,0,27,6,4,0,0,3,4,10,7,11,36
LGA37310,41,76,59,92,86,247,164,1195,32,1994,37,11,6,9,29,34,59,306,5,493,7,16,9,26,113,88,130,168,3,569,16,3,4,11,76,56,56,116,3,344,48,39,23,46,105,195,154,478,19,1102,13,14,6,6,33,59,47,78,3,260,14,72,25,45,100,79,65,124,5,527,7,92,31,30,43,23,14,63,3,307,12,24,23,30,52,57,39,185,11,432,0,0,0,0,0,4,5,7,0,19,0,3,0,0,11,6,9,25,0,61,0,3,0,3,9,15,6,28,3,80,3,12,4,3,26,22,24,62,0,155,4,26,13,7,10,16,10,23,0,108,19,9,14,21,146,91,104,53,5,461,3,13,12,38,35,36,26,57,7,228,3,11,9,16,28,33,6,25,0,135,0,9,4,0,12,5,0,3,0,34,4,11,16,14,39,77,38,81,3,288,18,24,7,16,56,51,36,122,77,411
LGA37340,12,49,35,69,61,177,100,431,20,956,65,9,15,33,69,41,126,535,17,910,11,17,10,17,87,130,82,113,3,473,9,0,0,3,27,23,15,20,3,104,35,39,44,69,144,225,172,274,22,1030,8,7,3,7,24,31,34,50,0,169,17,102,33,62,92,71,50,89,4,518,21,81,58,84,171,242,201,317,10,1188,47,27,51,62,139,180,114,256,11,883,0,3,0,3,8,8,4,14,0,31,0,3,0,3,3,7,6,10,0,29,3,3,8,8,17,23,14,40,0,108,3,13,13,14,24,35,23,73,3,199,7,26,22,28,49,48,36,101,0,317,12,18,11,15,106,70,33,45,3,317,7,19,9,30,27,24,21,57,0,184,9,8,10,19,31,30,16,35,3,160,0,13,6,10,16,13,17,20,3,92,16,14,13,21,49,72,36,76,6,306,12,28,20,39,58,76,41,93,75,443
LGA37400,3,3,0,0,0,15,7,64,0,94,4,0,0,0,0,0,0,0,0,5,0,0,0,0,0,3,0,0,0,10,0,0,0,0,0,3,0,0,0,4,3,0,0,5,6,4,8,9,0,31,0,0,0,0,0,0,0,4,0,10,0,0,4,0,3,0,0,5,0,13,0,0,0,0,0,0,0,7,0,11,0,0,0,7,0,6,0,12,0,26,0,0,0,0,0,0,0,0,0,0,0,0,0,0,0,0,0,0,0,0,0,0,0,0,0,0,0,0,0,0,0,0,0,0,0,0,0,3,0,3,0,0,0,0,0,0,0,0,0,0,0,6,0,0,20,10,7,3,6,49,0,0,0,3,0,0,0,0,0,5,0,0,0,0,0,4,0,0,0,5,3,0,0,0,4,0,0,0,0,9,0,0,0,0,0,3,4,0,0,10,0,3,0,0,0,5,0,0,8,14
LGA37550,0,0,0,0,0,3,0,0,0,9,0,0,0,0,0,0,0,0,0,0,0,0,0,0,0,0,0,0,0,0,0,0,0,0,0,0,0,0,0,0,0,0,0,0,0,0,0,0,0,4,0,0,0,0,0,0,0,0,0,0,0,0,0,0,0,0,0,0,0,0,0,0,0,0,0,0,0,0,0,0,0,0,0,0,0,0,0,0,0,0,0,0,0,0,0,0,0,0,0,0,0,0,0,0,0,0,0,0,0,0,0,0,0,0,0,0,0,0,0,0,0,0,0,3,0,0,0,0,0,7,0,0,0,0,0,0,0,0,0,0,3,0,3,0,14,5,0,3,0,29,0,3,0,4,7,0,0,4,0,14,0,4,0,0,3,5,0,3,0,16,0,0,0,0,0,0,0,0,0,0,0,0,3,0,7,0,0,0,3,21,0,0,0,0,0,0,0,0,0,0
LGA37570,0,0,0,0,0,0,0,0,0,0,0,0,0,0,0,0,0,0,0,0,0,0,0,0,0,0,0,0,0,0,0,0,0,0,0,0,0,0,0,0,0,0,0,0,0,0,0,0,0,0,0,0,0,0,0,0,0,0,0,0,0,0,0,0,0,0,0,0,0,0,0,0,0,0,0,0,0,0,0,0,0,0,0,0,0,0,0,0,0,0,0,0,0,0,0,0,0,0,0,0,0,0,0,0,0,0,0,0,0,0,0,0,0,0,0,0,0,0,0,0,0,0,0,0,0,0,0,0,0,0,0,0,0,0,3,0,0,0,0,3,0,3,0,0,8,0,0,0,0,16,0,0,0,0,0,0,0,0,0,0,0,0,3,0,0,3,0,0,0,9,0,0,0,0,0,0,0,0,0,0,0,0,0,0,0,0,0,0,0,3,0,0,0,0,0,0,0,0,0,3
LGA37600,0,0,0,0,0,0,0,0,0,0,0,0,0,0,0,0,0,0,0,0,0,0,0,0,0,0,0,0,0,0,0,0,0,0,0,0,0,0,0,0,0,0,0,0,0,0,0,0,0,4,0,0,0,0,0,0,0,0,0,0,0,0,0,0,0,0,0,0,0,0,0,0,0,0,0,0,0,0,0,0,0,0,0,0,0,0,0,0,0,0,0,0,0,0,0,0,0,0,0,0,0,0,0,0,0,0,0,0,0,0,0,0,0,0,0,0,0,0,0,0,0,0,0,0,0,0,0,0,0,3,0,0,0,0,0,0,0,0,0,0,5,0,3,3,26,6,0,7,0,57,0,3,0,7,5,0,0,0,0,18,0,0,4,5,11,8,0,4,0,28,0,0,0,0,0,0,0,0,0,0,3,4,0,3,3,3,0,9,4,28,0,0,0,0,0,0,0,3,11,16
LGA39499,4,13,14,43,31,32,15,47,3,204,12,0,0,0,8,5,6,38,0,71,9,0,3,9,31,20,18,21,4,112,0,0,0,0,4,7,3,13,0,25,25,17,18,27,32,53,18,82,12,275,0,0,3,3,11,9,3,7,0,40,5,3,14,7,11,14,8,17,5,87,5,15,11,27,18,23,8,30,3,143,11,9,10,18,15,16,12,34,6,130,3,0,3,3,0,0,0,6,0,15,3,0,0,0,4,3,0,0,0,12,0,0,0,3,3,3,6,3,0,20,9,5,0,3,12,12,7,20,0,64,3,11,5,10,15,11,0,13,0,72,6,3,4,0,19,18,7,10,0,75,10,10,7,6,8,6,3,8,0,50,3,4,6,7,15,13,3,12,0,70,0,7,4,6,5,3,3,7,0,39,0,6,6,3,6,12,8,4,3,52,10,8,5,10,18,28,4,31,63,184
LGA39799,0,0,0,0,0,0,0,0,0,4,0,0,0,0,0,0,0,0,0,0,0,0,0,0,0,0,0,0,0,0,0,0,0,0,0,0,0,0,0,0,0,0,0,0,0,0,0,5,0,9,0,0,0,0,0,0,0,0,0,0,0,0,0,0,0,0,0,0,0,3,0,0,0,0,0,0,0,0,0,0,0,0,0,0,3,0,0,0,0,3,0,0,0,0,0,0,0,0,0,0,0,0,0,0,0,0,0,0,0,0,0,0,0,0,0,0,0,0,0,0,0,0,0,0,0,0,0,0,0,0,0,0,0,0,0,3,0,0,0,3,0,0,0,0,0,0,0,0,0,0,0,0,0,0,0,0,0,0,0,0,0,0,0,0,0,0,0,0,0,0,0,0,0,0,0,0,0,0,0,0,0,0,0,0,0,0,0,0,0,3,0,0,0,0,0,0,0,0,0,4
