LGA_CODE_2016,MSEO_SEO,MSEO_SOLSE_VWorW,MSEO_SOLSE_NWorNAA,MSEO_SOLSE_Tot,MSEO_NS,MSEO_Tot,MOL_Afrikaans_SEO,MOL_Afrikaans_SOLSE_VWorW,MOL_Afrikaans_SOLSE_NWorNAA,MOL_Afrikaans_SOLSE_Tot,MOL_Afrikaans_NS,MOL_Afrikaans_Tot,MOL_Arabic_SEO,MOL_Arabic_SOLSE_VWorW,MOL_Arabic_SOLSE_NWorNAA,MOL_Arabic_SOLSE_Tot,MOL_Arabic_NS,MOL_Arabic_Tot,MOL_AIndLng_SEO,MOL_AIndLng_SOLSE_VWorW,MOL_AIndLng_SOLSE_NWorNAA,MOL_AIndLng_SOLSE_Tot,MOL_AIndLng_NS,MOL_AIndLng_Tot,MOL_CL_Canton_SEO,MOL_CL_Canton_SOLSE_VWorW,MOL_CL_Canton_SOLSE_NWorNAA,MOL_CL_Canton_SOLSE_Tot,MOL_CL_Canton_NS,MOL_CL_Canton_Tot,MOL_CL_Mandarin_SEO,MOL_CL_Mandarin_SOLSE_VWorW,MOL_CL_Mandarin_SOLSE_NWorNAA,MOL_CL_Mandarin_SOLSE_Tot,MOL_CL_Mandarin_NS,MOL_CL_Mandarin_Tot,MOL_CL_Oth_SEO,MOL_CL_Oth_SOLSE_VWorW,MOL_CL_Oth_SOLSE_NWorNAA,MOL_CL_Oth_SOLSE_Tot,MOL_CL_Oth_NS,MOL_CL_Oth_Tot,MOL_CL_Tot_SEO,MOL_CL_Tot_SOLSE_VWorW,MOL_CL_Tot_SOLSE_NWorNAA,MOL_CL_Tot_SOLSE_Tot,MOL_CL_Tot_NS,MOL_CL_Tot_Tot,MOL_Croatian_SEO,MOL_Croatian_SOLSE_VWorW,MOL_Croatian_SOLSE_NWorNAA,MOL_Croatian_SOLSE_Tot,MOL_Croatian_NS,MOL_Croatian_Tot,MOL_Dutch_SEO,MOL_Dutch_SOLSE_VWorW,MOL_Dutch_SOLSE_NWorNAA,MOL_Dutch_SOLSE_Tot,MOL_Dutch_NS,MOL_Dutch_Tot,MOL_French_SEO,MOL_French_SOLSE_VWorW,MOL_French_SOLSE_NWorNAA,MOL_French_SOLSE_Tot,MOL_French_NS,MOL_French_Tot,MOL_German_SEO,MOL_German_SOLSE_VWorW,MOL_German_SOLSE_NWorNAA,MOL_German_SOLSE_Tot,MOL_German_NS,MOL_German_Tot,MOL_Greek_SEO,MOL_Greek_SOLSE_VWorW,MOL_Greek_SOLSE_NWorNAA,MOL_Greek_SOLSE_Tot,MOL_Greek_NS,MOL_Greek_Tot,MOL_IAL_Bengali_SEO,MOL_IAL_Bengali_SOLSE_VWorW,MOL_IAL_Bengali_SOLSE_NWorNAA,MOL_IAL_Bengali_SOLSE_Tot,MOL_IAL_Bengali_NS,MOL_IAL_Bengali_Tot,MOL_IAL_Hindi_SEO,MOL_IAL_Hindi_SOLSE_VWorW,MOL_IAL_Hindi_SOLSE_NWorNAA,MOL_IAL_Hindi_SOLSE_Tot,MOL_IAL_Hindi_NS,MOL_IAL_Hindi_Tot,MOL_IAL_Punjabi_SEO,MOL_IAL_Punjabi_SOLSE_VWorW,MOL_IAL_Punjabi_SOLSE_NWorNAA,MOL_IAL_Punjabi_SOLSE_Tot,MOL_IAL_Punjabi_NS,MOL_IAL_Punjabi_Tot,MOL_IAL_Sinhal_SEO,MOL_IAL_Sinhal_SOLSE_VWorW,MOL_IAL_Sinhal_SOLSE_NWorNAA,MOL_IAL_Sinhal_SOLSE_Tot,MOL_IAL_Sinhal_NS,MOL_IAL_Sinhal_Tot,MOL_IAL_Urdu_SEO,MOL_IAL_Urdu_SOLSE_VWorW,MOL_IAL_Urdu_SOLSE_NWorNAA,MOL_IAL_Urdu_SOLSE_Tot,MOL_IAL_Urdu_NS,MOL_IAL_Urdu_Tot,MOL_IAL_Oth_SEO,MOL_IAL_Oth_SOLSE_VWorW,MOL_IAL_Oth_SOLSE_NWorNAA,MOL_IAL_Oth_SOLSE_Tot,MOL_IAL_Oth_NS,MOL_IAL_Oth_Tot,MOL_IAL_Tot_SEO,MOL_IAL_Tot_SOLSE_VWorW,MOL_IAL_Tot_SOLSE_NWorNAA,MOL_IAL_Tot_SOLSE_Tot,MOL_IAL_Tot_NS,MOL_IAL_Tot_Tot,MOL_Italian_SEO,MOL_Italian_SOLSE_VWorW,MOL_Italian_SOLSE_NWorNAA,MOL_Italian_SOLSE_Tot,MOL_Italian_NS,MOL_Italian_Tot,MOL_Japan_SEO,MOL_Japan_SOLSE_VWorW,MOL_Japan_SOLSE_NWorNAA,MOL_Japan_SOLSE_Tot,MOL_Japan_NS,MOL_Japan_Tot,MOL_Korean_SEO,MOL_Korean_SOLSE_VWorW,MOL_Korean_SOLSE_NWorNAA,MOL_Korean_SOLSE_Tot,MOL_Korean_NS,MOL_Korean_Tot,MOL_Macedon_SEO,MOL_Macedon_SOLSE_VWorW,MOL_Macedon_SOLSE_NWorNAA,MOL_Macedon_SOLSE_Tot,MOL_Macedon_NS,MOL_Macedon_Tot,MOL_Maltese_SEO,MOL_Maltese_SOLSE_VWorW,MOL_Maltese_SOLSE_NWorNAA,MOL_Maltese_SOLSE_Tot,MOL_Maltese_NS,MOL_Maltese_Tot,MOL_Persian_ED_SEO,MOL_Persian_ED_SOLSE_VWorW,MOL_Persian_ED_SOLSE_NWorNAA,MOL_Persian_ED_SOLSE_Tot,MOL_Persian_ED_NS,MOL_Persian_ED_Tot,MOL_Polish_SEO,MOL_Polish_SOLSE_VWorW,MOL_Polish_SOLSE_NWorNAA,MOL_Polish_SOLSE_Tot,MOL_Polish_NS,MOL_Polish_Tot,MOL_Russian_SEO,MOL_Russian_SOLSE_VWorW,MOL_Russian_SOLSE_NWorNAA,MOL_Russian_SOLSE_Tot,MOL_Russian_NS,MOL_Russian_Tot,MOL_Samoan_SEO,MOL_Samoan_SOLSE_VWorW,MOL_Samoan_SOLSE_NWorNAA,MOL_Samoan_SOLSE_Tot,MOL_Samoan_NS,MOL_Samoan_Tot,MOL_Serbian_SEO,MOL_Serbian_SOLSE_VWorW,MOL_Serbian_SOLSE_NWorNAA,MOL_Serbian_SOLSE_Tot,MOL_Serbian_NS,MOL_Serbian_Tot,MOL_SAL_Filipin_SEO,MOL_SAL_Filipin_SOLSE_VWorW,MOL_SAL_Filipin_SOLSE_NWorNAA,MOL_SAL_Filipin_SOLSE_Tot,MOL_SAL_Filipin_NS,MOL_SAL_Filipin_Tot,MOL_SAL_Indon_SEO,MOL_SAL_Indon_SOLSE_VWorW,MOL_SAL_Indon_SOLSE_NWorNAA,MOL_SAL_Indon_SOLSE_Tot,MOL_SAL_Indon_NS,MOL_SAL_Indon_Tot,MOL_SAL_Tagalog_SEO,MOL_SAL_Tagalog_SOLSE_VWorW,MOL_SAL_Tagalog_SOLSE_NWorNAA,MOL_SAL_Tagalog_SOLSE_Tot,MOL_SAL_Tagalog_NS,MOL_SAL_Tagalog_Tot,MOL_SAL_Oth_SEO,MOL_SAL_Oth_SOLSE_VWorW
LGA30250,78,..,..,..,..,78,..,0,0,0,0,0,..,0,0,0,0,0,..,473,51,518,10,529,..,0,0,0,0,0,..,0,0,0,0,0,..,0,0,0,0,0,..,0,0,0,0,0,..,0,0,0,0,0,..,0,0,0,0,0,..,0,0,0,0,0,..,0,0,0,0,0,..,0,0,0,0,0,..,0,0,0,0,0,..,0,0,0,0,0,..,0,0,0,0,0,..,0,0,0,0,0,..,0,0,0,0,0,..,0,0,0,0,0,..,0,0,0,0,0,..,0,0,0,0,0,..,0,0,0,0,0,..,0,0,0,0,0,..,0,0,0,0,0,..,0,0,0,0,0,..,0,0,0,0,0,..,0,0,0,0,0,..,0,0,0,0,0,..,0,0,0,0,0,..,0,0,0,0,0,..,0,0,0,0,0,..,0,0,0,0,0,..,0,0,0,0,0,..,0
LGA30300,2002,..,..,..,..,2002,..,18,0,20,0,20,..,0,0,0,0,0,..,3,0,3,0,3,..,0,0,0,0,0,..,0,0,0,0,0,..,0,0,0,0,0,..,0,0,0,0,0,..,0,0,0,0,0,..,0,0,0,0,0,..,0,0,0,0,0,..,0,0,0,0,0,..,3,0,3,0,3,..,0,0,0,0,0,..,0,0,0,0,0,..,0,0,0,0,0,..,0,0,0,0,0,..,0,0,0,0,0,..,0,0,0,0,0,..,3,0,3,0,3,..,0,0,0,0,0,..,0,0,0,0,0,..,0,0,0,0,0,..,0,0,0,0,0,..,0,0,0,0,0,..,0,0,0,0,0,..,0,0,0,0,0,..,0,0,0,0,0,..,0,0,0,0,0,..,0,0,0,0,0,..,0,0,0,0,0,..,0,0,0,0,0,..,4,0,4,0,4,..,0
LGA30370,6394,..,..,..,..,6394,..,14,0,14,0,14,..,0,0,0,0,3,..,4,0,4,0,4,..,0,0,4,0,4,..,5,20,29,0,29,..,0,0,0,0,0,..,6,21,36,0,36,..,0,0,0,0,0,..,0,0,0,0,0,..,3,0,3,0,3,..,4,0,4,0,4,..,5,0,5,0,5,..,5,0,5,0,5,..,0,0,0,0,0,..,13,0,13,0,13,..,3,0,3,0,3,..,0,0,0,0,0,..,0,0,0,0,0,..,18,0,23,0,23,..,7,0,8,0,8,..,0,0,0,0,0,..,3,0,4,0,4,..,0,0,0,0,0,..,0,0,0,0,0,..,0,3,3,0,3,..,0,0,0,0,0,..,3,0,3,0,3,..,0,0,0,0,0,..,0,0,0,0,0,..,23,0,23,0,23,..,0,0,0,0,0,..,23,0,23,0,24,..,5
LGA30410,1312,..,..,..,..,1312,..,5,0,5,0,5,..,0,0,0,0,0,..,0,0,0,0,0,..,0,0,0,0,0,..,0,0,0,0,0,..,0,0,0,0,0,..,0,0,0,0,0,..,0,0,0,0,0,..,0,0,0,0,0,..,0,0,0,0,0,..,0,0,0,0,0,..,0,0,0,0,0,..,0,0,0,0,0,..,0,0,0,0,0,..,0,0,0,0,0,..,0,0,0,0,0,..,8,0,8,0,8,..,3,0,3,0,3,..,8,0,8,0,8,..,3,0,3,0,3,..,0,0,0,0,0,..,0,0,0,0,0,..,0,0,0,0,0,..,0,0,0,0,0,..,0,0,0,0,0,..,0,0,0,0,0,..,0,0,0,0,0,..,0,0,0,0,0,..,0,0,0,0,0,..,0,0,0,0,0,..,0,0,0,0,0,..,0,0,0,0,0,..,0
LGA30450,140,..,..,..,..,140,..,0,0,0,0,0,..,0,0,0,0,0,..,0,0,0,0,0,..,0,0,0,0,0,..,0,0,0,0,0,..,0,0,0,0,0,..,0,0,0,0,0,..,0,0,0,0,0,..,0,0,0,0,0,..,0,0,0,0,0,..,0,0,0,0,0,..,0,0,0,0,0,..,0,0,0,0,0,..,0,0,0,0,0,..,0,0,0,0,0,..,0,0,0,0,0,..,0,0,0,0,0,..,0,0,0,0,0,..,0,0,0,0,0,..,0,0,0,0,0,..,0,0,0,0,0,..,0,0,0,0,0,..,0,0,0,0,0,..,0,0,0,0,0,..,0,0,0,0,0,..,0,0,0,0,0,..,0,0,0,0,0,..,0,0,0,0,0,..,0,0,0,0,0,..,0,0,0,0,0,..,0,0,0,0,0,..,0,0,0,0,0,..,0
LGA30760,888,..,..,..,..,888,..,0,0,0,0,0,..,0,0,0,0,0,..,0,0,0,0,0,..,0,0,0,0,0,..,0,0,0,0,0,..,0,0,0,0,0,..,0,0,0,0,0,..,0,0,0,0,0,..,0,0,0,0,0,..,0,0,0,0,0,..,0,0,0,0,0,..,0,0,0,0,0,..,0,0,0,0,0,..,3,0,5,0,5,..,0,0,0,0,0,..,0,0,0,0,0,..,0,0,0,0,0,..,0,0,0,0,0,..,3,0,5,0,5,..,0,0,0,0,0,..,0,0,0,0,0,..,0,0,0,0,0,..,0,0,0,0,0,..,0,0,0,0,0,..,0,0,0,0,0,..,0,0,0,0,0,..,0,0,0,0,0,..,0,0,0,0,0,..,0,0,0,0,0,..,0,0,0,0,0,..,0,0,0,0,0,..,0,0,0,0,0,..,0
LGA30900,187,..,..,..,..,187,..,0,0,0,0,0,..,0,0,0,0,0,..,0,0,0,0,0,..,0,0,0,0,0,..,0,0,0,0,0,..,0,0,0,0,0,..,0,0,0,0,0,..,0,0,0,0,0,..,0,0,0,0,0,..,0,0,0,0,0,..,0,0,0,0,0,..,0,0,0,0,0,..,0,0,0,0,0,..,0,0,0,0,0,..,0,0,0,0,0,..,0,0,0,0,0,..,0,0,0,0,0,..,0,0,0,0,0,..,0,0,0,0,0,..,0,0,0,0,0,..,0,0,0,0,0,..,0,0,0,0,0,..,0,0,0,0,0,..,0,0,0,0,0,..,0,0,0,0,0,..,0,0,0,0,0,..,0,0,0,0,0,..,0,0,0,0,0,..,0,0,0,0,0,..,0,0,0,0,0,..,0,0,0,0,0,..,0,0,0,0,0,..,0
LGA31000,401533,..,..,..,..,401533,..,1361,20,1380,8,1391,..,2827,546,3372,32,3404,..,126,16,144,7,147,..,6407,1539,7945,41,7989,..,16309,4602,20902,85,20992,..,914,362,1275,7,1283,..,23624,6498,30125,141,30264,..,524,64,586,3,587,..,739,34,765,10,776,..,1975,92,2068,17,2082,..,1960,60,2023,16,2041,..,2737,302,3040,19,3054,..,1033,58,1089,6,1093,..,4782,166,4949,37,4986,..,5091,453,5543,50,5591,..,1765,73,1837,11,1847,..,1401,98,1497,16,1507,..,4070,244,4315,22,4333,..,18135,1092,19224,135,19364,..,3271,317,3585,49,3634,..,1795,301,2093,17,2114,..,3620,1685,5302,23,5324,..,258,29,282,3,294,..,76,12,82,0,83,..,1895,278,2172,14,2180,..,848,61,915,8,921,..,871,93,963,8,966,..,1395,153,1550,25,1571,..,885,136,1023,5,1030,..,1197,39,1231,5,1244,..,1084,87,1172,5,1178,..,1919,60,1977,10,1991,..,672
LGA31750,169,..,..,..,..,169,..,0,0,0,0,0,..,0,0,0,0,0,..,0,0,0,0,0,..,0,0,0,0,0,..,0,0,0,0,0,..,0,0,0,0,0,..,0,0,0,0,0,..,0,0,0,0,0,..,0,0,0,0,0,..,0,0,0,0,0,..,0,0,0,0,0,..,0,0,0,0,0,..,0,0,0,0,0,..,0,0,0,0,0,..,0,0,0,0,0,..,0,0,0,0,0,..,0,0,0,0,0,..,0,0,0,0,0,..,0,0,0,0,0,..,0,0,0,0,0,..,0,0,0,0,0,..,0,0,0,0,0,..,0,0,0,0,0,..,0,0,0,0,0,..,0,0,0,0,0,..,0,0,0,0,0,..,0,0,0,0,0,..,0,0,0,0,0,..,0,0,0,0,0,..,0,0,0,0,0,..,0,0,0,0,0,..,0,0,0,0,0,..,0
LGA31820,40525,..,..,..,..,40525,..,89,0,94,0,96,..,30,0,25,0,25,..,13,0,16,0,16,..,30,14,40,0,40,..,78,79,155,0,155,..,9,0,7,0,7,..,119,92,211,0,211,..,15,0,15,0,15,..,60,0,60,0,60,..,54,6,53,0,53,..,124,3,125,0,124,..,14,0,13,0,13,..,13,0,13,0,13,..,32,0,33,0,33,..,25,6,33,0,33,..,17,0,17,0,17,..,19,0,22,0,22,..,53,3,54,0,54,..,167,11,182,0,182,..,160,27,185,9,192,..,29,12,43,0,43,..,42,39,76,0,79,..,0,0,0,0,0,..,14,0,19,0,15,..,9,3,9,0,9,..,6,0,8,0,8,..,14,0,11,0,11,..,6,0,10,0,10,..,5,0,6,0,6,..,36,0,33,0,33,..,10,0,10,0,10,..,34,3,39,0,39,..,14
LGA31900,7530,..,..,..,..,7530,..,13,0,13,0,10,..,0,0,0,0,0,..,8,0,8,0,8,..,3,3,5,0,5,..,3,6,14,0,14,..,0,0,0,0,0,..,7,9,15,0,15,..,3,0,3,0,3,..,6,0,6,0,6,..,17,3,20,0,20,..,9,0,9,0,9,..,25,0,26,0,26,..,0,0,0,0,0,..,0,0,0,0,0,..,6,0,6,0,6,..,3,0,3,0,3,..,0,0,0,0,0,..,4,0,4,0,4,..,10,0,10,0,10,..,181,24,208,4,216,..,9,17,21,0,21,..,18,16,34,0,34,..,0,0,0,0,0,..,0,0,0,0,0,..,0,0,0,0,0,..,0,0,0,0,0,..,0,0,0,0,0,..,0,0,0,0,0,..,0,0,0,0,0,..,8,0,8,0,10,..,0,0,0,0,0,..,7,0,12,0,12,..,0
LGA31950,142,..,..,..,..,142,..,0,0,0,0,0,..,0,0,0,0,0,..,0,0,0,3,3,..,0,0,0,0,0,..,0,0,0,0,0,..,0,0,0,0,0,..,0,0,0,0,0,..,0,0,0,0,0,..,0,0,0,0,0,..,0,0,0,0,0,..,0,0,0,0,0,..,0,0,0,0,0,..,0,0,0,0,0,..,0,0,0,0,0,..,0,0,0,0,0,..,0,0,0,0,0,..,0,0,0,0,0,..,0,0,0,0,0,..,0,0,0,0,0,..,0,0,0,0,0,..,0,0,0,0,0,..,0,0,0,0,0,..,0,0,0,0,0,..,0,0,0,0,0,..,0,0,0,0,0,..,0,0,0,0,0,..,0,0,0,0,0,..,0,0,0,0,0,..,0,0,0,0,0,..,0,0,0,0,0,..,0,0,0,0,0,..,0,0,0,0,0,..,0
LGA32080,60821,..,..,..,..,60821,..,136,6,138,3,141,..,74,10,86,7,89,..,472,50,521,28,546,..,187,51,234,3,241,..,404,107,515,6,517,..,34,9,49,0,49,..,622,171,793,10,805,..,45,3,46,0,46,..,166,4,172,0,177,..,217,23,244,4,243,..,415,9,425,3,432,..,88,7,93,3,100,..,31,0,31,0,31,..,122,7,124,0,123,..,411,37,444,8,453,..,58,7,62,0,62,..,25,0,25,3,30,..,264,202,465,0,465,..,914,242,1152,6,1161,..,482,44,523,3,531,..,752,173,924,3,933,..,303,161,460,4,466,..,6,0,6,0,6,..,26,0,26,0,25,..,35,3,41,0,41,..,65,3,70,0,68,..,45,3,50,0,50,..,67,8,74,0,74,..,25,4,30,0,30,..,126,3,131,0,131,..,75,8,78,0,81,..,221,11,234,3,233,..,48
LGA32250,875,..,..,..,..,875,..,0,0,0,0,0,..,0,0,0,0,0,..,3,0,3,0,3,..,0,0,0,0,0,..,0,0,0,0,0,..,0,0,0,0,0,..,0,0,0,0,0,..,0,0,0,0,0,..,0,0,0,0,0,..,0,0,0,0,0,..,5,0,5,0,5,..,0,0,0,0,0,..,0,0,0,0,0,..,0,0,0,0,0,..,0,0,0,0,0,..,0,0,0,0,0,..,0,0,0,0,0,..,0,0,0,0,0,..,3,0,3,0,3,..,0,0,0,0,0,..,0,0,0,0,0,..,0,0,0,0,0,..,0,0,0,0,0,..,0,0,0,0,0,..,0,0,0,0,0,..,0,0,0,0,0,..,0,0,0,0,0,..,0,0,0,0,0,..,0,0,0,0,0,..,0,0,0,0,0,..,0,3,3,0,3,..,3,0,3,0,3,..,0
LGA32260,11974,..,..,..,..,11974,..,7,0,7,0,7,..,0,0,0,0,0,..,52,3,57,11,68,..,11,5,13,0,16,..,13,11,28,5,33,..,0,0,0,0,0,..,27,11,36,3,46,..,5,0,5,0,6,..,17,0,14,0,14,..,12,0,12,0,17,..,34,0,34,3,40,..,34,4,37,0,37,..,0,0,0,0,0,..,15,0,14,0,14,..,300,53,353,11,359,..,0,0,0,0,0,..,3,0,3,0,3,..,3,0,3,0,3,..,324,49,380,11,383,..,223,33,256,3,259,..,18,14,35,4,39,..,8,14,21,3,26,..,0,0,0,0,0,..,8,0,8,0,8,..,0,0,0,0,0,..,0,0,0,0,0,..,0,0,0,0,0,..,7,0,7,0,7,..,0,0,0,0,0,..,23,3,28,0,28,..,10,0,11,0,11,..,42,0,39,3,46,..,3
LGA32270,12163,..,..,..,..,12163,..,70,0,70,0,70,..,3,0,4,0,4,..,0,0,3,0,3,..,6,7,12,0,12,..,15,9,24,0,24,..,0,0,0,0,0,..,22,20,36,0,36,..,0,0,0,0,0,..,4,0,4,0,4,..,10,0,10,0,10,..,6,3,14,0,14,..,9,0,9,0,9,..,3,0,3,0,3,..,19,0,20,0,20,..,27,3,28,0,28,..,12,0,12,0,12,..,3,0,3,0,3,..,21,0,20,0,20,..,82,6,84,0,84,..,15,0,15,0,15,..,3,0,3,0,3,..,13,4,17,0,17,..,0,0,0,0,0,..,0,0,0,0,0,..,0,0,0,0,0,..,3,0,3,0,3,..,5,0,5,0,5,..,3,0,3,0,3,..,0,0,0,0,0,..,58,0,60,0,62,..,10,0,15,0,15,..,64,0,65,0,65,..,0
LGA32310,5168,..,..,..,..,5168,..,4,0,4,0,4,..,0,0,0,0,0,..,11,0,11,0,9,..,0,0,0,0,4,..,0,0,0,0,0,..,0,0,0,0,0,..,0,0,0,0,4,..,0,0,0,0,0,..,3,0,3,0,3,..,3,0,3,0,3,..,8,0,8,0,8,..,3,0,3,0,3,..,0,0,0,0,0,..,3,0,3,0,3,..,0,0,0,0,0,..,0,0,0,0,0,..,3,0,3,0,3,..,3,0,3,0,3,..,8,0,8,0,8,..,3,0,3,0,3,..,3,0,3,0,3,..,3,0,3,0,3,..,0,0,0,0,0,..,0,0,0,0,0,..,3,0,3,0,3,..,4,0,4,0,4,..,0,0,0,0,0,..,0,0,0,0,0,..,0,0,0,0,0,..,11,0,11,0,11,..,0,0,0,0,0,..,6,0,6,0,6,..,0
LGA32330,584,..,..,..,..,584,..,0,0,0,0,0,..,0,0,0,0,0,..,18,0,18,0,18,..,0,0,0,0,0,..,0,0,0,0,0,..,0,0,0,0,0,..,0,0,0,0,0,..,0,0,0,0,0,..,0,0,0,0,0,..,0,0,0,0,0,..,0,0,0,0,0,..,0,0,0,0,0,..,0,0,0,0,0,..,0,0,0,0,0,..,0,0,0,0,0,..,0,0,0,0,0,..,0,0,0,0,0,..,0,0,0,0,0,..,0,0,0,0,0,..,0,0,0,0,0,..,0,0,0,0,0,..,0,0,0,0,0,..,0,0,0,0,0,..,0,0,0,0,0,..,0,0,0,0,0,..,0,0,0,0,0,..,0,0,0,0,0,..,0,0,0,0,0,..,0,0,0,0,0,..,0,0,0,0,0,..,0,0,0,0,0,..,0,0,0,0,0,..,0
LGA32450,1395,..,..,..,..,1395,..,0,0,0,0,0,..,0,0,0,0,0,..,0,0,0,0,0,..,0,0,0,0,0,..,7,0,7,0,7,..,0,0,0,0,0,..,7,0,7,0,7,..,3,0,3,0,3,..,0,0,0,0,0,..,3,0,3,0,3,..,0,0,0,0,0,..,0,0,0,0,0,..,0,0,0,0,0,..,0,0,0,0,0,..,0,0,0,0,5,..,13,0,13,0,13,..,3,0,3,0,3,..,0,0,0,0,0,..,18,0,18,0,21,..,3,0,3,0,3,..,0,0,0,0,0,..,3,0,3,0,3,..,0,0,0,0,0,..,0,0,0,0,0,..,0,0,0,0,0,..,0,0,0,0,0,..,0,0,0,0,0,..,0,0,0,0,0,..,0,0,0,0,0,..,3,0,3,0,3,..,0,0,0,0,0,..,5,0,5,0,5,..,0
LGA32500,1692,..,..,..,..,1692,..,3,0,3,0,3,..,0,0,0,0,0,..,52,3,52,0,52,..,0,0,0,0,0,..,4,0,4,0,4,..,0,0,0,0,0,..,9,0,9,0,9,..,0,0,0,0,0,..,0,0,0,0,0,..,4,0,5,0,5,..,19,0,19,0,19,..,0,0,0,0,0,..,0,0,0,0,0,..,0,0,0,0,0,..,0,0,0,0,0,..,0,0,0,0,0,..,0,0,0,0,0,..,3,0,8,0,8,..,3,0,8,0,8,..,5,5,12,0,12,..,3,8,10,0,10,..,0,0,0,0,0,..,0,0,0,0,0,..,0,0,0,0,0,..,0,0,0,0,0,..,0,0,0,0,0,..,0,0,0,0,0,..,0,0,0,0,0,..,0,0,0,0,0,..,0,0,0,0,0,..,0,0,0,0,0,..,9,0,9,0,9,..,0
LGA32600,107,..,..,..,..,107,..,0,0,0,0,0,..,0,0,0,0,0,..,0,0,0,0,0,..,0,0,0,0,0,..,0,0,0,0,0,..,0,0,0,0,0,..,0,0,0,0,0,..,0,0,0,0,0,..,0,0,0,0,0,..,0,0,0,0,0,..,0,0,0,0,0,..,0,0,0,0,0,..,0,0,0,0,0,..,0,0,0,0,0,..,0,0,0,0,0,..,0,0,0,0,0,..,0,0,0,0,0,..,0,0,0,0,0,..,0,0,0,0,0,..,0,0,0,0,0,..,0,0,0,0,0,..,0,0,0,0,0,..,0,0,0,0,0,..,0,0,0,0,0,..,0,0,0,0,0,..,0,0,0,0,0,..,0,0,0,0,0,..,0,0,0,0,0,..,0,0,0,0,0,..,0,0,0,0,0,..,0,0,0,0,0,..,0,0,0,0,0,..,0
LGA32750,125,..,..,..,..,125,..,0,0,0,0,0,..,0,0,0,0,0,..,0,0,0,0,0,..,0,0,0,0,0,..,0,0,0,0,0,..,0,0,0,0,0,..,0,0,0,0,0,..,0,0,0,0,0,..,0,0,0,0,0,..,0,0,0,0,0,..,0,0,0,0,0,..,0,0,0,0,0,..,0,0,0,0,0,..,0,0,0,0,0,..,0,0,0,0,0,..,0,0,0,0,0,..,0,0,0,0,0,..,0,0,0,0,0,..,0,0,0,0,0,..,0,0,0,0,0,..,0,0,0,0,0,..,0,0,0,0,0,..,0,0,0,0,0,..,0,0,0,0,0,..,0,0,0,0,0,..,0,0,0,0,0,..,0,0,0,0,0,..,0,0,0,0,0,..,0,0,0,0,0,..,0,0,0,0,0,..,0,0,0,0,0,..,0,0,0,0,0,..,0
LGA32770,658,..,..,..,..,658,..,0,0,0,0,0,..,0,0,0,0,0,..,18,0,18,0,16,..,0,0,0,0,0,..,0,0,0,0,0,..,0,0,0,0,0,..,0,0,0,0,0,..,0,0,0,0,0,..,0,0,0,0,0,..,0,0,0,0,0,..,0,0,0,0,0,..,0,0,0,0,0,..,0,0,0,0,0,..,0,0,0,0,0,..,0,0,0,0,0,..,0,0,0,0,0,..,0,0,0,0,0,..,0,0,0,0,0,..,3,0,3,0,3,..,0,0,0,0,0,..,0,0,0,0,0,..,0,0,0,0,0,..,0,0,0,0,0,..,0,0,0,0,0,..,0,0,0,0,0,..,0,0,0,0,0,..,0,0,0,0,0,..,0,0,0,0,0,..,0,0,0,0,0,..,0,0,0,0,0,..,0,0,0,0,0,..,0,0,0,0,0,..,0
LGA32810,4788,..,..,..,..,4788,..,6,0,3,0,3,..,0,0,0,0,0,..,42,3,46,3,52,..,6,3,7,0,7,..,11,0,18,0,18,..,0,0,0,0,0,..,24,7,30,0,30,..,0,0,0,0,0,..,28,0,28,0,28,..,32,0,32,0,32,..,47,0,47,0,47,..,3,0,3,0,3,..,0,0,0,0,0,..,4,0,4,0,4,..,7,3,6,0,6,..,0,0,3,0,3,..,0,0,0,0,0,..,3,0,3,0,3,..,16,3,25,0,25,..,49,4,55,3,57,..,11,0,11,0,11,..,14,5,24,0,24,..,0,0,0,0,0,..,0,0,0,0,0,..,3,0,3,0,3,..,3,0,3,0,3,..,3,0,3,0,3,..,0,0,0,0,0,..,0,0,0,0,0,..,3,0,3,0,3,..,0,0,0,0,0,..,5,0,5,0,5,..,0
LGA33100,383,..,..,..,..,383,..,0,0,0,0,0,..,0,0,0,0,0,..,0,0,0,0,0,..,0,0,0,0,0,..,0,0,0,0,0,..,0,0,0,0,0,..,0,0,0,0,0,..,0,0,0,0,0,..,0,0,0,0,0,..,0,0,0,0,0,..,3,0,3,0,3,..,0,0,0,0,0,..,0,0,0,0,0,..,0,0,0,0,0,..,0,0,0,0,0,..,0,0,0,0,0,..,0,0,0,0,0,..,0,0,0,0,0,..,0,0,0,0,0,..,0,0,0,0,0,..,0,0,0,0,0,..,0,0,0,0,0,..,0,0,0,0,0,..,0,0,0,0,0,..,0,0,0,0,0,..,0,0,0,0,0,..,0,0,0,0,0,..,0,0,0,0,0,..,0,0,0,0,0,..,0,0,0,0,0,..,0,0,0,0,0,..,0,0,0,0,0,..,0
LGA33200,709,..,..,..,..,709,..,0,0,0,0,0,..,0,0,0,0,0,..,0,0,0,0,0,..,0,0,0,0,0,..,0,0,0,0,0,..,0,0,0,0,0,..,0,0,0,0,0,..,0,0,0,0,0,..,0,0,0,0,0,..,0,0,0,0,0,..,0,0,0,0,0,..,0,0,0,0,0,..,0,0,0,0,0,..,0,0,0,0,0,..,0,0,0,0,0,..,0,0,0,0,0,..,0,0,0,0,0,..,0,0,0,0,0,..,0,0,0,0,0,..,0,0,0,0,0,..,0,0,0,0,0,..,0,0,0,0,0,..,0,0,0,0,0,..,0,0,0,0,0,..,0,0,0,0,0,..,0,0,0,0,0,..,0,0,0,0,0,..,0,0,0,0,0,..,0,0,0,0,0,..,0,0,0,0,0,..,0,0,0,0,0,..,0,0,0,0,0,..,0
LGA33220,43966,..,..,..,..,43966,..,57,3,58,0,58,..,22,0,22,0,21,..,29,0,29,0,29,..,22,3,23,0,23,..,53,15,69,0,69,..,7,0,8,0,8,..,81,14,101,0,101,..,11,3,11,0,11,..,67,0,72,3,73,..,57,4,63,0,63,..,180,4,181,9,191,..,22,0,21,0,23,..,4,0,4,0,4,..,40,0,40,0,42,..,16,0,21,0,21,..,15,0,15,0,15,..,22,0,24,0,24,..,36,7,38,3,41,..,132,8,140,5,143,..,78,14,86,0,86,..,20,3,21,0,21,..,7,3,9,0,9,..,3,0,3,0,3,..,16,0,21,0,21,..,7,0,7,0,7,..,15,3,14,0,14,..,9,0,10,0,10,..,9,0,9,0,9,..,7,0,5,0,5,..,23,0,23,0,23,..,9,0,9,0,9,..,30,0,34,0,31,..,5
LGA33360,27352,..,..,..,..,27352,..,197,3,195,0,195,..,45,3,48,3,49,..,12,0,12,0,12,..,13,4,18,0,18,..,60,18,76,3,78,..,3,3,3,0,3,..,73,26,99,3,99,..,11,3,13,0,13,..,27,0,27,0,29,..,21,0,21,0,21,..,62,0,59,0,59,..,21,4,23,0,23,..,31,3,41,0,41,..,70,0,70,0,72,..,49,3,52,0,52,..,14,3,21,0,21,..,27,4,28,0,33,..,32,3,31,0,31,..,224,18,245,0,242,..,41,4,42,0,42,..,11,0,13,0,13,..,17,10,28,0,28,..,3,0,10,0,10,..,0,0,0,0,0,..,22,0,18,0,24,..,12,0,15,0,15,..,24,0,24,0,24,..,23,0,23,0,18,..,16,0,16,0,16,..,124,13,134,0,132,..,25,0,26,0,26,..,198,6,204,0,204,..,19
LGA33430,218584,..,..,..,..,218584,..,729,12,742,0,746,..,875,81,964,6,971,..,31,3,33,0,34,..,1055,310,1362,12,1373,..,3087,968,4053,22,4079,..,200,66,268,3,266,..,4339,1345,5685,32,5719,..,432,56,484,4,491,..,421,4,429,3,430,..,909,49,966,13,979,..,1020,37,1049,10,1061,..,648,51,700,3,704,..,191,11,196,0,196,..,695,24,719,6,725,..,767,73,835,11,844,..,156,4,161,0,158,..,230,4,231,0,231,..,622,28,649,5,649,..,2652,139,2787,26,2808,..,1139,76,1221,25,1243,..,1945,448,2388,6,2397,..,1192,460,1646,16,1660,..,134,17,149,0,154,..,117,5,119,0,123,..,400,45,452,0,451,..,352,26,381,5,382,..,465,62,529,4,536,..,308,9,314,3,317,..,455,74,530,5,537,..,342,10,349,4,347,..,271,15,286,4,293,..,433,10,442,4,446,..,129
LGA33610,4624,..,..,..,..,4624,..,30,0,26,0,26,..,3,0,4,0,4,..,4,0,3,0,3,..,3,3,7,0,14,..,8,7,18,0,18,..,0,0,0,0,0,..,12,11,24,0,26,..,0,0,0,0,0,..,3,0,3,0,3,..,0,0,0,0,0,..,7,0,7,0,7,..,0,0,0,0,0,..,0,0,0,0,0,..,3,0,3,0,3,..,13,0,10,4,16,..,5,0,11,0,11,..,0,0,0,0,0,..,6,0,6,0,6,..,27,0,31,4,32,..,7,0,8,0,9,..,4,0,4,0,4,..,3,0,3,0,3,..,0,0,0,0,0,..,0,0,0,0,0,..,0,0,0,0,0,..,3,0,3,0,3,..,0,0,0,0,0,..,0,0,0,0,0,..,0,0,0,0,0,..,18,0,18,0,18,..,0,0,0,0,0,..,6,0,6,0,6,..,0
LGA33620,22012,..,..,..,..,22012,..,42,0,42,0,42,..,5,0,5,0,5,..,9,0,10,0,10,..,3,3,7,0,8,..,13,8,24,0,22,..,0,0,0,0,0,..,18,14,31,3,36,..,3,3,7,0,7,..,23,0,20,3,25,..,26,3,24,0,29,..,68,3,67,0,74,..,4,3,5,0,5,..,0,3,3,0,3,..,12,0,12,0,12,..,13,0,18,0,18,..,3,0,3,0,3,..,7,0,7,0,7,..,4,0,4,0,4,..,33,5,41,0,41,..,26,0,26,0,28,..,18,0,19,0,14,..,4,0,5,0,5,..,0,0,0,0,0,..,3,0,4,0,4,..,0,0,0,0,0,..,10,0,10,0,7,..,12,0,11,0,11,..,0,0,0,0,0,..,3,0,3,0,3,..,14,0,14,0,14,..,3,0,3,0,3,..,9,0,9,0,9,..,0
LGA33800,4743,..,..,..,..,4743,..,0,0,0,0,0,..,0,0,0,0,0,..,26,4,30,0,30,..,0,0,3,0,3,..,7,0,7,0,7,..,0,0,0,0,0,..,4,0,10,0,10,..,0,0,0,0,0,..,3,0,3,0,3,..,3,0,3,0,3,..,8,0,8,0,8,..,0,0,0,0,0,..,0,0,0,0,0,..,3,0,3,0,3,..,6,0,6,0,6,..,0,0,0,0,0,..,0,0,0,0,0,..,0,0,0,0,0,..,6,0,6,0,6,..,211,24,234,4,242,..,0,0,0,0,0,..,0,0,0,0,0,..,0,0,0,0,0,..,3,0,3,0,3,..,0,0,0,0,0,..,0,0,0,0,0,..,0,0,0,0,0,..,0,0,0,0,0,..,0,0,0,0,0,..,4,0,4,0,4,..,0,0,0,0,0,..,0,0,0,0,0,..,3
LGA33830,81,..,..,..,..,81,..,0,0,0,0,0,..,0,0,0,0,0,..,345,6,351,9,361,..,0,0,0,0,0,..,0,0,0,0,0,..,0,0,0,0,0,..,0,0,0,0,0,..,0,0,0,0,0,..,0,0,0,0,0,..,0,0,0,0,0,..,0,0,0,0,0,..,0,0,0,0,0,..,0,0,0,0,0,..,0,0,0,0,0,..,0,0,0,0,0,..,0,0,0,0,0,..,0,0,0,0,0,..,0,0,0,0,0,..,0,0,0,0,0,..,0,0,0,0,0,..,0,0,0,0,0,..,0,0,0,0,0,..,0,0,0,0,0,..,0,0,0,0,0,..,0,0,0,0,0,..,0,0,0,0,0,..,0,0,0,0,0,..,0,0,0,0,0,..,0,0,0,0,0,..,0,0,0,0,0,..,0,0,0,0,0,..,0,0,0,0,0,..,0
LGA33960,78590,..,..,..,..,78590,..,177,3,184,0,184,..,233,21,251,5,259,..,45,0,47,0,50,..,102,29,129,0,135,..,243,133,375,3,374,..,26,11,38,0,38,..,369,166,537,5,547,..,34,5,42,0,42,..,142,0,146,0,146,..,106,5,118,4,124,..,177,4,181,0,181,..,59,3,62,0,62,..,54,3,52,0,56,..,435,22,457,3,458,..,256,24,280,0,283,..,98,11,110,0,110,..,73,8,78,0,78,..,157,7,165,3,169,..,1066,69,1136,9,1145,..,89,6,97,3,99,..,78,15,89,0,89,..,71,32,97,3,101,..,15,0,16,0,16,..,16,0,20,0,20,..,101,16,121,0,121,..,79,19,92,0,92,..,50,8,57,0,58,..,1741,201,1940,35,1972,..,74,8,83,0,83,..,217,3,223,0,228,..,63,5,68,0,68,..,267,10,276,7,285,..,51
LGA33980,9078,..,..,..,..,9078,..,61,0,61,0,61,..,4,0,4,0,4,..,3,0,3,0,3,..,3,0,7,0,7,..,14,4,12,0,12,..,0,0,0,0,0,..,15,8,21,0,21,..,4,0,4,0,4,..,3,0,3,0,3,..,3,0,3,0,3,..,6,0,6,0,6,..,3,0,3,0,3,..,4,0,9,0,9,..,22,3,22,0,22,..,9,0,6,0,6,..,9,0,11,0,11,..,9,0,9,0,9,..,4,3,9,0,9,..,54,8,64,0,64,..,8,0,8,0,8,..,9,0,9,0,9,..,0,0,3,0,3,..,0,0,0,0,0,..,4,0,7,0,7,..,0,0,0,0,0,..,0,0,0,0,0,..,3,0,3,0,3,..,3,0,3,0,3,..,0,0,0,0,0,..,33,0,37,0,37,..,26,0,26,0,26,..,50,0,57,3,57,..,4
LGA34420,409,..,..,..,..,409,..,0,0,0,0,0,..,0,0,0,0,0,..,16,0,16,6,23,..,0,0,0,0,0,..,0,0,0,0,0,..,0,0,0,0,0,..,0,0,0,0,0,..,0,0,0,0,0,..,0,0,0,0,0,..,0,0,0,0,0,..,0,0,0,0,0,..,0,0,0,0,0,..,0,0,0,0,0,..,0,0,0,0,0,..,0,0,0,0,0,..,0,0,0,0,0,..,0,0,0,0,0,..,0,0,0,0,0,..,0,0,0,0,0,..,0,0,0,0,0,..,0,0,0,0,0,..,0,0,0,0,0,..,0,0,0,0,0,..,0,0,0,0,0,..,0,0,0,0,0,..,0,0,0,0,0,..,0,0,0,0,0,..,0,0,0,0,0,..,0,0,0,0,0,..,0,0,0,0,0,..,0,0,0,0,0,..,0,0,0,0,0,..,0
LGA34530,16043,..,..,..,..,16043,..,43,0,42,0,42,..,7,0,7,0,7,..,13,0,14,0,16,..,3,4,12,0,12,..,13,3,16,0,16,..,0,3,3,0,3,..,20,13,29,0,29,..,3,0,5,0,5,..,11,0,11,0,11,..,22,0,22,0,22,..,46,0,47,0,50,..,3,0,3,0,7,..,0,0,0,0,0,..,3,0,3,0,3,..,3,0,3,0,3,..,0,0,0,0,4,..,0,0,0,0,0,..,0,0,0,0,0,..,14,0,14,0,16,..,17,0,18,0,19,..,13,7,22,4,25,..,0,0,0,0,0,..,0,0,0,0,0,..,0,0,0,0,0,..,0,0,3,0,3,..,3,0,3,0,3,..,3,0,3,0,5,..,3,0,3,0,3,..,0,0,0,0,0,..,15,0,15,0,15,..,3,0,3,0,3,..,5,0,5,0,5,..,0
LGA34570,167,..,..,..,..,167,..,0,0,0,0,0,..,0,0,0,0,0,..,104,0,104,9,110,..,0,0,0,0,0,..,0,0,0,0,0,..,0,0,0,0,0,..,0,0,0,0,0,..,0,0,0,0,0,..,0,0,0,0,0,..,0,0,0,0,0,..,0,0,0,0,0,..,0,0,0,0,0,..,0,0,0,0,0,..,0,0,0,0,0,..,0,0,0,0,0,..,0,0,0,0,0,..,0,0,0,0,0,..,0,0,0,0,0,..,0,0,0,0,0,..,0,0,0,0,0,..,0,0,0,0,0,..,0,0,0,0,0,..,0,0,0,0,0,..,0,0,0,0,0,..,0,0,0,0,0,..,0,0,0,0,0,..,0,0,0,0,0,..,0,0,0,0,0,..,0,0,0,0,0,..,0,0,0,0,0,..,0,0,0,0,0,..,0,0,0,0,0,..,0
LGA34580,16397,..,..,..,..,16397,..,22,0,23,0,23,..,59,28,87,0,89,..,6,0,6,0,6,..,24,3,26,0,26,..,95,82,176,0,179,..,3,3,11,0,11,..,122,95,211,0,215,..,0,3,6,0,3,..,18,0,18,0,18,..,15,4,26,0,26,..,45,0,48,0,48,..,4,0,4,0,4,..,21,11,33,0,33,..,30,4,36,0,36,..,38,10,43,0,43,..,3,0,3,0,3,..,0,0,3,0,3,..,32,3,34,0,34,..,124,32,156,0,156,..,30,3,31,0,31,..,23,12,35,0,35,..,28,44,65,4,69,..,0,0,0,0,0,..,7,0,7,0,7,..,5,0,13,0,13,..,3,0,3,0,3,..,3,0,5,0,5,..,11,0,14,0,14,..,3,0,3,0,3,..,15,0,14,0,14,..,13,4,16,0,20,..,18,0,18,0,18,..,5
LGA34590,117003,..,..,..,..,117003,..,249,7,255,6,259,..,873,238,1110,7,1119,..,43,0,43,0,43,..,492,143,636,8,643,..,1074,380,1446,14,1459,..,73,33,109,0,109,..,1640,549,2188,16,2207,..,230,30,259,4,264,..,219,6,226,3,228,..,250,7,258,0,260,..,361,7,363,6,372,..,212,16,230,3,232,..,83,25,103,0,107,..,931,38,961,6,973,..,752,62,814,8,821,..,110,4,108,0,108,..,411,51,467,3,469,..,265,17,276,0,280,..,2542,194,2740,18,2760,..,245,11,263,3,266,..,156,31,192,3,194,..,362,173,529,0,536,..,53,3,53,0,53,..,33,0,33,0,33,..,189,77,267,3,274,..,179,17,197,0,196,..,178,23,204,3,204,..,1896,199,2095,45,2140,..,331,63,393,0,393,..,289,6,300,3,303,..,146,14,158,0,164,..,399,12,412,4,420,..,78
LGA34710,1583,..,..,..,..,1583,..,3,0,3,0,3,..,3,0,3,0,3,..,0,0,0,0,0,..,0,5,5,0,5,..,0,0,0,0,0,..,0,0,0,0,0,..,0,5,5,0,5,..,0,0,0,0,0,..,0,0,0,0,0,..,0,0,0,0,0,..,0,0,0,0,0,..,0,0,0,0,0,..,0,0,0,0,0,..,3,0,3,0,3,..,4,0,5,0,5,..,0,0,0,0,0,..,0,0,0,0,0,..,0,0,0,0,0,..,7,0,8,0,8,..,0,0,0,0,0,..,0,0,0,0,0,..,0,0,0,0,0,..,0,0,0,0,0,..,0,0,0,0,0,..,0,0,0,0,0,..,0,0,0,0,0,..,0,0,0,0,0,..,0,0,0,0,0,..,0,0,0,0,0,..,0,0,0,0,0,..,0,0,0,0,0,..,0,0,0,0,0,..,0
LGA34770,50077,..,..,..,..,50077,..,288,3,291,3,294,..,18,3,16,0,16,..,22,4,25,0,25,..,27,12,40,3,45,..,90,40,130,0,130,..,7,3,8,0,8,..,131,57,187,3,186,..,8,0,8,0,8,..,60,3,62,0,59,..,48,0,51,0,51,..,95,10,102,0,102,..,18,4,23,0,23,..,33,0,34,0,34,..,100,7,106,0,106,..,79,6,87,5,87,..,47,0,44,0,44,..,28,0,27,0,27,..,74,3,81,0,82,..,359,22,382,7,384,..,103,7,115,3,118,..,28,4,32,0,32,..,8,3,14,0,14,..,3,0,3,0,3,..,122,8,136,0,134,..,6,0,11,0,11,..,17,0,19,0,19,..,20,0,20,0,20,..,29,4,31,0,31,..,9,0,9,0,15,..,233,11,242,0,248,..,21,0,21,0,21,..,330,12,339,7,348,..,17
LGA34800,393,..,..,..,..,393,..,0,0,0,0,0,..,0,0,0,0,0,..,0,0,0,0,0,..,0,0,0,0,0,..,0,0,0,0,0,..,0,0,0,0,0,..,0,0,0,0,0,..,0,0,0,0,0,..,0,0,0,0,0,..,0,0,0,0,0,..,0,0,0,0,0,..,0,0,0,0,0,..,0,0,0,0,0,..,0,0,0,0,0,..,0,0,0,0,0,..,0,0,0,0,0,..,0,0,0,0,0,..,0,0,0,0,0,..,3,0,3,0,3,..,0,0,0,0,0,..,0,0,0,0,0,..,0,0,0,0,0,..,0,0,0,0,0,..,0,0,0,0,0,..,0,0,0,0,0,..,0,0,0,0,0,..,0,0,0,0,0,..,0,0,0,0,0,..,0,0,0,0,0,..,0,0,0,0,0,..,0,0,0,0,0,..,0,0,0,0,0,..,0
LGA34830,131,..,..,..,..,131,..,0,0,0,0,0,..,0,0,0,0,0,..,7,0,7,0,6,..,0,0,0,0,0,..,0,0,0,0,0,..,0,0,0,0,0,..,0,0,0,0,0,..,0,0,0,0,0,..,0,0,0,0,0,..,0,0,0,0,0,..,0,0,0,0,0,..,0,0,0,0,0,..,0,0,0,0,0,..,0,0,0,0,0,..,0,0,0,0,0,..,0,0,0,0,0,..,0,0,0,0,0,..,0,0,0,0,0,..,0,0,0,0,0,..,0,0,0,0,0,..,0,0,0,0,0,..,0,0,0,0,0,..,0,0,0,0,0,..,0,0,0,0,0,..,0,0,0,0,0,..,0,0,0,0,0,..,0,0,0,0,0,..,0,0,0,0,0,..,0,0,0,0,0,..,0,0,0,0,0,..,0,0,0,0,0,..,0,0,0,0,0,..,0
LGA34860,5599,..,..,..,..,5599,..,14,0,14,0,14,..,0,0,3,0,3,..,0,0,4,0,3,..,0,0,0,0,0,..,17,0,14,0,14,..,0,0,0,0,0,..,19,3,22,0,22,..,0,0,0,0,0,..,0,0,0,0,0,..,3,0,3,0,3,..,3,0,3,0,3,..,0,0,0,0,0,..,4,0,4,0,4,..,7,0,6,0,6,..,28,3,31,0,31,..,0,0,0,0,0,..,0,0,0,0,0,..,13,0,13,0,13,..,46,3,51,0,51,..,4,0,4,0,3,..,0,0,0,0,0,..,3,0,6,0,6,..,0,0,0,0,0,..,0,0,0,0,0,..,3,0,3,0,3,..,0,0,0,0,0,..,0,0,0,0,0,..,0,0,0,0,0,..,0,0,0,0,0,..,25,0,25,0,25,..,3,0,3,0,3,..,56,0,57,0,57,..,0
LGA34880,8253,..,..,..,..,8253,..,22,0,22,0,22,..,0,0,0,0,0,..,27,0,27,0,28,..,6,0,5,0,5,..,20,29,48,0,48,..,3,0,3,0,3,..,27,25,55,0,55,..,34,3,40,0,40,..,15,0,15,0,23,..,33,10,47,0,44,..,98,0,103,0,99,..,12,3,11,0,11,..,0,0,0,0,0,..,3,0,3,0,3,..,12,3,19,0,19,..,3,0,3,0,3,..,0,0,0,0,0,..,9,0,14,0,14,..,32,3,39,0,39,..,374,60,434,9,441,..,23,4,26,0,26,..,8,14,24,0,24,..,0,0,0,0,0,..,0,0,0,0,0,..,3,0,3,0,3,..,4,0,4,0,4,..,3,0,3,0,3,..,5,0,5,0,5,..,3,0,3,0,3,..,11,0,11,0,11,..,3,0,3,0,3,..,8,0,8,0,8,..,0
LGA35010,182301,..,..,..,..,182301,..,841,14,854,0,857,..,228,53,281,5,283,..,64,3,66,0,65,..,209,73,285,0,286,..,522,264,783,0,787,..,50,15,64,0,64,..,779,358,1136,3,1139,..,96,3,101,0,101,..,293,7,298,0,299,..,387,12,394,4,400,..,566,17,577,3,580,..,158,6,162,0,162,..,57,4,63,0,60,..,660,13,674,8,683,..,388,33,421,10,426,..,101,0,101,3,109,..,71,5,74,0,74,..,284,12,294,6,297,..,1557,64,1625,23,1651,..,532,34,563,16,576,..,191,44,230,3,233,..,148,165,321,0,323,..,25,3,28,0,28,..,46,4,50,0,51,..,105,19,125,0,125,..,174,11,191,0,187,..,149,29,184,0,184,..,851,97,950,16,967,..,71,7,80,0,80,..,314,9,318,0,318,..,75,4,83,3,84,..,530,20,555,3,557,..,61
LGA35250,454,..,..,..,..,454,..,0,0,0,0,0,..,0,0,0,0,0,..,38,0,41,23,59,..,0,0,0,0,0,..,0,0,0,0,0,..,0,0,0,0,0,..,0,0,0,0,0,..,0,0,0,0,0,..,0,0,0,0,0,..,0,0,0,0,0,..,0,0,0,0,0,..,0,0,0,0,0,..,0,0,0,0,0,..,0,0,0,0,0,..,0,0,0,0,0,..,0,0,0,0,0,..,0,0,0,0,0,..,0,0,0,0,0,..,0,0,0,0,0,..,0,0,0,0,0,..,0,0,0,0,0,..,0,0,0,0,0,..,0,0,0,0,0,..,0,0,0,0,0,..,0,0,0,0,0,..,0,0,0,0,0,..,0,0,0,0,0,..,0,0,0,0,0,..,0,0,0,0,0,..,0,0,0,0,0,..,0,0,0,0,0,..,4,0,4,0,4,..,0
LGA35300,7708,..,..,..,..,7708,..,42,3,42,0,42,..,3,0,3,0,3,..,20,4,19,4,28,..,3,0,5,0,5,..,13,4,20,0,20,..,0,0,0,0,0,..,16,8,28,0,29,..,3,0,3,0,3,..,0,0,0,0,0,..,16,0,16,0,16,..,15,3,19,0,20,..,10,4,12,0,14,..,3,0,3,0,3,..,33,3,33,0,33,..,13,3,17,0,17,..,14,0,14,0,14,..,4,3,9,0,5,..,15,0,15,0,15,..,75,7,87,0,88,..,27,3,26,0,25,..,3,0,3,0,3,..,0,0,3,0,3,..,0,0,0,0,0,..,0,0,0,0,0,..,0,0,0,0,0,..,3,0,3,0,3,..,5,0,5,0,5,..,21,0,21,0,21,..,3,0,3,0,3,..,58,4,62,0,62,..,10,0,10,0,10,..,56,0,58,0,58,..,4
LGA35600,1902,..,..,..,..,1902,..,0,0,0,0,0,..,0,0,0,0,0,..,4,0,4,0,4,..,0,0,0,0,0,..,0,0,0,0,0,..,0,0,0,0,0,..,0,0,0,0,0,..,0,0,0,0,0,..,0,0,0,0,0,..,0,0,0,0,0,..,0,0,0,0,0,..,0,0,0,0,0,..,0,0,0,0,0,..,0,0,0,0,0,..,0,0,0,0,0,..,0,0,0,0,0,..,0,0,0,0,0,..,0,0,0,0,0,..,0,0,0,0,0,..,0,0,0,0,0,..,0,0,0,0,0,..,0,0,0,0,0,..,0,0,0,0,0,..,0,0,0,0,0,..,0,0,0,0,0,..,0,0,0,0,0,..,0,0,0,0,0,..,0,0,0,0,0,..,0,0,0,0,0,..,0,0,0,0,0,..,0,0,0,0,0,..,3,0,3,0,3,..,0
LGA35670,319,..,..,..,..,319,..,0,0,0,0,0,..,0,0,0,0,0,..,85,11,94,0,95,..,0,0,0,0,0,..,0,0,0,0,0,..,0,0,0,0,0,..,0,0,0,0,0,..,0,0,0,0,0,..,0,0,0,0,0,..,0,0,0,0,0,..,0,0,0,0,0,..,0,0,0,0,0,..,0,0,0,0,0,..,0,0,0,0,0,..,0,0,0,0,0,..,0,0,0,0,0,..,0,0,0,0,0,..,0,0,0,0,0,..,0,0,0,0,0,..,0,0,0,0,0,..,0,0,0,0,0,..,0,0,0,0,0,..,0,0,0,0,0,..,0,0,0,0,0,..,0,0,0,0,0,..,0,0,0,0,0,..,0,0,0,0,0,..,0,0,0,0,0,..,0,0,0,0,0,..,0,0,0,0,0,..,0,0,0,0,0,..,0,0,0,0,0,..,0
LGA35740,22499,..,..,..,..,22499,..,47,0,47,0,47,..,11,4,8,0,8,..,8,0,8,0,8,..,16,3,16,0,16,..,27,9,36,0,36,..,0,0,0,0,0,..,37,10,48,0,52,..,8,3,10,0,10,..,67,0,71,3,69,..,100,3,103,0,107,..,192,8,201,0,206,..,23,3,27,0,27,..,3,0,3,0,3,..,13,0,16,0,16,..,10,0,10,0,10,..,0,0,0,0,0,..,0,0,0,0,0,..,16,0,19,0,19,..,39,4,43,0,43,..,88,3,92,0,92,..,32,3,36,0,36,..,11,4,16,0,16,..,3,0,7,0,7,..,4,0,6,0,6,..,0,0,0,0,0,..,14,0,14,0,14,..,9,0,7,0,7,..,0,0,0,0,0,..,4,0,4,0,4,..,4,0,4,0,4,..,22,3,25,0,25,..,3,0,3,0,3,..,4
LGA35760,4439,..,..,..,..,4439,..,11,0,11,0,11,..,4,0,3,0,3,..,0,0,0,0,0,..,0,0,0,0,0,..,15,9,22,0,22,..,0,3,3,0,3,..,16,10,25,0,25,..,0,0,0,0,0,..,0,0,0,0,0,..,10,0,16,0,16,..,5,0,5,0,5,..,0,0,0,0,0,..,0,0,0,0,0,..,0,0,0,0,0,..,0,0,0,0,0,..,3,0,3,0,3,..,8,0,8,0,8,..,17,0,17,3,22,..,32,0,32,3,36,..,8,3,13,0,13,..,4,3,5,0,5,..,15,20,38,0,38,..,0,0,0,0,0,..,0,0,0,0,0,..,0,0,0,0,0,..,0,0,0,0,0,..,0,0,0,0,0,..,0,0,0,0,0,..,0,0,0,0,0,..,13,0,13,3,13,..,3,0,3,0,3,..,10,0,13,0,13,..,0
LGA35780,208,..,..,..,..,208,..,0,0,0,0,0,..,0,0,0,0,0,..,344,83,428,4,430,..,0,0,0,0,0,..,0,0,0,0,0,..,0,0,0,0,0,..,0,0,0,0,0,..,0,0,0,0,0,..,0,0,0,0,0,..,0,0,0,0,0,..,0,0,0,0,0,..,0,0,0,0,0,..,0,0,0,0,0,..,0,0,0,0,0,..,0,0,0,0,0,..,0,0,0,0,0,..,0,0,0,0,0,..,0,0,0,0,0,..,0,0,0,0,0,..,0,0,0,0,0,..,0,0,0,0,0,..,0,0,0,0,0,..,0,0,0,0,0,..,0,0,0,0,0,..,0,0,0,0,0,..,0,0,0,0,0,..,0,0,0,0,0,..,0,0,0,0,0,..,0,0,0,0,0,..,0,0,0,0,0,..,0,0,0,0,0,..,3,0,3,0,3,..,0
LGA35790,1100,..,..,..,..,1100,..,0,0,0,0,0,..,0,0,0,0,0,..,21,3,23,8,35,..,0,0,0,0,0,..,0,0,0,0,0,..,0,0,0,0,0,..,0,0,0,0,0,..,0,0,0,0,0,..,0,0,0,0,0,..,0,0,0,0,0,..,0,0,0,0,0,..,0,0,0,0,0,..,0,0,0,0,0,..,0,0,0,0,0,..,0,0,0,0,0,..,0,0,0,0,0,..,0,0,0,0,0,..,0,0,0,0,0,..,0,0,0,0,0,..,0,0,0,0,0,..,0,0,0,0,0,..,0,0,0,0,0,..,0,0,0,0,0,..,0,0,0,0,0,..,0,0,0,0,0,..,0,0,0,0,0,..,0,0,0,0,0,..,0,0,0,0,0,..,0,0,0,0,0,..,0,0,0,0,0,..,0,0,0,0,0,..,0,0,0,0,0,..,0
LGA35800,746,..,..,..,..,746,..,3,0,3,0,3,..,0,0,0,0,0,..,0,0,0,0,0,..,0,0,0,0,0,..,0,0,0,0,0,..,0,0,0,0,0,..,0,0,0,0,0,..,0,0,0,0,0,..,0,0,0,0,0,..,0,0,0,0,0,..,3,0,3,0,3,..,0,0,0,0,0,..,0,0,0,0,0,..,0,0,0,0,0,..,0,0,0,0,0,..,0,0,0,0,0,..,0,0,0,0,0,..,0,0,0,0,0,..,0,0,0,0,0,..,0,0,0,0,0,..,0,0,0,0,0,..,0,0,0,0,0,..,0,0,0,0,0,..,0,0,0,0,0,..,0,0,0,0,0,..,0,0,0,0,0,..,0,0,0,0,0,..,0,0,0,0,0,..,0,0,0,0,0,..,0,0,0,0,0,..,0,0,0,0,0,..,0,0,0,0,0,..,0
LGA36070,136,..,..,..,..,136,..,0,0,0,0,0,..,0,0,0,0,0,..,206,0,209,3,215,..,0,0,0,0,0,..,0,0,0,0,0,..,0,0,0,0,0,..,0,0,0,0,0,..,0,0,0,0,0,..,0,0,0,0,0,..,0,0,0,0,0,..,0,0,0,0,0,..,0,0,0,0,0,..,0,0,0,0,0,..,0,0,0,0,0,..,0,0,0,0,0,..,0,0,0,0,0,..,0,0,0,0,0,..,0,0,0,0,0,..,0,0,0,0,0,..,0,0,0,0,0,..,0,0,0,0,0,..,0,0,0,0,0,..,0,0,0,0,0,..,0,0,0,0,0,..,0,0,0,0,0,..,0,0,0,0,0,..,0,0,0,0,0,..,0,0,0,0,0,..,0,0,0,0,0,..,0,0,0,0,0,..,0,0,0,0,0,..,0,0,0,0,0,..,0
LGA36150,410,..,..,..,..,410,..,0,0,0,0,0,..,0,0,0,0,0,..,0,0,0,0,0,..,0,0,0,0,0,..,0,0,0,0,0,..,0,0,0,0,0,..,0,0,0,0,0,..,0,0,0,0,0,..,0,0,0,0,0,..,0,0,0,0,0,..,0,0,0,0,0,..,0,0,0,0,0,..,0,0,0,0,0,..,0,0,0,0,0,..,0,0,0,0,0,..,0,0,0,0,0,..,0,0,0,0,0,..,0,0,0,0,0,..,0,0,0,0,0,..,0,0,0,0,0,..,0,0,0,0,0,..,0,0,0,0,0,..,0,0,0,0,0,..,0,0,0,0,0,..,0,0,0,0,0,..,0,0,0,0,0,..,0,0,0,0,0,..,0,0,0,0,0,..,0,0,0,0,0,..,0,0,0,0,0,..,0,0,0,0,0,..,0,0,0,0,0,..,0
LGA36250,64379,..,..,..,..,64379,..,352,9,361,0,365,..,84,10,92,0,91,..,20,4,25,0,25,..,91,28,116,0,116,..,229,49,285,11,289,..,13,0,13,0,13,..,334,76,406,6,421,..,89,14,104,0,101,..,126,3,132,0,133,..,130,8,138,3,137,..,250,5,257,0,253,..,158,13,173,0,173,..,10,0,10,0,10,..,135,4,142,3,140,..,136,14,147,3,153,..,52,3,51,0,51,..,15,0,19,0,19,..,69,9,73,0,73,..,417,22,442,6,444,..,204,18,222,3,224,..,82,8,94,0,90,..,28,6,34,3,40,..,8,0,11,0,11,..,15,4,21,0,21,..,43,10,50,0,50,..,77,8,85,0,85,..,76,9,82,0,85,..,48,4,54,0,54,..,42,5,45,0,45,..,68,0,74,0,74,..,34,0,35,0,40,..,91,0,96,0,96,..,19
LGA36300,365,..,..,..,..,365,..,0,0,0,0,0,..,0,0,0,0,0,..,0,0,0,0,0,..,0,0,0,0,0,..,0,0,0,0,0,..,0,0,0,0,0,..,0,0,0,0,0,..,0,0,0,0,0,..,0,0,0,0,0,..,0,0,0,0,0,..,0,0,0,0,0,..,0,0,0,0,0,..,0,0,0,0,0,..,0,0,0,0,0,..,0,0,0,0,0,..,0,0,0,0,0,..,0,0,0,0,0,..,0,0,0,0,0,..,3,0,3,0,3,..,0,0,0,0,0,..,4,0,4,0,4,..,0,0,0,0,0,..,0,0,0,0,0,..,0,0,0,0,0,..,0,0,0,0,0,..,0,0,0,0,0,..,0,0,0,0,0,..,0,0,0,0,0,..,0,0,0,0,0,..,0,0,0,0,0,..,0,0,0,0,0,..,0,0,0,0,0,..,0
LGA36370,34060,..,..,..,..,34060,..,92,0,92,0,90,..,15,0,13,0,13,..,33,3,36,3,41,..,37,11,50,0,47,..,77,27,105,0,103,..,10,3,13,0,13,..,125,43,162,3,167,..,3,0,3,0,3,..,23,0,23,0,23,..,17,0,18,0,18,..,56,0,57,0,57,..,12,0,19,0,19,..,56,6,60,0,60,..,68,3,75,0,76,..,77,3,84,0,86,..,45,4,48,0,48,..,29,0,26,0,31,..,93,15,109,0,109,..,358,32,391,3,401,..,18,0,17,0,23,..,18,0,14,0,16,..,27,10,39,0,39,..,0,0,0,0,0,..,0,0,0,0,0,..,16,4,16,0,16,..,12,0,13,0,13,..,14,0,11,0,11,..,9,0,9,0,9,..,0,0,0,0,0,..,99,3,98,0,103,..,13,4,12,0,12,..,153,8,159,0,160,..,26
LGA36510,17496,..,..,..,..,17496,..,25,0,25,0,25,..,14,0,11,0,11,..,18,0,18,0,18,..,10,0,7,0,7,..,18,5,24,0,24,..,0,0,0,0,0,..,28,8,31,0,31,..,4,0,4,0,4,..,26,0,26,0,26,..,22,0,27,0,27,..,77,3,78,0,80,..,7,0,7,0,7,..,0,0,0,0,0,..,10,0,9,0,9,..,10,0,10,0,10,..,0,0,0,0,0,..,0,0,0,0,0,..,5,0,5,0,3,..,24,0,28,0,28,..,21,0,19,0,19,..,23,4,24,0,24,..,20,27,49,0,49,..,0,0,0,0,0,..,9,0,9,0,9,..,3,0,3,0,3,..,15,4,13,0,13,..,11,6,15,0,13,..,0,0,0,0,0,..,4,0,10,0,10,..,0,0,0,0,0,..,7,0,7,0,7,..,12,0,12,0,12,..,4
LGA36580,10881,..,..,..,..,10881,..,14,0,9,0,9,..,8,0,8,0,8,..,3,0,3,0,3,..,0,0,0,0,0,..,12,13,24,0,28,..,0,0,0,0,0,..,11,13,28,0,26,..,3,0,3,0,3,..,12,0,12,0,12,..,14,0,14,0,14,..,40,3,37,0,41,..,5,0,5,0,5,..,10,8,14,0,14,..,6,0,5,0,5,..,3,0,3,0,3,..,0,0,0,0,0,..,0,0,0,0,0,..,0,0,0,0,0,..,23,9,29,0,29,..,6,0,6,0,6,..,3,0,5,0,5,..,11,10,25,0,25,..,0,0,0,0,0,..,0,0,0,0,0,..,0,0,0,0,0,..,4,0,4,0,4,..,4,0,5,0,5,..,11,0,11,0,11,..,0,0,0,0,0,..,49,6,58,0,57,..,4,0,4,0,4,..,75,7,82,3,84,..,21
LGA36630,14452,..,..,..,..,14452,..,26,0,26,0,26,..,9,0,9,0,9,..,3,0,3,0,5,..,6,0,5,0,5,..,8,6,12,0,12,..,0,0,0,0,0,..,12,6,19,0,19,..,0,0,0,0,0,..,8,0,8,0,8,..,10,0,8,0,8,..,31,0,37,0,37,..,0,0,0,0,0,..,3,0,3,0,3,..,7,0,7,0,7,..,5,0,5,0,5,..,8,0,8,0,8,..,0,0,0,0,0,..,10,0,10,0,10,..,34,0,34,0,34,..,21,0,21,0,21,..,3,3,4,0,4,..,6,0,9,0,9,..,0,0,0,0,0,..,3,0,3,0,3,..,0,0,0,0,0,..,4,0,4,0,8,..,5,0,5,0,5,..,3,0,4,0,4,..,0,0,0,0,0,..,28,0,30,0,30,..,0,0,0,0,0,..,27,0,27,0,27,..,3
LGA36660,15473,..,..,..,..,15473,..,25,0,25,0,25,..,10,0,8,0,8,..,0,0,0,0,0,..,4,5,7,0,7,..,34,20,55,0,60,..,0,0,0,0,0,..,44,27,73,0,68,..,14,3,16,0,22,..,23,0,23,0,23,..,16,0,16,0,16,..,40,3,46,0,46,..,5,0,5,0,5,..,0,0,0,0,0,..,13,0,11,0,11,..,7,0,12,0,12,..,0,0,0,0,0,..,5,0,5,0,5,..,7,0,8,0,8,..,34,5,35,0,35,..,143,22,166,3,165,..,9,0,8,0,8,..,16,24,41,0,44,..,3,0,5,0,5,..,3,0,3,0,3,..,0,0,0,0,0,..,7,0,7,0,7,..,3,0,3,0,3,..,0,0,0,0,0,..,12,0,12,0,12,..,12,0,12,0,12,..,0,0,0,0,0,..,15,0,15,0,13,..,6
LGA36720,126940,..,..,..,..,126940,..,401,0,405,0,405,..,106,17,119,0,119,..,18,0,20,0,20,..,100,32,129,3,137,..,210,84,296,4,296,..,6,0,7,0,7,..,313,121,433,5,446,..,44,4,41,0,41,..,310,0,318,3,315,..,336,17,357,0,360,..,696,22,714,4,721,..,103,4,109,0,109,..,22,0,22,0,25,..,143,12,152,0,151,..,215,14,232,0,230,..,43,3,47,0,47,..,50,0,56,0,56,..,228,20,250,5,257,..,705,45,754,7,760,..,354,18,375,11,385,..,138,22,168,0,168,..,116,52,165,0,170,..,11,0,11,0,11,..,22,0,28,0,28,..,47,3,49,0,49,..,92,7,103,0,105,..,65,8,70,0,70,..,14,0,16,0,16,..,40,0,36,0,38,..,71,3,71,0,75,..,73,8,82,3,86,..,107,3,109,0,109,..,27
LGA36820,10688,..,..,..,..,10688,..,9,0,9,0,9,..,6,0,6,0,6,..,25,0,25,3,25,..,0,0,0,0,0,..,11,0,12,0,12,..,0,0,0,0,0,..,15,0,10,0,10,..,3,0,4,0,4,..,23,0,23,0,23,..,21,0,20,0,20,..,74,0,76,0,76,..,7,0,9,0,9,..,0,0,0,0,0,..,0,0,0,0,0,..,6,0,6,0,7,..,0,0,0,0,0,..,0,0,0,0,0,..,5,0,6,0,6,..,17,0,13,0,18,..,92,11,110,3,111,..,15,3,14,0,14,..,0,0,5,0,5,..,0,0,0,0,0,..,4,0,4,0,4,..,0,0,0,0,0,..,9,0,9,0,9,..,0,0,0,0,0,..,0,0,0,0,0,..,0,0,0,0,0,..,3,0,3,0,3,..,3,0,3,0,3,..,3,0,3,0,3,..,0
LGA36910,67638,..,..,..,..,67638,..,205,3,206,5,208,..,405,63,475,0,471,..,21,0,21,0,21,..,67,20,86,0,87,..,314,137,446,9,455,..,20,4,21,0,21,..,400,154,554,11,566,..,13,0,13,0,13,..,61,0,64,0,64,..,85,6,94,0,94,..,124,12,137,0,140,..,23,0,24,0,24,..,68,6,77,0,77,..,139,6,145,0,145,..,164,16,178,0,184,..,114,4,119,0,119,..,53,3,53,0,53,..,250,16,259,3,265,..,784,51,836,3,842,..,81,10,86,3,91,..,62,0,62,0,66,..,65,36,103,0,103,..,0,0,0,0,0,..,4,0,4,0,3,..,59,8,68,0,64,..,13,0,13,0,13,..,32,0,36,0,35,..,10,3,8,0,8,..,9,0,9,0,9,..,151,4,157,5,161,..,18,0,17,0,17,..,193,3,193,0,193,..,39
LGA36950,682,..,..,..,..,682,..,0,0,0,0,0,..,0,0,0,0,0,..,595,108,709,36,742,..,0,0,0,0,0,..,0,0,0,0,0,..,0,0,0,0,0,..,0,0,0,0,0,..,0,0,0,0,0,..,0,0,0,0,0,..,3,0,3,0,3,..,0,0,0,0,0,..,0,0,0,0,0,..,0,0,0,0,0,..,0,0,0,0,0,..,4,0,4,0,4,..,3,0,3,0,3,..,0,0,0,0,0,..,0,0,0,0,0,..,11,0,11,0,11,..,0,0,0,0,0,..,4,0,4,0,4,..,0,0,0,0,0,..,0,0,0,0,0,..,0,0,0,0,0,..,0,0,0,0,0,..,0,0,0,0,0,..,0,0,0,0,0,..,0,0,0,0,0,..,0,0,0,0,0,..,0,0,0,0,0,..,0,0,0,0,0,..,0,0,0,0,0,..,0
LGA36960,126,..,..,..,..,126,..,0,0,0,0,0,..,0,0,0,0,0,..,1508,284,1791,93,1883,..,0,0,0,0,0,..,0,0,0,0,0,..,0,0,0,0,0,..,0,0,0,0,0,..,0,0,0,0,0,..,5,0,5,0,5,..,0,0,0,0,0,..,3,0,3,0,3,..,0,0,0,0,0,..,0,0,0,0,0,..,0,0,0,0,0,..,0,0,0,0,0,..,0,0,0,0,0,..,0,0,0,0,0,..,0,0,0,0,0,..,0,0,0,0,0,..,0,0,0,0,0,..,0,0,0,0,0,..,0,0,0,0,0,..,0,0,0,0,0,..,0,0,0,0,0,..,0,0,0,0,0,..,0,0,0,0,0,..,0,0,0,0,0,..,0,0,0,0,0,..,0,0,0,0,0,..,0,0,0,0,0,..,0,0,0,0,0,..,0,0,0,0,0,..,0
LGA37010,79112,..,..,..,..,79112,..,213,4,218,3,218,..,133,9,145,4,146,..,195,8,205,5,213,..,146,37,179,0,180,..,215,49,267,4,268,..,10,5,18,0,18,..,377,90,461,3,471,..,18,3,20,0,23,..,81,0,82,0,82,..,134,9,144,5,143,..,247,4,256,0,260,..,168,9,182,0,182,..,38,0,38,0,38,..,157,4,158,0,162,..,134,8,146,5,148,..,66,0,68,0,69,..,43,3,49,0,49,..,132,12,144,0,144,..,574,28,606,3,612,..,373,33,406,7,411,..,74,12,92,0,92,..,96,44,140,0,143,..,3,0,3,0,3,..,12,0,11,0,17,..,39,3,46,0,46,..,46,3,49,0,48,..,33,5,33,0,33,..,30,8,39,0,39,..,14,3,12,0,12,..,181,4,184,0,188,..,60,8,69,0,69,..,270,13,281,0,282,..,39
LGA37300,1720,..,..,..,..,1720,..,0,0,0,0,0,..,0,0,0,0,0,..,43,5,51,4,54,..,0,0,0,0,0,..,0,0,0,0,0,..,0,0,0,0,0,..,3,0,3,0,3,..,0,0,0,0,0,..,4,0,4,0,4,..,0,0,0,0,0,..,0,0,0,0,0,..,0,0,0,0,0,..,0,0,0,0,0,..,3,0,3,0,3,..,0,0,0,0,0,..,0,0,0,0,0,..,0,0,0,0,0,..,0,0,0,0,0,..,3,0,3,0,3,..,3,0,3,0,3,..,4,0,4,0,4,..,0,0,0,0,0,..,0,0,0,0,0,..,0,0,0,0,0,..,0,0,0,0,0,..,0,0,0,0,0,..,0,0,0,0,0,..,0,0,0,0,0,..,0,0,0,0,0,..,8,0,8,0,8,..,0,0,0,0,0,..,8,0,8,0,8,..,3
LGA37310,14593,..,..,..,..,14593,..,60,0,58,0,58,..,7,0,7,0,7,..,3,0,3,0,3,..,6,3,9,0,9,..,17,0,17,0,17,..,0,0,0,0,0,..,24,3,27,0,27,..,3,0,3,0,3,..,8,0,8,0,8,..,6,0,6,0,6,..,16,0,18,0,18,..,3,0,3,0,3,..,0,0,0,0,0,..,26,0,26,0,26,..,34,0,34,0,33,..,8,0,8,0,8,..,3,0,3,0,3,..,23,0,21,0,21,..,97,0,97,3,99,..,9,0,9,0,9,..,3,0,3,0,3,..,4,3,4,0,4,..,0,0,0,0,0,..,0,0,0,0,0,..,5,0,5,0,5,..,3,0,6,0,6,..,6,0,6,0,6,..,3,0,3,0,3,..,0,0,0,0,0,..,89,0,92,0,92,..,0,0,0,0,0,..,82,0,87,0,85,..,5
LGA37340,14147,..,..,..,..,14147,..,31,3,37,0,34,..,11,3,14,0,14,..,15,0,18,0,18,..,21,10,28,0,33,..,48,57,112,0,112,..,0,4,6,0,6,..,74,74,143,0,145,..,3,0,3,0,3,..,23,0,23,0,23,..,50,6,57,0,57,..,35,3,36,0,36,..,15,0,15,0,15,..,0,0,0,0,0,..,7,0,7,0,7,..,13,3,16,0,16,..,10,0,17,0,17,..,0,0,0,0,0,..,18,0,18,0,18,..,60,3,67,0,67,..,52,9,59,0,59,..,28,7,36,0,36,..,41,52,93,0,93,..,0,0,0,0,0,..,3,0,3,0,3,..,3,0,3,0,3,..,7,0,9,0,9,..,0,0,0,0,0,..,6,0,6,0,6,..,4,0,4,0,4,..,30,0,34,0,34,..,14,0,14,0,9,..,41,0,41,0,41,..,3
LGA37400,517,..,..,..,..,517,..,0,0,0,0,0,..,0,0,0,0,0,..,0,0,0,0,0,..,0,0,0,0,0,..,0,0,0,0,0,..,0,0,0,0,0,..,0,0,0,0,0,..,0,0,0,0,0,..,0,0,0,0,0,..,0,0,0,0,0,..,3,0,3,0,3,..,0,0,0,0,0,..,0,0,0,0,0,..,0,0,0,0,0,..,0,0,0,0,0,..,0,0,0,0,0,..,0,0,0,0,0,..,0,0,0,0,0,..,0,0,0,0,0,..,0,0,0,0,0,..,0,0,0,0,0,..,0,0,0,0,0,..,0,0,0,0,0,..,0,0,0,0,0,..,0,0,0,0,0,..,0,0,0,0,0,..,0,0,0,0,0,..,0,0,0,0,0,..,0,0,0,0,0,..,0,0,0,0,0,..,0,0,0,0,0,..,0,0,0,0,0,..,0
LGA37550,395,..,..,..,..,395,..,0,0,0,0,0,..,0,0,0,0,0,..,39,0,39,4,44,..,0,0,0,0,0,..,0,0,0,0,0,..,0,0,0,0,0,..,0,0,0,0,0,..,0,0,0,0,0,..,0,0,0,0,0,..,0,0,0,0,0,..,0,0,0,0,0,..,0,0,0,0,0,..,0,0,0,0,0,..,0,0,0,0,0,..,0,0,0,0,0,..,0,0,0,0,0,..,0,0,0,0,0,..,0,0,0,0,0,..,0,0,0,0,0,..,0,0,0,0,0,..,0,0,0,0,0,..,0,0,0,0,0,..,0,0,0,0,0,..,0,0,0,0,0,..,0,0,0,0,0,..,0,0,0,0,0,..,0,0,0,0,0,..,0,0,0,0,0,..,0,0,0,0,0,..,0,0,0,0,0,..,0,0,0,0,0,..,0,0,0,0,0,..,0
LGA37570,47,..,..,..,..,47,..,0,0,0,0,0,..,0,0,0,0,0,..,70,3,76,0,75,..,0,0,0,0,0,..,0,0,0,0,0,..,0,0,0,0,0,..,0,0,0,0,0,..,0,0,0,0,0,..,0,0,0,0,0,..,0,0,0,0,0,..,0,0,0,0,0,..,0,0,0,0,0,..,0,0,0,0,0,..,0,0,0,0,0,..,0,0,0,0,0,..,0,0,0,0,0,..,0,0,0,0,0,..,0,0,0,0,0,..,0,0,0,0,0,..,0,0,0,0,0,..,0,0,0,0,0,..,0,0,0,0,0,..,0,0,0,0,0,..,0,0,0,0,0,..,0,0,0,0,0,..,0,0,0,0,0,..,0,0,0,0,0,..,0,0,0,0,0,..,0,0,0,0,0,..,0,0,0,0,0,..,0,0,0,0,0,..,0,0,0,0,0,..,0
LGA37600,1087,..,..,..,..,1087,..,0,0,0,0,0,..,0,0,0,0,0,..,120,4,127,19,149,..,0,0,0,0,0,..,0,0,0,0,0,..,0,0,0,0,0,..,0,0,0,0,0,..,0,0,0,0,0,..,0,0,0,0,0,..,0,0,0,0,0,..,0,0,0,0,0,..,0,0,0,0,0,..,0,0,0,0,0,..,0,0,0,0,0,..,0,0,0,0,0,..,0,0,0,0,0,..,0,0,0,0,0,..,0,0,0,0,0,..,0,0,0,0,0,..,0,0,0,0,0,..,0,0,0,0,0,..,0,0,0,0,0,..,0,0,0,0,0,..,0,0,0,0,0,..,0,0,0,0,0,..,0,0,0,0,0,..,0,0,0,0,0,..,0,0,0,0,0,..,0,0,0,0,0,..,0,0,0,0,0,..,0,0,0,0,0,..,0,0,0,0,0,..,0
LGA39499,4759,..,..,..,..,4759,..,11,0,11,0,9,..,15,3,12,0,16,..,9,3,17,0,17,..,15,5,18,0,18,..,49,39,89,0,89,..,4,0,4,0,4,..,67,45,107,0,107,..,0,0,0,0,0,..,17,0,17,0,17,..,53,7,56,0,59,..,38,0,43,0,43,..,3,3,7,0,7,..,0,0,0,0,0,..,10,0,12,0,12,..,5,0,6,0,6,..,7,0,7,0,7,..,5,0,5,0,5,..,13,0,13,0,13,..,34,0,40,0,40,..,45,6,48,3,50,..,7,9,17,0,14,..,7,11,22,0,22,..,0,0,0,0,0,..,0,0,0,0,0,..,3,0,3,0,3,..,7,0,7,0,7,..,3,3,6,0,6,..,9,0,8,0,8,..,0,0,0,0,0,..,4,0,4,0,4,..,10,0,10,0,10,..,3,0,3,0,3,..,6
LGA39799,56,..,..,..,..,56,..,0,0,0,0,0,..,0,0,0,0,0,..,0,0,0,0,0,..,0,0,0,0,0,..,0,0,0,0,0,..,0,0,0,0,0,..,0,0,0,0,0,..,0,0,0,0,0,..,0,0,0,0,0,..,0,0,0,0,0,..,0,0,0,0,0,..,0,0,0,0,0,..,0,0,0,0,0,..,0,0,0,0,0,..,0,0,0,0,0,..,0,0,0,0,0,..,0,0,0,0,0,..,0,0,0,0,0,..,0,0,0,0,0,..,0,0,0,0,0,..,0,0,0,0,0,..,0,0,0,0,0,..,0,0,0,0,0,..,0,0,0,0,0,..,0,0,0,0,0,..,0,0,0,0,0,..,0,0,0,0,0,..,0,0,0,0,0,..,0,0,0,0,0,..,0,0,0,0,0,..,0,0,0,0,0,..,0,0,0,0,0,..,0
