LGA_CODE_2016,M_NatPhyl_Scn_15_24,M_NatPhyl_Scn_25_34,M_NatPhyl_Scn_35_44,M_NatPhyl_Scn_45_54,M_NatPhyl_Scn_55_64,M_NatPhyl_Scn_65_74,M_NatPhyl_Scn_75_84,M_NatPhyl_Scn_85ov,M_NatPhyl_Scn_Tot,M_InfoTech_15_24,M_InfoTech_25_34,M_InfoTech_35_44,M_InfoTech_45_54,M_InfoTech_55_64,M_InfoTech_65_74,M_InfoTech_75_84,M_InfoTech_85ov,M_InfoTech_Tot,M_Eng_RelTec_15_24,M_Eng_RelTec_25_34,M_Eng_RelTec_35_44,M_Eng_RelTec_45_54,M_Eng_RelTec_55_64,M_Eng_RelTec_65_74,M_Eng_RelTec_75_84,M_Eng_RelTec_85ov,M_Eng_RelTec_Tot,M_ArchtBldng_15_24,M_ArchtBldng_25_34,M_ArchtBldng_35_44,M_ArchtBldng_45_54,M_ArchtBldng_55_64,M_ArchtBldng_65_74,M_ArchtBldng_75_84,M_ArchtBldng_85ov,M_ArchtBldng_Tot,M_Ag_Envir_Rltd_Sts_15_24,M_Ag_Envir_Rltd_Sts_25_34,M_Ag_Envir_Rltd_Sts_35_44,M_Ag_Envir_Rltd_Sts_45_54,M_Ag_Envir_Rltd_Sts_55_64,M_Ag_Envir_Rltd_Sts_65_74,M_Ag_Envir_Rltd_Sts_75_84,M_Ag_Envir_Rltd_Sts_85ov,M_Ag_Envir_Rltd_Sts_Tot,M_Health_15_24,M_Health_25_34,M_Health_35_44,M_Health_45_54,M_Health_55_64,M_Health_65_74,M_Health_75_84,M_Health_85ov,M_Health_Tot,M_Educ_15_24,M_Educ_25_34,M_Educ_35_44,M_Educ_45_54,M_Educ_55_64,M_Educ_65_74,M_Educ_75_84,M_Educ_85_years_and_over,M_Educ_Tot,M_Mgnt_Com_15_24,M_Mgnt_Com_25_34,M_Mgnt_Com_35_44,M_Mgnt_Com_45_54,M_Mgnt_Com_55_64,M_Mgnt_Com_65_74,M_Mgnt_Com_75_84,M_Mgnt_Com_85ov,M_Mgnt_Com_Tot,M_Society_Cult_15_24,M_Society_Cult_25_34,M_Society_Cult_35_44,M_Society_Cult_45_54,M_Society_Cult_55_64,M_Society_Cult_65_74,M_Society_Cult_75_84,M_Society_Cult_85ov,M_Society_Cult_Tot,M_Creative_Arts_15_24,M_Creative_Arts_25_34,M_Creative_Arts_35_44,M_Creative_Arts_45_54,M_Creative_Arts_55_64,M_Creative_Arts_65_74,M_Creative_Arts_75_84,M_Creative_Arts_85ov,M_Creative_Arts_Tot,M_Fd_Hosp_Psnl_Svcs_15_24,M_Fd_Hosp_Psnl_Svcs_25_34,M_Fd_Hosp_Psnl_Svcs_35_44,M_Fd_Hosp_Psnl_Svcs_45_54,M_Fd_Hosp_Psnl_Svcs_55_64,M_Fd_Hosp_Psnl_Svcs_65_74,M_Fd_Hosp_Psnl_Svcs_75_84,M_Fd_Hosp_Psnl_Svcs_85ov,M_Fd_Hosp_Psnl_Svcs_Tot,M_MixFld_Prgm_15_24,M_MixFld_Prgm_25_34,M_MixFld_Prgm_35_44,M_MixFld_Prgm_45_54,M_MixFld_Prgm_55_64,M_MixFld_Prgm_65_74,M_MixFld_Prgm_75_84,M_MixFld_Prgm_85ov,M_MixFld_Prgm_Tot,M_FldStd_InadDes_15_24,M_FldStd_InadDes_25_34,M_FldStd_InadDes_35_44,M_FldStd_InadDes_45_54,M_FldStd_InadDes_55_64,M_FldStd_InadDes_65_74,M_FldStd_InadDes_75_84,M_FldStd_InadDes_85ov,M_FldStd_InadDes_Tot,M_FldStd_NS_15_24,M_FldStd_NS_25_34,M_FldStd_NS_35_44,M_FldStd_NS_45_54,M_FldStd_NS_55_64,M_FldStd_NS_65_74,M_FldStd_NS_75_84,M_FldStd_NS_85ov,M_FldStd_NS_Tot,M_Tot_15_24,M_Tot_25_34,M_Tot_35_44,M_Tot_45_54,M_Tot_55_64,M_Tot_65_74,M_Tot_75_84,M_Tot_85_years_and_over,M_Tot_Tot,F_NatPhyl_Scn_15_24,F_NatPhyl_Scn_25_34,F_NatPhyl_Scn_35_44,F_NatPhyl_Scn_45_54,F_NatPhyl_Scn_55_64,F_NatPhyl_Scn_65_74,F_NatPhyl_Scn_75_84,F_NatPhyl_Scn_85ov,F_NatPhyl_Scn_Tot,F_InfoTech_15_24,F_InfoTech_25_34,F_InfoTech_35_44,F_InfoTech_45_54,F_InfoTech_55_64,F_InfoTech_65_74,F_InfoTech_75_84,F_InfoTech_85ov,F_InfoTech_Tot,F_Eng_RelTec_15_24,F_Eng_RelTec_25_34,F_Eng_RelTec_35_44,F_Eng_RelTec_45_54,F_Eng_RelTec_55_64,F_Eng_RelTec_65_74,F_Eng_RelTec_75_84,F_Eng_RelTec_85ov,F_Eng_RelTec_Tot,F_ArchtBldng_15_24,F_ArchtBldng_25_34,F_ArchtBldng_35_44,F_ArchtBldng_45_54,F_ArchtBldng_55_64,F_ArchtBldng_65_74,F_ArchtBldng_75_84,F_ArchtBldng_85ov,F_ArchtBldng_Tot,F_Ag_Envir_Rltd_Sts_15_24,F_Ag_Envir_Rltd_Sts_25_34,F_Ag_Envir_Rltd_Sts_35_44,F_Ag_Envir_Rltd_Sts_45_54,F_Ag_Envir_Rltd_Sts_55_64,F_Ag_Envir_Rltd_Sts_65_74,F_Ag_Envir_Rltd_Sts_75_84,F_Ag_Envir_Rltd_Sts_85ov,F_Ag_Envir_Rltd_Sts_Tot,F_Health_15_24,F_Health_25_34,F_Health_35_44,F_Health_45_54,F_Health_55_64,F_Health_65_74,F_Health_75_84,F_Health_85ov,F_Health_Tot,F_Educ_15_24,F_Educ_25_34,F_Educ_35_44,F_Educ_45_54,F_Educ_55_64,F_Educ_65_74,F_Educ_75_84,F_Educ_85ov,F_Educ_Tot,F_Mgnt_Com_15_24,F_Mgnt_Com_25_34
LGA30250,0,0,0,0,0,0,0,0,0,0,0,0,0,0,0,0,0,0,3,10,4,5,0,0,0,0,20,8,10,7,10,4,0,0,0,32,3,0,0,4,0,0,0,0,11,0,0,0,0,0,0,0,0,3,0,0,0,0,0,0,0,0,3,0,0,0,3,0,0,0,0,4,3,0,3,3,3,0,0,0,15,0,0,0,0,0,0,0,0,0,0,0,0,0,0,0,0,0,0,0,0,0,0,0,0,0,0,0,0,0,0,0,0,0,0,0,0,12,8,9,5,4,0,0,0,36,27,28,27,34,19,9,0,0,143,0,0,0,0,0,0,0,0,0,0,0,0,0,0,0,0,0,0,0,0,0,0,0,0,0,0,3,0,0,0,0,0,0,0,0,0,0,0,0,0,0,0,0,0,3,0,0,3,4,3,0,0,0,16,4,0,0,3,7,0,0,0,16,3,4
LGA30300,0,3,0,0,0,0,0,0,8,0,0,3,0,0,0,0,0,7,23,44,41,54,45,14,6,0,227,9,12,15,7,12,5,3,3,62,8,18,36,35,22,13,0,0,140,0,10,9,3,3,3,0,0,26,0,3,4,3,0,3,0,0,14,3,17,14,8,15,3,0,0,62,3,11,15,7,5,0,0,0,35,0,0,0,0,0,0,0,0,0,5,4,10,3,3,3,0,0,32,0,0,0,0,0,0,0,0,5,0,0,0,5,0,0,0,0,13,33,23,27,38,36,35,18,0,214,90,147,160,170,138,85,38,3,834,0,3,0,3,3,0,0,0,11,0,0,0,0,0,0,0,0,5,4,0,0,0,0,0,0,0,12,0,3,0,0,0,0,0,0,5,3,20,16,10,9,3,0,0,59,9,29,27,35,35,10,4,3,157,13,31,37,38,26,9,3,0,143,16,39
LGA30370,0,6,6,3,3,4,0,0,20,7,0,3,3,0,0,0,0,20,141,335,279,221,186,72,46,7,1278,22,39,35,40,48,24,7,0,214,20,52,47,47,37,9,4,3,221,3,12,19,14,12,7,0,0,67,3,16,10,12,9,4,0,0,64,10,22,50,34,31,5,3,0,157,10,13,18,11,8,3,0,0,74,4,8,5,3,3,0,0,0,18,18,26,24,29,14,10,3,0,123,0,4,3,0,0,0,0,0,5,3,4,6,8,6,3,0,0,33,87,119,129,103,103,77,48,8,675,317,672,629,532,463,223,122,19,2972,0,9,11,14,10,0,0,0,39,0,4,0,3,0,0,0,0,11,7,16,24,12,13,3,0,0,69,0,0,3,3,0,0,0,0,16,22,37,26,10,5,0,0,0,94,17,73,62,78,81,31,10,4,348,18,99,106,75,72,32,12,5,414,69,167
LGA30410,0,0,0,0,0,0,0,0,4,0,0,0,0,0,0,0,0,4,19,33,35,32,32,17,14,0,186,9,11,12,18,11,5,3,0,68,15,6,5,11,16,4,3,0,56,0,7,6,5,7,0,0,0,22,0,6,8,4,4,0,0,0,20,3,4,5,3,6,0,0,0,28,0,3,4,4,0,5,0,0,12,0,0,0,0,0,0,0,0,0,3,4,0,0,3,3,0,0,15,0,0,0,0,0,0,0,0,0,0,0,0,0,0,0,0,0,0,15,16,15,19,16,24,19,0,124,71,93,89,106,95,59,38,3,553,0,0,0,0,0,0,0,0,3,0,0,0,0,0,0,0,0,0,4,3,8,0,3,0,0,0,10,0,3,0,0,0,0,0,0,4,7,5,9,9,3,0,0,0,33,4,15,12,27,22,11,3,0,99,12,27,20,10,16,4,3,0,92,11,31
LGA30450,0,0,0,0,0,0,0,0,0,0,0,0,0,0,0,0,0,0,0,0,3,0,0,3,0,0,17,0,4,0,0,0,0,0,0,7,0,0,0,3,0,0,0,0,12,0,0,0,0,0,0,0,0,0,0,0,0,0,0,0,0,0,0,0,0,0,0,0,0,0,0,0,0,0,0,0,0,0,0,0,0,0,0,0,0,0,0,0,0,0,0,0,0,0,0,0,0,0,3,0,0,0,0,0,0,0,0,0,0,0,0,0,0,0,0,0,0,3,0,0,0,5,0,0,0,9,5,5,9,20,8,8,0,0,54,0,0,0,0,0,0,0,0,0,0,0,0,0,0,0,0,0,0,0,0,0,0,0,0,0,0,0,0,0,0,0,0,0,0,0,0,3,0,0,0,0,0,0,0,7,0,0,0,0,0,0,0,0,4,0,0,0,0,0,0,0,0,9,0,0
LGA30760,0,0,0,0,0,0,0,0,3,0,0,0,0,0,0,0,0,3,13,22,12,11,16,15,3,0,86,8,9,4,4,5,8,0,0,27,7,11,12,12,14,4,0,3,53,0,0,0,3,0,0,0,0,10,0,0,3,0,0,0,0,0,8,0,4,7,3,8,0,0,0,22,3,0,0,6,4,3,0,0,18,0,0,0,0,0,0,0,0,4,0,3,0,0,0,0,0,0,7,0,0,0,0,0,0,0,0,0,0,0,3,0,0,0,0,0,4,8,13,6,10,15,12,12,0,74,35,60,55,48,63,43,21,4,324,0,0,0,0,0,0,0,0,3,0,0,0,0,0,0,0,0,3,0,3,0,0,0,0,0,0,9,0,0,0,0,0,0,0,0,0,0,3,6,5,3,0,0,0,16,4,5,11,18,17,7,4,0,64,3,13,15,3,14,7,0,0,55,3,16
LGA30900,0,0,0,0,0,0,0,0,0,0,0,0,0,0,0,0,0,0,0,6,3,3,4,0,0,0,17,3,3,0,0,0,0,0,0,4,3,5,0,0,0,0,0,0,15,0,0,0,0,0,0,0,0,0,0,0,0,0,0,0,0,0,3,0,3,0,0,0,0,0,0,7,0,0,0,0,0,0,0,0,0,0,0,0,0,0,0,0,0,0,0,0,0,0,0,0,0,0,0,0,0,0,0,0,0,0,0,0,0,0,0,0,0,0,0,0,0,6,8,8,3,13,0,0,0,37,8,27,16,6,16,4,3,0,88,0,0,0,0,0,0,0,0,0,0,0,0,0,0,0,0,0,0,0,0,0,0,0,0,0,0,0,0,0,0,0,0,0,0,0,0,4,3,0,0,0,0,0,0,9,0,0,0,0,0,0,0,0,4,0,3,0,0,3,0,0,0,4,3,14
LGA31000,1172,2974,2579,2214,1685,1167,412,112,12313,1857,5737,5683,2975,1215,323,46,0,17842,4457,15292,13764,13376,10934,7228,3761,1189,70004,1923,6330,5038,4432,3539,2295,1299,414,25270,350,1019,1179,1028,736,447,202,57,5012,1190,4711,4009,3295,2259,1327,646,231,17669,313,1686,1937,2010,1919,1392,618,131,10004,5388,15511,13785,11256,7226,3876,1202,337,58583,3043,6583,5795,4724,3593,2241,790,190,26950,2251,3873,2303,1381,850,401,166,43,11268,1414,3036,2040,1433,791,470,189,51,9426,276,143,61,66,66,75,59,26,776,300,847,912,766,551,329,155,73,3931,6155,8635,6512,5559,4070,2967,2175,1325,37396,30085,76387,65604,54515,39424,24536,11702,4177,306431,1301,3476,2722,1901,1124,543,178,61,11296,492,1709,1682,935,425,111,15,4,5374,669,2402,1793,1155,655,346,306,142,7470,474,1443,1039,640,278,104,25,5,4016,275,765,741,417,245,65,14,7,2533,3886,12898,9865,8783,6662,3540,1674,675,47982,1237,5744,6978,7293,6538,3948,1506,422,33675,7862,21704
LGA31750,0,0,0,0,0,0,0,0,0,0,0,0,0,0,0,0,0,0,3,3,10,4,7,0,0,0,32,0,5,0,0,3,0,0,0,7,0,3,0,3,3,0,0,0,8,0,0,0,0,0,0,0,0,0,0,0,0,0,0,0,0,0,0,0,0,0,0,0,0,0,0,4,0,0,4,0,0,0,0,0,4,0,0,0,0,0,0,0,0,0,0,0,0,0,0,0,0,0,0,0,0,0,0,0,0,0,0,0,0,0,0,0,3,0,0,0,3,0,3,4,3,10,6,0,0,28,11,16,20,16,21,9,0,0,95,0,0,0,0,0,0,0,0,0,0,0,0,0,0,0,0,0,0,0,0,0,0,0,0,0,0,4,0,0,0,0,0,0,0,0,0,0,0,0,0,0,0,0,0,4,0,0,0,0,0,0,0,0,5,0,0,3,0,0,0,0,0,3,3,14
LGA31820,8,40,43,33,56,54,20,8,261,76,100,109,63,43,24,0,0,412,415,836,923,1102,1406,1322,639,146,6785,127,368,362,432,583,462,214,36,2596,57,110,155,174,138,88,35,9,769,48,178,173,184,149,81,33,17,861,8,70,138,200,197,147,67,16,846,180,252,286,310,278,212,69,21,1607,108,152,177,180,183,133,40,5,975,20,24,31,28,31,30,17,0,187,111,166,136,126,143,104,35,9,843,8,7,4,6,11,8,9,7,55,28,32,38,61,41,36,22,12,267,503,448,430,608,629,709,493,195,4021,1702,2779,3010,3515,3879,3414,1698,472,20471,20,45,73,66,51,35,21,4,309,13,20,27,31,24,13,3,0,129,21,34,33,48,55,45,37,15,286,12,16,13,30,7,4,3,0,82,19,43,67,45,38,17,6,0,228,164,486,499,649,697,372,170,66,3102,68,315,533,522,481,312,146,28,2402,370,746
LGA31900,0,4,7,5,11,10,0,0,37,7,8,0,3,3,0,0,0,24,163,301,302,299,284,189,89,15,1646,26,47,62,62,81,69,30,3,382,9,23,36,38,33,14,3,3,167,4,28,13,15,18,12,3,0,90,3,20,18,13,32,10,6,0,101,15,36,31,49,39,15,4,0,189,10,24,19,21,17,11,0,0,110,5,3,3,3,6,4,0,0,23,12,27,24,38,14,23,4,0,135,4,0,0,4,3,7,0,0,14,3,3,13,12,4,5,3,4,41,103,84,88,118,113,137,86,33,757,364,595,622,677,656,499,233,63,3711,12,11,9,13,19,5,0,0,72,3,0,3,3,3,0,0,0,11,8,16,10,10,7,0,4,0,68,3,3,0,3,0,0,0,0,15,7,17,17,11,0,0,0,0,56,41,67,68,82,82,49,23,3,413,18,70,93,88,91,42,13,8,426,77,128
LGA31950,0,0,0,0,0,0,0,0,0,0,0,0,0,0,0,0,0,0,3,0,8,3,3,3,0,0,22,0,0,0,0,0,0,0,0,6,3,0,0,0,0,0,0,0,3,0,0,0,0,0,0,0,0,0,0,0,3,0,0,0,0,0,3,0,0,3,0,0,0,0,0,5,0,0,0,0,0,0,0,0,0,0,0,0,0,0,0,0,0,0,0,0,0,0,0,0,0,0,3,0,0,0,0,0,0,0,0,0,0,0,0,0,0,0,0,0,0,12,5,5,7,15,4,0,0,42,14,15,17,10,20,6,0,0,91,0,0,0,0,0,0,0,0,0,0,0,0,0,0,0,0,0,0,0,0,0,0,0,0,0,0,0,0,0,0,0,0,0,0,0,0,0,3,0,0,0,0,0,0,4,0,0,0,0,0,0,0,0,3,0,4,0,0,0,0,0,0,3,0,3
LGA32080,35,141,196,183,154,91,30,12,848,116,238,202,130,75,28,7,0,792,692,1945,2163,2338,2167,1445,534,112,11399,235,864,851,908,842,489,223,37,4453,76,171,262,220,160,71,34,7,997,125,427,443,417,327,157,48,14,1958,29,189,316,286,326,236,49,16,1442,269,804,859,911,634,342,106,20,3944,182,463,551,515,363,189,48,16,2334,69,160,126,126,84,61,16,4,639,227,538,510,395,236,128,39,8,2077,19,4,5,15,19,10,5,0,75,32,81,87,131,91,40,14,3,480,1177,1305,1222,1345,1072,804,420,135,7478,3285,7338,7793,7910,6549,4096,1563,379,38919,55,213,235,158,79,31,15,3,781,26,72,67,64,35,9,3,0,277,57,159,159,130,92,57,22,6,690,15,61,67,53,27,14,3,3,239,47,104,116,81,47,15,3,0,408,426,1285,1271,1231,1016,446,167,51,5902,161,739,1034,1035,846,388,122,31,4345,716,1908
LGA32250,0,0,0,0,0,0,0,0,0,0,0,0,0,0,0,0,0,0,4,25,26,24,24,27,11,0,143,3,10,6,9,8,3,3,0,41,3,5,4,3,5,0,0,0,20,0,3,0,3,0,0,0,0,8,3,3,4,5,4,4,0,0,20,0,3,3,8,9,3,0,0,19,5,4,0,0,3,0,0,0,16,0,0,0,0,0,0,0,0,3,0,3,9,3,3,4,0,0,21,0,0,0,0,0,0,0,0,3,0,0,0,0,0,0,0,0,3,19,21,21,19,22,14,4,0,129,43,76,67,68,78,64,23,3,422,0,0,0,0,0,0,0,0,0,0,0,0,0,0,0,0,0,0,0,3,0,3,0,3,0,0,12,0,0,0,0,0,0,0,0,0,4,4,0,0,0,0,0,0,11,3,7,13,11,11,5,0,0,53,5,14,7,4,8,0,0,0,37,4,17
LGA32260,10,10,17,19,20,14,5,0,97,6,15,9,5,9,0,4,0,49,151,327,327,496,539,356,163,36,2385,35,101,120,154,245,122,56,6,843,22,78,62,73,63,19,11,3,332,17,29,28,32,54,22,9,0,193,9,24,34,33,59,43,23,0,226,22,62,57,63,72,44,14,10,342,18,50,36,38,41,28,9,0,234,7,8,3,12,14,10,5,0,61,30,64,51,61,41,24,12,0,291,3,0,0,3,0,7,3,0,19,4,19,19,14,21,6,4,0,82,209,242,192,274,280,236,147,38,1627,547,1041,954,1285,1454,936,461,102,6774,8,21,23,11,13,11,3,0,84,9,8,6,3,7,3,0,0,31,6,12,12,31,20,11,13,5,118,4,6,3,3,7,0,0,0,22,11,45,35,24,17,5,0,0,132,25,88,106,140,175,105,37,16,693,25,115,124,153,169,87,36,10,725,123,236
LGA32270,3,19,26,18,6,9,0,0,81,12,16,14,9,0,0,0,0,52,238,764,666,562,357,139,34,6,2760,33,133,119,90,98,34,9,3,524,27,80,106,83,50,15,5,0,371,3,25,33,32,11,3,4,0,113,8,44,42,34,32,7,0,0,159,25,90,98,86,55,15,0,0,378,20,45,36,22,12,8,0,0,144,0,5,4,4,7,3,0,0,32,15,51,59,34,27,13,3,0,208,3,0,3,0,0,3,0,0,15,3,15,18,19,18,0,0,0,74,298,376,390,378,246,126,61,12,1884,676,1679,1614,1379,914,386,121,25,6789,4,39,29,14,11,0,0,0,96,3,10,9,0,0,0,0,0,25,15,59,24,24,9,5,0,0,149,0,9,10,6,3,0,0,0,32,37,66,54,22,6,0,0,0,178,50,172,111,120,114,35,6,3,605,65,229,185,152,89,28,13,3,767,109,345
LGA32310,0,7,4,6,10,4,0,0,32,10,5,5,6,4,3,0,0,32,80,124,148,134,134,92,43,7,767,11,40,31,37,45,44,12,5,223,14,23,27,18,21,6,4,0,112,7,15,16,13,18,18,4,0,82,7,25,18,23,15,12,3,0,106,3,23,27,19,22,13,8,0,110,9,8,13,14,14,9,0,0,74,4,0,0,0,0,3,0,0,11,15,18,11,8,18,10,3,0,82,0,0,0,3,0,0,0,0,10,4,3,8,5,5,4,0,0,23,102,79,95,89,97,93,48,13,615,260,369,396,365,410,318,133,23,2277,3,5,7,7,3,3,0,0,33,0,3,0,0,3,0,0,0,12,4,5,5,3,9,3,4,0,38,0,0,4,3,0,3,0,0,15,16,18,12,10,3,0,0,0,62,16,62,62,61,63,40,27,5,332,26,65,77,76,63,29,14,8,355,32,70
LGA32330,0,0,0,0,0,0,0,0,0,0,0,0,0,0,0,0,0,0,7,3,0,5,0,0,0,0,20,0,4,3,3,0,0,0,0,12,0,0,0,0,0,0,0,0,3,0,0,0,0,0,0,0,0,3,0,0,0,0,0,0,0,0,6,0,0,0,0,0,0,0,0,6,0,0,0,0,0,0,0,0,5,0,0,0,0,0,0,0,0,0,3,0,0,0,0,0,0,0,3,0,0,0,0,0,0,0,0,0,0,0,0,0,0,0,0,0,0,19,9,8,3,3,0,0,0,47,30,22,16,15,10,3,0,0,105,0,0,0,0,0,0,0,0,0,0,0,0,0,0,0,0,0,0,0,3,0,0,0,0,0,0,3,0,0,0,0,0,0,0,0,0,3,0,0,0,0,0,0,0,3,0,3,0,0,3,0,0,0,8,0,0,0,0,6,0,0,0,8,3,4
LGA32450,3,6,3,3,8,3,0,0,22,0,0,0,0,0,0,0,0,3,26,89,69,58,40,16,7,3,304,3,19,22,11,5,3,0,0,68,9,7,5,9,0,0,0,0,31,0,8,5,0,3,0,0,0,8,0,3,3,3,5,0,0,0,15,0,12,13,13,3,0,0,0,45,0,3,6,0,7,3,0,0,20,0,0,3,0,0,0,0,0,3,0,7,5,8,9,3,0,0,29,0,0,0,0,0,0,0,0,3,0,3,0,3,4,0,0,0,11,28,53,46,38,36,27,6,7,248,78,211,174,144,117,53,13,5,798,0,3,6,0,4,0,0,0,10,0,0,0,0,0,0,0,0,5,0,9,3,3,0,0,0,0,13,0,3,0,0,0,0,0,0,3,5,4,3,3,0,0,0,0,21,5,18,14,10,11,7,0,0,60,13,26,9,8,12,8,0,0,73,11,28
LGA32500,0,3,6,4,0,3,0,0,18,0,0,4,0,0,0,0,0,11,27,39,47,59,67,50,17,3,323,3,18,27,20,20,32,7,0,128,8,22,13,11,10,8,3,0,79,0,3,4,5,7,4,3,0,35,3,13,7,0,8,5,3,0,35,5,10,4,13,9,3,0,0,55,0,9,10,3,11,7,3,0,45,3,5,3,6,0,0,3,0,14,9,9,15,7,5,3,0,0,46,0,0,0,0,0,0,0,0,3,0,0,7,0,0,3,0,0,15,74,62,61,62,67,80,20,4,437,138,190,214,209,218,206,60,8,1235,0,5,7,3,4,0,0,0,16,0,0,0,0,0,0,0,0,5,3,7,0,5,0,0,0,0,17,0,0,0,3,0,0,0,0,3,6,7,4,6,3,0,0,0,30,3,21,20,18,53,15,3,3,135,8,30,32,18,33,9,0,0,120,10,32
LGA32600,0,0,0,0,0,0,0,0,0,0,0,0,0,0,0,0,0,0,3,3,0,0,9,0,0,0,13,0,0,0,0,0,0,0,0,3,0,6,0,3,0,0,0,0,10,0,0,0,0,0,0,0,0,0,0,0,0,0,0,0,0,0,0,0,0,0,0,0,0,0,0,0,0,0,0,0,0,0,0,0,0,0,0,0,0,0,0,0,0,0,0,0,0,0,0,0,0,0,0,0,0,0,0,0,0,0,0,0,0,0,0,0,0,0,0,0,0,7,8,8,8,8,0,0,0,39,11,15,16,16,18,3,0,0,76,0,0,0,0,0,0,0,0,0,0,0,0,0,0,0,0,0,0,0,0,0,0,0,0,0,0,0,0,0,0,0,0,0,0,0,0,0,3,0,0,0,0,0,0,0,0,0,0,0,3,0,0,0,5,0,0,0,0,0,0,0,0,3,0,0
LGA32750,0,0,0,0,0,0,0,0,0,0,0,0,0,0,0,0,0,0,0,3,3,0,3,0,0,0,13,0,0,3,0,0,0,0,0,3,3,0,3,0,0,0,0,0,9,0,0,0,0,0,0,0,0,3,0,0,0,0,0,0,0,0,0,0,0,0,3,0,0,0,0,3,0,0,0,0,0,0,0,0,3,0,0,0,0,0,0,0,0,0,0,0,0,0,0,0,0,0,3,0,0,0,0,0,0,0,0,0,0,0,0,0,0,0,0,0,0,3,0,0,4,4,0,0,0,21,13,7,14,10,12,0,0,0,65,0,0,0,0,0,0,0,0,0,0,0,0,0,0,0,0,0,0,0,0,0,0,0,0,0,0,0,0,0,0,0,0,0,0,0,0,0,5,0,0,0,0,0,0,4,0,0,0,0,0,0,0,0,4,3,0,0,0,0,0,0,0,3,0,3
LGA32770,0,0,0,0,0,0,0,0,0,0,0,0,0,0,0,0,0,0,5,4,8,3,3,0,0,0,23,0,3,3,0,0,0,0,0,9,0,4,0,0,0,0,0,0,4,0,0,3,0,0,0,0,0,11,0,3,3,3,0,0,0,0,13,0,0,0,0,3,0,0,0,7,3,3,3,0,0,0,0,0,15,0,0,0,0,0,0,0,0,0,0,0,0,0,0,0,0,0,0,0,0,0,0,0,0,0,0,0,0,0,0,0,0,0,0,0,0,10,4,6,6,3,0,3,0,29,18,22,33,12,12,3,4,0,104,0,0,0,0,0,0,0,0,0,0,0,0,0,0,0,0,0,0,0,3,0,0,0,0,0,0,3,0,0,0,0,0,0,0,0,0,0,0,0,0,0,0,0,0,0,0,7,0,3,5,0,0,0,13,3,9,3,7,3,0,0,0,26,0,0
LGA32810,0,18,12,9,17,14,4,0,80,0,6,3,3,4,3,0,0,31,30,121,131,187,197,135,51,7,863,21,47,73,88,100,47,21,5,401,14,32,33,26,22,21,5,0,149,0,10,15,20,19,14,8,0,88,0,17,17,22,23,19,7,0,103,8,58,47,55,49,37,16,4,276,12,25,22,28,28,23,5,0,145,3,10,11,8,14,5,0,0,57,22,88,61,59,35,14,8,0,287,3,3,0,0,0,0,0,0,6,0,0,4,10,9,7,3,0,32,80,106,127,124,164,94,67,30,795,199,542,566,644,672,419,200,46,3293,9,9,13,8,6,5,0,0,54,0,0,3,0,0,3,0,0,5,3,10,5,14,9,6,4,0,58,0,7,7,6,3,0,0,0,24,0,11,18,17,11,0,0,0,56,15,45,61,84,60,48,25,0,335,7,49,45,59,72,36,15,7,292,29,117
LGA33100,0,0,0,0,0,0,0,0,0,0,0,0,0,0,0,0,0,0,3,9,9,4,11,13,0,0,56,0,0,3,3,4,0,0,0,15,5,3,0,0,3,0,0,0,13,0,0,0,0,0,0,0,0,3,0,0,0,0,0,0,0,0,3,0,0,3,0,3,0,0,0,11,0,0,0,0,3,0,0,0,3,0,0,0,0,0,0,0,0,0,0,0,0,0,0,3,0,0,5,0,0,0,0,0,0,0,0,0,0,0,0,0,0,0,0,0,3,6,11,10,9,8,15,4,0,56,18,32,20,19,34,29,9,0,168,0,3,0,3,0,0,0,0,4,0,0,0,0,0,0,0,0,0,0,0,0,0,0,0,0,0,4,0,0,0,0,0,0,0,0,0,0,3,0,0,0,0,0,0,4,0,3,0,0,3,6,0,0,12,0,6,3,3,3,3,0,0,17,5,5
LGA33200,0,0,0,0,0,0,0,0,3,0,0,0,0,0,0,0,0,3,13,20,14,10,18,8,4,0,90,7,8,4,3,9,3,0,0,33,4,6,0,4,8,0,0,0,31,0,0,0,3,0,0,0,0,5,0,0,0,3,0,0,0,0,6,0,3,7,3,3,3,0,0,15,0,0,0,3,0,0,0,0,6,0,0,0,0,0,0,0,0,0,3,5,0,3,0,0,0,0,13,0,0,0,0,0,0,0,0,0,0,0,0,0,0,0,0,0,0,17,16,6,13,11,9,4,0,74,48,61,39,46,54,31,11,0,283,0,0,0,3,0,0,0,0,3,0,0,0,0,0,0,0,0,3,0,0,0,0,0,0,0,0,4,0,0,0,0,0,0,0,0,0,3,0,0,3,0,0,0,0,13,4,10,7,5,12,6,3,4,46,3,13,9,9,3,4,0,0,36,14,6
LGA33220,6,31,23,41,50,60,24,0,242,47,63,72,58,63,33,4,0,339,344,718,975,1191,1609,1781,846,172,7636,127,322,375,481,640,626,281,62,2914,42,82,137,151,148,85,46,14,707,30,157,198,194,205,126,54,9,972,11,90,145,183,218,213,75,16,949,164,265,306,359,375,328,116,20,1934,111,170,237,220,245,196,55,8,1241,37,55,38,38,53,60,21,14,304,134,175,215,169,176,159,55,7,1087,8,0,3,0,13,17,14,5,61,23,41,54,56,56,45,45,5,330,638,590,720,673,813,902,607,215,5161,1729,2769,3494,3817,4644,4629,2244,556,23884,7,28,58,46,49,24,10,0,220,10,16,23,28,34,14,6,0,126,21,33,67,68,58,69,43,7,365,3,14,18,14,12,10,0,0,66,18,41,63,58,37,25,8,0,248,140,421,504,700,807,549,236,59,3414,90,336,547,591,502,391,145,23,2628,337,679
LGA33360,3,35,61,31,39,19,5,0,184,21,55,48,22,21,3,4,0,180,587,1556,1631,1687,1202,576,210,31,7481,123,360,400,354,339,195,62,17,1847,22,55,66,74,40,21,6,3,288,20,83,98,97,80,29,5,0,411,24,68,81,98,97,38,8,0,414,90,198,255,272,182,50,9,0,1052,60,83,82,66,64,32,11,0,394,7,22,13,17,19,6,6,0,94,62,82,106,88,57,20,10,3,418,12,3,6,6,3,10,9,0,41,16,34,66,51,32,16,0,0,213,381,419,460,531,393,193,124,40,2551,1424,3057,3369,3391,2560,1222,460,99,15569,4,56,68,41,27,11,4,0,207,6,26,36,11,10,4,0,0,87,61,135,87,71,28,10,3,0,398,3,23,11,16,7,0,0,0,62,19,49,48,33,17,4,0,0,172,82,321,316,340,255,119,32,16,1476,98,370,420,366,221,111,41,14,1630,385,815
LGA33430,288,428,418,418,355,338,139,31,2431,510,1102,1156,661,387,137,21,0,3968,1885,5431,5885,6535,5816,5119,2542,700,33916,1200,3963,4084,3782,3087,2200,1078,280,19672,210,544,772,637,405,287,112,27,2984,524,1575,1544,1379,1017,579,285,96,7005,108,652,861,813,934,657,232,65,4317,1771,4263,4393,3841,2762,2154,796,204,20180,1206,1943,1895,1616,1303,917,342,62,9276,824,1113,829,477,350,269,99,24,3990,789,1520,1525,1290,764,554,224,46,6713,79,31,34,41,46,44,32,20,335,114,258,346,355,267,204,106,43,1698,3292,3720,3379,3230,2844,2538,1678,976,21660,12802,26544,27111,25077,20324,15998,7696,2578,138134,378,630,506,399,305,155,42,18,2436,85,251,369,236,144,59,11,0,1158,124,403,432,374,321,240,183,91,2161,138,419,337,262,144,78,30,3,1419,105,254,250,146,110,47,8,4,917,1628,4501,4124,3903,3400,1843,774,240,20414,563,2591,3258,2983,2571,1633,578,182,14357,3277,7507
LGA33610,0,3,10,0,0,0,0,0,15,0,0,6,7,0,0,0,0,13,55,137,109,117,92,58,17,9,593,14,42,33,30,41,14,20,0,191,21,54,71,80,43,25,12,0,310,0,7,7,19,12,4,3,0,57,3,14,11,6,6,8,0,0,55,16,43,38,32,23,11,3,0,165,7,12,9,9,10,11,4,0,54,0,0,0,3,6,0,0,0,12,9,17,12,11,7,9,0,0,62,0,0,0,0,0,3,0,0,8,0,3,5,11,3,0,0,0,23,70,81,74,89,95,81,52,22,567,191,418,381,403,347,227,109,30,2108,0,8,3,6,3,0,0,0,16,0,0,0,0,0,0,0,0,5,7,7,9,0,4,0,0,0,33,3,0,0,0,0,0,0,0,4,12,19,31,12,0,3,3,0,81,22,70,67,73,67,36,20,3,361,16,60,73,64,46,29,13,3,315,40,107
LGA33620,3,9,17,22,37,33,10,0,125,18,30,26,15,25,14,0,0,125,237,448,544,674,777,708,279,50,3730,74,185,219,265,346,275,105,9,1480,26,66,117,126,119,70,28,0,537,13,35,56,81,81,55,16,4,338,9,34,74,99,129,102,22,3,465,89,101,121,132,161,114,38,4,754,43,62,82,97,104,80,26,8,492,32,19,11,17,21,28,3,0,135,52,98,72,95,70,55,22,6,463,4,3,0,3,7,11,7,0,32,15,19,20,29,30,28,12,0,146,265,241,233,368,408,440,276,101,2334,870,1335,1593,2014,2307,2011,834,198,11172,0,13,25,38,28,8,5,0,124,5,5,11,11,10,6,0,0,57,7,10,26,35,26,26,7,6,146,5,10,12,18,6,3,0,0,53,33,54,66,47,31,17,3,0,252,70,146,208,349,384,249,98,20,1528,34,170,251,314,317,199,58,15,1348,188,368
LGA33800,0,3,6,4,3,5,0,0,19,7,0,9,3,0,0,0,0,22,82,172,163,196,231,172,91,21,1120,20,37,23,40,85,46,29,5,277,4,8,17,25,13,16,7,0,85,4,11,15,20,15,4,3,3,80,4,3,22,18,25,15,8,0,99,11,17,14,10,29,15,4,0,108,0,3,16,11,9,11,4,0,54,3,3,0,4,5,3,0,0,23,15,7,13,24,21,13,3,4,105,0,0,0,0,0,0,4,0,4,0,4,3,5,3,4,3,0,22,76,35,50,84,94,102,67,26,542,221,314,341,453,542,402,225,65,2557,7,10,11,8,5,3,0,0,45,0,3,0,0,4,4,0,0,13,3,3,4,6,3,5,0,0,27,0,0,0,0,0,0,0,0,4,3,13,9,3,0,0,0,0,31,14,35,42,49,67,27,11,4,259,8,36,50,64,65,34,18,3,281,41,64
LGA33830,0,0,0,0,0,0,0,0,0,0,0,0,0,0,0,0,0,0,6,7,20,7,7,0,0,0,45,4,3,12,3,5,0,0,0,25,3,7,7,3,3,0,0,0,20,0,0,0,0,0,0,0,0,4,0,0,0,0,0,0,0,0,4,0,0,0,0,0,0,0,0,4,3,3,0,3,0,0,0,0,7,0,0,7,0,0,0,0,0,8,0,0,0,0,0,0,0,0,3,0,0,0,0,0,0,0,0,0,0,0,0,0,0,0,0,0,0,27,5,4,7,7,4,0,0,55,50,38,49,27,14,9,5,0,182,0,0,0,0,0,0,0,0,3,0,0,0,0,0,0,0,0,0,0,0,0,4,0,0,0,0,3,0,0,0,0,0,0,0,0,0,0,0,0,0,0,0,0,0,3,0,4,0,4,3,3,0,0,13,0,11,3,0,4,0,0,0,20,10,15
LGA33960,39,149,161,149,87,57,14,3,665,215,470,439,210,85,18,4,0,1453,945,2856,2559,2570,2140,1339,665,159,13234,417,1051,792,678,586,444,180,43,4186,97,194,192,180,111,53,9,3,842,97,311,347,310,207,123,55,17,1478,49,236,259,267,261,166,66,14,1319,655,1255,1313,1033,610,242,78,17,5204,401,676,666,442,382,183,41,15,2807,167,252,138,92,67,41,8,5,773,249,394,390,224,148,98,23,11,1544,49,18,9,7,14,13,14,7,136,50,138,167,147,99,52,22,7,685,1343,1352,1176,1108,867,612,390,130,6977,4777,9362,8620,7428,5678,3435,1576,419,41300,48,233,216,100,53,24,3,3,683,42,129,111,64,34,6,0,0,391,86,216,202,178,115,59,39,14,906,28,102,50,36,9,4,3,0,229,47,101,97,52,32,11,3,0,340,518,1314,1170,1032,827,447,175,48,5528,234,998,1022,868,658,316,105,28,4225,1200,2838
LGA33980,3,19,21,17,10,0,0,0,71,5,17,9,3,3,0,0,0,41,212,769,654,434,280,63,8,5,2428,20,93,74,59,55,36,3,0,338,19,34,36,29,23,7,0,0,152,5,22,27,33,21,8,0,0,111,4,47,33,13,15,4,0,0,119,12,66,73,48,28,15,0,0,237,11,16,20,7,8,0,0,0,70,0,4,5,0,0,0,0,0,11,12,52,51,36,24,8,0,0,182,0,0,0,0,3,0,0,0,7,6,8,16,9,3,3,0,0,51,229,530,408,330,245,83,23,8,1856,545,1674,1433,1023,716,234,40,9,5667,6,29,23,11,3,0,0,0,74,0,12,4,9,0,0,0,0,22,30,71,24,17,6,0,3,0,154,3,9,4,3,0,0,0,0,25,22,42,35,12,5,3,0,0,114,27,126,65,72,50,16,4,3,361,54,161,135,78,35,9,4,0,486,92,333
LGA34420,0,0,0,0,0,0,0,0,0,0,0,0,0,0,0,0,0,0,4,5,0,3,0,0,0,0,16,0,3,4,8,7,0,0,0,26,0,6,0,3,5,0,0,0,12,0,0,0,0,0,0,0,0,0,0,0,0,0,0,0,0,0,0,0,0,3,0,0,0,0,0,9,0,7,3,5,0,0,0,0,15,0,0,0,0,0,0,0,0,0,0,0,0,0,0,0,0,0,0,0,0,0,0,0,0,0,0,0,0,0,0,0,0,0,0,0,0,10,18,4,6,4,0,0,0,42,20,33,18,19,20,3,0,0,110,0,0,0,0,0,0,0,0,0,0,0,0,0,0,0,0,0,3,0,3,0,0,0,0,0,0,8,0,0,0,0,0,0,0,0,0,0,0,0,0,0,0,0,0,0,0,0,0,3,0,0,0,0,3,3,9,3,0,3,0,0,0,21,0,3
LGA34530,3,13,28,27,42,24,8,0,148,15,18,18,15,24,6,0,0,93,189,459,594,696,642,446,185,51,3267,81,204,197,220,256,152,55,13,1177,9,55,60,77,57,37,13,7,309,20,39,64,67,73,50,19,9,334,3,45,56,82,93,57,18,3,364,36,67,122,145,122,71,21,3,585,47,41,57,58,65,32,13,3,309,4,15,16,14,14,7,3,0,72,28,59,54,69,44,33,11,0,302,4,0,0,3,5,6,0,0,14,3,9,13,22,20,18,9,0,93,326,392,443,401,341,246,137,69,2354,761,1404,1726,1905,1791,1190,497,163,9436,4,25,28,33,22,13,0,0,128,3,4,20,14,9,3,0,0,51,11,28,28,15,22,18,15,0,144,6,13,10,15,3,0,0,0,42,3,29,39,22,17,4,3,3,122,59,182,185,290,263,143,72,21,1211,30,148,251,268,245,118,39,12,1108,110,304
LGA34570,0,0,0,0,0,0,0,0,0,0,0,0,0,0,0,0,0,0,0,4,5,3,3,0,0,0,17,0,0,7,0,0,0,0,0,6,0,0,0,3,0,0,0,0,6,0,0,0,0,0,0,0,0,0,0,3,0,3,0,0,0,0,4,0,3,0,0,0,0,0,0,10,0,0,0,0,0,0,0,0,3,0,0,0,0,0,0,0,0,0,0,0,0,0,0,0,0,0,0,0,0,0,0,0,0,0,0,0,0,0,0,0,0,0,0,0,0,27,13,11,8,7,7,0,0,67,26,23,26,23,12,4,0,0,122,0,0,0,0,0,0,0,0,0,0,0,0,0,0,0,0,0,0,0,0,0,0,0,0,0,0,3,0,0,0,0,0,0,0,0,0,0,0,0,0,0,0,0,0,0,0,0,0,0,3,0,0,0,3,0,7,0,3,3,0,0,0,12,0,3
LGA34580,11,22,28,31,21,8,3,0,122,19,26,26,29,13,3,0,0,120,182,430,461,506,471,339,114,29,2529,75,146,132,175,159,132,41,7,864,53,76,94,73,65,35,10,3,414,9,28,49,48,54,23,20,0,237,7,33,49,41,57,43,14,3,238,82,139,138,144,106,52,18,3,682,39,69,72,90,69,40,14,4,397,12,25,13,14,14,9,0,0,91,51,69,74,48,42,36,12,0,338,12,10,3,3,4,3,6,0,33,8,31,19,31,34,22,3,3,144,352,355,307,323,275,267,143,36,2057,909,1451,1456,1550,1378,1021,407,87,8265,30,46,31,35,18,0,3,0,158,9,15,13,10,6,4,0,0,57,8,21,27,32,23,10,3,0,126,5,19,9,3,3,0,0,0,43,67,66,55,50,29,12,4,0,273,90,200,186,213,216,116,48,14,1083,38,140,187,204,155,95,25,8,845,211,345
LGA34590,64,194,188,196,159,105,30,6,934,358,735,729,364,162,51,10,0,2409,1383,3559,3761,3876,3574,2630,936,218,19934,740,1942,1723,1500,1314,842,319,73,8456,127,253,317,254,189,114,39,7,1301,121,394,416,358,271,154,43,17,1772,55,258,368,357,380,295,81,19,1809,1062,1940,1894,1469,1018,586,138,47,8159,620,914,862,671,505,268,85,15,3942,353,359,244,154,134,65,29,4,1336,384,543,537,415,270,206,60,18,2424,48,22,26,18,25,22,19,0,183,72,182,210,235,159,91,35,10,998,1924,1792,1742,1659,1329,1076,595,204,10330,7314,13092,13022,11528,9490,6500,2413,632,63985,102,286,280,179,108,61,12,3,1031,79,186,202,119,53,29,6,0,660,71,244,288,244,237,119,71,34,1297,55,153,77,66,28,17,0,0,394,79,122,127,109,53,21,3,0,515,657,1744,1567,1457,1277,660,227,75,7662,365,1368,1753,1384,1128,593,167,29,6784,1832,4075
LGA34710,0,0,5,3,3,0,0,0,14,0,3,6,3,3,0,0,0,15,22,35,27,30,38,25,5,0,179,12,20,12,12,20,3,0,0,78,8,10,24,16,21,6,8,0,91,0,6,7,4,0,0,0,0,23,0,3,11,0,4,8,0,0,30,5,11,6,14,17,3,0,0,56,3,5,9,4,7,6,0,0,34,0,0,3,0,3,0,0,0,5,6,8,10,3,5,4,0,0,45,0,3,0,0,0,0,0,0,3,3,3,0,0,3,0,0,0,10,30,23,23,32,38,28,25,15,208,95,136,138,131,160,81,39,18,795,0,4,7,4,0,0,0,0,11,0,0,0,0,3,0,0,0,6,0,0,0,0,5,0,0,0,8,0,0,0,0,0,0,0,0,3,13,10,5,10,3,0,0,0,40,15,36,26,33,22,7,12,3,155,12,25,28,19,21,7,4,3,115,17,35
LGA34770,11,60,55,61,59,34,9,10,288,54,82,74,40,33,15,0,0,289,980,2762,2734,2658,2066,1088,387,94,12769,214,623,558,507,607,356,136,22,3021,34,105,102,140,97,38,22,3,533,55,188,165,185,149,58,20,10,825,16,111,130,157,183,95,31,7,726,135,342,425,483,329,120,37,20,1890,88,158,132,139,117,60,20,0,724,23,48,48,42,29,16,10,0,215,102,187,203,184,117,80,27,9,894,12,9,6,4,10,8,9,3,58,24,39,67,98,58,20,19,3,330,726,912,1016,1165,942,555,364,135,5815,2471,5627,5709,5868,4788,2540,1085,302,28387,24,103,113,91,65,19,13,0,435,17,32,43,21,13,7,0,0,139,74,163,127,105,50,29,22,3,575,11,51,24,20,9,7,0,0,132,33,63,72,62,17,6,3,0,253,276,768,623,695,649,265,103,34,3412,147,546,715,737,499,214,96,29,2985,519,1411
LGA34800,0,0,0,3,0,0,0,0,4,0,0,0,0,0,0,0,0,3,3,17,16,11,10,0,0,0,71,3,15,3,0,3,0,0,0,24,3,4,6,0,3,0,3,0,22,0,0,0,0,3,0,0,0,11,0,0,0,0,0,0,0,0,0,0,3,0,0,0,0,0,0,9,0,3,0,0,0,0,0,0,7,0,0,0,0,0,0,0,0,0,0,3,0,0,3,0,0,0,8,0,0,0,0,0,0,0,0,0,0,0,0,0,0,0,0,0,3,3,7,10,11,8,9,0,0,44,15,54,47,35,30,16,3,0,197,0,4,0,0,0,0,0,0,4,0,0,0,0,0,0,0,0,0,0,0,0,0,0,0,0,0,3,0,0,0,0,0,0,0,0,0,3,5,12,3,0,0,0,0,21,0,3,0,3,10,0,0,0,24,0,3,4,3,0,3,0,0,19,4,6
LGA34830,0,0,0,0,0,0,0,0,0,0,0,0,0,0,0,0,0,0,0,4,0,0,0,0,0,0,11,4,0,7,3,3,0,0,0,19,4,0,0,0,4,0,0,0,14,0,0,0,0,0,0,0,0,0,0,0,0,0,0,0,0,0,3,0,0,0,0,0,0,0,0,0,0,3,0,0,0,0,0,0,3,0,0,0,0,0,0,0,0,0,0,0,0,0,0,0,0,0,0,0,0,0,0,0,0,0,0,0,0,0,0,0,0,0,0,0,0,5,0,0,0,3,0,3,0,12,8,12,9,13,13,0,3,0,60,0,0,0,0,0,0,0,0,0,0,0,0,0,0,0,0,0,0,0,0,0,0,0,0,0,0,4,0,0,0,0,0,0,0,0,0,0,0,4,0,0,0,0,0,3,0,0,0,5,0,0,0,0,11,0,0,0,0,0,0,0,0,4,5,0
LGA34860,0,0,12,7,8,0,0,0,23,6,14,9,3,0,0,0,0,30,87,251,170,153,117,56,24,3,856,31,68,40,39,49,22,7,0,263,18,55,72,61,44,18,7,3,271,3,13,10,16,16,10,3,0,74,5,21,5,6,15,3,0,0,63,17,63,49,43,32,13,0,0,214,4,27,14,19,7,3,0,0,69,0,4,3,0,3,3,0,0,15,15,35,20,19,12,3,0,0,108,0,0,0,0,3,0,0,0,10,4,5,9,9,3,3,0,0,36,78,144,100,104,100,76,43,21,662,278,707,521,473,398,211,91,28,2697,0,6,9,3,4,0,0,0,24,0,3,3,0,0,3,0,0,14,4,16,14,3,6,3,3,3,40,0,8,0,0,0,0,0,0,10,29,28,27,12,12,3,0,0,113,27,110,82,101,68,23,10,12,440,31,111,77,59,46,29,9,0,360,62,171
LGA34880,3,12,24,25,13,15,8,0,97,3,7,10,7,3,4,0,0,40,79,176,241,323,292,229,95,15,1455,30,71,105,96,121,92,41,12,574,7,41,54,61,55,34,12,8,271,3,14,30,22,39,22,7,0,134,5,23,25,32,44,23,5,0,159,28,46,55,58,48,36,8,6,290,15,38,41,55,53,38,11,0,253,3,14,14,8,13,4,3,0,69,14,37,41,35,26,16,6,0,179,3,0,0,4,0,0,0,3,13,3,0,13,19,5,12,0,0,56,397,456,356,293,266,219,113,32,2129,601,940,1001,1047,994,748,319,77,5729,3,22,26,24,7,7,3,0,89,5,3,10,3,0,3,0,0,21,6,12,12,14,14,5,8,3,80,0,3,3,0,3,6,0,0,20,7,29,32,22,21,3,0,0,110,24,79,107,154,140,90,20,10,627,5,77,113,120,103,68,24,3,517,65,143
LGA35010,117,258,370,397,308,247,88,17,1804,465,841,1067,660,318,116,10,4,3471,1619,4598,5630,6178,5552,4403,1908,419,30315,1007,2647,2595,2306,1854,1483,656,160,12702,172,394,619,495,338,212,85,23,2338,205,592,827,822,667,326,114,20,3574,90,369,583,614,689,588,211,56,3200,1023,2092,2992,2767,2019,1240,332,79,12539,888,1277,1300,1172,817,562,199,43,6261,470,492,419,298,184,162,62,14,2100,578,817,856,657,425,329,104,24,3786,54,35,20,15,18,33,27,10,220,78,222,306,284,240,157,66,26,1380,2152,2237,2243,2171,1815,1845,1183,711,14362,8921,16871,19828,18819,15248,11706,5044,1616,98055,139,372,481,339,214,105,21,7,1680,119,162,287,204,123,48,11,0,950,111,304,350,326,228,152,120,45,1637,69,164,147,105,57,24,5,4,588,96,209,267,179,96,43,13,3,896,975,2581,3023,3100,2547,1571,590,159,14547,432,1876,2787,2444,2018,1283,392,95,11323,2173,4919
LGA35250,0,0,0,0,0,0,0,0,0,0,0,0,0,0,0,0,0,0,7,3,6,8,3,0,0,0,30,0,6,5,7,0,0,0,0,16,0,0,3,0,0,0,0,0,4,0,4,0,3,0,0,0,0,4,0,7,0,0,3,0,0,0,12,0,0,0,0,0,0,0,0,5,0,3,0,5,5,0,0,0,14,0,0,0,0,0,0,0,0,3,0,0,0,0,0,3,0,0,4,0,0,0,0,0,0,0,0,0,0,0,0,0,0,0,0,0,3,23,29,11,15,13,6,4,0,97,33,52,37,30,20,9,4,0,198,0,0,0,0,0,0,0,0,0,0,0,0,0,0,0,0,0,0,0,0,0,0,0,0,0,0,4,0,0,0,0,0,0,0,0,0,0,0,0,0,0,0,0,0,0,0,3,3,0,3,0,0,0,13,4,11,7,0,8,0,0,0,28,0,3
LGA35300,8,29,19,8,4,3,0,0,63,7,25,10,0,0,0,0,0,39,192,611,484,419,285,100,23,3,2129,30,113,78,56,45,23,13,0,352,10,18,14,19,8,3,0,0,69,7,30,39,31,13,7,4,0,128,10,27,27,34,15,8,3,0,124,20,66,56,50,35,6,3,0,243,14,44,24,31,16,7,3,0,144,3,4,3,5,0,0,0,0,21,17,37,30,26,18,5,0,0,142,0,3,0,0,0,4,3,0,10,8,15,6,13,8,3,0,0,62,198,273,159,199,153,79,26,7,1094,523,1305,956,897,604,253,76,9,4622,5,32,11,4,5,0,0,0,57,16,8,11,4,0,4,0,0,36,19,56,33,18,8,0,0,0,138,0,0,3,0,0,0,0,0,5,8,18,14,7,3,0,0,0,48,62,157,111,108,63,17,6,0,522,68,161,105,96,40,20,3,0,492,84,250
LGA35600,0,6,0,0,0,0,0,0,7,0,0,0,0,0,0,0,0,3,12,54,32,41,35,8,10,0,192,3,22,23,10,14,5,8,0,86,8,17,11,19,13,3,0,0,70,0,0,9,5,4,4,0,0,24,3,8,4,3,0,0,0,0,18,4,12,13,12,18,4,0,0,56,3,8,11,9,10,0,0,0,30,0,0,0,0,3,0,0,0,12,9,8,15,5,8,4,0,0,41,0,0,0,0,3,0,0,0,0,0,5,7,0,0,0,0,0,9,39,25,30,31,29,23,15,8,198,91,153,144,134,135,58,39,9,749,0,0,5,0,0,0,0,0,14,0,0,0,0,0,0,0,0,3,0,3,3,3,3,0,0,0,11,0,0,3,0,0,0,0,0,0,3,12,9,6,6,0,0,0,40,14,34,20,36,54,11,3,3,177,14,37,23,38,20,4,3,0,139,16,29
LGA35670,0,0,0,0,0,0,0,0,0,0,0,0,0,0,0,0,0,0,0,7,8,9,0,4,0,0,30,0,6,9,8,3,0,0,0,23,0,0,0,0,0,0,0,0,3,0,0,0,0,0,0,0,0,4,0,0,0,0,0,0,0,0,0,0,0,3,0,0,0,0,0,3,0,0,0,0,0,0,0,0,3,0,0,0,0,0,0,0,0,0,0,0,0,0,0,0,0,0,0,0,0,0,0,0,0,0,0,0,0,0,0,0,0,0,0,0,0,10,3,0,3,5,0,0,0,25,19,18,20,22,13,10,0,0,92,0,0,0,0,0,0,0,0,0,0,0,0,0,0,0,0,0,0,0,3,0,3,0,0,0,0,3,0,0,0,0,0,0,0,0,0,0,0,0,0,0,0,0,0,3,0,0,4,0,0,0,0,0,8,0,0,7,4,0,0,0,0,11,3,4
LGA35740,3,18,40,43,88,83,33,6,314,30,37,49,41,42,30,3,0,227,115,302,443,658,797,805,377,107,3603,82,261,348,425,452,310,159,28,2061,22,44,124,129,113,63,36,3,542,16,69,129,154,163,124,40,17,698,10,36,86,146,171,127,55,15,636,71,133,262,346,337,381,131,32,1693,69,64,135,155,141,188,69,12,821,44,39,68,70,83,64,28,0,391,51,132,183,156,92,58,27,7,710,3,3,3,0,3,3,3,4,17,8,11,23,36,40,27,19,4,170,179,163,287,313,320,355,201,106,1934,696,1299,2180,2687,2843,2607,1167,345,13823,8,26,55,49,39,29,10,0,212,5,3,16,16,15,13,0,0,71,3,25,33,59,29,34,18,4,205,7,29,28,37,26,23,6,4,155,7,29,49,55,38,5,4,3,192,62,238,393,510,502,361,146,39,2252,27,141,304,412,457,360,116,32,1853,129,344
LGA35760,3,8,3,3,6,4,0,0,23,0,7,3,0,0,0,0,0,15,53,85,87,106,114,81,45,6,569,17,26,29,38,39,35,10,4,201,18,30,30,41,33,15,9,0,177,0,9,15,16,15,7,6,0,63,0,13,12,12,14,11,6,0,69,12,21,26,19,11,10,5,0,87,3,15,10,11,12,10,0,0,61,3,3,0,0,3,3,0,0,14,13,16,13,15,9,9,3,0,85,0,4,0,0,0,0,0,0,8,0,3,3,8,7,4,0,0,28,79,100,74,125,111,117,99,25,735,202,340,299,397,371,297,179,45,2135,0,3,5,8,3,0,0,0,15,4,3,3,0,0,0,0,0,5,6,6,3,6,4,6,0,0,27,0,4,0,0,0,0,0,0,4,13,22,21,15,3,5,0,0,81,15,43,51,44,72,42,24,3,296,6,35,46,63,52,41,6,4,257,40,75
LGA35780,0,0,0,0,0,0,0,0,0,0,0,0,0,0,0,0,0,3,4,26,17,17,8,7,0,0,87,17,28,15,10,12,0,0,0,85,0,3,8,6,4,0,0,0,19,0,0,6,9,3,4,0,0,22,0,5,0,5,4,0,0,0,21,3,6,3,11,9,0,0,0,33,7,9,3,3,9,0,0,0,30,3,0,3,0,0,0,0,0,5,3,0,8,0,3,0,0,0,14,0,0,0,0,0,0,0,0,0,0,0,0,0,0,0,0,0,7,29,23,23,21,10,3,5,0,103,66,103,80,83,62,16,5,0,431,0,3,0,0,0,0,0,0,4,0,0,0,0,0,0,0,0,0,0,0,0,0,0,0,0,0,3,0,0,0,0,0,0,0,0,3,0,0,0,0,3,0,0,0,9,7,4,4,10,16,4,0,0,52,11,23,14,12,12,3,0,0,70,20,25
LGA35790,0,0,0,0,0,0,0,0,0,0,0,0,0,0,0,0,0,0,0,7,9,13,6,0,0,0,40,10,12,7,8,6,0,0,0,47,0,0,3,4,3,0,0,0,14,0,3,3,8,3,0,0,0,20,0,3,0,10,6,0,0,0,18,0,0,3,3,0,0,0,0,6,6,3,10,6,0,0,0,0,25,0,0,0,3,0,0,0,0,3,0,0,4,0,0,0,0,0,9,0,0,0,0,0,0,0,0,0,0,0,0,0,3,0,0,0,3,22,12,9,13,3,0,0,0,65,45,49,48,73,26,10,0,0,250,0,0,0,0,0,0,0,0,0,0,0,0,0,0,0,0,0,0,0,7,4,0,0,0,0,0,13,0,0,0,0,0,0,0,0,0,0,0,0,0,0,0,0,0,0,3,10,8,15,13,0,0,0,46,0,18,9,16,6,0,0,0,46,9,6
LGA35800,0,0,0,0,0,0,0,0,3,0,0,0,0,0,0,0,0,0,8,18,12,6,25,12,5,0,84,0,3,5,3,7,3,5,0,29,3,9,6,13,11,3,3,0,46,0,0,3,4,3,0,0,0,4,0,0,0,0,3,0,0,0,3,0,4,0,3,0,0,0,0,17,0,3,0,3,0,0,0,0,14,0,0,0,0,0,0,3,0,3,0,0,7,0,0,5,0,0,15,0,0,0,0,0,0,0,0,0,0,3,0,0,0,0,0,0,5,8,5,17,6,22,18,5,3,79,21,46,53,48,66,40,20,3,294,0,0,0,0,0,0,0,0,0,0,0,0,0,0,0,0,0,0,0,3,0,0,0,0,0,0,3,0,0,0,0,0,0,0,0,3,3,8,0,3,0,0,0,0,19,3,6,3,8,17,4,5,0,42,7,10,6,7,12,3,0,0,43,3,11
LGA36070,0,0,0,0,0,0,0,0,0,0,0,0,0,0,0,0,0,0,0,0,6,4,4,0,0,0,16,0,0,3,7,0,3,0,0,13,5,0,0,3,0,0,0,0,10,0,0,0,5,0,0,0,0,7,0,0,0,0,0,0,0,0,3,0,0,0,3,3,0,0,0,4,0,0,0,0,0,0,0,0,5,0,0,0,0,0,0,0,0,0,0,3,0,0,0,0,0,0,3,0,0,0,0,0,0,0,0,0,0,0,0,0,0,0,0,0,3,6,4,3,4,0,4,0,0,26,16,17,22,25,6,5,0,0,97,0,0,0,0,0,0,0,0,3,0,0,0,0,0,0,0,0,0,0,0,0,0,0,0,0,0,3,0,0,0,0,0,0,0,0,0,0,3,0,0,0,0,0,0,3,0,3,3,3,3,0,0,0,13,3,3,0,0,0,0,0,0,10,3,3
LGA36150,0,0,0,0,0,0,0,0,0,0,0,0,0,0,0,0,0,0,3,11,3,6,5,3,0,0,35,0,10,6,0,0,3,0,0,19,5,6,3,9,3,0,0,0,23,0,3,0,0,0,0,0,0,3,0,0,0,3,0,0,0,0,0,0,3,0,3,3,0,0,0,14,0,0,0,3,0,0,0,0,3,0,0,0,0,0,0,0,0,0,0,0,0,0,0,0,0,0,7,0,0,0,0,0,0,0,0,0,0,0,0,0,0,0,0,0,0,3,4,3,7,5,9,0,0,34,10,37,19,25,18,19,4,0,139,0,0,0,0,0,0,0,0,0,0,0,0,0,0,0,0,0,0,0,0,0,0,0,0,0,0,0,0,0,0,0,0,0,0,0,0,0,3,0,5,0,0,0,0,8,5,3,4,3,7,6,3,0,31,0,4,3,7,4,3,0,0,23,3,8
LGA36250,36,86,117,157,154,146,39,12,740,147,231,287,265,143,44,6,3,1131,635,1684,1998,2534,2514,1916,865,249,12392,358,1037,921,910,864,613,296,78,5082,57,124,169,172,147,88,42,6,813,65,167,208,305,255,140,68,35,1246,26,133,200,228,276,248,90,17,1223,375,680,1028,1106,968,519,175,53,4903,300,329,379,355,302,260,92,32,2037,211,160,138,100,82,52,28,16,789,170,223,286,244,165,120,42,11,1262,18,8,0,4,8,7,9,8,61,22,62,98,108,74,62,24,13,468,435,455,546,618,625,530,406,267,3879,2863,5374,6371,7103,6579,4746,2193,793,36014,43,132,171,142,96,59,16,3,662,20,45,72,79,52,28,0,0,294,33,96,124,158,84,97,58,39,687,28,76,59,51,37,18,3,0,274,31,52,83,66,43,24,0,4,307,349,839,974,1206,1023,608,277,75,5355,175,613,917,932,914,524,200,42,4316,687,1551
LGA36300,0,0,0,0,0,0,0,0,0,0,0,0,0,0,0,0,0,0,10,11,7,7,11,3,0,0,51,4,3,0,0,0,0,0,0,9,0,6,3,3,0,3,0,0,13,0,0,0,0,0,0,0,0,3,0,3,0,0,0,0,0,0,4,0,0,3,0,3,0,0,0,6,0,3,0,0,0,0,0,0,7,0,0,0,0,0,0,0,0,0,0,4,0,3,0,0,0,0,6,0,0,0,0,0,0,0,0,0,0,0,0,3,0,0,0,0,3,8,12,3,4,3,3,3,0,38,22,36,25,28,21,12,0,3,151,0,0,0,0,0,0,0,0,7,0,0,0,0,0,0,0,0,0,0,0,0,0,0,0,0,0,0,0,0,0,0,0,0,0,0,0,3,9,0,0,0,0,0,0,14,3,3,6,3,4,0,0,0,21,0,4,5,3,6,0,0,0,21,6,10
LGA36370,11,45,52,48,37,33,6,0,238,54,117,117,59,32,12,3,0,391,536,1408,1045,1107,1028,564,301,65,6058,149,378,305,320,348,178,82,18,1776,50,81,103,107,75,32,10,0,463,40,198,174,167,116,68,23,6,787,12,103,128,123,134,92,28,4,619,129,321,311,295,240,105,30,15,1440,145,156,160,151,132,66,24,0,838,21,59,37,29,15,22,3,3,195,102,180,151,107,86,58,28,7,729,18,6,4,4,8,3,8,3,60,24,49,57,54,34,26,12,0,252,502,579,496,611,535,365,295,166,3546,1792,3679,3146,3194,2826,1617,844,285,17393,29,75,61,43,19,8,7,0,246,17,32,26,29,16,5,0,0,118,37,82,64,42,27,15,19,3,292,9,12,14,10,3,3,4,0,54,39,62,51,21,16,10,0,0,187,235,615,437,505,458,192,89,29,2560,98,379,473,415,345,166,61,22,1959,419,944
LGA36510,3,8,23,29,42,43,15,4,176,14,28,41,27,19,15,0,0,142,119,350,479,567,554,449,181,37,2740,66,159,211,264,244,175,69,6,1197,21,51,90,91,77,44,24,5,396,6,29,56,88,58,46,31,9,321,14,33,61,86,108,62,24,3,391,57,84,162,175,165,113,47,9,820,41,50,86,95,96,78,31,12,499,25,27,32,34,30,22,11,3,180,42,63,68,80,52,48,10,3,369,3,8,0,0,3,4,3,0,19,9,15,29,39,24,21,7,0,131,286,247,270,311,315,293,164,60,1943,702,1149,1608,1886,1788,1410,606,149,9311,9,12,45,44,23,14,3,0,155,7,7,13,17,11,5,0,0,61,4,19,20,37,23,32,6,3,142,3,11,25,26,7,6,3,0,75,34,48,49,52,25,3,4,0,213,60,159,227,274,303,192,76,17,1319,21,129,235,243,294,208,71,14,1217,141,267
LGA36580,3,10,9,17,13,11,7,0,70,13,20,21,11,5,3,0,0,80,92,277,273,341,364,320,96,19,1779,29,91,89,116,139,95,38,8,622,23,46,51,56,37,20,12,3,251,3,14,20,28,39,23,7,0,145,3,8,39,21,44,30,4,0,150,39,50,73,97,66,52,19,0,394,29,49,42,47,43,40,10,0,259,4,6,6,10,12,8,3,0,57,29,44,44,35,38,26,9,0,223,0,3,3,0,5,0,0,0,17,0,3,9,15,20,16,3,0,74,182,103,171,206,235,184,96,25,1202,460,729,863,1004,1066,833,320,56,5318,6,13,13,11,8,9,0,0,65,3,6,6,12,4,0,0,0,33,0,26,18,21,19,13,7,0,105,3,9,7,4,3,3,0,0,26,27,28,33,25,15,6,4,0,137,39,106,122,118,161,101,32,3,682,17,78,116,135,124,65,24,3,568,101,176
LGA36630,5,4,9,21,18,13,3,0,79,18,32,25,16,10,8,3,0,105,134,262,358,348,434,399,159,29,2118,36,81,98,128,166,155,73,9,741,34,65,86,85,56,37,22,5,384,7,35,28,45,47,35,6,0,205,4,29,42,53,71,46,14,0,267,42,58,86,78,87,65,18,4,431,19,57,58,54,51,53,20,0,313,7,7,8,5,16,10,0,0,61,36,45,42,53,37,42,14,3,284,5,0,0,3,3,8,3,0,24,7,5,13,16,18,10,10,0,89,236,169,221,260,232,277,209,64,1668,591,869,1070,1167,1252,1152,556,119,6773,0,14,14,20,14,11,0,0,74,4,0,6,11,13,3,0,0,40,9,17,30,33,18,12,8,0,125,4,8,3,5,6,6,0,0,29,24,29,40,35,9,3,3,0,147,48,153,141,171,247,159,65,13,1002,37,155,157,192,207,123,33,18,918,129,202
LGA36660,9,8,13,25,22,25,14,0,126,7,16,15,13,17,10,0,0,88,163,301,303,347,396,361,164,35,2074,66,126,117,117,179,152,54,9,827,37,49,94,107,78,59,24,12,457,5,34,41,46,60,41,15,5,256,4,31,37,72,99,63,28,4,336,58,105,125,137,112,92,27,4,667,38,39,56,52,62,66,26,3,342,3,14,13,14,26,15,3,0,87,53,57,55,56,59,48,13,3,347,3,0,3,0,5,8,7,5,36,5,17,21,23,15,27,9,4,120,238,168,149,205,218,256,153,76,1458,696,963,1055,1219,1360,1227,548,162,7222,4,17,17,20,21,19,3,4,102,0,3,8,15,8,3,0,0,42,12,18,16,28,27,13,3,3,128,0,4,4,6,3,4,0,0,19,32,30,35,29,23,13,4,0,170,57,135,157,251,258,195,94,17,1161,31,126,177,233,220,159,52,20,1018,126,248
LGA36720,50,175,261,241,262,293,122,29,1436,249,355,411,276,199,111,18,3,1616,963,2608,3235,3944,3718,3579,1881,535,20463,598,2044,2391,2210,1997,1311,684,193,11439,148,384,559,505,411,299,147,48,2501,174,662,827,927,738,371,199,71,3970,48,299,501,684,823,645,257,48,3310,551,1168,1667,1687,1531,1229,497,121,8450,504,664,805,808,775,613,260,64,4498,280,362,343,246,222,173,72,25,1728,381,630,723,621,380,289,107,31,3154,32,6,10,13,24,23,21,9,144,52,125,179,195,161,115,83,21,933,1306,1274,1449,1504,1389,1358,927,546,9771,5344,10756,13371,13874,12633,10406,5278,1746,73415,98,237,306,266,196,123,32,9,1272,46,78,145,103,71,46,10,0,494,59,141,198,183,174,134,124,63,1075,38,144,158,146,91,39,12,0,636,69,185,222,168,121,46,14,4,824,726,2127,2391,2812,2467,1540,721,236,13025,241,1240,2048,2147,2070,1392,586,158,9890,1240,2718
LGA36820,0,6,18,29,29,36,8,0,135,11,3,6,9,13,3,4,0,50,103,209,268,347,420,378,175,36,1933,48,98,114,114,176,126,50,9,740,11,45,57,65,65,51,26,0,328,9,37,36,55,49,29,15,0,225,3,18,52,45,71,66,17,8,273,26,36,56,53,54,66,13,7,314,17,24,40,53,49,42,16,0,243,3,12,0,9,12,10,5,0,60,22,36,36,43,43,32,8,0,223,4,0,3,0,0,4,3,0,18,4,3,14,25,16,8,6,0,79,174,117,130,197,231,215,138,54,1254,438,642,828,1044,1241,1073,491,127,5874,0,8,24,28,24,11,8,0,102,3,0,0,4,9,5,0,0,20,9,14,10,16,15,12,3,0,79,3,5,4,5,0,0,0,0,27,14,30,26,31,24,11,3,0,134,38,117,116,179,220,157,69,29,934,20,91,133,177,216,132,49,12,826,75,156
LGA36910,36,123,140,122,131,81,27,9,671,168,282,199,116,66,26,8,0,854,968,2309,1984,1998,1755,1212,559,143,10930,415,837,699,627,663,431,198,46,3914,147,243,373,392,334,181,93,21,1795,56,357,347,361,360,187,73,26,1775,35,191,263,340,380,271,123,23,1619,384,805,892,843,640,360,114,30,4063,242,408,420,362,320,255,102,24,2136,91,149,97,83,80,47,24,4,576,258,335,266,203,161,86,22,13,1357,31,21,3,16,13,11,12,5,109,31,80,91,102,82,50,10,10,456,1030,830,796,844,850,793,627,319,6089,3885,6974,6565,6414,5826,4002,2007,671,36345,40,148,185,139,89,38,16,0,664,37,64,61,31,32,12,0,0,241,77,144,124,93,81,46,35,13,608,29,46,42,43,18,8,3,0,189,115,161,171,112,86,31,3,0,678,409,1254,1062,1246,1206,723,345,100,6342,170,804,1040,1113,1026,623,255,61,5080,934,1783
LGA36950,0,3,11,3,0,0,0,0,13,0,0,0,0,0,0,0,0,5,19,30,23,36,25,12,0,0,151,16,27,22,14,19,7,0,0,114,3,3,3,7,4,0,0,0,18,0,10,8,20,4,0,0,0,43,0,12,6,4,8,0,0,0,29,3,12,12,7,8,0,0,0,44,4,9,9,11,5,5,0,0,39,0,3,3,6,0,0,0,0,15,0,4,0,3,4,0,0,0,20,0,0,0,0,0,0,0,0,0,0,0,3,0,0,0,0,0,5,81,107,53,45,39,15,5,3,334,140,221,156,152,117,35,9,4,832,0,4,3,0,0,0,0,0,7,3,0,0,0,0,0,0,0,3,3,4,3,0,4,0,0,0,11,0,0,0,0,0,0,0,0,0,0,0,3,0,0,0,0,0,6,5,24,36,22,32,7,0,0,123,7,20,23,22,18,5,0,0,98,17,52
LGA36960,0,0,0,0,0,0,0,0,4,0,0,0,0,0,0,0,0,0,17,42,29,18,9,5,0,0,122,33,40,44,31,17,3,0,0,165,6,5,7,9,3,0,0,0,30,3,7,6,14,6,0,0,0,34,0,3,0,5,7,3,0,0,25,4,8,17,19,6,0,0,0,56,12,9,10,12,14,0,0,0,54,5,8,6,3,0,0,0,0,21,3,0,0,0,3,0,0,0,6,0,0,0,0,0,0,0,0,0,0,6,3,4,4,0,0,0,17,102,98,42,26,24,14,4,0,308,188,225,167,140,88,26,6,0,834,0,0,0,0,0,0,0,0,0,4,0,0,0,0,0,0,0,6,8,3,0,3,0,0,0,0,12,0,0,0,0,0,0,0,0,3,0,0,3,0,0,0,0,0,4,7,12,18,15,19,7,3,0,74,12,28,30,22,25,0,0,0,127,31,47
LGA37010,92,329,267,220,180,146,34,9,1272,204,312,239,143,82,20,4,0,1002,1205,3103,2715,2744,2366,1521,599,167,14426,373,1054,948,914,887,565,226,52,5020,76,181,231,178,137,66,25,4,903,182,546,502,470,338,130,56,11,2235,46,250,294,291,299,193,70,10,1445,396,850,990,979,722,290,84,26,4340,426,663,537,487,344,230,64,12,2772,96,163,118,106,75,59,27,3,643,257,379,388,304,223,148,41,7,1742,20,22,9,8,18,3,11,7,99,80,171,145,172,100,50,18,7,743,1745,1733,1322,1273,1038,758,431,156,8456,5187,9753,8708,8295,6802,4176,1685,475,45097,148,389,305,197,111,66,15,3,1227,37,73,72,71,31,14,0,0,294,80,242,183,141,71,52,24,19,813,27,85,69,40,26,3,5,0,253,80,138,129,78,36,11,3,0,478,732,1910,1503,1347,1119,486,186,42,7323,234,975,1094,1065,873,438,162,35,4872,984,2195
LGA37300,0,3,4,3,0,0,0,0,9,0,3,0,0,0,0,0,0,4,53,147,136,121,52,14,3,0,520,11,36,46,19,26,8,0,0,146,0,14,8,4,7,0,0,0,38,0,10,13,8,8,0,0,0,30,3,14,14,15,3,0,0,0,51,3,9,19,14,10,3,0,0,55,0,4,0,3,7,0,0,0,15,0,0,0,0,0,0,0,0,3,0,10,12,4,0,0,0,0,31,0,0,0,0,0,0,0,0,0,0,0,3,3,0,0,0,0,6,35,36,48,41,25,8,0,0,198,107,285,311,235,135,28,3,0,1107,0,7,4,3,0,0,0,0,19,0,0,0,0,0,0,0,0,0,3,12,3,9,0,0,0,0,35,3,0,0,0,0,0,0,0,0,0,7,3,0,0,0,0,0,13,12,33,30,29,15,0,0,0,112,3,43,43,23,5,0,0,0,126,13,54
LGA37310,8,13,13,6,7,4,5,0,50,12,19,9,11,6,0,0,0,57,237,557,545,450,342,193,63,11,2394,56,179,119,106,81,57,27,5,643,60,145,143,144,79,32,21,3,624,0,27,48,41,19,17,5,3,160,12,40,44,48,39,25,6,0,209,48,100,129,87,75,25,10,0,474,35,44,36,39,27,18,11,0,211,5,5,3,4,4,7,0,0,37,39,72,55,39,19,21,10,0,252,4,3,4,0,3,4,3,0,18,9,11,19,21,14,8,3,0,84,320,303,316,349,300,272,145,54,2059,834,1519,1489,1354,1026,665,312,87,7285,3,18,20,14,10,4,3,0,69,10,8,11,6,4,3,0,0,40,13,24,27,21,15,3,3,0,110,4,9,8,6,0,0,0,0,37,34,76,67,30,20,3,0,0,229,61,188,155,181,145,92,37,5,854,65,187,200,181,143,82,25,4,882,132,330
LGA37340,6,20,16,15,16,15,6,0,93,23,24,24,6,5,8,0,0,88,189,598,555,595,579,380,139,26,3065,67,219,204,194,215,125,41,4,1074,22,83,51,54,33,20,6,0,280,15,38,40,40,38,23,10,0,197,7,40,36,42,41,35,6,0,207,51,146,102,108,103,66,9,7,598,46,66,62,52,40,28,3,3,303,8,28,17,11,17,7,0,0,91,63,162,110,75,43,29,10,0,497,3,5,3,3,3,3,4,5,28,3,10,15,26,17,15,3,3,95,391,540,383,372,320,277,119,38,2433,900,1982,1628,1599,1472,1024,362,84,9058,9,33,28,19,10,10,3,0,114,3,7,15,11,7,0,0,0,35,17,44,41,22,16,9,9,4,165,3,17,10,4,6,3,0,0,44,10,33,36,21,3,6,0,0,111,49,152,137,151,199,79,24,6,807,43,164,167,140,145,77,33,3,777,157,409
LGA37400,0,0,0,0,0,0,0,0,6,0,0,0,0,0,0,0,0,4,0,13,8,16,11,9,3,0,66,0,7,0,4,4,5,4,0,24,3,7,3,4,5,0,0,0,24,0,0,0,0,3,0,0,0,7,0,0,0,0,0,0,0,0,4,0,3,4,0,0,0,0,0,6,0,0,0,0,0,0,0,0,4,0,0,0,0,0,0,0,0,3,3,3,3,3,0,0,0,0,14,0,0,0,0,0,0,0,0,0,0,0,0,0,0,0,0,0,0,6,12,4,4,9,14,5,6,65,16,42,30,38,42,43,19,6,232,0,0,3,0,0,0,0,0,3,0,0,0,0,0,0,0,0,0,3,0,0,0,0,0,0,0,3,0,0,0,0,0,0,0,0,0,5,3,0,3,0,0,0,0,16,3,3,7,6,12,8,0,0,37,7,6,6,3,5,0,0,0,30,8,9
LGA37550,0,0,0,0,0,0,0,0,0,0,0,0,0,0,0,0,0,0,0,0,0,5,0,0,0,0,6,0,5,4,3,0,0,0,0,12,0,3,0,0,0,0,0,0,4,0,3,0,0,0,0,0,0,4,0,3,4,0,0,0,0,0,9,0,0,0,0,0,0,0,0,4,0,3,0,0,5,0,0,0,7,0,0,0,0,0,0,0,0,3,0,0,0,0,0,0,0,0,0,0,0,0,0,0,0,0,0,0,0,0,3,0,0,0,0,0,3,38,7,16,8,10,0,0,0,71,39,18,26,16,18,0,0,0,129,0,0,0,0,0,0,0,0,0,0,0,0,0,0,0,0,0,0,0,0,0,0,0,0,0,0,0,0,0,0,0,0,0,0,0,0,0,0,0,0,0,0,0,0,0,0,3,0,4,4,3,0,0,20,0,3,0,3,3,0,0,0,9,0,4
LGA37570,0,0,0,0,0,0,0,0,0,0,0,0,0,0,0,0,0,0,0,0,0,3,0,0,0,0,8,0,0,0,0,0,0,0,0,4,0,3,0,0,0,0,0,0,5,0,3,0,0,0,0,0,0,3,0,0,0,0,0,0,0,0,0,0,0,0,0,3,0,0,0,3,0,0,3,0,0,0,0,0,3,0,0,0,0,0,0,0,0,0,0,0,0,0,0,0,0,0,0,0,0,0,0,0,0,0,0,0,0,0,0,0,0,0,0,0,0,6,0,0,0,0,0,0,0,10,6,6,8,7,7,0,0,0,37,0,0,0,0,0,0,0,0,0,0,0,0,0,0,0,0,0,0,0,0,0,0,0,0,0,0,0,0,0,0,0,0,0,0,0,0,0,0,0,0,0,0,0,0,0,0,0,0,4,0,0,0,0,3,0,0,4,0,0,0,0,0,4,3,3
LGA37600,0,0,0,0,0,0,0,0,0,0,0,0,0,0,0,0,0,0,11,19,3,12,5,0,0,0,49,0,10,11,16,4,0,0,0,41,3,6,8,0,0,0,0,0,14,0,4,0,6,0,0,0,0,10,0,7,0,0,0,0,0,0,12,0,3,3,3,0,0,0,0,13,3,7,3,6,3,0,0,0,27,0,0,0,0,0,0,0,0,0,0,3,0,0,0,0,0,0,6,0,0,0,0,0,0,0,0,0,0,0,0,0,0,0,0,0,3,42,17,18,13,14,0,3,0,121,65,73,53,60,33,3,5,0,290,0,0,0,0,0,0,0,0,0,0,0,0,0,0,0,0,0,0,0,0,0,0,0,0,0,0,3,0,0,0,0,0,0,0,0,0,0,0,3,3,0,0,0,0,4,6,5,0,8,5,0,0,0,30,6,12,10,14,3,0,0,0,43,6,11
LGA39499,6,28,7,3,7,16,0,0,73,11,13,9,15,9,6,0,0,57,44,164,106,146,212,207,43,7,930,21,79,52,53,81,86,18,0,387,11,26,17,18,18,17,3,0,111,12,35,21,21,23,8,0,0,115,0,9,3,10,29,24,9,0,87,47,74,45,45,60,50,6,0,331,35,55,28,21,24,33,3,0,194,16,37,15,7,8,5,0,0,81,15,36,25,17,27,21,0,0,142,0,3,0,0,3,0,0,0,9,8,3,6,3,12,10,3,0,48,166,355,336,299,265,187,54,9,1657,391,925,669,647,771,673,135,14,4223,15,15,5,9,6,0,0,0,53,3,9,3,4,5,0,0,0,21,8,23,7,3,10,11,7,0,62,3,9,3,3,3,0,0,0,27,4,13,6,8,4,3,0,0,44,42,95,38,62,115,75,8,0,426,10,31,24,29,55,39,4,0,197,65,140
LGA39799,0,0,0,0,0,0,0,0,0,0,0,0,0,0,0,0,0,0,0,0,3,0,0,0,3,0,13,0,0,0,0,0,0,0,0,3,0,0,0,0,0,0,0,0,0,0,0,0,0,0,0,0,0,0,0,0,0,0,0,0,0,0,3,0,0,0,0,0,0,0,0,0,0,0,0,0,0,0,0,0,0,0,0,0,0,0,0,0,0,0,0,0,0,0,0,0,0,0,0,0,0,0,0,0,0,0,0,0,0,0,0,0,0,0,0,0,0,3,0,0,0,0,4,0,0,9,3,3,8,3,3,10,5,0,33,0,0,0,0,0,0,0,0,0,0,0,0,0,0,0,0,0,0,0,0,0,0,0,0,0,0,0,0,0,0,0,0,0,0,0,0,0,0,0,0,0,0,0,0,0,0,0,0,0,3,0,0,0,0,0,0,0,0,0,0,0,0,4,0,7
