LGA_CODE_2016,Aust_BP_B_OS,Aust_FO_B_OS,Aust_MO_B_OS,Aust_Both_parents_born_Aust,Aust_Birthplace_not_stated,Aust_Tot_Resp,Aust_Abor_BP_B_OS,Aust_Abor_FO_B_OS,Aust_Abor_MO_B_OS,Aust_Abor_BP_B_Aus,Aust_Abor_BP_NS,Aust_Abor_Tot_Resp,Chinese_BP_B_OS,Chinese_FO_B_OS,Chinese_MO_B_OS,Chinese_BP_B_Aus,Chinese_BP_NS,Chinese_Tot_Resp,Croatian_BP_B_OS,Croatian_FO_B_OS,Croatian_MO_B_OS,Croatian_BP_B_Aus,Croatian_BP_NS,Croatian_Tot_Resp,Dutch_BP_B_OS,Dutch_FO_B_OS,Dutch_MO_B_OS,Dutch_BP_B_Aus,Dutch_BP_NS,Dutch_Tot_Resp,English_BP_B_OS,English_FO_B_OS,English_MO_B_OS,English_BP_B_Aus,English_BP_NS,English_Tot_Resp,Filipino_BP_B_OS,Filipino_FO_B_OS,Filipino_MO_B_OS,Filipino_BP_B_Aus,Filipino_BP_NS,Filipino_Tot_Resp,French_BP_B_OS,French_FO_B_OS,French_MO_B_OS,French_BP_B_Aus,French_BP_NS,French_Tot_Resp,German_BP_B_OS,German_FO_B_OS,German_MO_B_OS,German_BP_B_Aus,German_BP_NS,German_Tot_Resp,Greek_BP_B_OS,Greek_FO_B_OS,Greek_MO_B_OS,Greek_BP_B_Aus,Greek_BP_NS,Greek_Tot_Resp,Hungarian_BP_B_OS,Hungarian_FO_B_OS,Hungarian_MO_B_OS,Hungarian_BP_B_Aus,Hungarian_BP_NS,Hungarian_Tot_Resp,Indian_BP_B_OS,Indian_FO_B_OS,Indian_MO_B_OS,Indian_BP_B_Aus,Indian_BP_NS,Indian_Tot_Resp,Irish_BP_B_OS,Irish_FO_B_OS,Irish_MO_B_OS,Irish_BP_B_Aus,Irish_BP_NS,Irish_Tot_Resp,Italian_BP_B_OS,Italian_FO_B_OS,Italian_MO_B_OS,Italian_BP_B_Aus,Italian_BP_NS,Italian_Tot_Resp,Korean_BP_B_OS,Korean_FO_B_OS,Korean_MO_B_OS,Korean_BP_B_Aus,Korean_BP_NS,Korean_Tot_Resp,Lebanese_BP_B_OS,Lebanese_FO_B_OS,Lebanese_MO_B_OS,Lebanese_BP_B_Aus,Lebanese_BP_NS,Lebanese_Tot_Resp,Macedonian_BP_B_OS,Macdonian_FO_B_OS,Macdonian_MO_B_OS,Macdonian_BP_B_Aus,Macdonian_BP_NS,Macedonian_Tot_Resp,Maltese_BP_B_OS,Maltese_FO_B_OS,Maltese_MO_B_OS,Maltese_BP_B_Aus,Maltese_BP_NS,Maltese_Tot_Resp,Maori_BP_B_OS,Maori_FO_B_OS,Maori_MO_B_OS,Maori_BP_B_Aus,Maori_BP_NS,Maori_Tot_Resp,NZ_BP_B_OS,NZ_FO_B_OS,NZ_MO_B_OS,NZ_BP_B_Aus,NZ_BP_NS,NZ_Tot_Resp,Polish_BP_B_OS,Polish_FO_B_OS,Polish_MO_B_OS,Polish_BP_B_Aus,Polish_BP_NS,Polish_Tot_Resp,Russian_BP_B_OS,Russian_FO_B_OS,Russian_MO_B_OS,Russian_BP_B_Aus,Russian_BP_NS,Russian_Tot_Resp,Scottish_BP_B_OS,Scottish_FO_B_OS,Scottish_MO_B_OS,Scottish_BP_B_Aus,Scottish_BP_NS,Scottish_Tot_Resp,Serbian_BP_B_OS,Serbian_FO_B_OS,Serbian_MO_B_OS,Serbian_BP_B_Aus,Serbian_BP_NS,Serbian_Tot_Resp,Sth_African_BP_B_OS,Sth_African_FO_B_OS,Sth_African_MO_B_OS,Sth_Afrcan_BP_B_Aus,Sth_African_BP_NS,Sth_African_Tot_Resp,Spanish_BP_B_OS,Spanish_FO_B_OS,Spanish_MO_B_OS,Spanish_BP_B_Aus,Spanish_BP_NS,Spanish_Tot_Resp,Sri_Lankan_BP_B_OS,Sri_Lankan_FO_B_OS,Sri_Lankan_MO_B_OS,Sri_Lankan_BP_B_Aus,Sri_Lankan_BP_NS,Sri_Lankan_Tot_Resp,Turkish_BP_B_OS,Turkish_FO_B_OS,Turkish_MO_B_OS,Turkish_BP_B_Aus,Turkish_BP_NS,Turkish_Tot_Resp,Vietnamese_BP_B_OS,Vietnamese_FO_B_OS,Vietnamese_MO_B_OS,Vietnamese_BP_B_Aus,Vietnamese_BP_NS,Vietnamese_Tot_Resp,Welsh_BP_B_OS,Welsh_FO_B_OS,Welsh_MO_B_OS,Welsh_BP_B_Aus,Welsh_BP_NS,Welsh_Tot_Resp,Other_BP_B_OS,Other_FO_B_OS,Other_MO_B_OS,Other_BP_B_Aus,Other_BP_NS,Other_Tot_Resp,Ancestry_NS_BP_B_OS,Ancestry_NS_FO_B_OS,Ancestry_NS_MO_B_OS,Ancestry_NS_BP_B_Aus,Ancestry_NS_BP_NS,Ancestry_NS_Tot_Resp,Tot_P_BP_B_OS,Tot_P_FO_B_OS,Tot_P_MO_B_OS,Tot_P_BP_B_Aus,Tot_P_BP_NS,Tot_P_Tot_Resp
LGA30250,0,4,6,70,0,74,0,0,0,1071,0,1076,0,0,0,0,0,0,0,0,0,0,0,0,0,0,0,0,0,0,7,6,3,30,12,58,3,0,0,0,0,3,0,0,0,0,0,0,0,0,0,3,0,4,0,0,0,0,0,0,0,0,0,0,0,0,0,0,0,0,0,0,0,0,0,9,0,6,0,0,0,3,0,6,0,0,0,0,0,0,0,0,0,0,0,0,0,0,0,0,0,0,0,0,0,0,0,0,0,0,0,0,0,0,3,0,0,0,0,3,0,0,0,0,0,0,0,0,0,0,0,0,7,3,3,13,0,23,0,0,0,0,0,0,0,0,0,0,0,0,0,0,0,0,0,0,0,0,0,0,0,0,0,0,0,0,0,0,0,0,0,0,0,0,0,0,0,0,0,0,15,0,0,52,4,74,0,0,0,0,26,26,35,5,6,1188,40,1269
LGA30300,5,77,67,2035,24,2215,0,0,0,49,0,49,10,0,0,21,0,35,0,0,0,0,0,0,10,4,3,4,0,28,94,63,61,1323,12,1561,21,0,0,0,0,26,5,0,0,5,0,9,27,3,5,211,7,256,5,3,0,3,0,13,0,4,0,0,0,4,6,0,0,0,0,7,23,13,13,474,3,529,3,3,0,35,0,44,0,0,0,0,0,0,0,0,0,0,0,3,0,0,0,0,0,0,0,0,0,3,0,3,8,0,0,0,0,14,13,6,4,0,0,20,7,0,3,10,0,17,0,0,0,6,0,6,23,14,14,373,3,426,0,0,0,0,0,0,19,0,3,0,0,25,3,0,0,0,0,4,4,0,0,0,0,4,0,0,0,0,0,0,4,0,0,0,0,4,3,0,0,3,0,14,59,7,8,48,3,118,13,0,0,71,321,409,311,121,111,3463,367,4377
LGA30370,41,319,235,6210,112,6916,0,3,0,41,4,54,66,0,0,36,0,108,5,0,0,0,0,5,73,31,22,78,0,205,417,277,181,4093,114,5083,121,4,21,0,7,151,11,3,3,22,0,32,50,45,40,1035,24,1191,11,6,5,34,0,57,3,0,0,7,0,13,46,3,0,4,0,55,92,46,43,1192,25,1389,26,26,5,154,0,213,4,0,0,0,0,4,3,0,0,13,0,9,0,0,0,0,0,0,5,3,4,12,0,29,36,13,4,7,0,61,43,11,17,7,0,76,6,0,0,10,0,17,13,0,8,8,0,27,106,49,45,1066,26,1296,0,0,0,0,0,0,39,6,3,4,0,49,12,0,0,3,0,16,19,0,0,0,0,26,0,0,0,0,0,0,103,0,0,3,4,110,12,11,3,30,4,57,319,58,36,143,14,562,28,9,7,177,1054,1276,1427,557,407,10622,1313,14319
LGA30410,5,43,42,1317,14,1420,0,0,0,9,0,9,0,0,0,13,0,14,0,0,0,0,0,0,13,3,0,10,0,18,79,43,29,965,17,1128,11,0,0,0,0,11,3,0,0,3,0,10,12,3,9,145,4,172,0,0,0,0,0,3,0,4,0,3,0,3,11,0,0,0,0,11,22,0,4,259,3,297,8,0,0,19,0,24,0,0,0,0,0,0,0,0,0,0,0,3,0,0,0,0,0,0,0,0,0,0,0,6,9,0,3,0,0,15,4,0,0,3,0,4,3,0,0,4,0,8,0,0,0,0,0,3,28,13,10,238,0,282,0,0,0,0,0,3,12,3,0,0,0,10,4,0,0,3,0,3,0,0,0,0,0,0,0,0,0,0,0,3,0,0,0,0,0,0,0,0,0,3,0,4,32,6,3,31,0,70,13,0,5,26,191,229,193,72,71,2302,224,2865
LGA30450,0,0,6,99,3,115,0,0,0,0,0,0,0,0,0,0,0,0,0,0,0,0,0,0,0,0,0,0,0,0,10,3,7,102,3,120,0,0,0,0,0,0,0,0,0,0,0,0,4,0,0,24,0,34,0,0,0,0,0,0,0,0,0,0,0,0,0,0,0,0,0,0,0,0,0,33,0,42,0,0,0,0,0,3,0,0,0,0,0,0,0,0,0,0,0,0,0,0,0,0,0,0,0,0,0,0,0,0,0,0,0,0,0,0,3,0,0,0,0,6,0,0,0,0,0,0,0,0,0,0,0,0,0,0,3,18,0,19,0,0,0,0,0,0,0,0,0,0,0,0,0,0,0,0,0,0,0,0,0,0,0,0,0,0,0,0,0,0,0,0,0,0,0,0,0,0,0,0,0,0,4,0,0,0,0,5,0,0,0,0,14,17,14,4,12,220,25,267
LGA30760,3,31,30,909,20,989,0,0,0,5,0,9,0,0,0,5,0,5,0,0,0,0,0,0,7,0,0,0,0,11,48,25,19,632,10,733,14,0,0,0,0,14,3,0,0,5,0,13,7,5,3,118,4,137,0,0,0,0,0,0,0,0,0,7,0,7,12,0,0,0,0,12,8,10,4,227,4,256,0,0,0,11,0,14,0,0,0,0,0,0,0,0,0,0,0,0,0,0,0,0,0,0,0,0,0,0,0,0,3,0,3,0,0,4,3,0,0,3,0,3,0,0,0,0,0,0,0,0,0,0,0,0,6,6,15,154,0,181,0,0,0,0,0,0,0,0,0,0,0,0,0,0,0,0,0,0,0,0,0,0,0,0,0,0,0,0,0,0,0,0,0,0,0,0,3,0,0,7,0,9,8,7,0,12,0,29,0,0,0,47,86,137,99,56,42,1588,116,1903
LGA30900,4,17,4,178,6,208,0,0,0,66,0,64,0,0,0,0,0,0,0,0,0,0,0,0,0,0,0,0,0,3,15,4,6,88,3,122,0,0,0,0,0,0,0,0,0,0,0,3,5,0,0,7,0,14,0,0,0,0,0,0,0,0,0,0,0,0,0,0,0,0,0,0,3,0,0,25,0,33,0,0,0,0,0,0,0,0,0,0,0,0,0,0,0,0,0,0,0,0,0,0,0,0,0,0,0,0,0,0,0,0,0,0,0,3,0,0,0,0,0,0,0,0,0,0,0,3,0,0,0,0,0,0,8,0,0,33,0,39,0,0,0,0,0,0,0,0,0,0,0,0,0,0,0,0,0,3,0,0,0,0,0,0,0,0,0,0,0,0,0,0,0,0,0,0,0,0,0,0,0,0,5,6,0,3,0,12,0,0,0,4,64,72,30,16,12,297,73,426
LGA31000,9036,40940,32109,231455,3770,317306,60,217,114,2219,37,2644,73900,1456,2432,2889,524,81200,2176,460,224,635,26,3521,7662,2659,1578,4192,117,16212,87438,37518,27315,223841,4295,380409,12913,292,1978,199,109,15499,4669,729,565,2358,54,8371,12074,4399,3211,39913,570,60169,5454,1856,828,4651,165,12953,1996,366,218,567,17,3161,37604,823,637,497,233,39796,23063,11468,7956,107535,1418,151447,13689,4641,2031,15765,363,36490,11650,43,298,95,40,12131,1344,431,237,1099,25,3142,778,104,67,93,6,1053,891,456,209,1228,14,2801,7658,858,606,297,119,9540,8993,2557,2149,746,108,14559,4662,895,662,2139,81,8440,3247,373,329,972,41,4967,23791,10128,7556,73887,1092,116454,2313,202,118,215,25,2877,6398,649,503,187,35,7774,5383,410,373,929,55,7150,5078,231,189,164,32,5691,895,132,30,33,8,1101,18765,312,550,260,162,20048,3005,807,549,3539,50,7950,102213,9137,8936,13543,1171,135001,3830,456,374,4175,62745,71584,417879,78539,60167,500576,73995,1131155
LGA31750,0,0,8,149,6,167,0,0,0,0,0,0,0,0,0,0,0,0,0,0,0,0,0,0,3,0,4,0,0,8,12,3,7,115,5,137,0,0,0,0,0,0,0,0,0,0,0,0,0,0,0,12,0,20,0,0,0,0,0,0,0,0,0,0,0,0,0,0,0,0,0,0,7,3,0,44,0,53,0,0,0,0,0,0,0,0,0,0,0,0,0,0,0,0,0,0,0,0,0,0,0,0,0,0,0,0,0,0,0,0,0,0,0,3,0,0,0,0,0,0,0,0,0,0,0,3,0,0,0,0,0,0,0,0,0,31,0,29,0,0,0,0,0,0,0,0,0,0,0,0,3,0,0,0,0,3,0,0,0,0,0,0,0,0,0,0,0,0,0,0,0,0,0,0,0,0,0,0,0,0,0,0,0,3,0,3,0,0,0,5,30,37,24,4,7,268,38,353
LGA31820,331,2783,1922,32639,727,38406,3,15,3,383,9,423,559,14,34,227,12,845,84,16,7,30,3,134,682,199,120,314,11,1326,5418,2580,1851,28287,759,38895,554,10,135,20,17,733,187,21,15,181,5,414,829,407,214,6769,106,8316,50,37,8,120,8,224,130,23,4,41,0,199,373,24,16,35,3,449,877,541,376,7901,144,9837,642,301,69,1202,46,2261,163,3,3,4,0,180,12,11,7,18,0,42,6,0,0,9,0,17,170,53,18,180,3,431,186,61,45,33,3,332,355,179,152,95,8,786,133,30,15,151,3,334,85,13,12,77,0,187,1295,616,443,7348,134,9834,22,7,0,14,0,43,198,17,18,10,3,253,144,25,15,85,3,273,54,3,10,39,0,99,86,13,8,11,0,119,136,3,4,0,0,142,189,42,23,231,4,488,1897,397,299,1350,65,4000,150,47,49,980,5933,7153,13087,5065,3522,63680,7541,92897
LGA31900,93,429,260,6300,125,7208,3,3,0,94,3,105,44,0,0,72,0,112,12,0,0,10,0,21,45,12,20,35,0,105,401,364,232,4461,120,5586,73,3,9,3,0,86,32,0,7,30,0,73,95,37,35,752,13,926,67,24,7,108,0,202,6,3,0,0,3,11,37,0,0,6,0,44,91,95,56,1562,29,1831,910,286,132,1570,38,2938,49,0,0,8,0,51,0,0,0,3,0,6,0,0,0,0,0,0,10,12,3,28,0,54,13,3,0,6,0,24,45,18,17,4,0,84,9,6,3,11,3,37,4,4,0,5,0,23,122,91,88,1467,20,1788,0,0,0,0,0,3,13,3,0,5,0,26,84,33,9,121,3,248,3,0,0,3,0,3,3,0,0,0,0,3,24,0,0,0,0,28,12,5,3,43,0,66,254,51,48,419,22,795,26,8,10,180,1079,1302,2243,925,576,11950,1377,17074
LGA31950,0,6,5,147,5,165,0,0,5,13,0,17,0,0,0,8,0,8,0,0,0,0,0,0,0,0,0,0,0,0,8,0,0,55,0,70,3,0,0,0,0,3,0,0,0,0,0,0,0,0,0,5,0,9,0,0,0,0,0,0,0,0,0,0,0,0,0,0,0,0,0,0,0,0,0,25,0,29,0,0,0,0,0,0,3,0,0,0,0,3,0,0,0,0,0,0,0,0,0,0,0,0,0,0,0,0,0,0,0,0,0,0,0,0,0,0,0,0,0,0,0,0,0,0,0,0,0,0,0,0,0,0,0,0,3,14,0,19,0,0,0,0,0,0,0,0,0,0,0,0,0,0,0,0,0,0,0,0,0,0,0,0,0,0,0,0,0,0,0,0,0,0,0,0,0,0,0,0,0,0,3,0,3,3,0,13,0,0,0,8,62,70,19,10,11,228,68,328
LGA32080,1267,5573,5273,41340,910,54366,12,114,27,1667,32,1857,2157,166,204,759,39,3328,269,86,29,139,8,527,1299,354,263,528,16,2456,12310,4712,4029,33158,816,55022,1917,69,401,93,28,2509,655,83,81,304,6,1130,2185,632,553,4962,105,8437,285,111,65,420,3,876,269,46,23,71,6,416,1621,47,52,53,15,1786,2608,1214,994,13103,230,18155,2065,876,464,4004,95,7507,1001,7,22,3,9,1043,48,9,9,49,0,119,25,4,3,4,0,39,203,86,60,273,6,630,755,128,115,82,10,1093,1127,330,275,113,16,1867,524,95,65,213,3,897,213,35,29,105,3,392,3175,1219,965,9228,209,14797,70,14,9,27,0,126,370,38,34,28,0,473,508,54,38,190,7,807,224,27,11,35,0,304,74,3,3,9,0,89,320,20,35,4,4,377,443,97,79,406,15,1044,12485,1457,1946,3984,272,20142,507,81,79,1027,13252,14950,40949,10380,9367,80758,15442,156901
LGA32250,5,27,28,1053,33,1138,0,0,0,68,3,72,3,0,0,14,0,24,0,0,0,0,0,0,14,0,3,0,0,18,41,26,32,437,30,564,19,0,3,0,0,19,0,0,0,4,0,4,14,4,0,55,3,69,0,0,3,0,0,3,3,0,0,0,0,3,8,0,0,0,0,8,5,3,5,131,4,150,0,0,0,25,0,27,0,0,0,0,0,0,0,0,0,0,0,0,0,0,0,0,0,0,0,0,0,0,0,3,0,0,0,3,0,4,0,0,0,0,0,3,0,0,0,0,0,0,0,0,0,0,0,0,11,3,5,71,3,94,0,0,0,0,0,0,0,0,0,0,0,0,0,0,0,0,0,0,0,0,0,0,0,0,0,0,0,0,0,0,0,0,0,0,0,0,3,0,0,0,0,7,41,0,7,23,4,75,0,0,0,18,154,177,152,41,48,1495,225,1958
LGA32260,194,796,639,8727,229,10573,0,9,19,450,5,484,121,18,28,149,9,320,57,10,0,34,0,99,165,44,39,84,3,335,1297,660,539,6538,152,9181,285,0,46,9,6,347,58,6,7,50,0,117,231,97,83,1188,25,1625,92,28,22,140,7,282,34,9,4,18,0,64,594,15,17,10,10,643,273,197,124,2716,54,3360,936,333,157,1664,49,3142,45,0,5,0,0,53,4,0,0,7,0,14,3,0,0,0,0,0,172,43,44,206,3,466,99,21,23,20,8,167,96,29,25,28,7,196,28,9,0,25,0,63,26,4,0,15,0,49,326,172,142,1896,35,2568,4,3,0,0,0,6,35,13,0,4,0,55,58,12,24,91,3,182,3,0,0,7,0,7,0,0,0,0,0,0,10,0,0,0,4,9,37,12,8,55,5,114,1241,153,167,716,45,2321,121,23,15,291,2413,2860,5553,1661,1297,17296,2910,28726
LGA32270,97,646,542,10935,180,12402,0,5,3,117,5,132,137,5,3,90,3,230,11,3,3,6,0,23,153,31,41,103,0,331,1230,473,452,7372,169,9692,283,5,27,15,0,323,39,5,8,61,0,116,195,64,64,1326,18,1663,10,16,5,32,0,66,18,0,0,12,0,31,146,5,0,4,0,155,263,117,111,2442,43,2974,77,40,11,327,3,459,39,0,0,0,0,43,0,0,0,8,0,8,5,0,0,0,0,3,13,7,5,40,3,72,338,18,29,5,3,398,202,72,45,26,0,345,35,12,4,37,0,83,15,3,5,14,0,36,372,141,132,1919,57,2615,0,0,0,0,0,0,115,9,9,12,0,149,41,0,0,23,0,71,22,0,0,0,0,22,3,0,3,0,0,8,8,0,0,0,0,9,26,14,3,69,4,116,681,91,100,276,20,1163,66,29,17,377,3233,3723,3572,1088,948,18778,3611,27999
LGA32310,26,228,198,5351,121,5933,0,11,3,117,4,135,26,0,3,87,0,125,3,0,0,0,0,0,22,10,7,24,0,63,303,197,199,3578,112,4394,64,0,8,11,0,79,11,3,3,17,0,39,43,17,44,480,16,603,3,4,0,9,0,24,3,4,0,4,0,13,18,0,0,9,3,29,83,45,34,1173,34,1363,21,28,10,215,11,283,8,0,0,0,0,8,0,0,0,0,0,0,0,0,0,0,0,0,0,0,0,12,0,11,20,5,8,7,0,49,39,17,10,23,3,95,9,0,3,10,0,28,4,0,0,0,0,5,98,60,50,853,30,1095,0,0,0,0,0,0,11,0,0,4,0,21,11,6,0,19,0,30,0,0,0,0,0,4,0,0,0,0,0,0,5,0,0,0,0,5,10,3,4,32,0,53,155,38,37,130,14,375,14,8,8,148,1048,1223,788,419,369,8987,1308,11876
LGA32330,0,0,0,42,0,44,0,3,0,1149,17,1165,0,0,0,0,0,0,0,0,0,0,0,0,0,0,0,0,0,0,0,0,0,9,0,9,0,0,0,0,0,0,0,0,0,0,0,0,0,0,0,0,0,0,0,0,0,0,0,0,0,0,0,0,0,0,0,0,0,0,0,0,0,0,0,4,0,3,0,0,0,0,0,0,0,0,0,0,0,0,0,0,0,0,0,0,0,0,0,0,0,0,0,0,0,0,0,0,0,0,0,0,0,0,0,0,0,0,0,0,0,0,0,0,0,0,0,0,0,0,0,0,0,0,0,0,0,0,0,0,0,0,0,0,0,0,0,0,0,0,0,0,0,0,0,0,0,0,0,0,0,0,0,0,0,0,0,0,0,0,0,0,0,0,0,0,0,0,0,0,8,0,0,25,0,30,0,0,0,10,33,38,5,3,0,1206,52,1269
LGA32450,3,47,49,1287,31,1414,0,0,0,153,0,156,9,0,0,47,3,61,5,3,0,0,0,10,6,0,0,8,0,15,102,37,49,643,19,849,25,0,6,0,0,35,4,0,0,5,0,10,15,12,3,107,0,130,0,0,0,8,0,15,0,0,0,0,0,7,19,0,0,0,0,19,31,7,22,296,11,366,11,7,4,28,3,49,3,0,0,0,0,3,0,0,0,0,0,0,0,0,0,0,0,0,0,0,0,4,0,9,26,0,0,3,0,33,10,0,0,0,0,19,0,4,0,0,0,3,0,0,0,0,0,0,33,11,4,197,3,251,0,0,0,0,0,0,3,0,0,0,0,3,3,0,0,3,0,7,9,0,0,0,0,9,0,0,0,0,0,0,0,0,0,0,0,0,0,0,0,5,0,7,48,7,6,35,0,97,3,0,3,33,419,456,296,83,85,2085,479,3032
LGA32500,18,109,124,1212,57,1514,0,3,3,408,15,425,24,0,0,12,0,37,4,0,0,0,0,3,37,5,6,9,0,52,236,102,80,772,39,1221,23,0,15,3,0,41,28,0,3,3,0,35,69,11,19,119,0,218,3,0,0,0,0,3,3,3,0,0,0,14,7,0,0,0,0,7,59,13,21,279,13,395,33,9,0,48,4,97,3,0,0,0,0,3,0,0,0,3,0,3,0,0,0,0,0,0,0,0,0,0,0,3,20,3,9,0,0,29,12,0,7,3,3,18,8,3,0,9,0,23,3,0,0,3,0,5,53,37,10,210,3,313,3,0,0,0,0,6,15,3,0,0,0,20,7,4,4,5,0,17,0,0,0,0,0,0,0,0,0,0,0,0,0,0,0,0,0,0,0,0,0,8,0,17,169,23,30,88,4,315,9,0,6,31,644,692,678,189,199,2415,741,4226
LGA32600,0,0,10,121,5,134,0,0,0,13,0,15,0,0,0,3,0,3,0,0,0,0,0,0,0,0,0,3,0,3,5,4,0,64,0,78,0,0,0,0,3,3,0,0,0,0,0,0,0,0,0,0,0,3,0,0,0,0,0,0,0,0,0,0,0,0,0,0,0,0,0,0,0,0,0,26,0,26,0,0,0,7,0,11,0,0,0,0,0,0,0,0,0,0,0,0,0,0,0,0,0,0,0,0,0,0,0,0,0,0,0,0,0,0,0,0,0,0,0,0,0,0,0,0,0,0,0,0,0,0,0,0,0,0,0,15,0,15,0,0,0,0,0,0,0,0,0,0,0,0,0,0,0,0,0,0,0,0,0,0,0,0,0,0,0,0,0,0,0,0,0,0,0,0,0,0,0,0,0,0,0,0,0,3,0,5,0,0,0,0,77,79,15,4,5,182,85,294
LGA32750,0,0,4,131,3,143,0,0,0,10,0,10,0,0,0,0,0,0,0,0,0,0,0,0,0,0,0,0,0,0,3,3,4,62,0,85,0,0,0,0,0,0,0,0,0,0,0,0,3,0,0,15,0,16,0,0,0,0,0,0,0,0,0,0,0,0,0,0,0,0,0,0,5,0,3,24,3,38,0,0,0,0,0,3,0,0,0,0,0,0,0,0,0,0,0,0,0,0,0,0,0,0,0,0,0,0,0,0,0,0,0,0,0,0,0,0,0,0,0,0,0,0,0,0,0,0,0,0,0,0,0,0,4,0,0,26,0,30,0,0,0,0,0,0,0,0,0,0,0,0,0,0,0,0,0,0,0,0,0,0,0,0,0,0,0,0,0,0,0,0,0,0,0,0,0,0,0,0,0,0,3,0,3,8,0,10,0,0,0,0,40,42,21,8,9,199,46,291
LGA32770,3,3,3,66,0,82,0,3,0,1235,0,1237,0,0,0,0,0,0,0,0,0,0,0,0,0,0,0,0,0,0,6,3,3,19,0,32,0,0,0,0,0,0,0,0,0,0,0,0,0,0,0,4,0,4,0,0,0,0,0,0,0,0,0,0,0,0,14,0,0,0,0,14,5,0,0,3,0,4,0,0,0,3,0,3,0,0,0,0,0,0,0,0,0,0,0,0,0,0,0,0,0,0,0,0,0,0,0,0,0,0,0,0,0,0,0,0,0,0,0,0,0,0,0,0,0,0,0,0,0,0,0,0,0,0,0,5,0,5,0,0,0,0,0,0,4,0,0,0,0,4,0,0,0,0,0,0,0,0,0,0,0,0,0,0,0,0,0,0,0,0,0,0,0,0,0,0,0,0,0,0,7,0,0,7,0,13,0,0,0,12,22,36,32,6,3,1332,30,1405
LGA32810,62,373,294,3173,81,3979,0,7,6,223,17,250,74,5,4,35,0,121,19,3,0,7,3,29,118,27,26,38,3,205,1139,357,266,2479,79,4321,48,3,6,0,0,61,86,10,4,22,0,117,241,42,29,302,13,633,24,4,4,8,0,38,22,3,3,3,0,27,35,0,4,3,0,48,259,81,67,840,20,1267,171,68,24,301,6,573,37,0,0,0,0,37,3,0,0,0,0,4,0,0,0,0,0,0,3,3,6,8,0,18,33,3,4,0,0,49,103,9,18,7,0,140,45,11,10,19,0,82,12,3,0,7,0,22,300,86,57,663,13,1120,11,0,0,3,0,18,30,3,0,3,0,34,34,3,4,8,0,52,17,4,0,0,0,18,0,0,0,0,0,0,17,0,0,0,0,15,35,4,0,22,0,65,425,80,72,158,7,743,26,11,3,110,1497,1651,2716,715,535,6079,1673,11714
LGA33100,5,16,17,328,13,376,0,0,0,0,0,0,4,0,0,11,0,13,0,0,0,0,0,0,3,0,0,3,0,7,27,16,16,243,0,306,0,0,0,0,0,0,0,0,0,3,0,3,8,0,0,20,0,29,0,0,0,0,0,0,0,0,0,0,0,3,0,0,0,0,0,0,10,3,10,87,0,105,0,3,0,25,0,28,0,0,0,0,0,0,0,0,0,0,0,0,0,0,0,0,0,0,0,0,3,3,0,6,0,0,0,0,0,0,0,0,3,0,0,7,3,0,0,0,0,3,0,0,0,0,0,0,3,4,9,48,0,61,0,0,0,0,0,0,0,0,0,0,0,0,0,0,0,0,0,0,0,0,0,0,0,0,0,0,0,0,0,0,0,0,0,0,0,0,0,0,0,0,0,0,23,0,0,0,0,25,0,0,0,10,74,86,65,25,30,592,91,799
LGA33200,4,34,20,750,25,830,0,0,0,0,0,0,4,0,0,8,0,12,0,0,0,0,0,0,7,0,0,3,0,8,31,35,18,462,15,552,4,0,0,0,0,4,0,0,0,0,0,0,4,4,4,49,0,64,0,0,0,0,0,0,0,0,0,0,0,0,4,0,0,0,0,4,12,10,0,149,0,171,0,0,0,29,0,34,0,0,0,0,0,0,0,0,0,0,0,0,0,0,0,0,0,0,3,0,0,5,0,7,0,0,0,0,0,0,3,0,0,0,0,3,0,0,0,0,0,5,0,0,0,0,0,0,10,8,3,144,0,164,0,0,0,0,0,0,0,0,0,0,0,0,0,0,0,0,0,3,0,0,0,0,0,0,0,0,0,0,0,0,0,0,0,0,0,0,0,0,0,3,0,4,11,4,0,15,0,36,3,0,0,21,117,144,81,52,31,1217,159,1536
LGA33220,480,3232,2294,33906,775,40682,7,26,14,469,13,524,353,27,49,239,7,678,90,19,3,41,3,152,830,191,123,381,16,1541,8182,3163,2248,29837,802,44233,534,16,154,27,16,748,206,38,20,242,10,518,1153,404,298,6435,136,8427,94,43,12,139,7,293,152,27,3,30,0,217,358,21,10,44,0,440,1301,626,402,8660,160,11149,396,201,72,938,26,1633,18,0,6,4,0,27,19,12,0,15,0,44,14,5,0,6,0,25,155,54,19,106,4,337,269,54,48,64,0,437,535,186,144,76,9,953,231,33,29,147,3,444,85,38,17,59,0,197,1944,770,542,7533,162,10950,31,16,0,5,0,55,238,28,19,7,0,291,160,17,15,89,3,293,53,4,4,8,0,65,12,6,0,7,0,27,59,0,6,3,0,70,254,47,31,250,9,588,2219,475,352,1457,58,4557,182,63,40,960,7366,8607,16427,5844,4130,66015,9090,101504
LGA33360,285,1939,1579,22405,400,26607,3,11,11,244,0,268,316,23,25,256,6,633,57,17,7,18,0,99,388,120,83,257,12,855,3855,1649,1294,16663,343,23798,832,6,102,21,17,982,115,18,16,93,3,249,522,240,138,3172,48,4116,72,39,12,156,4,279,71,8,7,25,0,110,601,7,6,29,3,643,861,354,235,4989,101,6538,251,173,62,667,13,1165,44,0,3,0,0,46,10,0,0,16,0,31,8,3,0,9,0,20,42,19,9,87,3,161,547,78,60,47,16,754,464,164,123,78,6,838,119,24,20,93,0,249,101,13,3,36,0,159,1087,421,325,4271,89,6192,39,0,0,5,0,40,408,12,32,12,4,479,122,10,0,67,3,201,49,0,0,6,0,58,13,4,0,0,0,16,32,3,0,0,0,34,122,34,17,145,6,314,2029,298,264,836,44,3472,144,33,28,544,4245,4998,10663,3329,2603,39975,5070,61640
LGA33430,4712,21298,17812,125531,2210,171566,36,106,65,959,21,1182,14624,416,660,1160,143,17012,1764,263,150,426,22,2627,4797,1219,825,2017,72,8929,69804,19092,15389,116536,2945,223775,4428,148,889,124,69,5657,2527,330,280,1212,59,4402,7570,2047,1600,15726,303,27243,1991,647,334,1476,47,4497,1564,223,108,285,29,2209,5814,240,164,164,37,6419,14114,4291,3262,40304,729,62702,6113,1803,1014,6153,180,15262,3737,19,108,31,29,3925,697,201,100,436,8,1438,414,49,45,110,3,620,1153,355,225,809,26,2572,9952,845,559,224,151,11737,8911,2127,1565,508,109,13220,2463,323,256,780,42,3868,1780,178,158,360,16,2486,17186,4597,3598,30812,627,56822,1218,122,65,152,17,1567,3705,302,281,101,18,4408,2400,231,183,544,39,3399,646,63,42,43,6,800,630,121,35,63,9,848,1039,48,91,32,7,1208,2155,385,278,1425,45,4281,38200,4317,4287,5301,452,52556,2004,347,282,2731,38810,44172,185822,39140,31947,253550,45266,555721
LGA33610,23,161,168,4442,86,4876,0,0,0,31,0,33,47,0,0,35,3,81,3,0,0,3,0,8,30,7,11,24,0,74,221,136,145,3433,54,3991,66,0,6,13,3,92,4,0,0,11,0,20,48,15,21,594,8,684,0,3,0,4,0,10,0,4,0,3,0,5,36,0,3,3,0,42,64,39,24,1092,9,1233,39,13,8,69,0,129,7,0,0,0,0,7,3,0,0,3,0,9,0,0,0,0,0,0,0,0,0,10,0,15,13,3,8,5,0,28,33,10,10,13,0,58,11,3,0,3,0,17,7,0,0,3,0,12,53,34,31,945,11,1068,4,0,0,0,0,4,42,0,0,3,0,41,6,0,3,7,0,16,12,0,0,0,0,17,0,0,0,0,0,0,4,0,0,0,0,4,8,0,0,26,0,39,118,17,31,81,0,257,11,8,3,186,977,1177,744,281,279,8198,1119,10630
LGA33620,196,1480,1153,17750,392,20978,0,9,3,160,0,178,86,11,15,142,12,266,27,7,0,6,0,46,375,104,72,175,8,737,3111,1499,1125,15186,406,21330,225,4,55,5,6,298,104,25,25,109,0,262,514,194,155,3004,72,3944,35,15,3,65,0,122,50,17,8,17,5,88,111,14,0,11,0,141,545,309,199,4499,88,5639,139,83,49,474,11,760,18,0,0,0,0,22,8,6,3,16,0,36,0,3,0,3,0,3,43,14,8,39,0,104,144,36,30,17,4,231,212,87,71,59,3,431,92,23,12,68,5,195,50,13,4,21,0,94,737,374,257,3882,81,5339,18,3,8,7,0,30,124,16,11,7,0,157,51,10,3,37,0,101,16,0,4,7,0,27,5,0,0,0,0,8,39,7,0,0,3,46,83,17,20,154,3,277,874,230,143,662,34,1942,76,30,21,559,3655,4335,6364,2770,2029,33875,4516,49559
LGA33800,65,311,193,3302,108,3985,0,3,4,127,0,136,17,3,0,60,0,80,5,0,3,3,3,13,45,11,11,18,0,84,343,216,143,2689,70,3457,59,3,14,5,3,77,23,0,0,8,0,34,67,26,13,333,9,460,6,0,0,16,0,22,9,0,3,5,0,17,24,3,3,0,0,32,61,47,22,914,11,1057,980,369,157,1536,59,3102,3,0,0,0,0,3,3,0,0,0,0,4,0,0,0,0,0,0,20,15,6,19,0,61,13,3,0,0,0,23,18,4,11,15,0,46,11,4,0,4,0,19,3,0,0,6,0,14,78,51,32,653,13,830,0,0,0,0,0,4,5,0,0,3,0,12,42,11,0,35,3,85,0,0,0,0,0,3,0,0,0,0,0,0,3,0,0,0,0,3,4,5,0,11,0,28,171,36,32,194,16,443,21,6,3,86,700,823,1844,751,421,6935,933,10885
LGA33830,0,0,6,54,0,57,0,0,0,767,0,769,0,0,0,0,0,0,0,0,0,0,0,0,0,0,0,0,0,0,4,0,0,12,0,21,0,0,0,0,0,0,0,0,0,3,0,3,0,0,0,3,0,3,0,0,0,0,0,0,0,0,0,0,0,0,0,0,0,0,0,0,0,0,0,3,0,3,0,0,0,0,0,3,0,0,0,0,0,0,0,0,0,0,0,0,0,0,0,0,0,0,0,0,0,0,0,0,0,0,0,0,0,0,0,0,0,0,0,3,0,0,0,0,0,0,0,0,0,0,0,0,0,0,0,3,0,7,0,0,0,0,0,0,0,0,0,0,0,0,0,0,0,0,0,0,0,0,0,0,0,0,0,0,0,0,0,0,0,0,0,0,0,0,0,0,0,0,0,0,7,0,0,11,0,20,0,0,0,3,68,68,13,4,10,825,73,918
LGA33960,1615,7303,5465,55589,1010,70979,6,75,30,915,23,1048,2229,97,145,406,18,2892,209,50,20,86,3,365,1480,484,272,919,30,3181,14953,6579,4944,46226,1059,73758,1993,76,344,60,25,2496,401,75,67,327,10,871,2175,1006,630,11690,210,15713,190,93,27,345,6,654,268,51,41,124,0,487,2998,87,69,84,22,3252,2908,1532,1025,14891,253,20605,662,349,176,1718,46,2955,228,3,15,5,0,255,59,26,6,59,5,149,36,10,5,12,0,72,190,113,58,246,5,617,3020,337,196,100,65,3720,1804,574,372,206,20,2983,528,115,66,461,11,1182,193,43,24,150,7,404,3684,1638,1278,12313,197,19114,169,36,21,27,0,257,569,42,44,33,9,695,752,96,70,208,11,1133,277,25,9,16,0,326,66,19,8,6,0,105,1754,94,66,34,21,1972,431,141,77,679,13,1336,16865,1445,1131,2063,292,21800,775,120,107,1426,11735,14163,50109,13193,9747,106408,14279,193733
LGA33980,76,512,448,7875,141,9045,3,0,0,44,0,54,64,7,3,92,5,172,0,4,0,0,0,8,90,17,26,75,0,210,873,433,318,5549,107,7271,279,3,34,7,12,332,33,7,9,32,0,79,104,56,50,901,16,1121,0,0,3,25,0,33,9,4,0,3,0,17,112,0,3,3,0,117,207,92,91,1798,33,2222,38,46,14,288,3,391,4,0,0,0,0,13,0,3,0,3,0,10,0,0,0,3,0,0,17,16,3,111,0,149,192,32,5,17,10,247,142,57,45,31,0,274,16,9,4,34,0,61,12,6,4,18,0,31,275,113,92,1433,30,1940,0,0,0,3,0,3,121,3,3,7,3,136,31,4,0,32,0,66,18,0,0,5,0,25,3,0,0,0,0,4,13,3,0,0,0,10,15,5,6,49,3,76,443,78,84,228,6,839,35,15,4,194,2902,3150,2509,891,751,13597,3186,20940
LGA34420,0,0,0,74,3,78,0,0,0,788,3,787,0,0,0,0,0,0,0,0,0,0,0,0,0,0,0,0,0,0,8,3,0,31,0,42,4,0,0,0,0,3,0,0,0,0,0,0,0,0,0,5,0,5,0,0,0,0,0,0,0,0,0,0,0,0,0,0,0,0,0,0,0,0,0,7,0,13,0,0,0,0,0,0,0,0,0,0,0,0,0,0,0,0,0,0,0,0,0,0,0,0,0,0,0,0,0,0,0,0,0,0,0,0,0,0,0,0,0,0,0,0,0,0,0,0,0,0,0,0,0,0,0,0,0,9,0,11,0,0,0,0,0,0,0,0,0,0,0,0,0,0,0,0,0,0,0,0,0,0,0,0,0,0,0,0,0,0,0,0,0,0,0,0,0,0,0,0,0,0,3,0,0,23,0,28,0,0,0,4,27,30,12,3,3,893,31,944
LGA34530,98,1009,837,13333,258,15538,0,12,8,175,0,189,76,4,10,129,3,220,24,3,4,14,0,48,203,77,48,137,0,465,1958,887,750,10866,211,14662,126,6,49,5,0,185,68,14,9,68,7,173,269,100,81,1876,35,2359,33,14,8,70,0,120,28,9,0,21,0,55,61,10,5,10,3,90,395,223,150,3647,49,4463,127,59,33,406,7,625,8,0,0,0,0,9,4,7,0,14,0,22,3,0,0,0,0,4,32,10,3,50,3,100,152,36,17,21,4,227,209,71,48,35,5,365,53,20,9,49,3,136,26,4,5,31,0,66,520,210,155,2878,42,3806,3,4,5,3,0,13,113,13,11,4,0,139,51,13,7,54,0,122,10,0,0,0,0,11,0,0,0,0,0,0,15,4,3,0,0,20,82,34,17,101,0,239,621,159,116,609,21,1538,34,15,10,320,3275,3656,4185,1773,1410,25114,3789,36272
LGA34570,0,3,0,30,0,33,0,3,0,526,0,530,0,0,0,0,0,0,0,0,0,0,0,0,0,0,0,0,0,0,4,3,0,27,0,32,0,0,0,0,0,0,0,0,0,0,0,0,0,0,0,0,0,3,0,0,0,0,0,0,0,0,0,0,0,0,0,0,0,0,0,0,3,0,0,3,0,8,0,0,0,0,0,0,0,0,0,0,0,0,0,0,0,0,0,0,0,0,0,0,0,0,0,0,0,0,0,0,0,0,0,0,0,3,0,0,0,0,0,3,0,0,0,0,0,0,0,0,0,0,0,0,0,0,0,3,0,3,0,0,0,0,0,0,0,0,0,0,0,0,0,0,0,0,0,0,0,0,0,0,0,0,0,0,0,0,0,0,0,0,0,0,0,0,0,0,0,0,0,0,6,3,0,119,3,133,0,0,0,20,69,91,13,9,3,616,74,712
LGA34580,164,1083,837,13390,303,15771,0,9,0,111,0,122,471,13,7,76,0,570,16,8,0,11,0,31,254,90,66,164,7,583,2038,986,723,10042,279,14071,179,4,49,5,6,248,71,8,13,65,3,155,308,165,120,4352,86,5035,13,13,0,34,0,59,31,12,3,12,0,64,178,8,0,15,0,202,373,223,134,3188,70,3978,119,42,21,344,7,528,133,0,4,0,0,137,10,3,0,20,0,31,0,0,0,0,0,3,37,20,7,59,0,124,95,30,17,18,3,165,160,67,73,41,0,334,63,16,10,82,3,171,28,4,3,23,0,59,522,264,172,2522,65,3537,5,3,0,0,3,16,65,20,3,3,0,84,43,10,7,24,0,91,13,0,4,0,0,23,22,0,0,0,0,24,68,0,0,0,0,68,84,8,11,91,0,193,1366,125,129,415,27,2063,92,26,13,520,3075,3731,5810,1945,1450,25655,3747,38609
LGA34590,3458,11910,9270,74142,1515,100302,15,70,40,1017,24,1165,6626,180,326,644,79,7858,831,101,68,162,15,1183,2404,743,443,1211,44,4843,30816,10075,8055,61083,1697,111726,3293,125,527,114,37,4095,824,98,78,558,17,1574,3741,1211,879,10461,217,16503,591,236,109,590,21,1553,825,135,45,162,12,1175,4747,186,134,134,42,5238,5960,2120,1550,18831,330,28786,1476,710,329,2740,58,5314,1168,6,35,3,3,1217,478,144,51,149,0,821,164,20,11,33,0,229,346,144,97,318,13,914,8044,637,482,213,156,9531,4242,1145,799,387,64,6628,974,192,111,439,11,1736,585,117,92,212,5,1014,7706,2287,1744,15191,292,27217,820,84,64,55,8,1024,1090,145,126,56,11,1424,1223,115,89,262,13,1704,444,38,28,35,0,541,350,47,33,35,8,480,1373,48,55,38,26,1531,744,163,109,567,15,1602,36596,2691,2154,3150,577,45164,1755,241,173,1916,17381,21479,106162,21202,16558,137978,21482,303386
LGA34710,11,80,71,1499,36,1691,0,0,3,23,0,26,7,0,0,21,0,25,3,5,0,0,0,10,13,8,0,14,0,35,117,69,49,1160,29,1433,13,0,7,0,3,22,3,0,0,3,0,5,15,13,9,177,3,214,0,0,0,3,0,4,0,0,0,0,0,0,11,0,0,0,0,17,30,23,17,389,7,462,15,3,3,27,0,48,0,0,0,0,0,0,3,0,0,0,0,3,0,0,0,0,0,0,0,0,0,0,0,0,26,3,3,0,0,35,5,5,6,8,0,23,3,3,0,3,0,6,0,0,0,0,0,3,27,11,21,374,3,438,0,0,0,0,0,0,3,0,3,0,0,4,4,0,0,0,0,7,3,0,0,0,0,3,0,0,0,0,0,0,0,0,0,0,0,0,0,0,0,19,0,20,46,5,0,34,6,84,9,0,0,36,309,354,292,132,119,2737,381,3660
LGA34770,571,3119,2519,40522,700,47426,6,29,11,556,7,611,545,28,53,485,12,1122,40,18,16,33,3,109,672,228,157,437,22,1513,5673,2616,2203,32419,713,43630,1593,34,219,62,14,1919,184,34,20,233,10,483,872,386,327,5889,98,7568,59,45,18,188,7,304,67,26,6,37,5,146,763,37,19,54,3,877,1180,719,546,10899,159,13499,655,355,153,2245,48,3452,37,0,6,7,0,53,12,5,8,18,0,42,7,3,0,0,0,12,927,390,240,1988,33,3578,529,84,61,69,15,762,599,270,160,126,6,1162,132,43,29,159,3,365,78,34,16,134,6,266,1573,798,592,9397,134,12493,32,3,3,10,0,52,601,51,35,21,12,715,225,17,20,128,5,388,99,6,5,23,0,124,10,7,0,0,0,13,80,3,3,3,0,90,211,53,46,338,5,657,2769,545,457,2842,112,6716,200,62,57,1138,8503,9961,16682,5958,4677,77544,10103,114969
LGA34800,0,12,16,341,6,375,0,0,0,0,0,0,0,0,0,3,0,4,0,0,0,0,0,0,4,4,0,4,0,11,23,8,10,247,11,309,0,0,0,0,0,0,0,0,0,3,0,8,7,0,0,38,0,43,0,0,0,4,0,6,0,0,0,0,0,0,3,0,0,0,0,9,4,4,0,62,3,87,3,0,0,26,3,28,0,0,0,0,0,0,0,0,0,0,0,0,0,0,0,0,0,0,0,0,0,0,0,4,3,0,0,0,0,0,3,0,0,0,0,5,0,0,0,0,0,3,0,0,0,0,0,0,9,0,0,59,0,76,0,0,0,0,0,0,0,0,0,0,0,3,0,0,0,0,0,0,0,0,0,0,0,0,0,0,0,0,0,0,0,0,0,0,0,0,3,0,0,3,0,3,10,0,4,10,0,25,0,0,0,12,62,72,61,28,20,608,79,796
LGA34830,0,4,0,60,3,66,0,4,0,208,3,212,0,0,0,3,0,3,0,0,0,0,0,0,0,0,0,0,0,0,0,0,0,11,0,17,0,0,0,0,0,0,0,0,0,0,0,0,3,0,0,3,0,4,0,0,0,0,0,0,0,0,0,0,0,0,0,0,0,0,0,0,0,0,0,0,0,0,0,0,0,0,0,0,0,0,0,0,0,0,0,0,0,0,0,0,0,0,0,0,0,0,0,0,0,0,0,0,0,0,0,0,0,0,0,0,0,0,0,0,0,0,0,0,0,0,0,0,0,0,0,0,0,0,0,0,0,9,0,0,0,0,0,0,0,0,0,0,0,0,0,0,0,0,0,0,0,0,0,0,0,0,0,0,0,0,0,0,0,0,0,0,0,0,0,0,0,0,0,0,0,3,0,114,0,120,0,0,0,0,6,8,3,5,0,283,16,310
LGA34860,31,217,185,5381,128,5942,0,0,0,43,0,46,46,0,5,44,0,94,3,0,0,7,0,14,24,3,14,10,0,58,302,169,158,3895,90,4618,159,0,4,3,3,166,16,3,3,12,0,36,35,17,28,697,11,789,8,0,0,14,0,18,6,0,0,0,0,7,94,3,0,6,0,110,79,34,45,1278,22,1463,12,6,11,89,4,124,9,0,0,0,0,9,4,0,0,0,0,4,0,0,0,0,0,0,0,0,0,0,0,3,38,0,0,10,0,48,42,4,4,3,0,52,12,0,0,18,0,26,7,0,3,0,0,12,67,68,41,1114,28,1319,0,0,0,0,0,0,24,5,0,0,0,34,10,3,3,5,0,24,3,0,0,0,0,3,0,0,0,0,0,0,0,0,0,0,0,0,11,11,3,35,0,58,189,17,24,88,6,323,28,5,3,190,1120,1345,1030,354,321,9608,1349,12666
LGA34880,156,579,474,6389,171,7773,3,8,5,553,10,581,91,11,8,122,5,239,105,18,6,47,0,179,191,43,25,63,3,323,1227,430,346,4209,160,6369,106,0,19,6,0,139,82,10,9,42,0,147,347,70,50,622,14,1107,50,5,4,43,3,107,29,4,4,3,0,41,69,8,3,7,0,88,283,108,87,1609,41,2125,1116,224,96,834,30,2302,38,0,0,0,0,38,0,0,0,9,0,16,0,0,0,0,0,0,14,11,3,23,0,52,48,6,5,6,3,65,76,22,21,8,3,136,45,3,6,15,0,76,23,0,3,11,0,30,304,126,91,1178,36,1736,9,3,0,0,0,12,45,3,4,3,0,50,84,19,3,47,3,152,16,0,3,0,0,22,8,0,0,4,0,15,15,3,0,0,0,22,34,3,3,38,0,77,917,115,140,339,25,1535,66,25,12,179,2906,3182,4612,1124,861,11656,3300,21557
LGA35010,2857,17332,13242,127126,2121,162676,12,95,43,1369,35,1564,3736,222,323,1109,46,5439,454,106,31,170,6,765,3563,1020,687,1815,68,7160,42931,16239,11785,108531,2479,181963,3830,113,682,132,61,4823,1342,239,161,947,24,2718,4533,1898,1230,18810,292,26774,539,204,97,752,18,1618,727,178,57,231,13,1210,4046,196,140,194,35,4611,8451,3660,2457,37285,583,52432,2835,1279,546,5028,97,9783,659,5,35,24,3,732,162,68,25,160,3,419,77,18,9,23,3,129,504,230,127,579,18,1455,4720,539,390,241,77,5958,4570,1389,1182,470,69,7681,1182,250,145,746,26,2348,622,68,73,310,5,1077,10340,3858,2804,29238,491,46730,237,30,31,38,9,343,2701,201,178,83,9,3173,1170,126,69,436,12,1812,464,63,43,64,3,637,132,25,8,5,0,172,488,23,54,14,13,597,1465,298,225,1282,25,3296,18954,3113,2350,5238,320,29977,1102,274,211,2854,22786,27225,100079,31042,22971,243183,28022,425302
LGA35250,0,5,3,91,0,99,0,12,0,866,7,885,4,0,0,6,0,7,0,0,0,0,0,0,4,0,0,3,0,3,3,3,3,29,0,49,8,0,0,0,0,10,4,0,0,0,0,3,3,0,0,8,0,14,0,0,0,0,0,0,0,0,0,0,0,0,7,0,0,0,0,7,3,3,0,19,0,24,0,0,0,3,0,3,0,0,0,0,0,0,0,0,0,0,0,0,0,0,0,0,0,0,0,0,0,0,0,0,0,0,0,0,0,0,0,0,0,0,0,3,0,0,0,0,0,0,0,0,0,0,0,0,0,0,0,12,0,13,0,0,0,0,0,0,0,0,0,0,0,0,0,0,0,0,0,0,0,0,0,0,0,0,0,0,0,0,0,0,0,0,0,0,0,0,0,0,0,0,0,0,15,0,0,22,0,31,0,0,0,13,64,79,45,18,10,1005,65,1143
LGA35300,121,529,480,6399,116,7647,0,16,12,558,3,589,95,9,5,154,4,269,11,6,0,5,0,19,74,29,21,69,3,185,938,385,346,3907,85,5657,463,7,90,27,3,587,24,3,6,45,0,84,194,46,49,612,3,914,19,4,8,30,0,64,23,7,0,3,0,32,195,3,5,7,0,208,252,137,86,1541,20,2043,87,49,21,295,3,461,3,0,0,0,0,3,0,0,5,5,0,14,0,0,0,0,0,0,12,4,4,30,0,50,365,38,15,6,3,427,151,57,30,26,3,266,28,12,3,21,0,59,15,0,3,9,0,27,279,104,60,1117,12,1574,8,3,0,0,0,12,82,5,4,4,0,99,68,4,9,25,0,99,28,3,4,3,0,43,3,0,0,0,0,3,13,0,7,0,0,22,33,10,3,40,0,83,986,105,117,272,21,1493,59,11,4,180,2087,2338,3627,930,800,11009,2309,18671
LGA35600,5,54,93,1969,50,2170,0,0,0,63,0,67,28,0,0,6,4,44,0,0,0,0,0,0,8,0,3,23,0,42,82,61,41,1348,53,1585,17,0,9,0,3,32,0,0,0,10,0,7,11,3,12,234,5,263,0,3,0,4,0,8,0,3,0,0,0,4,9,0,0,5,0,16,15,23,11,440,8,493,7,3,3,21,0,30,0,0,0,0,0,0,0,0,0,0,0,0,0,0,0,0,0,0,0,0,4,0,0,3,13,0,15,0,4,29,7,7,5,0,0,22,0,0,0,6,0,11,0,0,0,0,0,0,12,17,6,317,3,356,0,0,0,0,0,0,4,0,0,0,0,4,0,0,0,4,0,4,0,0,0,0,0,0,0,0,0,0,0,0,86,0,0,3,4,86,6,0,0,8,0,10,48,11,11,46,0,116,0,3,3,59,254,325,314,117,126,3393,362,4307
LGA35670,0,0,0,204,4,208,0,3,0,604,6,613,0,0,0,0,0,0,0,0,0,0,0,0,0,0,0,0,0,0,0,0,0,41,0,44,0,0,0,0,0,0,0,0,0,0,0,0,0,0,0,3,0,3,0,0,0,0,0,0,0,0,0,0,0,0,0,0,0,0,0,0,0,0,0,0,0,5,0,0,0,3,0,3,0,0,0,0,0,0,0,0,0,0,0,0,0,0,0,0,0,0,0,0,0,0,0,0,0,0,0,0,0,0,0,0,0,0,0,0,0,0,0,0,0,0,0,0,0,0,0,0,0,0,0,3,0,3,0,0,0,0,0,0,0,0,0,0,0,0,0,0,0,0,0,0,0,0,0,0,0,0,0,0,0,0,0,0,0,0,0,0,0,0,0,0,0,0,0,0,12,0,0,299,3,315,0,0,0,3,8,14,11,3,0,910,24,957
LGA35740,291,2031,1631,13455,274,17684,0,9,7,86,9,108,207,27,37,101,0,364,61,22,3,21,0,102,610,137,112,194,7,1056,6895,1951,1573,13397,305,24127,168,7,67,7,0,245,289,42,19,163,3,520,912,241,172,1984,44,3344,105,50,17,97,7,271,102,30,10,14,0,165,178,14,3,18,0,207,1191,469,356,5040,89,7141,453,166,51,559,18,1251,35,0,9,0,0,51,18,8,3,31,0,61,18,3,0,0,0,23,65,27,15,38,0,148,169,32,33,23,3,264,396,128,69,38,0,630,210,24,34,100,3,366,69,14,8,34,3,132,1532,518,374,4201,80,6700,16,3,3,8,0,29,221,19,28,11,0,278,127,14,12,54,3,209,28,3,3,8,0,47,18,0,3,3,3,26,38,0,5,0,0,45,228,34,25,189,5,483,1771,364,302,662,39,3142,105,24,26,297,3134,3596,12823,3785,2926,28794,3816,52149
LGA35760,40,206,156,4064,105,4567,0,0,3,76,3,82,43,0,0,38,0,82,3,0,0,0,0,4,51,17,9,29,0,111,350,189,149,3016,98,3805,97,0,8,0,3,111,26,0,0,26,0,52,82,54,17,995,26,1180,5,0,0,3,0,10,4,3,0,4,0,11,10,3,3,7,0,24,79,38,30,764,19,926,39,14,0,54,0,99,75,0,3,0,0,79,3,0,0,3,0,8,0,0,0,0,0,0,0,0,0,3,0,3,13,3,3,3,0,29,21,8,9,4,0,39,7,4,3,19,0,27,4,0,0,4,0,9,92,48,51,770,25,991,0,0,0,0,0,0,4,0,4,0,0,14,13,0,3,5,0,26,9,0,0,0,0,9,0,0,0,0,0,3,0,0,0,0,0,0,12,4,4,21,0,41,280,28,26,92,12,439,17,11,6,131,1104,1263,1137,386,284,7354,1324,10478
LGA35780,0,16,20,262,6,295,0,4,0,1392,5,1403,0,0,0,4,0,9,0,0,3,0,0,0,3,0,0,3,0,5,26,16,14,94,3,144,10,0,7,3,0,16,0,0,0,0,0,0,16,0,0,7,0,18,0,0,0,0,0,0,0,0,0,0,0,3,4,0,0,0,0,6,4,0,9,41,3,55,0,0,0,7,0,12,0,0,0,0,0,0,0,0,0,0,0,0,0,0,0,0,0,0,0,0,0,0,0,0,4,0,0,4,0,16,0,0,0,0,0,0,3,0,0,0,0,3,0,0,0,0,0,0,3,10,3,20,0,38,0,0,0,0,0,0,0,0,0,0,0,0,0,0,0,0,0,0,0,0,0,0,0,0,0,0,0,0,0,0,0,0,0,0,0,0,0,0,0,0,0,0,30,11,15,2077,10,2145,0,0,0,17,91,112,90,33,44,2510,113,2796
LGA35790,0,8,5,119,6,142,0,9,0,2144,11,2167,0,0,0,0,0,0,0,0,0,0,0,0,0,0,0,0,0,0,10,3,3,30,5,56,0,0,0,0,0,0,0,0,0,0,0,0,3,0,0,3,0,9,0,0,0,0,0,0,0,0,0,0,0,0,0,0,0,0,0,0,0,0,0,20,0,21,0,0,0,7,0,9,0,0,0,0,0,0,0,0,0,0,0,0,0,0,0,0,0,0,0,0,0,0,0,0,3,0,0,0,0,3,3,0,0,0,0,3,0,0,0,0,0,0,0,0,0,0,0,0,3,3,0,17,0,17,0,0,0,0,0,0,0,0,0,0,0,0,0,0,0,0,0,0,0,0,0,0,0,0,0,0,0,0,0,0,0,0,0,0,0,0,4,0,0,0,0,3,21,7,0,381,3,415,0,0,0,12,38,55,46,23,9,2301,61,2446
LGA35800,4,38,15,837,15,910,0,3,0,46,0,48,0,0,0,0,0,3,0,0,0,0,0,0,3,0,3,4,0,10,33,25,18,530,11,609,0,0,0,0,0,0,3,0,0,3,0,7,7,6,0,63,0,76,0,0,0,0,0,0,0,0,0,0,0,0,3,0,0,0,0,3,9,4,5,149,0,167,0,0,0,10,0,7,0,0,0,0,0,0,0,0,0,0,0,0,0,0,0,0,0,0,0,0,0,0,0,6,4,0,0,0,0,9,4,0,0,0,0,5,3,0,0,5,0,9,3,0,0,0,0,3,10,12,5,116,0,136,0,0,0,0,0,0,3,0,0,0,0,3,0,0,0,6,0,6,0,0,0,0,0,0,0,0,0,0,0,0,0,0,0,0,0,0,0,0,0,0,0,0,12,3,0,12,0,31,0,0,0,29,104,133,72,49,24,1370,121,1640
LGA36070,0,5,9,65,0,85,0,0,0,575,0,578,3,0,0,0,0,3,0,0,0,0,0,0,0,0,3,0,0,3,6,3,3,25,0,39,4,0,3,0,0,4,0,0,0,0,0,0,0,0,0,11,0,8,0,0,0,0,0,0,0,0,0,0,0,0,0,0,0,0,0,0,3,0,0,17,0,20,0,0,0,0,0,3,0,0,0,0,0,0,0,0,0,0,0,0,0,0,0,0,0,0,0,0,0,0,0,0,3,0,0,0,0,3,0,0,0,0,0,0,0,0,0,0,0,0,0,0,0,0,0,0,0,0,0,16,0,19,0,0,0,0,0,0,0,0,0,0,0,0,0,0,0,0,0,0,0,0,0,0,0,0,0,0,0,0,0,0,0,0,0,0,0,0,0,0,0,0,0,0,11,0,0,26,0,41,0,0,0,9,15,23,34,4,8,688,17,749
LGA36150,3,14,27,353,9,397,0,0,0,0,4,5,0,0,0,0,0,0,0,0,0,0,0,0,0,0,0,0,0,4,24,13,21,262,8,329,0,0,0,0,0,0,0,0,0,0,0,0,0,3,4,51,4,58,0,0,0,6,0,7,0,0,0,0,0,0,0,0,0,3,0,3,4,4,9,125,3,146,0,0,0,6,0,7,0,0,0,0,0,0,0,0,0,0,0,0,0,0,0,0,0,0,0,0,0,0,0,0,0,0,0,0,0,5,5,0,3,3,0,15,0,3,0,0,0,3,0,0,0,0,0,0,10,3,3,71,0,86,3,0,0,0,0,3,0,0,0,0,0,0,0,0,0,0,0,0,0,0,0,0,0,0,0,0,0,0,0,0,0,0,0,0,0,0,0,0,0,0,0,0,8,0,10,5,0,26,0,0,0,13,36,48,56,20,35,646,51,813
LGA36250,904,6125,4618,40222,655,52524,4,23,14,407,12,463,1272,80,157,302,19,1837,314,61,30,131,7,548,1611,403,283,641,23,2959,18979,5819,4474,36669,778,66727,829,33,156,20,16,1055,503,86,58,325,8,984,1808,627,434,6299,102,9274,392,148,60,407,13,1016,263,61,24,77,7,427,1047,45,42,47,10,1201,3701,1233,960,12570,190,18660,1070,468,223,1736,29,3527,100,0,15,10,0,121,116,29,16,87,3,257,44,9,3,16,0,71,243,58,59,187,5,554,1505,207,149,54,28,1951,1672,554,405,175,19,2828,596,113,91,254,10,1058,296,51,51,170,15,586,4851,1515,1033,10330,193,17912,146,13,9,28,0,199,1327,109,78,27,3,1537,354,47,20,157,3,592,168,26,18,18,4,227,68,18,4,5,0,93,202,0,23,3,0,226,617,114,74,480,0,1293,5987,1059,856,1758,116,9774,338,78,63,757,6018,7254,39804,11190,8456,79836,7728,147010
LGA36300,3,12,18,350,14,385,0,0,0,0,0,0,0,0,0,12,0,8,0,0,0,0,0,0,4,0,0,6,0,8,24,11,5,256,11,300,0,0,0,0,0,0,3,0,0,6,0,6,4,0,0,27,0,31,0,0,0,0,0,0,0,0,0,0,0,0,0,0,0,0,0,0,4,3,0,94,0,97,0,3,0,6,0,12,0,0,0,0,0,0,0,0,0,0,0,0,0,0,0,0,0,0,0,0,0,0,0,3,3,0,0,0,0,4,3,0,5,0,0,5,0,0,0,0,0,3,0,0,0,0,0,0,3,0,4,68,3,81,0,0,0,0,0,0,0,0,0,0,0,0,0,0,0,7,0,7,0,0,0,0,0,0,0,0,0,0,0,0,0,0,0,0,0,0,0,0,0,0,0,3,8,3,0,6,0,24,0,0,0,11,54,69,53,22,24,620,75,791
LGA36370,266,1949,1465,31644,638,35962,0,16,5,766,22,809,427,32,37,373,12,886,23,8,3,39,0,67,288,113,77,301,3,779,2412,1744,1270,24713,493,30625,854,10,143,30,9,1044,84,25,16,175,4,296,371,264,184,4702,67,5591,44,20,5,119,0,186,32,15,0,24,0,74,646,20,14,32,4,714,483,402,276,8184,107,9454,124,108,44,767,18,1068,81,3,8,0,0,94,12,8,3,40,0,59,0,4,0,0,0,7,24,19,6,111,3,165,230,76,55,33,3,402,197,131,101,87,3,512,57,32,6,118,0,219,51,9,6,67,0,136,632,409,321,6206,87,7657,3,3,0,10,0,19,200,17,17,11,3,242,103,7,6,86,4,210,166,9,0,3,0,181,12,3,0,0,0,14,406,0,13,3,6,426,79,34,33,221,9,374,2154,345,281,1501,57,4344,108,27,26,850,5591,6604,8670,3432,2578,58262,6781,79726
LGA36510,235,1382,1048,13118,319,16111,0,5,7,147,4,159,93,10,16,79,0,204,44,3,3,9,0,59,385,109,65,186,10,748,3545,1275,1001,10424,324,16571,110,9,39,11,0,170,89,20,15,90,8,219,439,178,159,3146,79,4001,40,30,7,66,3,143,46,8,6,17,0,82,90,8,0,19,0,117,612,240,235,3671,80,4841,144,59,28,274,9,513,90,0,0,3,0,94,15,0,0,13,0,28,10,3,0,4,0,18,32,9,4,32,0,84,116,17,22,11,5,168,317,104,73,29,16,532,112,29,9,90,3,245,54,7,8,22,0,101,880,352,263,2865,69,4433,25,0,5,0,0,36,78,7,7,3,0,98,43,14,8,38,3,104,11,3,4,3,0,21,3,3,0,3,0,16,12,0,0,0,0,16,119,21,18,90,5,254,961,205,192,422,23,1801,67,24,24,396,2921,3423,6809,2458,1908,25273,3627,40072
LGA36580,106,759,592,9070,219,10739,0,0,3,63,3,77,106,0,0,42,4,155,18,6,0,13,0,32,187,48,27,124,3,391,1588,697,547,6564,211,9603,347,0,33,4,5,387,54,9,4,41,0,107,216,113,90,2157,43,2617,10,13,3,32,0,61,19,10,0,7,0,32,32,6,3,18,0,57,260,154,113,1849,51,2431,55,21,10,182,10,275,35,0,0,0,0,35,0,0,0,3,0,9,3,3,0,3,0,8,18,6,7,33,0,65,78,24,13,7,4,125,127,39,53,26,6,248,41,15,9,38,3,100,29,4,3,14,0,54,407,184,128,1849,54,2620,0,0,0,0,0,5,41,3,0,3,0,47,41,3,0,22,0,71,6,0,0,3,0,7,3,0,0,0,0,3,81,0,4,0,3,90,51,19,10,83,0,159,453,86,78,227,7,854,56,23,12,299,1791,2170,3552,1325,1014,16460,2241,24597
LGA36630,126,840,649,12199,265,14075,0,3,0,258,0,262,80,10,16,56,3,165,13,4,3,5,0,21,191,39,38,113,3,378,1605,904,601,9767,276,13157,257,0,32,3,10,299,52,5,11,59,3,131,294,147,101,3194,60,3794,11,7,5,27,0,55,27,5,7,10,0,54,51,10,3,14,0,79,269,184,123,2810,65,3449,78,53,24,201,4,362,5,0,0,0,0,4,10,6,3,13,0,29,4,0,0,0,0,4,23,0,0,23,0,51,85,22,15,14,5,136,108,49,35,35,5,225,46,16,3,62,5,126,8,3,4,12,0,37,370,229,131,2385,46,3160,8,0,0,0,0,6,35,5,0,4,0,52,38,5,6,31,0,76,29,0,0,5,0,35,0,3,0,0,0,3,18,0,5,0,0,24,42,16,7,66,8,132,430,113,80,399,27,1039,37,23,11,433,2146,2658,3468,1626,1149,23198,2742,32186
LGA36660,122,934,701,12811,270,14840,0,10,3,138,13,160,143,9,14,97,4,270,41,3,6,8,3,68,246,62,34,117,11,474,1631,930,691,10878,293,14426,176,0,31,9,3,220,54,9,4,58,0,127,256,102,70,2100,46,2577,19,20,9,38,0,84,31,4,3,9,0,51,101,0,12,12,0,130,319,200,123,4189,104,4939,589,142,44,686,22,1480,78,0,0,3,0,87,5,0,9,9,0,26,10,0,0,0,0,10,16,4,3,15,0,40,73,20,15,16,0,128,91,47,25,19,0,183,64,11,6,61,0,147,24,7,0,17,0,58,428,221,188,2927,63,3816,16,3,0,0,0,14,57,3,10,3,0,69,48,11,6,28,0,90,6,0,0,4,0,13,9,0,0,0,0,9,10,0,0,0,3,17,44,19,11,89,3,170,663,134,96,368,21,1282,50,14,13,390,1963,2424,4432,1755,1265,25040,2624,35110
LGA36720,1756,11654,9292,84898,1574,109172,3,42,27,660,9,747,1459,157,163,692,41,2506,340,78,28,130,12,590,2971,747,522,1323,59,5620,33373,11233,8593,77256,1755,132209,1125,56,321,58,16,1582,1078,182,153,811,20,2241,3915,1284,901,13338,258,19686,445,216,79,566,5,1315,428,96,46,110,14,685,1604,88,62,89,11,1849,6384,2450,1793,27182,491,38299,1991,857,396,3333,81,6652,425,4,18,8,0,453,104,54,27,110,3,297,40,17,3,13,0,75,383,186,84,413,10,1074,1362,221,171,127,15,1891,2925,947,729,293,42,4935,842,174,107,506,19,1649,361,60,62,179,5,675,7967,2848,2096,22460,445,35815,113,24,10,36,7,183,1593,163,132,53,7,1946,574,106,68,324,5,1066,205,25,25,33,0,290,67,9,8,16,0,104,209,9,21,10,0,253,1146,260,167,1057,27,2659,9626,1987,1807,3644,168,17233,604,142,131,1920,16085,18876,66218,21266,16342,170636,19900,294367
LGA36820,129,774,609,8488,218,10219,3,4,8,212,7,232,47,11,13,115,4,189,24,4,0,16,0,42,207,40,32,89,0,373,1578,722,558,6521,195,9578,117,0,10,0,3,135,65,10,11,59,0,140,353,110,67,936,29,1491,23,12,3,45,0,79,21,3,0,10,0,33,55,5,3,13,0,76,296,176,130,2518,72,3195,422,169,79,823,10,1505,14,0,0,0,0,13,3,0,0,11,0,17,0,0,0,0,0,0,19,10,5,30,0,67,57,8,16,21,3,95,96,27,22,15,0,168,47,16,8,30,0,106,14,6,8,20,0,51,391,200,135,1993,37,2748,3,0,0,3,0,11,43,11,3,0,0,59,22,0,3,41,0,68,7,0,0,0,0,7,3,0,0,0,0,8,6,3,0,4,0,10,67,17,6,72,3,168,654,150,138,387,16,1346,46,19,10,293,1904,2274,3887,1492,1136,15941,2367,24827
LGA36910,581,4127,3116,56369,938,65135,3,16,6,577,9,613,1309,43,65,358,12,1788,80,32,7,57,0,172,934,256,183,636,25,2034,6588,4002,3059,47583,919,62159,1130,22,206,56,31,1440,228,36,36,363,9,670,1021,651,484,15733,238,18123,87,62,19,179,3,351,111,26,20,69,3,229,1404,44,18,44,15,1523,1413,1025,715,18600,291,22044,450,251,112,1442,35,2282,216,0,22,15,0,250,44,43,25,184,0,297,11,0,3,8,0,22,60,30,22,78,4,188,330,91,59,55,3,533,430,258,197,130,6,1016,209,65,40,319,3,638,75,22,27,95,3,230,1758,1084,790,13549,194,17367,34,3,0,5,0,41,461,41,28,44,3,573,221,20,17,122,4,391,263,4,8,7,0,279,30,7,0,5,0,42,125,8,13,16,5,156,238,74,57,516,10,895,6472,692,572,1888,84,9703,304,61,39,1404,10194,12002,21909,7689,5789,113060,12319,160779
LGA36950,6,56,51,935,19,1072,0,4,3,416,7,434,7,5,3,54,0,73,0,0,0,0,0,0,4,6,3,7,0,21,72,26,27,256,3,388,3,0,0,19,0,29,5,0,3,0,0,8,14,3,0,48,0,65,3,4,0,0,0,5,0,0,0,0,0,0,10,0,0,0,0,11,18,3,7,132,3,163,9,5,3,14,0,31,0,0,0,0,0,0,0,0,0,3,0,3,0,0,0,0,0,0,3,0,0,5,0,8,5,3,0,3,0,18,7,3,4,0,0,16,3,0,0,0,0,3,3,0,0,0,0,3,25,8,5,97,0,130,0,0,0,0,0,0,4,0,3,0,0,3,3,0,0,6,0,8,0,0,0,0,0,0,0,0,0,0,0,0,0,0,0,0,0,0,0,0,0,4,0,3,106,75,47,1434,56,1719,18,3,0,75,476,563,274,131,99,2554,556,3610
LGA36960,7,9,12,176,3,205,3,4,9,440,7,464,0,0,0,0,0,3,0,0,0,0,0,0,7,0,0,3,0,8,7,4,3,55,0,67,0,0,0,11,0,13,0,0,0,17,0,15,0,0,0,5,0,8,0,0,0,0,0,0,0,0,0,0,0,0,0,0,0,0,0,0,0,3,3,19,0,30,0,0,0,3,0,3,0,0,0,0,0,0,0,0,0,0,0,0,0,0,0,0,0,0,0,0,0,0,0,3,3,0,0,3,0,8,10,3,5,3,0,18,0,0,0,0,0,0,0,0,0,0,0,0,3,0,5,45,4,51,0,0,0,0,0,0,0,0,0,0,0,0,0,0,0,3,0,3,0,0,0,0,0,0,0,0,0,0,0,0,0,0,0,0,0,0,0,0,0,3,0,5,220,111,102,3364,94,3886,10,4,8,65,268,357,258,127,126,3633,365,4514
LGA37010,954,6133,4967,62039,958,75058,14,109,35,1433,28,1620,1320,112,156,954,29,2570,118,32,19,96,3,267,998,349,238,846,16,2450,10334,5563,4332,50909,949,72083,1740,39,365,80,26,2258,437,97,67,457,17,1081,1660,746,530,7520,111,10561,354,163,93,655,12,1273,156,45,25,90,3,319,1841,60,40,87,7,2025,2269,1468,1108,19375,263,24486,1478,955,409,5686,70,8601,305,3,6,14,0,331,32,11,7,53,0,105,25,5,3,24,0,59,149,93,46,328,4,622,674,145,121,91,10,1044,980,451,308,190,12,1942,335,84,70,312,12,814,173,35,35,136,0,375,2889,1473,1204,13969,213,19740,47,21,14,19,3,102,532,56,53,42,3,684,443,89,44,343,8,931,235,24,8,15,3,288,35,3,3,15,0,49,337,7,19,3,3,376,356,98,66,568,12,1097,7493,1212,1172,3538,137,13555,373,83,67,1324,13594,15439,31140,11530,9064,119241,15780,186757
LGA37300,21,119,91,1624,27,1880,0,0,0,67,0,66,18,5,5,37,0,63,0,0,0,0,0,0,14,11,7,9,0,37,157,87,90,831,30,1205,48,0,10,6,0,70,6,0,0,8,0,15,19,12,12,162,8,212,0,0,0,3,0,0,3,0,0,3,0,5,13,3,0,6,0,19,31,24,10,329,7,406,8,16,0,74,0,102,3,0,0,0,0,3,0,0,0,0,0,0,0,0,0,0,0,0,4,0,0,7,0,10,20,0,5,3,0,31,15,0,4,6,0,31,3,3,4,20,0,27,0,0,0,3,0,3,48,24,16,230,0,316,0,0,0,0,0,0,6,0,0,0,0,11,3,0,0,0,0,0,0,0,0,0,0,3,0,0,0,0,0,0,0,0,0,0,0,5,6,3,0,5,0,17,127,30,9,170,0,334,3,3,0,48,359,409,453,210,164,2658,419,3905
LGA37310,87,608,532,13706,289,15220,0,8,0,140,10,156,77,3,15,78,7,175,16,3,0,17,0,38,133,56,39,140,4,370,898,586,472,9649,216,11816,391,3,34,14,7,455,18,3,3,47,0,76,192,91,63,2711,57,3114,4,11,3,34,0,46,14,0,0,13,0,26,190,3,0,7,7,211,220,138,91,3137,48,3635,45,26,14,198,3,291,13,0,0,0,0,13,7,0,3,11,0,21,0,0,0,0,0,3,12,10,0,14,0,37,90,12,10,19,0,137,85,44,32,32,3,194,18,3,6,55,0,82,13,0,6,14,3,36,247,149,140,2633,50,3221,5,3,0,4,0,13,81,11,7,7,0,106,48,3,3,30,0,85,11,0,0,4,0,10,3,0,0,0,0,8,14,0,0,0,0,14,27,12,0,72,3,109,536,77,84,315,23,1032,45,18,13,473,3352,3902,2874,1120,940,24604,3904,33444
LGA37340,188,972,899,11070,266,13397,0,9,3,195,3,218,305,11,22,86,12,430,20,10,0,8,0,38,215,55,37,105,10,424,2401,804,684,8256,255,12397,297,0,47,13,11,364,125,12,15,69,7,218,328,97,93,1240,30,1779,42,8,3,44,3,102,38,12,0,8,0,62,94,3,3,12,4,118,446,159,134,2463,49,3253,257,84,37,600,17,989,153,0,0,0,3,161,15,4,0,5,0,27,3,3,0,3,0,6,35,14,22,53,0,116,204,23,36,20,3,288,239,70,59,18,4,398,79,6,19,32,0,138,35,3,3,19,0,55,605,208,167,2201,48,3235,4,0,3,0,0,13,92,4,9,8,3,117,83,3,12,53,0,155,35,0,0,9,0,42,20,7,0,3,0,27,66,0,8,3,0,75,104,23,19,86,3,230,1085,157,176,626,53,2085,93,19,21,303,4054,4489,6117,1661,1490,19873,4644,33778
LGA37400,0,11,16,487,21,531,0,0,0,15,0,15,0,0,0,5,0,9,6,0,0,0,0,6,4,0,3,0,0,11,23,13,8,375,18,438,0,0,0,0,0,0,3,0,0,3,0,9,4,0,0,41,0,57,0,0,0,6,0,6,0,0,0,0,0,0,0,0,0,0,0,0,7,5,5,145,5,164,3,0,0,8,0,13,0,0,0,0,0,0,0,0,0,0,0,0,0,0,0,0,0,0,0,0,0,0,0,0,4,0,0,0,0,4,0,0,0,0,0,0,0,0,0,0,0,0,0,0,0,0,0,0,4,0,3,95,7,114,0,0,0,0,0,0,0,0,0,0,0,0,0,0,0,0,0,0,0,0,0,0,0,0,0,0,0,0,0,0,0,0,0,0,0,0,3,0,0,0,0,3,11,0,4,11,0,35,3,0,0,24,100,122,63,17,22,885,133,1134
LGA37550,0,0,3,56,0,59,0,8,0,826,3,831,0,0,0,0,0,0,0,0,0,0,0,0,0,0,0,0,0,0,3,0,0,12,0,21,0,0,0,0,0,0,0,0,0,0,0,0,0,0,0,0,0,4,0,0,0,0,0,0,0,0,0,0,0,0,0,0,0,0,0,0,0,0,0,9,0,8,0,0,0,0,0,0,0,0,0,0,0,0,0,0,0,0,0,0,0,0,0,0,0,0,0,0,0,0,0,0,0,0,0,0,0,0,0,0,0,0,0,0,0,0,0,0,0,0,0,0,0,0,0,0,3,0,0,0,0,3,0,0,0,0,0,0,0,0,0,0,0,0,0,0,0,0,0,0,0,0,0,0,0,0,0,0,0,0,0,0,0,0,0,0,0,0,0,0,0,0,0,0,7,0,0,44,0,52,0,0,0,7,45,54,14,4,3,889,52,962
LGA37570,0,0,0,17,0,17,0,0,0,244,0,243,0,0,0,0,0,0,0,0,0,0,0,0,0,0,0,0,0,0,4,0,0,12,0,15,0,0,0,0,0,0,0,0,0,0,0,0,0,0,0,0,0,3,0,0,0,0,0,0,0,0,0,0,0,0,0,0,0,0,0,0,0,0,0,4,0,4,0,0,0,0,0,0,0,0,0,0,0,0,0,0,0,0,0,0,0,0,0,0,0,0,0,0,0,0,0,0,0,0,0,0,0,0,0,0,0,3,0,3,0,0,0,0,0,0,0,0,0,0,0,0,0,0,0,0,0,0,0,0,0,0,0,0,0,0,0,0,0,0,0,0,0,0,0,0,0,0,0,0,0,0,0,0,0,0,0,0,0,0,0,0,0,0,0,0,0,0,0,0,0,0,0,3,0,3,0,0,0,0,4,9,4,4,0,266,5,282
LGA37600,0,3,0,78,0,78,0,4,0,2319,23,2346,0,0,0,3,0,3,0,0,0,0,0,0,0,0,0,0,0,0,3,3,0,23,0,23,0,0,0,0,0,0,0,0,0,0,0,0,0,0,0,0,0,0,0,0,0,0,0,0,0,0,0,0,0,0,0,0,0,0,0,0,0,0,0,4,0,4,0,0,0,3,0,3,0,0,0,0,0,0,0,0,0,0,0,0,0,0,0,0,0,0,0,0,0,0,0,0,0,0,0,0,0,0,0,0,0,0,0,0,3,0,0,0,0,3,0,0,0,0,0,0,3,0,0,11,0,17,0,0,0,0,0,0,0,0,0,0,0,0,0,0,0,0,0,0,0,0,0,0,0,0,0,0,0,0,0,0,0,0,0,0,0,0,0,0,0,0,0,3,3,3,0,159,0,163,0,0,0,34,59,94,7,13,3,2454,83,2559
LGA39499,60,362,215,3075,64,3784,0,7,3,82,5,90,221,5,8,36,9,279,10,4,0,4,0,17,139,31,15,24,4,215,1303,281,189,2144,73,4000,54,0,11,6,0,71,97,8,4,32,3,140,196,24,21,379,13,620,13,11,4,24,3,53,7,3,3,0,0,16,79,3,0,5,0,80,273,59,47,728,22,1123,139,35,9,91,0,270,38,0,0,0,0,45,3,3,0,3,0,5,3,0,0,0,0,3,17,3,0,10,0,26,90,6,12,5,3,106,101,22,18,11,3,152,37,7,6,16,0,71,14,0,0,4,0,17,294,88,58,623,19,1085,6,0,0,0,0,7,26,3,0,0,0,33,42,3,0,12,0,57,14,0,0,0,0,12,4,0,0,0,0,3,32,0,0,0,0,32,49,4,4,41,0,106,689,54,31,125,28,930,48,3,7,88,2462,2603,3384,603,387,5483,2658,12510
LGA39799,0,3,0,31,0,33,0,0,0,0,0,0,0,0,0,0,0,0,3,0,0,0,0,3,4,0,0,0,0,4,15,3,7,36,0,61,3,0,0,0,0,3,0,0,0,0,0,3,0,0,0,5,0,9,3,0,0,0,0,3,0,0,0,0,0,0,0,0,0,0,0,0,3,0,0,10,0,16,9,0,0,0,0,4,0,0,0,0,0,0,0,0,0,0,0,0,0,0,0,0,0,0,0,0,0,0,0,0,0,0,0,0,0,3,0,0,0,0,0,0,0,0,0,0,0,0,0,0,0,0,0,0,4,0,0,8,0,11,0,0,0,0,0,0,0,0,0,0,0,0,0,0,0,0,0,0,0,0,0,0,0,0,0,0,0,0,0,0,0,0,0,0,0,0,0,0,0,0,0,0,6,0,0,3,0,12,0,0,0,0,18,19,49,3,4,75,19,150
