LGA_CODE_2016,M_Tot_0,M_Tot_1_15,M_Tot_16_24,M_Tot_25_34,M_Tot_35_39,M_Tot_40,M_Tot_41_48,M_Tot_49over,M_Tot_hours_NS,M_Tot_Tot,F_AgriForestFish_0,F_AgriForestFish_1_15,F_AgriForestFish_16_24,F_AgriForestFish_25_34,F_AgriForestFish_35_39,F_AgriForestFish_40,F_AgriForestFish_41_48,F_AgriForestFish_49over,F_AgriForestFish_hours_NS,F_AgriForestFish_Tot,F_Min_0,F_Min_1_15,F_Min_16_24,F_Min_25_34,F_Min_35_39,F_Min_40,F_Min_41_48,F_Min_49over,F_Min_hours_NS,F_Min_Tot,F_Mnfg_0,F_Mnfg_1_15,F_Mnfg_16_24,F_Mnfg_25_34,F_Mnfg_35_39,F_Mnfg_40,F_Mnfg_41_48,F_Mnfg_49over,F_Mnfg_hours_NS,F_Mnfg_Tot,F_EGW_WS_0,F_EGW_WS_1_15,F_EGW_WS_16_24,F_EGW_WS_25_34,F_EGW_WS_35_39,F_EGW_WS_40,F_EGW_WS_41_48,F_EGW_WS_49over,F_EGW_WS_hours_NS,F_EGW_WS_Tot,F_Cnstn_0,F_Cnstn_1_15,F_Cnstn_16_24,F_Cnstn_25_34,F_Cnstn_35_39,F_Cnstn_40,F_Cnstn_41_48,F_Cnstn_49over,F_Cnstn_hours_NS,F_Cnstn_Tot,F_WTrade_0,F_WTrade_1_15,F_WTrade_16_24,F_WTrade_25_34,F_WTrade_35_39,F_WTrade_40,F_WTrade_41_48,F_WTrade_49over,F_WTrade_hours_NS,F_WTrade_Tot,F_RTrade_0,F_RTrade_1_15,F_RTrade_16_24,F_RTrade_25_34,F_RTrade_35_39,F_RTrade_40,F_RTrade_41_48,F_RTrade_49over,F_RTrade_hours_NS,F_RTrade_Tot,F_AccomFoodS_0,F_AccomFoodS_1_15,F_AccomFoodS_16_24,F_AccomFoodS_25_34,F_AccomFoodS_35_39,F_AccomFoodS_40,F_AccomFoodS_41_48,F_AccomFoodS_49over,F_AccomFoodS_hours_NS,F_AccomFoodS_Tot,F_TransPostWhse_0,F_TransPostWhse_1_15,F_TransPostWhse_16_24,F_TransPostWhse_25_34,F_TransPostWhse_35_39,F_TransPostWhse_40,F_TransPostWhse_41_48,F_TransPostWhse_49over,F_TransPostWhse_hours_NS,F_TransPostWhse_Tot,F_InfoMedTelecom_0,F_InfoMedTelecom_1_15,F_InfoMedTelecom_16_24,F_InfoMedTelecom_25_34,F_InfoMedTelecom_35_39,F_InfoMedTelecom_40,F_InfoMedTelecom_41_48,F_InfoMedTelecom_49over,F_InfoMedTelecom_hours_NS,F_InfoMedTelecom_Tot,F_FinInsurS_0,F_FinInsurS_1_15,F_FinInsurS_16_24,F_FinInsurS_25_34,F_FinInsurS_35_39,F_FinInsurS_40,F_FinInsurS_41_48,F_FinInsurS_49over,F_FinInsurS_hours_NS,F_FinInsurS_Tot,F_RentHirREserv_0,F_RentHirREserv_1_15,F_RentHirREserv_16_24,F_RentHirREserv_25_34,F_RentHirREserv_35_39,F_RentHirREserv_40,F_RentHirREserv_41_48,F_RentHirREserv_49over,F_RentHirREserv_hours_NS,F_RentHirREserv_Tot,F_ProScieTechServ_0,F_ProScieTechServ_1_15,F_ProScieTechServ_16_24,F_ProScieTechServ_25_34,F_ProScieTechServ_35_39,F_ProScieTechServ_40,F_ProScieTechServ_41_48,F_ProScieTechServ_49over,F_ProScieTechServ_hours_NS,F_ProScieTechServ_Tot,F_AdminSupServ_0,F_AdminSupServ_1_15,F_AdminSupServ_16_24,F_AdminSupServ_25_34,F_AdminSupServ_35_39,F_AdminSupServ_40,F_AdminSupServ_41_48,F_AdminSupServ_49over,F_AdminSupServ_hours_NS,F_AdminSupServ_Tot,F_PubAdmiSafety_0,F_PubAdmiSafety_1_15,F_PubAdmiSafety_16_24,F_PubAdmiSafety_25_34,F_PubAdmiSafety_35_39,F_PubAdmiSafety_40,F_PubAdmiSafety_41_48,F_PubAdmiSafety_49over,F_PubAdmiSafety_hours_NS,F_PubAdmiSafety_Tot,F_EducTrain_0,F_EducTrain_1_15,F_EducTrain_16_24,F_EducTrain_25_34,F_EducTrain_35_39,F_EducTrain_40,F_EducTrain_41_48,F_EducTrain_49over,F_EducTrain_hours_NS,F_EducTrain_Tot,F_HealthCareSocA_0,F_HealthCareSocA_1_15,F_HealthCareSocA_16_24,F_HealthCareSocA_25_34,F_HealthCareSocA_35_39,F_HealthCareSocA_40,F_HealthCareSocA_41_48,F_HealthCareSocA_49over,F_HealthCareSocA_hours_NS,F_HealthCareSocA_Tot,F_ArtRecServ_0,F_ArtRecServ_1_15,F_ArtRecServ_16_24,F_ArtRecServ_25_34,F_ArtRecServ_35_39,F_ArtRecServ_40,F_ArtRecServ_41_48,F_ArtRecServ_49over,F_ArtRecServ_hours_NS,F_ArtRecServ_Tot,F_OthServ_0,F_OthServ_1_15,F_OthServ_16_24,F_OthServ_25_34,F_OthServ_35_39,F_OthServ_40,F_OthServ_41_48,F_OthServ_49over,F_OthServ_hours_NS,F_OthServ_Tot
LGA30250,4,5,5,20,40,28,3,25,5,138,0,0,0,0,0,0,0,0,0,0,0,0,0,0,0,0,0,3,0,4,0,0,0,0,0,0,0,0,0,0,0,0,0,0,0,0,0,0,0,0,0,0,0,0,0,0,0,0,0,0,0,0,0,0,0,0,0,0,0,0,0,0,0,3,0,0,0,0,0,7,0,0,0,0,0,0,0,0,0,0,0,0,0,0,0,0,0,0,0,0,0,0,0,0,0,0,0,0,0,0,0,0,0,0,0,0,0,0,0,0,0,0,0,0,0,0,0,0,0,0,0,0,0,0,0,0,0,0,0,0,0,0,0,0,0,0,0,0,0,0,0,3,0,0,11,3,0,3,0,21,0,0,0,7,6,3,0,9,0,22,0,0,0,0,4,3,0,4,0,19,0,0,0,0,0,0,0,0,0,0,0,4,3,5,3,0,0,0,0,18
LGA30300,24,48,42,81,130,184,109,513,32,1162,12,29,18,18,21,34,3,72,3,203,0,0,0,0,0,0,0,0,0,0,0,0,3,3,0,0,0,3,0,9,0,0,0,0,0,0,0,0,0,0,0,5,3,3,4,3,0,0,0,16,0,5,0,4,4,3,3,0,0,21,0,25,15,29,18,6,4,12,0,124,0,14,10,7,3,4,3,7,0,54,0,3,4,0,0,3,3,0,0,17,0,0,0,0,0,0,0,0,0,4,0,0,4,3,0,6,3,0,0,17,0,0,0,0,0,0,0,0,0,8,0,0,4,8,0,4,0,4,0,26,0,10,7,4,0,0,0,3,0,30,3,7,0,5,10,5,7,5,0,47,7,28,24,39,8,12,14,24,0,161,13,18,33,31,41,38,9,12,3,199,0,0,0,0,0,0,0,0,0,3,3,0,3,6,3,3,0,0,0,23
LGA30370,165,194,105,131,568,576,534,1693,102,4066,12,63,41,42,15,82,30,215,12,507,7,7,7,10,11,12,27,65,4,145,8,26,4,13,34,22,10,12,0,130,3,3,7,7,15,9,5,12,0,57,3,12,4,7,4,10,7,10,3,63,3,4,7,10,18,9,3,5,0,54,17,75,67,73,54,30,17,23,3,364,5,63,34,40,23,15,17,24,4,214,0,17,9,5,4,9,5,7,0,60,0,3,0,0,3,0,0,0,0,13,6,0,12,9,12,5,5,3,0,48,4,8,3,0,5,3,4,5,0,33,3,10,17,18,24,5,7,8,0,97,0,21,13,20,17,19,7,18,0,116,8,13,20,18,33,28,10,5,3,132,22,57,45,93,53,47,40,71,3,432,25,33,73,104,72,53,15,33,3,424,0,3,3,0,0,0,0,0,0,14,9,20,19,25,13,17,9,8,6,117
LGA30410,22,24,6,34,107,155,77,312,16,766,3,12,3,10,8,19,9,96,6,166,0,0,0,0,0,0,0,0,0,0,0,0,0,3,0,0,0,0,0,6,0,0,0,0,0,0,0,0,0,7,0,3,0,0,0,0,0,0,0,11,0,0,3,0,0,0,0,0,0,8,0,8,10,8,12,4,5,9,0,61,0,11,4,4,0,0,4,10,0,32,0,3,3,0,4,10,0,5,0,26,0,6,0,3,0,0,0,0,0,3,0,0,0,0,0,0,0,0,0,3,0,0,0,0,0,0,0,3,0,3,0,0,4,3,9,0,0,3,0,18,0,8,3,0,0,6,0,3,0,22,3,3,3,10,19,8,4,0,0,51,3,15,12,36,10,7,7,18,0,100,12,5,17,21,16,26,6,15,0,117,0,0,0,0,0,0,0,3,0,6,0,4,3,3,3,0,0,0,0,11
LGA30450,3,3,7,3,5,19,10,50,0,98,0,0,0,0,0,3,0,15,0,26,0,0,0,0,0,0,0,0,0,0,0,0,0,0,0,0,0,0,0,0,0,0,0,0,0,0,0,0,0,0,0,0,0,0,0,0,0,0,0,0,0,0,0,0,0,0,0,0,0,0,0,0,0,0,0,0,0,3,0,5,0,0,0,0,0,0,0,4,0,7,0,0,0,0,0,0,0,0,0,0,0,0,0,0,0,0,0,0,0,0,0,0,0,0,0,0,0,0,0,0,0,0,0,0,0,0,0,0,0,0,0,0,0,0,0,0,0,0,0,0,0,0,0,0,0,0,0,0,0,0,0,0,0,0,3,4,0,3,0,21,0,3,0,0,0,0,3,4,0,8,0,0,0,0,0,0,0,0,0,3,0,0,0,0,0,0,0,0,0,0,0,0,0,0,0,0,0,0,0,0
LGA30760,21,22,20,28,53,91,39,212,14,492,3,0,7,8,4,14,3,48,7,98,0,0,0,0,0,0,0,0,0,0,0,3,0,0,0,0,0,0,0,8,0,0,0,0,0,0,0,0,0,0,0,0,0,0,0,0,0,0,0,4,0,0,0,3,0,4,0,0,0,12,3,11,3,11,9,4,3,5,0,48,0,3,3,6,0,0,0,9,3,31,0,3,0,3,0,0,0,0,0,13,0,0,0,0,0,0,0,0,0,0,0,3,0,0,0,0,0,0,0,4,0,0,0,0,0,0,0,3,0,3,0,3,0,0,0,0,0,0,0,9,0,3,3,0,0,0,0,0,0,11,0,3,3,3,12,6,4,0,0,38,10,8,6,13,6,3,4,9,0,58,8,5,15,13,9,18,0,11,3,82,0,0,0,0,0,0,0,0,0,3,0,0,0,0,0,0,0,0,0,9
LGA30900,3,4,0,4,9,14,8,77,4,121,0,0,0,0,3,4,6,32,0,44,0,0,0,0,0,0,0,0,0,0,0,0,0,0,0,0,0,0,0,0,0,0,0,0,0,0,0,0,0,0,0,0,0,0,0,0,0,0,0,0,0,0,0,0,0,0,0,0,0,0,0,0,0,0,0,4,3,3,0,9,0,0,0,0,0,0,0,0,0,6,0,0,0,0,0,0,0,0,0,0,0,0,0,0,0,0,0,0,0,0,0,0,0,0,0,0,0,0,0,0,0,0,0,0,0,0,0,0,0,0,0,0,0,0,0,0,0,0,0,0,0,0,0,0,0,0,0,0,0,0,0,3,3,0,6,0,0,3,0,15,0,3,0,9,0,0,0,3,0,15,0,0,0,0,0,0,0,0,0,3,0,0,0,0,0,0,0,0,0,0,0,0,0,0,0,0,0,0,0,0
LGA31000,6472,23417,19296,21072,55442,66183,34673,62591,4705,293858,21,145,131,112,133,134,53,112,14,859,142,48,118,142,354,584,306,452,9,2154,233,889,788,949,2238,1650,769,701,57,8276,91,55,135,168,367,501,215,187,3,1728,145,658,627,697,935,1243,517,674,41,5533,115,410,499,595,1260,1217,508,534,23,5158,814,6938,4529,4076,4376,2384,1394,1572,269,26345,564,6870,4022,3129,2368,1583,988,1456,274,21248,366,440,746,968,1875,1450,721,746,70,7379,141,378,383,448,935,678,345,452,17,3789,546,520,1009,1230,3038,2511,1077,1133,72,11137,173,682,604,685,1202,1324,600,879,33,6186,933,2702,2916,3031,4668,5323,2395,3395,140,25506,329,1775,1904,1297,1784,1599,730,1011,92,10510,1310,825,1710,2151,6612,4200,2021,1470,125,20414,1649,6582,5304,6034,6528,5345,3099,5121,262,39928,2877,5971,9160,10895,12631,8463,3258,3638,444,57350,204,1155,658,658,643,595,290,418,54,4676,270,1820,1434,1576,2045,1344,688,710,90,9977
LGA31750,8,3,3,3,11,14,12,65,10,123,0,0,0,3,0,3,0,13,0,27,0,0,0,0,0,0,0,0,0,0,0,0,0,0,0,0,0,0,0,0,0,0,0,0,0,0,0,0,0,0,0,0,0,0,0,0,0,4,0,4,0,0,0,0,0,0,0,0,0,0,0,0,0,0,0,0,0,0,0,3,0,0,0,0,0,0,0,10,0,9,0,0,0,0,0,0,0,0,0,0,0,0,0,0,0,0,0,0,0,0,0,0,0,0,0,0,0,0,0,0,0,0,0,0,0,0,0,0,0,0,0,0,0,0,0,0,0,0,0,0,0,0,0,0,0,0,0,0,0,0,0,0,0,3,12,4,0,4,0,26,0,0,0,7,0,0,0,3,0,7,0,0,0,0,0,0,0,0,0,0,0,0,3,0,0,0,0,0,0,3,0,0,0,0,0,0,0,0,0,0
LGA31820,540,1372,974,1536,3167,3149,2021,4264,413,17435,21,146,115,187,128,155,88,180,21,1053,3,3,3,0,3,3,5,26,0,50,8,62,72,73,89,87,58,43,3,488,0,5,7,8,14,7,0,0,0,37,12,54,46,51,54,50,12,33,8,316,7,29,28,28,44,33,17,10,3,199,79,561,379,464,419,142,98,143,16,2294,36,432,250,287,111,75,56,152,26,1422,13,59,36,41,42,26,20,30,3,267,3,14,9,19,29,18,13,8,0,110,32,20,42,45,117,46,26,36,3,360,3,34,27,34,100,30,20,32,0,294,22,109,67,93,128,99,46,46,3,613,14,167,111,90,96,63,21,38,6,616,44,60,54,68,261,95,50,41,5,663,75,290,317,537,294,208,167,284,17,2203,230,297,635,997,1069,534,208,284,47,4308,11,56,22,23,21,11,4,14,0,163,14,113,81,112,105,51,37,30,6,551
LGA31900,120,238,133,202,626,846,554,1449,123,4283,13,56,52,37,41,59,25,72,10,367,5,0,0,0,3,0,0,10,0,23,0,17,12,28,29,44,30,21,4,181,0,0,0,0,3,4,3,0,0,23,0,12,7,12,8,12,0,0,0,59,0,8,3,11,7,10,4,3,0,40,20,109,64,94,84,48,32,37,3,496,4,88,41,43,24,12,9,28,0,262,0,12,5,5,9,13,4,6,0,59,0,3,0,6,5,0,0,0,0,13,3,5,10,24,28,11,5,7,3,100,0,4,0,8,8,9,5,5,0,46,6,15,28,24,49,26,13,17,0,168,3,31,37,27,24,13,3,4,4,138,7,13,21,17,58,13,10,6,0,145,21,69,93,115,53,41,35,70,3,497,31,73,102,166,125,91,31,31,5,656,0,12,3,4,0,0,0,3,0,28,6,21,18,23,28,23,8,10,3,128
LGA31950,3,5,4,0,17,18,13,25,8,85,0,0,0,0,0,0,0,8,0,10,0,0,0,0,0,0,0,0,0,0,0,0,0,0,0,0,0,0,0,0,0,0,0,0,0,0,0,0,0,0,0,0,0,0,0,3,0,0,0,5,0,0,0,0,0,0,0,0,0,0,0,0,0,0,0,0,0,0,0,4,0,0,0,0,0,3,0,0,0,8,0,0,0,0,0,0,0,0,0,0,0,0,0,0,0,0,0,0,0,0,0,0,0,0,0,0,0,0,0,0,0,0,0,0,0,0,0,0,0,0,0,0,0,0,0,0,0,0,0,0,0,0,0,0,0,3,0,0,0,3,0,3,0,0,0,0,0,3,0,14,3,0,0,0,0,0,0,0,0,3,0,0,0,0,0,0,0,3,0,3,0,0,0,0,0,0,0,0,0,3,0,0,0,0,0,0,0,0,0,3
LGA32080,1172,2508,1985,3251,7103,7332,4434,7855,767,36397,16,69,61,62,72,50,22,53,3,408,13,7,4,7,13,20,11,79,3,147,5,72,59,93,121,117,40,55,9,570,3,3,9,12,36,32,14,8,0,122,22,122,82,103,157,151,81,70,4,786,19,43,49,84,130,103,31,56,3,514,139,989,685,917,946,376,241,246,34,4570,104,774,589,872,600,352,245,357,51,3936,51,97,152,233,291,217,110,149,10,1311,3,19,20,50,54,37,27,19,0,228,39,48,70,109,181,130,58,75,3,717,20,67,60,77,232,158,81,114,5,811,53,214,180,252,394,298,156,174,10,1731,51,263,204,289,356,222,98,129,26,1625,165,111,174,235,925,438,200,216,22,2484,197,559,597,982,823,601,375,635,34,4813,416,587,1052,1703,2129,1198,409,506,77,8064,25,129,83,101,133,63,43,53,3,639,29,239,191,240,324,171,105,128,13,1445
LGA32250,18,18,14,19,63,66,52,175,19,440,0,0,0,0,5,11,3,25,0,47,0,0,0,0,0,0,0,0,0,0,0,0,0,0,0,0,0,0,0,0,0,0,0,0,0,0,0,0,0,0,0,0,0,0,3,6,0,9,0,17,0,0,0,3,0,0,0,3,0,3,0,0,0,9,6,10,4,8,0,33,0,4,3,6,7,3,10,12,4,45,0,0,0,0,0,0,0,0,0,8,0,0,0,0,0,0,0,0,0,0,0,0,0,0,0,0,0,0,0,3,0,0,0,0,0,0,0,0,0,0,0,0,0,0,0,0,0,0,0,3,0,6,0,3,5,0,0,0,0,14,3,0,0,3,23,9,3,3,3,47,0,8,4,20,3,10,6,4,0,51,3,3,9,3,24,12,0,7,0,63,0,0,0,0,0,0,0,0,0,0,0,0,0,0,3,0,0,0,0,6
LGA32260,206,393,368,540,1223,1260,682,1640,180,6486,26,87,133,157,185,108,29,84,20,825,6,0,0,0,3,4,3,9,0,24,3,16,19,24,25,44,22,26,0,179,3,0,0,0,4,3,3,0,0,11,3,23,13,13,14,15,5,9,0,100,4,6,13,12,10,16,0,5,3,76,25,163,101,140,141,51,29,51,3,712,21,131,64,92,52,29,29,63,6,487,6,13,19,20,16,14,13,19,0,121,0,3,5,3,4,0,0,3,0,23,3,10,18,20,19,17,10,4,0,102,0,9,8,6,16,20,3,10,0,81,8,30,25,28,38,18,15,32,0,192,7,46,25,35,34,22,6,22,7,198,11,11,19,27,94,28,29,14,3,240,35,98,116,194,88,71,51,121,13,775,47,76,158,232,206,131,33,53,16,946,0,18,5,14,15,3,3,4,0,65,6,37,27,33,35,21,16,13,3,203
LGA32270,294,359,202,307,775,938,1102,3539,165,7689,20,59,41,44,25,74,31,262,7,578,25,20,26,22,41,41,83,168,5,439,5,21,10,11,18,7,4,13,0,90,0,0,0,0,6,4,5,3,0,15,11,27,17,15,26,29,12,21,0,153,7,8,13,8,14,21,18,12,0,100,32,187,110,136,125,51,50,66,7,755,25,146,91,89,61,28,26,82,15,564,3,22,26,17,40,32,13,19,0,180,0,4,3,3,9,0,0,3,0,25,8,8,15,14,16,11,12,7,0,93,0,13,8,14,29,18,14,12,0,109,3,37,18,21,38,31,21,22,5,199,10,75,24,39,25,18,9,35,3,231,25,18,24,23,100,46,18,28,3,283,49,113,129,195,105,105,62,115,6,882,48,70,107,117,120,89,25,44,6,623,0,13,9,4,4,3,3,4,0,35,4,54,35,42,34,24,12,21,3,223
LGA32310,96,142,101,157,312,358,229,847,77,2319,3,22,12,12,6,32,9,94,4,202,0,0,0,0,7,6,6,27,0,55,3,8,4,6,5,3,4,10,0,44,0,0,0,0,0,4,0,0,0,3,4,3,0,7,8,5,6,4,0,34,0,3,4,5,8,0,0,13,0,35,7,55,41,48,56,21,14,27,9,277,6,46,34,24,18,10,7,28,0,180,0,13,10,7,4,3,5,8,0,48,0,3,0,0,5,0,0,3,0,10,3,7,7,5,9,4,3,0,3,39,0,0,0,3,8,4,0,4,0,28,3,7,9,6,9,8,0,11,0,55,3,22,13,8,13,6,0,9,0,71,9,6,18,10,37,15,6,9,0,116,22,49,45,100,77,52,35,91,7,468,25,32,56,90,81,84,13,38,8,434,0,6,3,0,0,0,4,3,0,16,9,23,12,11,13,7,3,11,0,92
LGA32330,0,6,3,12,25,10,3,8,0,64,0,0,0,0,0,0,0,0,0,0,0,0,0,0,0,0,0,0,0,0,0,0,0,0,0,0,0,0,0,0,0,0,0,0,0,0,0,0,0,0,0,0,0,0,0,0,0,0,0,0,0,0,0,0,0,0,0,0,0,0,0,0,0,0,0,0,0,0,0,0,0,0,0,0,0,0,0,0,0,0,0,0,0,0,0,0,0,0,0,0,0,0,0,0,0,0,0,0,0,0,0,3,0,0,0,0,0,0,0,3,0,0,0,0,0,0,0,0,0,0,0,0,0,0,0,0,0,0,0,0,0,0,0,0,0,0,0,0,0,0,0,0,0,0,9,0,0,3,0,9,0,3,4,3,0,0,0,0,0,16,0,3,0,3,9,3,0,0,0,27,0,0,0,0,0,0,0,0,0,0,0,3,0,0,8,0,0,0,0,14
LGA32450,25,22,18,28,74,131,91,521,24,936,3,10,3,3,3,12,0,32,3,61,3,3,0,0,5,3,3,46,0,58,0,0,0,0,0,3,0,0,0,8,0,0,0,0,0,0,0,0,0,0,3,0,0,0,5,3,0,8,0,18,3,0,0,5,4,5,0,0,0,15,0,6,3,6,13,5,3,6,0,48,0,11,0,4,0,4,0,13,0,38,5,0,0,0,3,9,3,8,0,34,0,0,0,0,0,0,0,0,0,3,0,0,0,0,0,0,3,0,0,12,3,0,0,0,0,0,0,0,0,7,0,0,3,0,0,3,0,3,0,8,0,4,3,3,3,3,0,3,0,21,7,0,4,11,24,17,6,3,0,72,0,5,14,14,13,15,8,12,0,80,8,7,4,9,9,18,0,8,0,62,0,0,0,0,0,0,0,0,0,3,0,0,0,6,0,3,5,3,0,13
LGA32500,45,43,57,92,138,165,78,274,30,917,3,4,3,7,18,5,12,29,5,82,0,0,0,0,0,0,0,5,0,3,0,4,0,0,0,0,0,0,0,3,0,0,0,0,0,0,0,0,0,0,3,0,3,3,0,0,0,8,3,19,0,0,0,0,0,0,0,0,0,4,0,7,8,19,12,7,3,10,0,59,0,14,11,18,15,5,10,39,0,120,0,4,0,0,0,0,3,3,0,13,0,0,0,0,0,0,0,0,0,0,0,0,3,0,0,0,0,0,0,0,0,3,0,0,0,0,0,0,0,6,0,4,0,6,3,3,3,3,0,25,0,12,4,3,13,3,0,3,0,36,3,4,0,7,28,8,12,0,0,65,3,10,16,32,13,11,9,19,3,111,7,10,11,30,36,38,9,18,0,147,0,3,3,0,4,0,0,4,0,18,0,4,3,3,5,6,0,4,3,29
LGA32600,0,3,0,6,3,13,3,29,6,57,0,0,0,0,0,0,0,14,0,21,0,0,0,0,0,0,0,0,0,0,0,0,0,0,0,0,0,0,0,0,0,0,0,0,0,0,0,0,0,0,0,0,0,0,0,0,0,0,0,0,0,0,0,0,0,0,0,0,0,0,0,0,0,0,0,0,0,0,0,4,0,0,0,0,0,0,0,0,0,0,0,0,0,0,0,0,0,0,0,0,0,0,0,0,0,0,0,0,0,0,0,0,0,0,0,0,0,0,0,0,0,0,0,0,0,0,0,0,0,0,0,0,0,0,0,0,0,0,0,0,0,0,0,0,0,0,0,0,0,0,0,3,3,0,3,3,0,0,0,16,0,4,3,0,0,0,0,3,0,8,0,0,0,0,3,0,0,0,0,7,0,0,0,0,0,0,0,0,0,0,0,0,0,0,0,0,0,0,0,0
LGA32750,3,3,3,4,9,13,3,46,0,85,3,0,0,3,0,5,0,8,0,28,0,0,0,0,0,0,0,0,0,0,0,0,0,0,0,0,0,0,0,0,0,0,0,0,0,0,0,0,0,0,0,0,0,0,0,0,0,0,0,0,0,0,0,0,0,0,0,0,0,0,0,0,0,0,0,0,0,0,0,6,0,0,0,0,0,0,3,5,0,6,0,0,0,0,0,0,0,0,0,0,0,0,0,0,0,0,0,0,0,0,0,0,0,0,0,0,0,0,0,0,0,0,0,0,0,0,0,0,0,0,0,0,0,0,0,0,0,0,0,0,0,0,0,0,0,0,0,0,0,3,0,0,0,0,8,3,0,3,0,16,0,0,0,3,0,0,0,0,0,7,0,0,0,3,0,0,0,0,0,5,0,0,0,0,0,0,0,0,0,0,0,0,0,0,0,0,0,0,0,0
LGA32770,3,35,6,22,30,13,0,22,6,135,0,0,0,0,0,0,0,0,0,0,0,0,0,0,0,0,0,0,0,0,0,0,0,0,0,0,0,0,0,0,0,0,0,0,0,0,0,0,0,0,0,0,0,0,0,0,0,0,0,0,0,0,0,0,0,0,0,0,0,0,0,5,0,0,3,0,0,0,0,11,0,0,0,0,0,0,0,0,0,0,0,0,0,0,0,0,0,0,0,0,0,0,0,0,0,0,0,0,0,0,0,0,0,0,0,0,0,0,0,0,0,0,0,0,0,0,0,0,0,0,0,0,0,0,0,0,0,0,0,5,0,0,0,0,0,0,0,0,0,0,0,3,0,0,6,0,5,0,0,16,0,14,0,15,11,3,7,7,3,45,0,7,0,0,7,7,0,0,0,30,0,0,0,0,0,0,0,0,0,0,4,11,0,4,6,0,0,4,0,33
LGA32810,99,175,182,278,447,510,308,736,78,2806,3,7,5,5,3,3,3,10,0,45,0,0,0,0,0,0,3,0,0,4,0,7,3,6,9,11,0,9,0,53,0,0,0,0,0,0,0,0,0,0,3,8,6,6,10,3,3,5,0,44,0,0,0,3,11,0,0,0,0,21,12,67,51,68,66,20,20,23,0,327,10,53,86,135,116,83,74,129,14,704,4,13,17,20,26,19,14,20,3,131,0,3,0,0,3,0,0,0,0,12,0,4,3,9,3,6,0,3,0,31,0,6,4,8,17,14,6,17,0,77,3,19,11,20,13,11,5,20,0,105,0,26,18,45,27,19,19,30,3,199,4,11,12,12,33,14,7,8,3,101,12,29,31,46,39,21,18,45,3,248,23,30,72,91,49,48,11,11,11,350,0,6,4,15,20,6,4,10,0,68,3,10,8,20,18,9,10,12,0,96
LGA33100,12,16,4,13,17,26,6,101,6,204,4,3,0,0,4,5,3,37,3,63,0,0,0,0,0,0,0,0,0,0,0,0,0,0,0,0,0,0,0,0,0,0,0,0,0,0,0,0,0,0,0,0,0,0,0,0,0,3,0,4,0,0,0,0,0,0,0,0,0,0,0,0,0,0,0,0,3,3,0,8,0,0,4,3,0,0,0,9,0,18,0,0,0,0,0,0,0,0,0,3,0,0,0,0,0,0,0,0,0,0,0,0,0,0,0,0,0,0,0,0,0,0,0,0,0,0,0,0,0,0,0,0,0,3,0,0,0,0,0,7,0,0,0,0,0,0,0,3,0,3,0,3,0,3,9,4,0,3,0,24,0,8,0,3,0,0,0,3,0,16,0,0,0,0,4,4,0,0,0,12,0,0,0,0,0,0,0,0,0,0,0,0,0,0,0,0,0,0,0,0
LGA33200,15,24,17,11,52,83,28,192,18,434,3,10,0,10,3,20,3,69,5,111,0,0,0,0,0,0,0,0,0,0,0,0,0,0,0,0,0,0,0,3,0,0,0,0,0,0,0,0,0,0,0,0,0,0,0,3,0,0,0,10,0,0,0,0,0,0,0,0,0,3,3,8,6,13,5,3,0,3,0,35,0,5,4,8,4,3,4,0,0,23,0,3,0,0,3,5,0,3,0,14,0,0,0,0,0,0,0,0,0,0,0,0,0,0,0,0,0,0,0,4,0,0,0,0,0,0,0,0,0,3,0,0,0,0,0,0,0,0,0,7,0,3,0,0,0,3,0,0,0,6,0,0,6,8,11,4,3,5,0,36,0,6,3,3,7,5,0,8,0,42,3,0,8,9,5,5,0,0,0,29,0,0,0,0,0,0,0,0,0,0,0,5,0,0,0,0,0,0,0,6
LGA33220,603,1454,1085,1545,3274,2738,1634,3389,356,16078,7,38,32,38,22,28,18,51,0,243,0,3,0,0,3,0,3,16,0,34,12,65,38,53,76,43,28,34,10,366,9,6,7,16,18,33,6,6,0,94,12,71,51,51,52,50,16,37,3,345,4,25,22,24,30,17,13,18,3,151,73,644,387,440,371,134,90,138,27,2304,48,498,271,277,164,90,55,158,29,1586,7,43,46,33,35,28,16,27,3,250,6,23,12,20,49,19,10,6,3,146,13,19,36,45,60,41,22,29,3,261,12,29,22,34,99,54,20,39,5,310,10,109,75,98,142,68,31,33,3,570,24,169,96,84,106,47,25,35,8,585,53,61,65,77,335,138,61,52,11,858,87,320,270,579,336,249,165,293,14,2314,237,349,672,1100,1062,516,212,288,44,4488,8,55,20,17,17,9,9,3,4,142,33,156,90,135,87,63,36,40,8,646
LGA33360,580,895,564,717,2047,2588,2686,4887,292,15253,7,26,16,29,10,28,12,50,0,181,5,6,4,14,23,27,14,41,3,142,23,54,45,56,87,116,138,93,7,614,8,3,9,16,24,44,12,17,0,136,15,74,48,42,61,57,25,114,3,437,4,15,14,24,46,42,21,19,0,182,73,426,321,324,276,109,92,99,18,1729,31,342,191,223,111,84,61,123,20,1183,29,47,61,65,113,121,51,67,4,559,3,9,8,9,15,3,3,8,0,63,11,18,30,21,58,30,14,13,3,205,12,30,33,34,60,37,27,45,0,281,23,80,60,52,104,73,36,102,9,543,17,119,71,71,84,42,26,37,3,471,41,36,60,63,201,77,60,38,3,584,85,261,268,388,221,188,101,246,13,1778,83,189,339,387,361,229,108,81,12,1801,6,51,7,19,9,11,4,11,0,110,17,118,70,71,84,56,29,26,9,491
LGA33430,3163,10438,8513,11953,23245,28509,14835,30254,2564,133473,14,94,68,79,58,64,22,57,5,462,11,18,18,18,30,33,21,78,3,230,90,513,474,569,858,679,263,312,29,3786,15,18,24,42,52,61,31,28,0,273,109,582,542,610,651,783,291,392,44,4006,69,190,241,297,554,466,216,213,14,2269,526,3994,2819,3113,3251,1368,824,909,182,16996,370,3662,2400,2555,1876,1160,735,971,179,13923,127,285,332,447,494,414,177,209,32,2516,45,176,203,230,461,265,136,209,13,1747,160,259,369,567,1027,728,248,313,18,3695,82,421,460,533,860,768,327,528,29,4014,207,1075,1006,1184,1510,1367,564,766,57,7737,193,1231,990,1063,1118,865,312,445,63,6271,335,276,460,529,1588,956,394,297,41,4877,646,2145,1893,2860,2691,2045,1025,1767,104,15171,1141,2372,3907,5916,5935,3239,1179,1344,231,25247,135,712,553,784,584,402,235,223,53,3678,159,1044,801,917,887,618,317,333,63,5143
LGA33610,77,127,96,135,281,482,310,1044,60,2606,17,42,24,49,23,63,30,112,4,358,0,0,0,0,0,0,0,0,0,4,0,0,6,11,12,6,7,4,3,48,0,0,0,0,0,0,0,3,0,3,0,8,9,10,5,4,0,5,0,51,0,3,3,9,11,11,3,9,0,42,16,43,52,58,43,38,17,19,3,278,3,64,24,22,26,7,7,26,4,192,0,11,12,9,10,0,4,6,3,59,0,0,3,0,3,6,0,0,0,13,0,0,11,6,10,12,5,3,0,46,0,4,5,0,3,4,0,3,0,14,3,14,9,22,24,16,6,19,3,123,0,29,5,11,4,11,0,7,0,66,6,6,3,13,24,9,3,4,0,65,12,41,52,79,34,38,29,50,3,339,33,37,77,75,80,45,25,33,3,399,0,7,0,0,3,0,0,0,0,10,3,15,11,9,17,7,11,8,0,80
LGA33620,365,726,557,846,1588,1495,895,2436,212,9115,19,96,54,85,37,69,22,148,11,548,3,3,0,5,4,0,0,16,0,33,18,38,34,55,78,43,33,25,0,334,0,0,0,3,0,4,0,0,0,10,3,40,29,33,30,27,20,27,0,214,8,27,15,27,26,18,9,9,0,147,57,288,208,269,217,76,60,71,14,1264,16,226,142,128,67,41,25,72,10,732,3,29,26,24,31,8,15,27,0,169,0,10,10,14,12,5,4,4,0,59,10,12,14,24,40,14,3,13,3,130,5,12,22,21,41,23,9,22,0,156,14,64,48,76,89,30,24,39,0,398,8,81,44,47,45,26,14,24,3,286,25,32,38,53,112,69,25,25,4,379,53,182,198,286,131,106,66,143,13,1173,109,220,277,452,297,147,58,102,17,1687,0,27,8,11,3,3,4,9,0,64,10,71,52,71,44,30,22,19,5,329
LGA33800,76,140,80,138,424,472,321,801,76,2518,7,30,16,13,5,24,9,32,6,143,0,0,0,0,0,0,0,3,0,5,4,14,9,9,10,22,15,7,0,86,0,0,0,0,0,0,0,3,0,3,0,7,8,11,4,0,0,0,0,34,0,3,8,5,8,0,0,0,0,19,13,70,50,48,40,19,14,17,0,278,7,61,28,25,11,16,13,19,9,180,0,3,10,7,7,3,0,6,0,37,0,5,3,0,3,0,0,0,0,8,4,3,6,9,19,4,0,3,0,52,0,3,0,3,6,0,0,3,0,21,0,14,9,20,22,12,3,8,0,96,3,21,10,10,12,4,3,3,0,63,4,7,11,15,30,22,4,6,3,103,19,45,59,75,39,26,17,35,0,317,19,44,80,136,76,36,15,30,4,449,0,0,0,0,0,3,0,0,0,10,0,9,14,15,21,4,0,10,0,75
LGA33830,0,3,7,20,53,19,4,26,3,136,0,0,0,0,0,0,0,0,0,0,0,0,0,0,0,0,0,0,0,0,0,0,0,0,0,0,0,0,0,0,0,0,0,0,0,0,0,0,0,0,0,0,0,0,0,0,0,0,0,0,0,0,0,0,0,0,0,0,0,0,0,0,0,0,0,0,0,0,0,0,0,0,0,0,0,0,0,0,0,0,0,0,0,0,0,0,0,0,0,0,0,0,0,0,0,0,0,0,0,0,0,0,0,0,0,0,0,0,0,0,0,0,0,0,0,0,0,0,0,0,0,0,0,0,0,0,0,0,0,0,0,0,0,0,0,0,0,0,0,5,0,0,0,5,19,0,0,0,0,28,0,0,4,7,3,0,0,0,0,12,0,0,0,3,7,5,0,0,0,18,0,0,0,0,0,0,0,0,0,0,0,4,0,4,6,0,0,3,0,29
LGA33960,1208,2672,2152,3228,10615,9562,5745,8406,918,44507,3,35,23,39,58,52,20,34,4,274,9,3,7,10,29,45,21,31,6,152,63,148,137,298,619,467,207,132,20,2095,9,6,19,34,73,73,23,24,0,271,27,116,82,92,164,171,67,81,6,800,27,53,58,88,255,173,92,58,9,814,193,1069,811,922,1100,447,283,248,42,5120,95,1009,444,465,303,226,130,155,32,2851,47,81,124,139,317,194,98,103,8,1112,15,58,36,37,101,49,18,24,3,342,75,55,125,176,542,258,87,96,12,1428,22,70,51,63,228,181,70,84,4,779,84,223,201,220,407,329,161,142,16,1773,60,309,222,228,313,162,95,81,17,1492,214,113,228,305,1064,638,329,227,25,3144,232,619,652,1141,972,565,342,560,31,5121,518,745,1277,1944,2307,1208,390,544,98,9020,18,106,68,63,73,39,21,26,0,410,55,289,185,291,326,153,116,68,8,1501
LGA33980,269,220,138,209,483,532,924,3092,122,6000,14,43,27,34,10,37,26,163,8,363,51,12,15,34,42,52,135,303,4,655,3,16,4,5,8,14,10,14,0,74,0,3,0,3,5,4,0,0,0,23,0,15,8,4,8,15,10,14,0,66,0,3,4,10,3,6,3,3,0,30,16,72,82,85,60,27,15,25,3,386,24,104,56,61,48,24,37,89,3,447,3,16,17,22,22,18,10,16,3,130,0,4,3,4,3,3,0,0,0,15,0,4,0,0,9,3,3,0,0,27,3,3,6,6,6,11,7,8,0,53,3,20,7,14,12,4,3,12,3,77,5,40,17,29,23,28,9,59,3,207,11,15,16,22,72,40,21,15,3,220,27,77,82,121,48,66,44,78,6,562,29,56,54,52,52,55,17,29,6,349,0,18,10,9,0,0,0,0,0,40,7,36,20,21,25,9,15,16,0,143
LGA34420,0,11,3,8,21,36,10,20,3,118,0,0,0,0,0,0,0,3,0,3,0,0,0,0,0,0,0,0,0,0,0,0,0,0,0,0,0,0,0,0,0,0,0,0,0,0,0,0,0,0,0,0,0,0,0,0,0,0,0,0,0,0,0,0,0,0,0,0,0,0,0,0,3,0,0,0,3,0,0,6,0,0,0,0,0,0,0,0,0,3,0,0,0,0,0,0,0,0,0,4,0,0,0,0,0,0,0,0,0,0,0,0,0,0,0,0,0,0,0,0,0,0,0,0,0,0,0,0,0,0,0,0,0,0,0,0,0,0,0,0,0,0,0,3,0,0,0,0,0,3,0,9,7,4,3,11,3,3,0,38,0,4,3,15,4,5,3,3,0,35,0,6,0,0,0,0,0,0,0,7,0,0,0,0,0,0,0,0,0,0,0,3,0,0,0,0,3,0,0,3
LGA34530,343,544,344,506,1326,1400,947,2369,165,7950,7,40,31,24,21,27,12,60,3,215,7,7,5,3,13,11,15,53,5,123,4,30,16,22,28,19,18,12,8,145,3,3,8,12,11,37,7,3,0,84,6,51,34,35,41,40,13,18,3,245,0,10,4,15,28,8,9,9,0,96,39,261,167,192,144,79,61,70,9,1015,17,202,120,141,83,43,21,58,12,701,5,17,14,23,32,26,12,20,4,155,0,8,10,4,9,0,3,3,0,40,5,13,14,20,32,17,9,15,0,129,8,20,15,13,38,11,14,15,4,140,8,56,41,50,75,35,28,23,0,311,8,67,38,34,56,30,13,29,4,276,23,19,36,39,168,85,33,33,0,434,68,159,157,248,215,139,103,175,14,1288,85,126,232,330,303,196,75,88,21,1456,6,28,12,10,11,9,11,10,0,94,4,64,41,64,55,24,24,24,0,310
LGA34570,0,10,0,11,14,16,10,15,16,99,0,0,0,0,0,0,0,0,0,0,0,0,0,0,0,0,0,0,0,0,0,0,0,0,0,0,0,0,0,0,0,0,0,0,0,0,0,0,0,0,0,0,0,0,0,0,0,0,0,0,0,0,0,0,0,0,0,0,0,0,0,0,0,0,0,0,0,0,0,4,0,0,0,0,0,0,0,0,0,0,0,0,0,0,0,0,0,0,0,0,0,0,0,0,0,0,0,0,0,0,0,0,0,0,0,0,0,0,0,0,0,0,0,0,0,0,0,0,0,0,0,0,0,0,0,0,0,0,0,0,0,0,0,0,0,0,0,0,0,0,0,0,3,5,3,0,0,0,0,15,0,8,0,5,3,5,0,3,4,35,0,0,3,0,0,3,0,3,0,9,0,0,0,0,0,0,0,0,0,0,0,7,3,5,5,0,0,0,0,18
LGA34580,282,599,398,637,1557,1552,971,2104,218,8312,17,98,95,160,119,123,69,115,18,814,3,0,3,6,9,0,4,5,0,33,11,27,36,59,79,78,24,19,5,330,0,6,6,6,10,6,3,0,0,37,3,28,20,17,20,22,19,18,4,151,12,8,7,13,37,22,19,14,0,128,30,175,126,165,161,49,59,54,11,834,19,236,94,90,45,33,26,39,12,585,7,41,34,37,28,40,13,24,6,222,0,8,0,3,6,3,0,3,0,26,9,11,17,19,50,17,17,9,0,144,5,14,4,14,34,20,11,15,0,110,12,58,57,59,74,55,28,24,4,375,17,83,40,45,38,27,12,14,3,283,36,18,36,43,124,51,47,30,6,386,39,161,180,234,183,99,62,134,10,1095,90,141,213,318,274,136,53,71,13,1312,5,24,13,13,5,3,0,5,3,73,7,55,34,39,39,34,12,19,4,253
LGA34590,1732,4346,3501,5374,15704,15619,8693,13993,1681,70645,12,71,43,90,120,54,27,50,7,470,5,7,15,11,38,49,26,38,0,179,91,231,267,405,1171,674,351,217,31,3432,17,7,25,20,104,76,22,23,4,304,69,281,237,256,396,445,159,166,20,2030,39,109,136,205,547,326,161,117,13,1659,273,1779,1331,1538,1623,668,427,413,84,8133,123,1390,745,713,469,328,199,244,58,4276,102,168,237,285,561,415,194,198,34,2182,26,54,57,69,173,92,38,47,0,569,119,72,173,252,635,380,150,132,14,1912,31,110,128,125,317,274,104,154,11,1265,107,352,326,406,686,562,212,259,23,2930,92,465,384,384,581,360,142,183,43,2626,216,163,307,360,1247,641,276,204,38,3453,346,975,976,1696,1397,856,468,765,57,7528,596,1107,1709,2768,3378,1455,579,716,162,12464,40,240,119,126,125,65,45,57,10,820,92,417,363,455,545,329,170,142,30,2535
LGA34710,31,46,28,54,158,190,119,299,25,961,3,7,3,9,3,20,3,46,3,93,0,0,0,0,0,3,0,0,0,3,0,3,0,4,7,0,0,3,0,15,0,0,0,0,0,0,0,0,0,3,0,0,3,0,0,3,0,3,0,9,0,0,0,0,3,4,0,3,0,19,0,20,6,23,18,10,8,9,0,101,9,16,10,13,11,10,3,16,3,83,0,3,0,4,5,3,0,0,0,21,0,0,0,3,3,3,0,0,0,13,3,0,0,3,3,7,3,3,0,27,0,0,0,0,3,0,0,3,0,6,0,3,0,6,10,7,6,6,0,33,0,6,3,7,7,3,4,6,0,41,7,3,3,4,20,22,8,13,0,85,7,8,22,23,13,13,25,24,0,144,22,4,13,20,54,49,19,18,4,209,3,0,0,0,0,3,3,0,4,13,4,3,0,3,3,3,3,5,0,22
LGA34770,980,1518,1049,1520,4843,4665,4059,9217,662,28518,26,84,67,50,23,62,18,110,15,455,59,47,46,65,110,105,125,272,5,827,21,99,91,80,141,182,83,83,4,776,4,8,7,9,31,28,8,11,0,112,27,126,73,96,120,76,50,67,6,636,20,38,33,63,139,84,70,49,0,492,139,841,597,682,648,216,187,202,34,3535,73,639,341,416,237,142,86,199,38,2171,34,92,86,114,182,109,85,101,3,806,11,21,15,23,41,21,11,15,0,156,32,35,59,66,139,106,43,31,8,523,13,58,35,54,138,77,36,60,0,480,49,172,140,182,257,177,82,98,7,1163,25,208,135,131,147,109,51,83,12,903,63,68,121,110,367,218,108,77,13,1147,132,444,420,665,440,330,244,460,27,3165,237,402,720,1057,1156,670,246,278,58,4823,8,77,45,36,31,18,10,18,4,250,33,203,142,146,202,127,59,81,11,1009
LGA34800,6,3,4,7,9,37,21,180,6,285,0,0,5,0,0,10,3,64,3,87,0,0,0,0,0,0,0,3,0,3,0,0,0,0,0,0,0,0,0,0,0,0,0,0,0,0,0,0,0,0,0,0,0,0,0,0,0,0,0,4,0,0,0,0,0,0,0,0,0,0,0,0,0,4,3,4,3,4,0,19,0,0,0,0,3,0,0,12,0,17,0,3,0,0,0,0,0,0,0,5,0,0,0,0,0,0,0,0,0,0,0,0,0,0,0,0,0,0,0,0,0,0,0,0,0,0,0,0,0,0,0,0,0,0,0,0,0,0,0,3,0,0,0,0,0,0,0,0,0,3,3,0,0,4,5,4,0,0,0,23,0,3,0,5,3,0,0,3,0,15,0,0,3,3,0,6,0,0,0,15,0,0,0,0,0,0,0,0,0,0,0,0,3,0,0,0,0,0,0,3
LGA34830,0,3,0,3,21,0,6,3,0,45,0,0,0,0,0,0,0,0,0,0,0,0,0,0,0,0,0,0,0,0,0,0,0,0,0,0,0,0,0,0,0,0,0,0,0,0,0,0,0,0,0,0,0,0,0,0,0,0,0,0,0,0,0,0,0,0,0,0,0,0,0,0,0,0,0,0,0,0,0,0,0,0,0,0,0,0,0,0,0,0,0,0,0,0,0,0,0,0,0,0,0,0,0,0,0,0,0,0,0,0,0,0,0,0,0,0,0,0,0,0,0,0,0,0,0,0,0,0,0,0,0,0,0,0,0,0,0,0,0,0,0,0,0,0,0,0,0,0,0,0,0,0,3,0,16,0,0,0,0,21,0,0,0,0,3,0,0,3,0,8,0,0,0,0,0,3,0,3,0,5,0,0,0,0,0,0,0,0,0,0,0,0,0,0,3,0,0,0,0,3
LGA34860,105,170,112,171,449,576,364,1377,75,3398,8,51,26,38,17,50,15,199,5,417,0,3,0,3,5,10,3,9,0,38,0,3,4,10,21,12,10,7,0,67,3,3,3,5,11,4,6,0,0,26,0,10,12,9,11,6,0,7,0,58,0,8,5,6,13,15,4,8,0,58,3,52,31,51,64,31,14,30,3,287,10,38,20,30,28,16,18,31,3,196,4,17,4,7,17,10,4,17,0,79,0,0,3,3,4,3,0,0,0,20,3,3,5,8,10,3,4,5,0,47,0,6,0,3,8,10,3,5,0,35,4,15,14,8,19,8,9,18,0,96,3,18,14,4,5,12,3,10,0,72,25,15,27,18,95,41,22,11,3,253,22,55,54,65,65,37,28,61,0,384,29,28,73,78,130,137,34,76,10,598,0,3,0,3,6,5,3,3,3,26,0,10,8,10,14,15,14,9,0,80
LGA34880,161,312,234,374,827,720,418,1122,114,4296,17,56,51,65,80,58,33,103,3,466,11,0,3,3,0,0,4,17,0,37,3,10,7,21,29,14,16,10,0,124,0,3,0,0,3,4,0,0,0,18,4,11,8,8,6,17,3,19,0,81,0,3,12,7,13,17,3,3,0,61,15,95,63,99,80,37,33,29,6,465,7,100,52,63,33,19,8,36,6,338,7,15,7,21,12,9,4,6,0,83,0,4,4,4,4,0,0,3,0,18,4,4,7,8,13,9,8,3,0,58,3,6,10,3,11,4,6,5,0,56,9,31,27,27,28,14,15,6,0,155,10,36,28,32,27,14,9,9,0,159,23,24,20,18,100,40,13,17,0,263,24,73,62,127,60,63,40,73,6,519,44,62,127,158,149,123,32,46,11,753,3,18,5,9,10,9,0,7,3,64,0,24,16,25,22,16,10,12,4,123
LGA35010,2759,6835,4846,7007,20300,21608,12180,20864,1930,98334,18,138,199,246,174,147,42,100,17,1094,21,16,17,27,63,77,36,96,0,356,103,382,340,414,879,564,258,265,33,3227,38,18,49,50,109,151,46,31,0,494,59,421,318,365,414,505,169,232,20,2511,35,164,166,231,468,347,145,128,9,1691,430,2804,1925,2166,2303,1009,635,632,125,12041,198,2330,1083,1070,731,444,306,406,89,6662,141,250,356,412,704,505,225,248,36,2869,25,115,81,115,193,128,65,54,5,775,175,128,275,416,959,604,240,206,14,3012,62,182,160,201,433,400,166,241,12,1856,184,641,658,669,1077,900,373,463,31,5012,124,715,513,518,679,457,180,236,35,3452,431,263,486,640,1944,1114,491,376,57,5807,500,1732,1653,2463,1778,1311,781,1321,80,11624,1083,1930,3447,4925,4782,2470,927,1049,192,20811,46,431,185,206,147,130,49,89,4,1296,109,673,569,651,684,420,209,241,38,3586
LGA35250,3,9,12,5,37,31,19,27,8,155,0,0,0,0,0,0,0,0,0,0,0,0,0,0,0,0,0,0,0,0,0,0,0,0,0,0,0,0,0,0,0,0,0,0,0,0,0,0,0,0,0,0,0,0,0,0,0,0,0,0,0,0,0,0,0,0,0,0,0,0,0,0,4,3,0,3,0,4,0,16,0,0,0,0,0,0,0,0,0,0,0,0,0,0,0,0,0,0,0,0,0,0,0,0,0,0,0,0,0,0,0,0,0,0,0,0,0,0,0,0,0,0,0,0,0,0,0,0,0,0,0,0,0,0,0,0,0,0,0,0,0,0,0,6,6,5,0,3,3,26,0,0,0,0,14,3,0,4,0,32,0,0,4,11,9,0,4,7,0,46,0,0,0,0,11,8,0,5,0,23,0,0,0,0,0,0,0,0,0,3,0,0,7,4,9,5,0,0,0,17
LGA35300,210,203,94,160,462,723,1373,1663,115,5005,0,6,3,3,3,5,0,18,6,48,21,6,8,7,16,76,147,142,4,419,0,7,0,9,23,20,7,4,0,77,0,0,0,3,5,8,0,3,0,21,3,4,4,5,15,11,4,8,0,62,0,0,0,0,15,15,10,15,0,54,16,100,58,75,110,40,24,43,0,467,9,49,33,70,59,39,19,27,3,310,7,12,3,11,27,23,18,18,0,124,5,11,0,3,7,9,0,0,0,37,0,4,3,5,17,7,10,3,0,55,3,3,8,6,18,11,9,15,4,68,4,10,3,3,29,10,13,15,0,94,3,18,19,22,25,30,16,22,7,162,16,11,9,19,120,81,32,29,4,316,23,52,68,161,109,87,56,83,4,635,53,41,74,120,237,211,45,56,3,843,0,8,3,4,3,0,3,3,0,23,4,28,19,21,26,36,17,16,0,170
LGA35600,31,53,30,61,201,207,92,330,27,1035,3,9,6,10,6,20,3,49,6,113,0,0,0,0,0,0,0,0,0,0,0,3,5,8,19,0,6,3,0,53,0,0,0,0,0,0,0,0,0,0,0,3,3,0,0,0,0,0,0,7,0,3,3,0,10,3,5,0,0,23,0,17,13,18,29,9,11,10,0,116,0,19,15,13,10,3,4,15,0,84,0,3,6,4,3,3,0,3,0,22,0,0,0,0,0,0,0,0,0,3,0,0,0,0,0,4,0,0,0,13,0,0,0,0,9,0,0,0,0,9,3,3,0,5,5,4,0,5,0,34,5,10,4,7,3,3,0,4,0,30,4,3,3,9,24,12,4,7,5,66,9,18,12,33,19,16,15,38,0,155,11,12,20,29,58,55,8,24,3,225,0,0,0,0,0,3,0,0,0,4,3,3,3,3,5,0,0,4,0,25
LGA35670,0,5,5,7,19,20,22,18,5,98,0,0,0,0,0,0,0,0,0,0,0,0,0,0,0,0,3,0,0,15,0,0,0,0,0,0,0,0,0,0,0,0,0,0,0,0,0,0,0,0,0,0,0,0,0,0,0,0,0,0,0,0,0,0,0,0,0,0,0,0,0,0,4,0,0,0,0,0,0,3,0,0,0,0,0,0,0,0,0,0,0,0,0,0,0,0,0,0,0,0,0,0,0,0,0,0,0,0,0,0,0,0,0,0,0,0,0,0,0,0,0,0,0,0,0,0,0,0,0,0,0,0,0,0,0,0,0,0,0,0,0,0,0,0,0,0,0,0,0,3,0,3,0,3,3,3,0,3,0,14,0,0,0,0,0,0,0,0,0,0,0,0,0,0,6,3,0,0,0,11,0,0,0,0,0,0,0,0,0,0,0,0,0,0,0,3,0,0,0,6
LGA35740,357,1142,816,1270,1688,2055,1095,2441,201,11070,9,23,11,26,12,22,5,15,0,127,0,3,4,9,0,0,0,17,0,38,4,42,27,50,45,29,25,28,0,256,0,3,0,6,3,3,0,3,0,18,6,71,32,51,42,45,14,30,3,293,4,23,33,40,38,16,10,26,0,191,36,379,261,328,209,129,78,101,7,1529,41,354,234,297,178,123,87,146,11,1466,7,25,25,26,28,16,7,19,0,142,4,9,11,15,17,18,7,16,0,94,5,29,26,27,38,42,22,31,3,226,15,41,33,57,78,57,35,45,3,363,22,103,108,107,113,97,43,72,3,665,18,141,88,87,58,58,25,45,10,515,20,38,42,53,90,58,22,19,3,353,59,232,170,283,150,162,83,155,9,1297,112,280,445,583,368,212,86,115,20,2227,4,52,27,47,18,20,9,12,3,194,12,121,90,87,62,63,22,28,8,489
LGA35760,65,127,94,168,265,391,253,880,88,2335,12,50,37,55,24,63,39,149,5,432,0,0,0,0,0,0,0,14,0,21,3,9,10,5,9,3,3,5,0,45,0,0,4,0,0,0,0,0,0,4,0,6,3,4,0,3,0,6,0,31,0,4,0,0,6,7,0,4,0,24,8,38,44,42,31,16,18,21,0,222,6,39,23,15,8,15,0,31,3,138,0,0,18,14,4,5,4,10,0,50,0,0,0,0,0,0,0,0,0,6,0,0,7,3,3,3,0,0,0,30,0,3,0,4,7,3,0,3,0,22,0,7,6,5,8,8,4,3,0,44,7,19,9,14,20,17,12,15,0,100,3,8,6,13,28,9,7,11,4,84,12,40,40,66,20,32,27,41,3,268,29,44,64,79,63,42,18,29,3,370,0,3,0,0,0,0,0,0,0,5,0,15,3,7,8,11,0,6,0,58
LGA35780,20,16,15,35,102,75,21,76,7,371,0,0,0,0,0,0,0,0,0,0,0,0,0,0,0,0,0,0,0,0,0,0,0,0,0,0,0,0,0,0,0,0,0,0,0,0,0,0,0,0,0,0,0,0,3,0,0,3,0,11,0,0,0,0,0,0,0,0,0,0,0,3,3,4,16,0,0,7,0,36,0,0,0,3,0,3,0,4,0,18,0,0,0,0,0,0,0,3,0,3,0,0,0,0,0,0,0,0,0,0,0,0,0,0,0,0,0,0,0,0,0,0,0,0,0,0,0,0,0,3,0,0,0,0,0,0,0,0,0,7,0,0,0,0,3,0,0,0,0,4,3,6,4,4,42,7,0,5,0,77,7,3,6,29,23,6,4,22,0,98,3,5,8,17,38,33,4,14,4,131,0,0,0,0,0,0,0,0,0,3,0,0,6,3,6,6,0,0,0,29
LGA35790,7,50,17,37,43,36,9,40,3,237,0,0,0,0,0,0,0,0,0,0,0,0,0,0,0,0,0,0,0,0,0,0,0,0,0,0,0,0,0,0,0,0,0,0,0,0,0,0,0,0,0,0,0,0,0,0,0,0,0,0,0,0,0,0,0,0,0,0,0,0,0,3,0,0,0,0,0,0,0,4,0,0,0,0,0,0,0,0,0,8,0,0,0,0,0,0,0,0,0,0,0,0,0,0,0,0,0,0,0,0,0,0,0,0,0,0,0,0,0,0,0,0,0,0,0,0,0,0,0,0,0,0,0,3,0,0,3,0,0,3,0,0,0,0,0,3,0,0,0,6,0,6,0,8,16,6,4,9,0,45,0,13,9,16,11,8,3,15,0,71,5,11,4,6,13,17,8,18,0,88,0,0,0,0,0,0,0,0,0,0,0,8,0,3,0,3,0,4,0,19
LGA35800,13,20,16,18,49,63,32,160,8,366,0,9,3,6,3,11,3,34,3,72,0,0,0,0,0,0,0,0,0,0,0,0,0,0,0,0,0,4,0,4,0,0,0,0,0,0,0,0,0,0,0,0,0,0,0,0,0,0,0,4,0,0,0,3,0,0,0,3,0,5,7,4,0,10,3,5,0,4,0,34,0,3,9,0,0,0,3,10,0,27,0,0,0,3,0,0,0,0,0,3,0,3,0,0,0,0,0,0,0,3,0,0,0,0,3,0,0,0,0,3,0,0,0,0,0,0,0,0,0,0,0,0,0,0,0,0,0,0,0,6,0,3,0,0,0,0,0,3,0,4,7,3,4,4,3,10,3,3,0,35,3,9,11,15,6,4,3,11,3,62,4,7,5,9,5,15,4,5,0,57,0,0,0,0,0,0,0,0,0,3,0,0,0,0,3,0,0,0,0,11
LGA36070,0,33,0,8,17,27,0,26,5,115,0,0,0,0,0,0,0,3,0,4,0,0,0,0,0,0,0,0,0,0,0,0,0,0,0,0,0,0,0,0,0,0,0,0,0,0,0,0,0,0,0,0,0,0,0,0,0,0,0,0,0,0,0,0,0,0,0,0,0,0,0,0,0,0,0,0,0,0,0,3,0,0,0,0,0,3,0,0,0,4,0,0,0,0,0,0,0,0,0,0,0,0,0,0,0,0,0,0,0,0,0,0,0,0,0,0,0,0,0,0,0,0,0,0,0,0,0,0,0,0,0,0,0,0,0,0,0,0,0,3,0,0,0,0,0,0,0,0,0,3,0,7,0,0,3,3,0,3,0,19,0,9,0,4,0,0,3,0,0,18,0,3,0,5,0,5,0,3,0,16,0,0,0,0,0,0,0,0,0,3,0,4,3,0,0,0,0,0,0,11
LGA36150,11,9,5,11,28,45,13,121,9,248,0,0,0,8,0,6,0,25,0,46,0,0,0,0,0,0,0,3,0,3,0,0,0,0,0,0,0,3,0,4,0,0,0,0,0,0,0,0,0,0,0,0,0,0,0,0,0,0,0,0,0,0,0,0,0,0,0,0,0,0,0,0,0,4,5,0,3,3,0,18,0,3,0,0,0,0,0,9,0,22,0,0,0,0,0,0,0,3,0,4,0,0,0,0,0,0,0,0,0,0,0,0,0,0,0,0,0,0,0,4,0,0,0,0,0,0,0,0,0,0,0,0,0,0,0,0,0,3,0,3,0,0,0,0,0,0,0,0,0,4,3,0,3,4,3,6,0,0,0,25,0,3,0,14,0,4,0,7,0,37,0,0,3,0,9,4,0,4,0,29,0,0,0,0,4,0,0,0,0,4,0,0,0,0,3,0,0,0,0,5
LGA36250,932,2646,1839,2456,6469,7998,4607,8532,600,36082,11,29,39,42,45,27,10,12,0,222,5,7,12,16,15,43,15,21,0,123,48,149,168,207,440,301,145,121,19,1594,4,6,11,19,50,57,15,15,0,181,37,148,138,186,199,248,99,112,9,1179,28,61,81,106,215,205,80,66,3,835,134,1108,683,717,714,330,228,239,40,4191,55,841,358,359,226,150,90,143,25,2249,38,78,126,154,238,193,77,110,12,1018,10,45,52,40,84,53,21,34,3,344,74,56,114,163,307,235,94,93,10,1140,21,99,82,94,160,166,53,89,3,761,55,254,224,280,434,362,143,167,15,1933,31,329,221,226,250,166,80,92,16,1404,137,90,181,226,743,387,165,119,18,2067,171,644,591,896,705,551,312,529,26,4423,368,686,1279,1781,1654,926,290,370,63,7406,20,143,83,71,61,37,26,35,0,467,40,266,235,255,267,163,80,73,16,1389
LGA36300,3,12,8,3,33,47,13,103,10,232,4,3,0,0,0,8,8,36,0,60,0,0,0,0,0,0,0,0,0,0,0,0,0,0,0,0,0,0,0,3,0,0,0,0,0,0,0,0,0,0,0,0,0,0,0,0,0,3,0,3,0,0,0,0,0,0,0,4,0,4,0,0,0,3,0,0,0,4,0,9,0,3,0,3,3,0,0,3,0,15,0,0,0,0,3,0,0,3,0,10,0,0,0,0,0,0,0,0,0,0,0,3,0,0,0,0,0,0,0,5,0,0,0,0,0,0,0,0,0,0,0,0,3,0,0,3,0,0,0,4,3,3,0,0,0,0,0,0,0,11,0,0,5,3,15,3,0,3,0,27,0,0,3,0,3,0,0,3,0,17,0,0,0,7,3,7,0,3,0,17,0,0,0,0,0,0,0,0,0,0,0,0,0,0,0,0,0,0,0,3
LGA36370,585,1296,776,1122,4016,3353,2113,4128,337,17735,11,30,32,35,23,35,11,67,8,256,10,8,8,10,28,27,17,58,0,156,11,52,25,49,163,98,28,43,3,477,14,8,29,38,68,108,28,19,0,312,14,55,40,64,75,52,14,27,3,334,7,23,20,22,65,44,21,18,4,222,83,530,379,386,406,149,129,120,22,2207,64,498,266,232,175,102,49,115,22,1517,27,47,46,69,115,65,37,39,3,436,4,21,7,9,26,9,10,7,0,91,12,22,35,51,91,52,21,15,0,294,7,23,21,23,85,32,38,33,3,270,22,81,70,95,177,91,35,71,0,644,20,95,70,94,90,46,27,32,6,485,68,43,89,104,424,180,92,77,8,1089,119,304,301,511,459,302,178,297,14,2492,240,300,555,869,1004,609,209,281,38,4100,3,50,18,13,11,16,5,10,0,129,28,110,87,108,141,76,30,40,4,608
LGA36510,291,644,486,665,1406,1714,1015,2407,208,8838,11,87,62,68,48,71,45,120,8,522,0,0,0,3,0,4,3,4,0,18,10,44,35,58,57,48,32,29,0,316,0,0,5,6,11,4,0,4,0,30,6,58,31,47,32,56,17,26,8,275,3,15,19,16,29,29,9,19,0,133,24,221,143,173,124,73,48,55,10,872,24,232,136,145,75,36,36,55,17,753,9,38,41,30,26,28,10,27,0,201,3,13,8,8,9,8,0,10,0,65,8,13,23,26,37,27,7,14,0,157,8,10,18,17,36,33,12,24,0,155,15,52,64,68,63,74,35,50,8,435,9,95,40,57,34,34,14,30,11,319,29,27,41,46,127,55,35,25,9,400,62,154,163,268,163,131,80,131,7,1166,88,149,268,365,297,174,52,80,18,1492,7,35,13,31,22,19,8,22,3,158,12,67,59,43,49,34,20,28,5,312
LGA36580,161,365,235,370,818,967,575,1354,142,4987,11,41,34,34,26,43,13,81,7,283,3,0,0,0,0,3,0,5,0,13,15,29,26,58,69,85,31,47,3,364,0,4,0,6,11,4,3,0,0,30,4,22,9,13,10,22,10,20,0,110,3,10,4,8,15,18,12,7,0,79,13,114,88,99,78,38,27,31,5,497,7,95,53,54,16,18,13,26,6,298,3,11,17,21,16,18,12,20,0,129,0,12,3,0,4,3,0,3,0,30,3,4,6,16,26,13,6,3,0,78,0,6,5,16,14,11,3,14,0,71,0,24,23,27,25,23,8,15,0,148,4,44,29,22,15,13,3,5,0,153,19,8,20,25,99,35,30,20,3,265,22,86,85,134,69,50,38,65,3,553,47,62,152,188,185,101,24,38,11,814,0,19,12,9,3,12,0,10,0,67,7,35,36,20,28,12,9,15,3,152
LGA36630,214,473,311,537,1064,949,648,1770,155,6123,9,47,46,55,23,47,13,154,12,415,3,0,3,0,4,3,9,17,0,39,19,24,29,38,67,43,23,24,0,266,0,4,10,7,14,9,5,0,0,53,3,20,9,12,13,13,4,9,0,79,0,10,11,18,13,10,7,6,0,68,31,170,114,127,127,57,36,44,7,716,19,130,83,81,40,24,13,49,11,448,5,27,17,12,15,8,5,11,0,92,0,7,0,8,10,3,4,5,0,37,4,3,14,13,19,12,0,6,0,67,0,5,10,14,20,12,5,13,0,75,0,32,27,35,47,31,18,25,0,223,8,45,20,22,22,11,6,14,0,136,16,15,25,20,103,40,22,20,5,268,43,103,144,228,91,99,64,126,13,914,62,142,203,311,233,143,50,81,12,1244,3,17,0,8,7,4,0,0,0,39,7,54,26,24,21,27,7,13,0,185
LGA36660,238,618,395,599,1319,1299,784,1973,185,7409,21,86,78,106,46,66,27,136,9,575,0,0,0,0,0,8,0,9,0,20,15,41,37,39,82,83,32,20,3,359,0,0,0,0,0,8,0,0,0,8,0,29,21,21,16,15,9,18,0,130,0,11,9,4,11,14,0,3,0,59,36,222,157,142,172,78,46,56,12,918,23,249,96,92,63,36,20,89,15,687,8,33,16,24,24,19,8,13,0,159,0,5,3,12,17,3,8,9,0,54,3,4,18,29,30,13,14,7,0,108,7,10,19,8,19,7,10,5,0,91,17,44,37,28,74,42,12,30,4,279,8,58,28,33,28,22,6,21,3,197,20,41,30,34,71,41,14,12,4,262,44,134,148,218,113,94,64,133,10,958,88,113,216,329,229,154,56,102,15,1303,3,17,8,10,8,3,0,6,0,62,5,55,30,50,43,27,12,13,3,226
LGA36720,2026,5483,4053,6068,10928,12952,7399,15481,1234,65631,17,123,116,152,120,112,50,126,14,829,25,15,15,5,9,13,20,72,3,169,43,310,246,311,369,258,144,149,10,1846,13,23,20,37,67,58,22,29,0,265,51,380,304,294,277,337,117,177,13,1949,21,134,110,153,214,154,66,94,3,945,278,2133,1456,1656,1300,590,380,470,82,8355,174,2062,1100,1175,631,430,300,494,66,6434,46,131,142,203,154,134,58,82,20,972,13,92,80,110,134,67,48,44,3,584,81,122,164,234,515,333,184,177,12,1834,40,205,162,203,355,299,113,190,10,1584,111,602,528,623,695,511,200,294,28,3593,98,696,482,476,411,259,122,187,27,2752,169,169,262,301,717,442,189,165,31,2444,344,1369,1194,1580,1196,938,609,1028,57,8316,758,1596,2822,3873,2756,1759,629,833,125,15150,48,372,188,199,119,144,56,89,8,1227,70,621,420,498,377,278,124,133,22,2535
LGA36820,207,434,287,449,795,795,497,1339,120,4913,15,51,53,56,49,49,18,107,3,394,3,0,0,3,4,0,0,14,0,23,10,16,14,18,15,15,9,15,0,112,0,0,0,0,3,0,0,0,0,10,3,23,19,20,7,13,4,15,0,106,4,3,7,7,9,12,5,9,0,52,19,159,74,136,107,35,43,46,3,632,7,115,59,68,33,24,20,57,11,396,0,18,17,8,11,11,7,15,3,90,0,5,4,9,3,7,3,3,0,43,5,12,11,11,11,14,0,6,0,80,3,19,9,8,18,12,6,11,3,90,9,40,38,37,36,28,7,26,0,223,6,52,24,19,5,11,8,10,0,142,14,13,28,26,86,34,20,16,4,242,32,132,102,144,84,67,52,108,4,717,84,123,177,213,192,114,38,62,9,1014,3,15,14,11,8,6,3,10,0,66,5,29,13,29,29,23,15,18,0,166
LGA36910,1066,2604,1757,2478,7056,6850,4685,9933,686,37117,53,207,156,180,154,223,101,390,20,1481,9,8,8,8,28,37,13,33,0,141,25,133,124,157,336,184,92,92,9,1162,10,5,8,8,42,34,5,9,0,127,26,150,120,107,125,129,80,85,3,836,16,51,57,89,125,114,52,40,3,553,132,921,644,785,701,249,213,228,39,3908,83,887,371,393,295,125,100,194,32,2482,23,112,85,86,104,64,47,78,9,622,5,19,16,22,47,31,18,13,0,181,69,58,101,155,398,196,100,71,3,1144,16,65,44,55,144,85,61,72,3,555,65,254,201,244,391,225,107,147,14,1647,31,263,151,156,158,92,41,75,6,970,127,113,168,208,606,327,194,116,6,1876,244,758,721,1077,1003,612,483,707,35,5632,465,715,1365,1898,1829,984,415,495,87,8256,12,110,41,42,57,27,15,31,3,349,48,264,191,199,219,134,86,94,8,1253
LGA36950,37,53,28,43,94,157,79,144,37,671,0,0,0,0,0,0,0,0,0,0,0,0,0,0,0,0,0,0,0,0,0,0,0,0,0,0,0,0,0,0,0,0,0,0,0,0,0,0,0,0,0,3,0,4,7,4,0,0,0,17,0,0,0,0,0,0,0,0,0,3,0,7,7,15,13,9,5,10,0,61,0,7,3,8,4,4,3,13,0,44,0,0,5,0,7,5,7,11,0,30,0,0,0,0,0,0,0,0,0,0,0,0,0,0,0,0,0,0,0,3,0,0,0,0,3,0,0,0,0,3,0,0,0,0,3,3,0,3,0,13,0,0,3,5,3,4,0,3,0,22,3,7,4,6,38,22,9,19,6,117,3,14,4,25,18,30,8,25,3,132,11,19,15,16,29,73,10,29,6,214,0,0,0,0,3,0,0,0,0,3,3,0,0,4,4,0,3,0,3,17
LGA36960,13,68,35,62,102,112,12,89,28,528,0,0,0,0,0,0,0,0,0,0,0,0,0,0,0,0,0,0,0,0,0,0,0,0,0,0,0,0,0,0,0,0,0,0,0,0,0,0,0,3,0,0,0,0,0,0,0,0,0,4,0,0,0,0,0,0,0,0,0,0,0,5,8,11,5,0,0,7,0,38,0,0,0,0,0,0,0,0,0,6,0,0,0,0,0,0,0,0,0,3,0,0,0,0,0,0,0,0,0,0,0,0,0,0,0,0,0,0,0,0,0,0,0,0,0,0,0,0,0,0,0,0,0,0,0,0,0,0,0,0,0,3,0,0,3,0,0,0,0,3,0,7,15,3,42,16,3,13,3,100,10,15,15,52,14,15,4,22,0,140,3,7,9,7,14,17,3,16,0,76,0,5,0,3,0,0,0,0,0,8,0,14,4,6,8,4,0,5,0,41
LGA37010,1441,3302,2107,2782,8468,8964,5849,10627,824,44362,9,29,30,29,28,19,13,27,3,188,6,9,12,10,20,22,30,83,9,203,28,135,78,104,247,173,90,82,9,945,21,14,21,38,82,132,36,36,3,374,34,113,114,143,211,167,79,118,7,981,18,42,50,58,148,115,56,44,5,538,197,1373,835,896,963,320,301,253,44,5180,144,1245,590,634,504,241,186,281,48,3871,37,82,69,142,215,123,102,93,7,878,23,44,33,42,119,53,38,31,3,390,38,44,79,103,259,164,68,88,3,848,31,66,50,86,254,142,57,101,6,796,66,215,206,254,451,310,146,184,11,1858,52,265,189,231,347,135,60,110,11,1393,305,174,253,369,1464,834,449,374,27,4243,276,748,713,1135,1120,715,481,910,40,6140,559,694,1237,2159,2543,1607,589,637,88,10108,33,159,59,68,89,49,39,43,11,558,57,271,194,271,306,202,119,118,12,1545
LGA37300,51,36,23,37,60,119,545,349,25,1248,0,0,0,0,0,0,0,0,0,0,26,0,3,12,8,4,132,28,0,215,0,0,0,0,0,0,3,9,0,21,0,0,0,0,0,0,0,0,0,3,0,0,0,3,4,3,0,3,0,19,0,0,0,0,0,3,0,0,0,5,3,12,12,16,16,5,4,4,3,76,3,5,9,12,10,10,7,9,0,75,0,3,5,0,3,4,0,3,0,19,0,0,0,0,0,0,0,0,0,0,0,0,0,0,4,4,0,0,0,8,0,0,0,0,3,3,6,3,0,18,0,6,3,0,3,0,0,0,0,9,3,4,3,9,4,11,3,0,0,38,0,0,0,4,13,8,6,0,3,35,10,16,15,29,18,17,20,25,3,152,12,10,19,15,24,49,11,9,0,147,0,0,0,0,0,3,0,0,0,4,0,3,0,3,6,0,0,0,0,18
LGA37310,246,469,275,418,1018,1220,1001,3201,183,8027,25,119,84,81,45,115,36,271,16,789,12,5,4,5,10,9,15,44,0,99,6,24,10,23,31,25,13,25,0,160,0,9,3,6,5,15,9,14,0,64,12,42,19,20,26,42,8,40,3,205,7,22,23,6,27,27,12,18,0,152,33,184,109,159,146,54,60,45,9,799,26,166,87,88,57,25,18,61,10,541,5,24,18,25,18,10,4,28,4,137,3,10,7,4,5,0,7,3,0,39,3,14,7,19,34,22,4,6,0,111,3,15,8,3,22,12,3,14,0,81,6,38,38,35,66,59,26,32,3,308,6,56,26,48,24,18,12,20,10,214,23,33,50,43,80,56,25,22,3,336,36,141,125,194,95,110,84,144,10,950,56,90,148,208,176,129,58,62,13,940,0,16,7,7,5,0,3,0,0,36,4,50,38,42,40,32,15,15,0,234
LGA37340,283,494,359,583,1203,1515,1148,2641,191,8425,14,42,42,84,52,86,54,119,7,502,13,3,7,7,7,10,13,45,3,110,3,11,18,23,25,24,19,21,3,148,0,0,0,0,4,3,0,0,0,15,8,27,23,23,25,28,7,14,0,152,3,5,6,7,18,21,12,11,0,86,28,187,128,216,198,91,44,78,10,980,37,162,130,200,181,166,185,220,16,1296,9,20,30,61,44,73,36,49,4,334,4,3,6,10,11,8,0,8,0,55,16,5,13,29,22,17,8,4,0,112,6,11,12,17,36,26,18,19,0,152,11,25,44,47,55,46,19,31,0,279,12,63,52,92,70,64,45,72,7,473,23,10,11,17,72,35,11,21,3,214,45,94,102,165,101,71,57,141,6,784,54,88,146,180,230,107,66,65,15,947,7,12,3,13,9,12,7,13,3,68,10,47,34,46,48,27,26,22,6,271
LGA37400,14,13,9,15,36,50,28,117,14,299,0,5,3,4,0,13,0,30,0,58,0,0,0,0,0,0,0,0,0,0,0,0,0,0,0,0,0,0,0,0,0,0,0,0,0,0,0,0,0,3,0,0,0,0,0,0,0,3,0,3,0,0,0,0,0,3,0,0,0,3,0,0,3,4,4,5,4,3,0,34,0,3,3,3,0,0,0,11,0,31,0,0,0,0,4,0,0,0,0,10,0,0,0,0,0,0,0,0,0,0,0,0,0,0,0,0,0,0,0,3,0,0,0,0,0,0,0,0,0,0,0,0,0,0,0,3,0,0,0,5,0,0,0,0,0,3,0,0,0,3,3,3,7,9,8,9,0,9,0,43,3,0,0,8,4,0,0,4,0,21,5,0,0,4,7,10,4,5,0,36,0,0,0,0,4,0,0,3,0,11,0,0,0,0,0,0,0,0,0,4
LGA37550,4,6,6,6,34,10,4,11,9,100,0,0,0,0,0,0,0,0,0,3,0,0,0,0,0,0,0,0,0,0,0,0,0,0,0,0,0,0,0,0,0,0,0,0,0,0,0,0,0,0,0,0,0,0,0,0,0,0,0,0,0,0,0,0,0,0,0,0,0,0,0,0,0,0,0,0,0,0,0,0,0,0,0,0,0,0,0,0,0,3,0,0,0,0,0,0,0,0,0,0,0,0,0,0,0,0,0,0,0,0,0,0,0,0,0,0,0,0,0,0,0,0,0,0,0,0,0,0,0,0,0,0,3,0,0,0,0,0,0,3,0,0,0,0,0,0,0,0,0,0,0,3,0,5,4,0,3,0,0,16,0,0,0,9,7,0,0,4,0,17,0,3,0,0,14,3,0,3,0,29,0,0,0,0,0,0,0,0,0,0,0,3,0,3,4,0,0,0,0,14
LGA37570,0,3,7,5,14,4,0,0,0,35,0,0,0,0,0,0,0,0,0,0,0,0,0,0,0,0,0,0,0,0,0,0,0,0,0,0,0,0,0,0,0,0,0,0,0,0,0,0,0,0,0,0,0,0,0,0,0,0,0,0,0,0,0,0,0,0,0,0,0,0,0,0,0,0,0,0,0,0,0,0,0,0,0,0,0,0,0,0,0,0,0,0,0,0,0,0,0,0,0,0,0,0,0,0,0,0,0,0,0,0,0,0,0,0,0,0,0,0,0,0,0,0,0,0,0,0,0,0,0,0,0,0,0,0,0,0,0,0,0,0,0,0,0,0,0,0,0,0,0,0,0,0,0,0,3,0,0,0,0,12,0,0,0,0,3,0,0,3,0,3,0,0,0,0,3,0,0,0,0,7,0,0,0,0,0,0,0,0,0,0,0,3,0,0,0,0,0,0,0,3
LGA37600,5,8,9,22,45,21,5,23,14,161,0,0,0,0,0,0,0,0,0,0,0,0,0,0,0,0,0,0,0,0,0,0,0,0,0,0,0,0,0,0,0,0,0,0,0,0,0,0,0,0,0,0,0,0,0,0,0,0,0,0,0,0,0,0,0,0,0,0,0,0,0,4,0,0,0,0,0,0,0,3,0,0,0,0,0,0,0,0,0,3,0,0,0,0,0,0,0,0,0,0,0,0,0,0,0,0,0,0,0,0,0,0,0,0,0,0,0,0,0,0,0,0,0,0,0,0,0,0,0,0,0,0,0,0,0,0,0,0,0,3,0,0,0,0,0,0,0,0,0,3,0,3,0,0,15,7,0,11,0,44,3,10,3,11,4,3,6,5,3,49,0,0,7,3,20,12,0,6,0,51,0,0,0,0,0,0,0,0,0,0,3,0,3,3,0,0,0,3,0,16
LGA39499,107,118,119,193,262,299,142,404,100,1743,4,7,20,39,43,30,24,41,9,216,0,0,3,0,0,0,0,7,0,19,3,5,9,4,13,3,0,4,0,37,0,0,0,0,0,0,0,0,0,3,4,0,5,7,0,0,3,5,0,23,0,0,3,3,3,3,0,0,0,12,6,17,21,19,11,3,9,5,4,89,4,37,38,40,31,18,20,29,12,230,8,0,4,3,8,3,0,5,0,28,0,0,0,3,0,0,0,0,0,9,3,0,3,0,4,0,0,3,0,17,0,3,0,0,0,3,3,5,0,16,6,9,4,7,11,19,5,9,0,63,5,13,20,10,7,4,8,14,0,85,7,3,5,8,29,9,0,4,0,56,8,14,15,16,12,9,3,13,0,88,15,22,23,27,30,34,5,20,0,171,3,7,4,5,0,3,0,0,0,33,3,14,6,4,3,4,3,4,3,50
LGA39799,4,4,0,0,8,3,3,8,0,31,0,0,0,0,0,0,0,0,0,0,0,0,0,0,0,0,0,0,0,0,0,0,0,0,0,0,0,0,0,0,0,0,0,0,0,0,0,0,0,0,0,0,0,0,0,0,0,0,0,0,0,0,0,0,0,0,0,0,0,0,0,0,0,0,0,0,0,0,0,3,0,0,0,0,0,0,0,0,0,3,0,0,0,0,0,0,0,0,0,0,0,0,0,0,0,0,0,0,0,0,0,0,0,0,0,0,0,0,0,0,0,0,0,0,0,0,0,0,0,0,0,0,0,0,0,0,0,0,0,0,0,0,0,0,0,0,0,0,0,0,0,0,0,0,0,0,0,0,0,0,0,0,0,0,0,3,0,0,0,4,3,0,0,3,0,3,0,0,0,10,0,0,0,0,0,0,0,0,0,0,0,0,0,0,0,0,0,0,0,0
