LGA_CODE_2016,M_LPLFS_EFT_DC_0_4,M_LPLFS_EFT_DC_5_9,M_LPLFS_EFT_DC_10_12,M_LPLFS_EFT_DC_13_14,M_LPLFS_EFT_DC_15_17,M_LPLFS_EFT_DC_18_20,M_LPLFS_EFT_DC_21_24,M_LPLFS_EFT_T,M_LPLFS_EPT_DC_0_4,M_LPLFS_EPT_DC_5_9,M_LPLFS_EPT_DC_10_12,M_LPLFS_EPT_DC_13_14,M_LPLFS_EPT_DC_15_17,M_LPLFS_EPT_DC_18_20,M_LPLFS_EPT_DC_21_24,M_LPLFS_EPT_T,M_LPLFS_EAW_DC_0_4,M_LPLFS_EAW_DC_5_9,M_LPLFS_EAW_DC_10_12,M_LPLFS_EAW_DC_13_14,M_LPLFS_EAW_DC_15_17,M_LPLFS_EAW_DC_18_20,M_LPLFS_EAW_DC_21_24,M_LPLFS_EAW_T,M_LPLFS_HNS_DC_0_4,M_LPLFS_HNS_DC_5_9,M_LPLFS_HNS_DC_10_12,M_LPLFS_HNS_DC_13_14,M_LPLFS_HNS_DC_15_17,M_LPLFS_HNS_DC_18_20,M_LPLFS_HNS_DC_21_24,M_LPLFS_HNS_T,M_LPLFS_EW_T_DC_0_4,M_LPLFS_EW_T_DC_5_9,M_LPLFS_EW_T_DC_10_12,M_LPLFS_EW_T_DC_13_14,M_LPLFS_EW_T_DC_15_17,M_LPLFS_EW_T_DC_18_20,M_LPLFS_EW_T_DC_21_24,M_LPLFS_EW_T_T,M_LPLFS_ULFTW_DC_0_4,M_LPLFS_ULFTW_DC_5_9,M_LPLFS_ULFTW_DC_10_12,M_LPLFS_ULFTW_DC_13_14,M_LPLFS_ULFTW_DC_15_17,M_LPLFS_ULFTW_DC_18_20,M_LPLFS_ULFTW_DC_21_24,M_LPLFS_ULFTW_T,M_LPLFS_ULPTW_DC_0_4,M_LPLFS_ULPTW_DC_5_9,M_LPLFS_ULPTW_DC_10_12,M_LPLFS_ULPTW_DC_13_14,M_LPLFS_ULPTW_DC_15_17,M_LPLFS_ULPTW_DC_18_20,M_LPLFS_ULPTW_DC_21_24,M_LPLFS_ULPTW_T,M_LPLFS_U_T_DC_0_4,M_LPLFS_U_T_DC_5_9,M_LPLFS_U_T_DC_10_12,M_LPLFS_U_T_DC_13_14,M_LPLFS_U_T_DC_15_17,M_LPLFS_U_T_DC_18_20,M_LPLFS_U_T_DC_21_24,M_LPLFS_U_T_T,M_LPLFS_T_LF_DC_0_4,M_LPLFS_T_LF_DC_5_9,M_LPLFS_T_LF_DC_10_12,M_LPLFS_T_LF_DC_13_14,M_LPLFS_T_LF_DC_15_17,M_LPLFS_T_LF_DC_18_20,M_LPLFS_T_LF_DC_21_24,M_LPLFS_T_LF_T,M_LPLFS_NLF_DC_0_4,M_LPLFS_NLF_DC_5_9,M_LPLFS_NLF_DC_10_12,M_LPLFS_NLF_DC_13_14,M_LPLFS_NLF_DC_15_17,M_LPLFS_NLF_DC_18_20,M_LPLFS_NLF_DC_21_24,M_LPLFS_NLF_T,M_LPLFS_LFSNS_DC_0_4,M_LPLFS_LFSNS_DC_5_9,M_LPLFS_LFSNS_DC_10_12,M_LPLFS_LFSNS_DC_13_14,M_LPLFS_LFSNS_DC_15_17,M_LPLFS_LFSNS_DC_18_20,M_LPLFS_LFSNS_DC_21_24,M_LPLFS_LFSNS_T,M_LPLFS_T_DC_0_4,M_LPLFS_T_DC_5_9,M_LPLFS_T_DC_10_12,M_LPLFS_T_DC_13_14,M_LPLFS_T_DC_15_17,M_LPLFS_T_DC_18_20,M_LPLFS_T_DC_21_24,M_LPLFS_T_T,F_LPLFS_EFT_DC_0_4,F_LPLFS_EFT_DC_5_9,F_LPLFS_EFT_DC_10_12,F_LPLFS_EFT_DC_13_14,F_LPLFS_EFT_DC_15_17,F_LPLFS_EFT_DC_18_20,F_LPLFS_EFT_DC_21_24,F_LPLFS_EFT_T,F_LPLFS_EPT_DC_0_4,F_LPLFS_EPT_DC_5_9,F_LPLFS_EPT_DC_10_12,F_LPLFS_EPT_DC_13_14,F_LPLFS_EPT_DC_15_17,F_LPLFS_EPT_DC_18_20,F_LPLFS_EPT_DC_21_24,F_LPLFS_EPT_T,F_LPLFS_EAW_DC_0_4,F_LPLFS_EAW_DC_5_9,F_LPLFS_EAW_DC_10_12,F_LPLFS_EAW_DC_13_14,F_LPLFS_EAW_DC_15_17,F_LPLFS_EAW_DC_18_20,F_LPLFS_EAW_DC_21_24,F_LPLFS_EAW_T,F_LPLFS_HNS_DC_0_4,F_LPLFS_HNS_DC_5_9,F_LPLFS_HNS_DC_10_12,F_LPLFS_HNS_DC_13_14,F_LPLFS_HNS_DC_15_17,F_LPLFS_HNS_DC_18_20,F_LPLFS_HNS_DC_21_24,F_LPLFS_HNS_T,F_LPLFS_EW_T_DC_0_4,F_LPLFS_EW_T_DC_5_9,F_LPLFS_EW_T_DC_10_12,F_LPLFS_EW_T_DC_13_14,F_LPLFS_EW_T_DC_15_17,F_LPLFS_EW_T_DC_18_20,F_LPLFS_EW_T_DC_21_24,F_LPLFS_EW_T_T,F_LPLFS_ULFTW_DC_0_4,F_LPLFS_ULFTW_DC_5_9,F_LPLFS_ULFTW_DC_10_12,F_LPLFS_ULFTW_DC_13_14,F_LPLFS_ULFTW_DC_15_17,F_LPLFS_ULFTW_DC_18_20,F_LPLFS_ULFTW_DC_21_24,F_LPLFS_ULFTW_T,F_LPLFS_ULPTW_DC_0_4,F_LPLFS_ULPTW_DC_5_9,F_LPLFS_ULPTW_DC_10_12,F_LPLFS_ULPTW_DC_13_14,F_LPLFS_ULPTW_DC_15_17,F_LPLFS_ULPTW_DC_18_20,F_LPLFS_ULPTW_DC_21_24,F_LPLFS_ULPTW_T,F_LPLFS_U_T_DC_0_4,F_LPLFS_U_T_DC_5_9,F_LPLFS_U_T_DC_10_12,F_LPLFS_U_T_DC_13_14,F_LPLFS_U_T_DC_15_17,F_LPLFS_U_T_DC_18_20,F_LPLFS_U_T_DC_21_24,F_LPLFS_U_T_T,F_LPLFS_T_LF_DC_0_4,F_LPLFS_T_LF_DC_5_9,F_LPLFS_T_LF_DC_10_12,F_LPLFS_T_LF_DC_13_14,F_LPLFS_T_LF_DC_15_17,F_LPLFS_T_LF_DC_18_20,F_LPLFS_T_LF_DC_21_24,F_LPLFS_T_LF_T,F_LPLFS_NLF_DC_0_4,F_LPLFS_NLF_DC_5_9,F_LPLFS_NLF_DC_10_12,F_LPLFS_NLF_DC_13_14,F_LPLFS_NLF_DC_15_17,F_LPLFS_NLF_DC_18_20,F_LPLFS_NLF_DC_21_24,F_LPLFS_NLF_T,F_LPLFS_LFSNS_DC_0_4,F_LPLFS_LFSNS_DC_5_9,F_LPLFS_LFSNS_DC_10_12,F_LPLFS_LFSNS_DC_13_14,F_LPLFS_LFSNS_DC_15_17,F_LPLFS_LFSNS_DC_18_20,F_LPLFS_LFSNS_DC_21_24,F_LPLFS_LFSNS_T,F_LPLFS_T_DC_0_4,F_LPLFS_T_DC_5_9,F_LPLFS_T_DC_10_12,F_LPLFS_T_DC_13_14,F_LPLFS_T_DC_15_17,F_LPLFS_T_DC_18_20,F_LPLFS_T_DC_21_24,F_LPLFS_T_T,T_LPLFS_EFT_DC_0_4,T_LPLFS_EFT_DC_5_9,T_LPLFS_EFT_DC_10_12,T_LPLFS_EFT_DC_13_14,T_LPLFS_EFT_DC_15_17,T_LPLFS_EFT_DC_18_20,T_LPLFS_EFT_DC_21_24,T_LPLFS_EFT_T
LGA30250,0,0,0,0,0,0,0,0,0,0,0,0,0,0,0,0,0,0,0,0,0,0,0,0,0,0,0,0,0,0,0,0,0,0,0,0,0,0,0,0,0,0,0,0,0,0,0,7,0,0,0,0,0,0,0,0,0,0,0,0,0,0,0,7,0,0,0,0,0,0,0,7,0,0,0,4,0,0,0,7,0,0,0,0,0,0,0,0,3,5,3,3,0,0,0,10,3,6,0,3,0,0,0,6,0,0,0,0,0,0,0,3,0,0,0,0,0,0,0,0,0,0,0,0,0,0,0,0,0,5,0,3,0,0,0,10,7,5,4,0,0,0,0,15,0,0,0,0,0,0,0,0,7,5,4,0,0,0,0,16,6,14,3,3,3,0,0,29,34,35,18,9,3,0,0,97,4,0,0,0,0,0,0,4,38,48,18,15,3,0,0,127,3,6,0,3,0,0,0,6
LGA30300,0,4,0,0,3,0,0,8,0,0,0,0,0,0,0,3,0,0,0,0,0,0,0,0,0,0,0,0,0,0,0,0,3,4,0,0,3,0,0,14,0,0,3,0,0,0,0,4,0,0,0,0,0,0,0,0,0,0,3,0,0,0,0,4,5,4,5,3,3,0,0,19,0,0,0,0,0,0,0,4,0,0,0,0,0,0,0,0,7,3,5,3,3,0,0,20,6,15,5,0,4,0,0,35,8,13,13,9,3,0,0,48,0,0,0,0,0,0,0,0,0,0,0,0,0,0,0,0,11,31,19,6,7,0,0,80,3,3,0,0,0,0,0,4,0,7,0,0,0,0,0,5,4,10,0,0,0,0,0,14,18,40,19,6,7,0,0,88,31,25,9,0,0,0,0,71,0,0,0,0,0,0,0,0,52,58,24,15,7,0,0,163,4,21,6,7,9,0,0,40
LGA30370,6,11,10,10,12,0,0,48,0,4,4,3,3,0,0,17,0,0,0,0,0,0,0,0,0,0,0,0,0,0,0,0,7,19,12,8,11,0,0,67,0,3,0,3,0,0,0,4,0,3,0,0,0,0,0,3,0,4,0,3,0,0,0,5,7,22,12,10,11,0,0,71,0,3,0,0,0,0,0,4,0,0,0,0,0,0,0,0,11,27,12,17,14,0,0,81,6,24,15,13,16,0,0,70,10,36,28,13,18,0,0,108,0,0,0,0,0,0,0,3,0,0,0,0,0,0,0,3,17,62,40,31,36,0,0,188,0,7,0,3,3,0,0,13,7,0,0,0,0,0,0,6,7,5,0,8,3,0,0,21,23,68,42,38,36,0,0,212,48,44,18,11,3,0,0,119,0,0,0,0,0,0,0,0,72,115,63,47,43,0,0,332,11,38,24,19,24,0,0,124
LGA30410,0,3,3,0,3,0,0,7,0,0,3,0,0,0,0,3,0,0,0,0,0,0,0,0,0,0,0,0,0,0,0,0,0,3,3,0,3,0,0,14,0,0,0,0,0,0,0,0,0,0,0,0,0,0,0,0,0,0,0,0,0,0,0,0,0,3,3,0,3,0,0,14,0,0,0,0,0,0,0,0,0,4,0,0,0,0,0,7,0,8,6,0,3,0,0,17,0,10,6,3,0,0,0,30,3,5,10,7,3,0,0,26,0,0,0,0,0,0,0,0,0,0,0,0,0,0,0,0,9,20,19,9,5,0,0,57,0,5,0,0,0,0,0,6,0,0,0,0,0,0,0,0,0,5,0,0,0,0,0,7,4,19,17,9,5,0,0,59,13,11,3,0,0,0,0,26,0,0,0,0,0,0,0,0,18,28,18,7,5,0,0,88,0,11,9,3,3,0,0,33
LGA30450,0,0,0,0,0,0,0,0,0,0,0,0,0,0,0,0,0,0,0,0,0,0,0,0,0,0,0,0,0,0,0,0,0,0,0,0,0,0,0,0,0,0,0,0,0,0,0,0,0,0,0,0,0,0,0,0,0,0,0,0,0,0,0,0,0,0,0,0,0,0,0,0,0,0,0,0,0,0,0,0,0,0,0,0,0,0,0,0,0,0,0,0,0,0,0,0,0,0,3,0,0,0,0,3,0,0,0,0,0,0,0,0,0,0,0,0,0,0,0,0,0,0,0,0,0,0,0,0,0,0,3,0,0,0,0,3,0,0,0,0,0,0,0,0,0,0,0,0,0,0,0,0,0,0,0,0,0,0,0,0,0,0,3,0,0,0,0,3,0,0,0,0,0,0,0,3,0,0,0,0,0,0,0,0,0,0,3,0,0,0,0,4,0,0,4,0,0,0,0,4
LGA30760,0,0,0,0,0,0,0,0,0,0,0,0,0,0,0,0,0,0,0,0,0,0,0,0,0,0,0,0,0,0,0,0,0,0,0,0,0,0,0,0,0,0,0,0,0,0,0,0,0,0,0,0,0,0,0,0,0,0,0,0,0,0,0,0,0,0,0,0,0,0,0,0,0,0,3,0,0,0,0,4,0,0,0,0,0,0,0,0,0,0,3,0,0,0,0,7,0,0,0,0,0,0,0,4,4,9,6,0,7,0,0,27,0,0,0,0,0,0,0,0,0,0,0,0,0,0,0,0,8,14,3,4,7,0,0,32,0,0,0,0,0,0,0,0,0,0,0,0,0,0,0,0,0,0,0,0,0,0,0,0,8,14,3,4,7,0,0,32,3,8,4,3,3,0,0,16,0,0,0,0,0,0,0,0,13,15,8,3,5,0,0,51,0,0,0,0,0,0,0,6
LGA30900,0,0,0,0,0,0,0,0,0,0,0,0,0,0,0,0,0,0,0,0,0,0,0,0,0,0,0,0,0,0,0,0,0,0,0,0,0,0,0,0,0,0,0,0,0,0,0,0,0,0,0,0,0,0,0,0,0,0,0,0,0,0,0,0,0,0,0,0,0,0,0,0,0,3,0,0,0,0,0,3,0,0,0,0,0,0,0,0,0,3,0,0,0,0,0,3,0,0,0,0,0,0,0,0,0,0,0,0,0,0,0,0,0,0,0,0,0,0,0,0,0,0,0,0,0,0,0,0,0,0,0,0,0,0,0,0,0,0,0,0,0,0,0,0,0,0,0,0,0,0,0,0,0,0,0,0,0,0,0,0,0,0,0,0,0,0,0,0,7,7,3,0,3,0,0,20,0,0,0,0,0,0,0,0,7,7,3,0,3,0,0,24,0,0,0,0,0,0,0,0
LGA31000,313,732,612,471,709,324,179,3344,72,181,129,142,155,96,34,808,6,17,15,9,8,8,7,71,3,9,10,14,12,4,8,58,399,940,764,637,888,435,222,4282,30,57,39,37,45,20,11,255,11,21,22,17,11,10,3,99,47,83,63,54,57,26,19,353,445,1017,826,692,943,464,242,4631,121,242,193,141,170,77,57,994,8,25,15,22,4,3,0,66,570,1284,1035,852,1125,541,303,5699,875,2241,1926,1497,2363,1263,650,10818,1245,2487,1697,1087,1525,705,350,9082,222,122,57,52,78,38,30,595,49,90,54,31,49,32,12,326,2384,4937,3743,2667,4013,2033,1043,20822,126,272,175,100,157,74,43,948,210,364,200,139,132,65,27,1140,338,636,372,241,292,140,71,2082,2724,5578,4114,2907,4310,2171,1111,22906,2721,2510,1444,1000,1186,581,349,9780,64,68,48,20,25,10,3,226,5512,8146,5597,3924,5515,2753,1462,32917,1187,2977,2537,1966,3074,1592,831,14164
LGA31750,0,0,0,0,0,0,0,0,0,0,0,0,0,0,0,0,0,0,0,0,0,0,0,0,0,0,0,0,0,0,0,0,0,3,0,0,0,0,0,4,0,0,0,0,0,0,0,0,0,0,0,0,0,0,0,0,0,0,0,0,0,0,0,0,0,3,0,0,0,0,0,4,0,0,0,0,0,0,0,0,0,0,0,0,0,0,0,0,0,3,0,0,0,0,0,4,0,0,0,0,0,0,0,3,0,3,0,0,0,0,0,3,0,0,0,0,0,0,0,0,0,0,0,0,0,0,0,0,0,3,0,0,0,0,0,7,0,0,0,0,0,0,0,0,0,0,0,0,0,0,0,0,0,0,0,0,0,0,0,0,0,3,0,0,0,0,0,7,5,0,0,0,0,0,0,3,0,0,0,0,0,0,0,0,3,3,0,0,0,0,0,10,0,0,0,0,0,0,0,5
LGA31820,19,58,53,29,70,17,0,249,8,28,33,17,19,4,0,105,0,4,0,0,0,0,0,3,7,5,4,3,3,0,0,21,34,96,94,54,88,17,0,379,3,22,21,17,22,3,0,83,0,15,8,3,4,0,0,28,4,36,30,21,19,3,0,110,38,127,122,70,113,19,3,488,29,68,44,30,28,3,0,208,0,3,4,3,0,0,0,13,72,198,168,106,142,20,5,713,48,138,137,115,156,20,9,619,156,353,217,149,179,20,7,1077,16,14,8,6,4,0,0,47,4,15,6,0,11,0,0,36,225,518,364,268,352,43,15,1780,36,99,56,31,45,7,6,270,66,90,49,33,19,3,0,253,102,188,103,68,61,9,6,522,325,698,469,332,415,52,21,2303,704,605,316,196,163,18,17,2021,6,8,6,4,0,0,0,32,1032,1318,792,533,574,68,34,4359,73,194,192,144,227,30,9,862
LGA31900,3,5,7,7,11,0,0,27,0,5,0,0,0,0,0,11,0,0,0,0,0,0,0,3,0,0,0,0,0,0,0,0,3,16,11,10,11,0,0,44,0,3,0,4,0,0,0,10,0,0,0,0,0,0,0,0,0,3,0,4,0,0,0,8,4,17,11,13,11,0,0,53,9,13,3,5,0,0,0,37,0,0,0,0,0,0,0,3,12,30,18,20,14,0,0,90,10,19,24,19,35,0,3,111,24,53,35,28,35,0,0,175,0,4,0,3,0,0,0,10,0,0,0,4,3,0,0,9,38,84,62,54,67,0,3,304,3,6,4,5,5,0,0,27,4,12,0,5,4,0,0,33,6,19,6,9,12,0,0,54,46,103,74,60,74,0,3,366,82,63,28,24,19,3,0,216,5,7,4,4,0,0,0,25,132,180,109,83,91,4,3,600,15,28,27,21,43,0,3,145
LGA31950,0,0,0,0,0,0,0,3,0,0,0,0,0,0,0,0,0,0,0,0,0,0,0,0,0,0,0,0,0,0,0,0,0,0,0,0,0,0,0,3,0,0,0,0,0,0,0,0,0,0,0,0,0,0,0,0,0,0,0,0,0,0,0,0,0,0,0,0,0,0,0,3,0,0,0,0,0,0,0,0,0,0,0,0,0,0,0,0,0,0,0,0,0,0,0,3,0,0,0,0,0,0,0,0,0,0,0,0,0,0,0,3,0,0,0,0,0,0,0,0,0,0,0,0,0,0,0,0,0,0,0,0,0,0,0,3,0,0,0,0,0,0,0,0,0,0,0,0,0,0,0,0,0,0,0,0,0,0,0,0,0,0,0,0,0,0,0,3,0,0,0,0,0,0,0,0,0,0,0,0,0,0,0,0,0,0,0,0,0,0,0,3,0,0,0,0,0,0,0,3
LGA32080,51,147,118,81,124,27,7,552,22,46,40,25,28,3,4,166,4,3,0,0,6,0,0,14,6,5,6,3,3,0,0,25,83,201,170,111,160,27,11,757,14,41,22,10,15,0,0,114,5,14,13,4,3,0,0,47,23,56,31,18,20,0,0,157,107,259,204,132,175,32,13,915,49,109,60,38,41,6,7,298,0,8,3,0,0,0,0,16,154,370,261,168,220,34,18,1224,202,456,365,293,424,70,35,1845,336,700,412,273,328,46,20,2121,26,16,15,10,17,6,0,92,10,7,19,12,10,0,0,68,576,1184,810,588,784,124,57,4130,37,110,69,51,55,8,3,327,92,145,63,46,40,0,0,389,124,258,131,99,97,6,4,716,701,1443,939,688,879,130,64,4849,1055,1001,465,273,274,30,11,3106,21,23,14,11,10,0,0,85,1780,2466,1425,967,1157,163,71,8031,252,605,480,370,551,93,44,2401
LGA32250,5,6,3,0,0,0,0,11,0,0,0,0,0,0,0,3,0,0,0,0,0,0,0,0,0,0,0,0,0,0,0,0,5,3,3,0,0,0,0,14,0,0,0,0,0,0,0,0,0,0,0,0,0,0,0,0,0,0,0,0,0,0,0,0,5,3,3,0,0,0,0,14,0,0,3,0,0,0,0,7,0,0,0,0,0,0,0,0,3,4,8,0,0,0,0,16,5,5,3,3,0,0,0,17,5,3,0,0,0,0,0,9,3,0,0,0,0,0,0,3,0,0,0,0,0,0,0,6,10,7,5,3,0,0,0,33,0,0,3,0,0,0,0,3,0,3,3,0,0,0,0,5,3,3,4,0,0,0,0,7,17,13,7,3,0,0,0,41,29,27,14,13,0,0,0,82,0,0,0,4,0,0,0,7,44,43,21,16,4,0,0,132,9,11,9,3,3,0,0,33
LGA32260,9,15,11,7,15,0,0,65,3,8,6,7,8,0,0,36,0,0,0,0,0,0,0,4,3,0,3,3,0,0,0,12,15,29,20,15,29,0,0,109,0,10,3,4,3,0,0,22,0,3,0,0,0,0,0,5,0,10,8,4,3,0,0,24,12,36,28,24,28,0,0,133,15,18,9,8,6,0,0,60,0,0,0,0,0,0,0,4,30,60,36,31,38,4,0,195,18,43,54,40,36,3,0,197,41,93,76,38,39,0,0,283,3,0,6,0,3,0,0,17,0,0,0,0,3,0,0,10,61,140,139,79,87,5,0,512,8,31,15,8,10,0,3,74,19,13,11,10,4,0,0,56,25,39,26,15,18,0,3,128,87,183,163,94,101,5,4,639,178,186,73,53,35,0,0,528,0,3,3,0,0,0,0,4,266,373,237,156,140,7,4,1174,23,62,65,50,58,3,0,260
LGA32270,14,23,17,9,22,0,0,77,0,0,3,4,0,0,0,7,0,0,0,0,0,0,0,0,0,3,0,0,0,0,0,4,14,29,20,11,17,0,0,93,3,0,0,0,4,0,0,9,0,0,0,0,0,0,0,3,3,0,0,0,3,0,0,9,16,26,23,11,26,0,0,101,5,11,5,4,4,0,0,35,0,0,0,0,0,0,0,0,21,35,27,16,30,0,0,134,20,56,38,25,37,3,0,187,37,73,35,31,38,0,0,216,3,0,0,0,3,0,0,12,3,3,0,0,0,0,0,7,64,138,83,52,80,5,0,418,3,11,6,5,8,0,0,33,15,12,4,6,3,0,0,44,16,29,11,11,7,0,0,77,79,166,92,63,90,5,0,496,88,75,40,14,20,3,0,245,0,3,3,0,0,0,0,13,173,250,137,80,107,3,0,749,29,79,54,32,56,3,0,266
LGA32310,3,10,10,5,4,0,0,35,0,0,3,0,0,0,0,6,0,0,0,0,0,0,0,0,0,0,0,0,0,0,0,0,3,11,13,8,5,0,0,41,3,5,5,0,0,0,0,14,0,0,0,0,0,0,0,0,0,5,5,0,0,0,0,16,4,20,15,8,4,0,0,58,3,8,5,3,0,0,0,20,0,0,0,0,0,0,0,3,10,29,21,10,12,0,0,78,18,31,16,11,26,0,0,101,14,44,40,27,28,0,0,155,5,0,0,3,3,0,0,14,3,3,0,0,3,0,0,11,42,85,60,37,56,0,0,283,8,22,5,9,3,0,0,43,6,7,3,4,0,0,0,20,13,29,12,8,3,0,0,60,55,112,67,48,56,0,0,342,67,58,27,22,20,0,0,195,0,0,0,0,0,0,0,8,123,177,95,69,79,3,7,547,24,44,28,11,32,3,0,139
LGA32330,0,0,0,0,3,0,0,6,0,0,0,0,0,0,0,0,0,0,0,0,0,0,0,0,0,0,0,0,0,0,0,0,0,0,3,0,3,0,0,8,0,3,3,3,0,0,0,12,0,0,0,0,0,0,0,0,0,3,3,3,0,0,0,12,0,5,3,3,3,0,0,22,7,4,3,0,3,0,0,27,0,0,0,0,0,0,0,3,8,9,9,4,3,0,0,44,0,5,7,3,3,0,0,15,0,0,4,0,0,0,0,10,0,0,0,0,0,0,0,0,0,0,0,0,0,0,0,0,0,3,7,3,5,0,0,20,0,0,3,3,3,0,0,10,4,0,3,0,0,0,0,13,7,0,7,3,3,0,0,25,8,11,16,8,5,0,0,45,71,71,25,18,4,0,0,186,3,0,0,4,0,0,0,11,80,79,43,32,13,0,0,244,3,7,6,9,4,0,0,25
LGA32450,0,0,0,0,0,0,0,5,0,0,0,0,0,0,0,0,0,0,0,0,0,0,0,0,0,0,0,0,0,0,0,0,0,0,0,0,0,0,0,6,0,0,0,0,3,0,0,3,0,0,0,0,0,0,0,0,0,0,0,0,3,0,0,3,0,0,0,0,3,0,0,8,0,0,0,0,0,0,0,3,0,0,0,0,0,0,0,0,0,5,0,0,4,0,0,12,0,4,10,3,5,0,0,19,3,3,5,0,0,0,0,12,0,0,0,0,0,0,0,0,0,0,0,0,0,0,0,0,3,9,15,5,7,0,0,35,0,6,0,0,0,0,0,11,0,0,0,0,0,0,0,0,0,6,3,0,0,0,0,9,5,14,16,8,7,0,0,49,17,14,9,12,6,0,0,58,3,0,0,3,0,0,0,3,20,32,30,15,11,0,0,108,0,6,10,4,5,0,0,20
LGA32500,0,0,0,0,0,0,0,4,0,3,0,0,0,0,0,5,0,0,0,0,0,0,0,0,0,0,0,0,0,0,0,0,3,7,0,4,4,0,0,13,0,0,0,0,0,0,0,0,0,0,4,0,0,0,0,8,0,0,4,0,0,0,0,8,3,8,4,5,3,0,0,21,0,9,3,5,0,0,0,20,0,0,0,0,0,0,0,0,4,10,12,3,3,0,0,37,0,10,7,7,0,0,0,24,11,16,3,10,4,0,0,43,0,0,0,0,0,0,0,4,0,3,0,0,0,0,0,3,8,22,17,11,4,0,0,70,0,8,0,0,0,0,0,13,5,4,3,0,0,0,0,12,8,19,3,3,0,0,0,23,17,43,20,15,4,0,0,93,30,17,10,8,0,0,0,64,0,0,0,0,0,0,0,4,48,57,30,18,4,0,0,159,4,9,6,8,0,0,0,28
LGA32600,0,0,0,0,0,0,0,0,0,0,0,0,0,0,0,0,0,0,0,0,0,0,0,0,0,0,0,0,0,0,0,0,0,0,0,0,0,0,0,0,0,0,0,0,0,0,0,0,0,0,0,0,0,0,0,0,0,0,0,0,0,0,0,0,0,0,0,0,0,0,0,0,0,0,0,0,0,0,0,0,0,0,0,0,0,0,0,0,0,0,0,0,0,0,0,0,0,0,0,0,0,0,0,0,0,0,0,0,0,0,0,0,0,0,0,0,0,0,0,0,0,0,0,0,0,0,0,0,0,0,0,0,0,0,0,0,0,0,0,0,0,0,0,0,0,0,0,0,0,0,0,0,0,0,0,0,0,0,0,0,0,0,0,0,0,0,0,0,0,4,0,0,0,0,0,8,0,0,0,0,0,0,0,0,0,4,0,0,0,0,0,12,0,0,0,0,0,0,0,0
LGA32750,0,0,0,0,0,0,0,0,0,0,0,0,0,0,0,0,0,0,0,0,0,0,0,0,0,0,0,0,0,0,0,0,0,0,0,0,0,0,0,0,0,0,0,0,0,0,0,0,0,0,0,0,0,0,0,0,0,0,0,0,0,0,0,0,0,0,0,0,0,0,0,0,0,0,0,0,0,0,0,0,0,0,0,0,0,0,0,0,0,0,0,0,0,0,0,0,0,0,0,0,0,0,0,0,0,0,0,0,0,0,0,0,0,0,0,0,0,0,0,0,0,0,0,0,0,0,0,0,0,0,0,0,0,0,0,0,0,0,0,0,0,0,0,0,0,0,0,0,0,0,0,0,0,0,0,0,0,0,0,0,0,0,3,0,0,0,0,0,0,0,0,0,0,0,0,0,0,0,0,0,0,0,0,0,0,0,3,0,0,0,0,0,0,0,0,0,0,0,0,0
LGA32770,0,0,0,0,0,0,0,0,0,0,0,0,0,0,0,3,0,0,0,0,0,0,0,0,0,0,0,0,0,0,0,0,0,0,0,0,0,0,0,3,0,0,0,0,0,0,0,0,0,0,0,0,0,0,0,0,0,0,0,0,0,0,0,0,0,0,0,0,0,0,0,3,0,0,0,0,0,0,0,0,0,0,0,0,0,0,0,0,0,0,0,0,0,0,0,7,0,0,3,6,0,0,0,7,3,12,3,0,0,0,0,22,0,0,0,0,0,0,0,0,0,0,0,0,0,0,0,0,5,8,5,5,3,0,0,34,0,0,0,3,0,0,0,6,0,0,0,0,0,0,0,3,0,0,0,3,0,0,0,11,7,16,11,7,3,0,0,40,38,26,15,12,0,0,0,101,3,6,0,0,0,0,0,9,52,46,27,17,4,0,0,146,0,0,3,6,0,0,0,7
LGA32810,0,11,11,4,5,0,0,27,0,6,7,3,0,0,0,17,0,0,0,0,0,0,0,0,0,0,0,0,0,0,0,3,0,15,16,5,10,0,0,48,0,0,0,0,0,0,0,3,0,0,0,0,0,0,0,0,0,0,0,0,4,0,0,3,0,15,17,5,10,0,0,52,4,3,3,3,0,0,0,12,5,0,0,0,0,0,0,3,4,23,21,6,11,0,0,70,11,22,16,8,21,0,0,77,11,48,21,25,23,0,0,137,4,3,4,0,3,0,0,13,0,4,0,0,0,0,0,9,30,78,40,31,45,3,0,230,0,0,3,0,0,0,0,3,4,6,0,0,0,0,0,6,4,6,5,0,0,0,0,9,34,86,48,38,42,3,0,247,56,42,36,13,5,0,0,151,0,0,0,0,0,0,0,3,95,126,79,46,47,7,0,401,12,31,26,9,23,0,0,109
LGA33100,0,3,0,0,0,0,0,3,0,0,0,0,0,0,0,0,0,0,0,0,0,0,0,0,0,0,0,0,0,0,0,0,0,3,0,0,0,0,0,3,0,0,0,0,0,0,0,0,0,0,0,0,0,0,0,0,0,0,0,0,0,0,0,0,0,3,0,0,0,0,0,3,0,0,0,0,0,0,0,0,0,0,0,0,0,0,0,0,0,3,0,0,0,0,0,3,0,0,0,0,0,0,0,0,0,0,0,0,0,0,0,0,0,0,0,0,0,0,0,0,0,0,0,0,0,0,0,0,0,0,0,0,0,0,0,0,0,0,0,0,0,0,0,0,0,0,0,0,0,0,0,0,0,0,0,0,0,0,0,0,0,0,0,0,0,0,0,0,5,6,0,0,0,0,0,13,0,0,0,0,0,0,0,0,5,5,0,0,0,0,0,11,0,3,0,0,0,0,0,5
LGA33200,0,0,0,0,0,0,0,3,0,0,0,0,0,0,0,0,0,0,0,0,0,0,0,0,0,0,0,0,0,0,0,0,0,0,0,0,0,0,0,0,0,0,0,0,0,0,0,0,0,0,0,0,0,0,0,0,0,0,0,0,0,0,0,0,0,0,0,0,0,0,0,0,0,3,0,0,0,0,0,3,0,0,0,0,0,0,0,0,0,3,3,3,0,0,0,7,0,0,0,0,3,0,0,9,3,0,4,3,7,0,0,16,0,0,0,0,0,0,0,0,0,0,0,0,0,0,0,0,3,3,4,3,8,0,0,20,0,0,0,0,0,0,0,0,0,0,0,0,0,0,0,0,0,0,0,0,0,0,0,0,3,3,4,3,9,0,0,19,6,7,3,3,0,0,0,20,4,0,0,0,0,0,0,4,15,11,7,6,5,0,0,45,0,0,0,0,3,0,0,11
LGA33220,28,50,39,32,46,7,0,204,7,25,14,13,27,0,3,100,0,3,3,0,4,0,0,12,0,3,5,0,0,0,0,6,40,82,63,44,77,6,5,323,10,25,27,9,11,0,0,84,0,11,8,4,6,0,0,36,12,40,33,16,14,0,0,122,58,118,93,63,90,9,5,443,40,86,45,38,40,9,5,265,3,13,8,3,0,0,0,23,98,216,150,103,134,13,5,727,56,167,163,129,193,18,3,721,163,380,235,169,200,18,3,1164,14,17,18,7,3,0,0,59,5,14,10,0,9,0,0,35,240,573,422,295,405,40,8,1985,38,73,53,38,55,5,0,267,68,83,47,35,29,4,0,262,111,158,108,66,81,10,3,533,343,734,526,368,487,49,15,2516,727,726,392,226,241,27,11,2352,18,18,15,3,3,0,0,55,1094,1476,927,599,724,82,25,4929,88,219,198,159,237,25,9,926
LGA33360,23,63,39,36,48,3,4,209,0,6,6,4,4,0,0,30,0,0,3,0,0,0,0,3,0,0,3,3,0,0,0,5,23,72,49,44,51,3,4,249,3,12,17,5,9,0,0,49,0,3,0,0,0,0,0,9,8,20,17,5,9,0,0,57,31,92,63,52,66,6,4,308,13,21,19,16,8,7,0,88,3,4,0,0,0,0,0,11,47,115,84,75,72,6,4,403,47,94,87,68,83,3,3,381,91,174,112,61,80,5,3,530,3,5,9,0,9,0,0,27,3,5,0,4,3,0,0,15,146,281,197,136,169,11,6,942,18,57,24,16,23,0,0,142,40,53,24,17,13,0,0,151,61,108,49,37,37,0,0,291,206,386,253,174,209,11,6,1238,404,322,115,77,80,4,0,998,6,12,3,3,0,0,0,28,622,717,365,251,288,19,6,2264,69,159,123,101,128,4,9,591
LGA33430,199,355,295,264,384,134,70,1700,54,124,108,78,114,34,16,524,12,15,12,7,7,3,5,62,12,17,6,10,13,3,3,55,270,513,418,358,523,174,91,2346,24,27,37,24,34,6,8,160,13,19,16,13,12,3,0,72,35,48,50,41,47,10,9,236,307,556,467,392,567,189,99,2577,91,129,96,97,108,20,26,567,7,10,3,3,3,6,0,28,405,697,568,487,683,209,121,3170,473,1195,1046,802,1291,413,199,5422,1033,2077,1374,931,1151,318,155,7028,103,88,53,34,61,23,6,359,24,62,33,32,39,13,5,213,1636,3425,2502,1793,2536,762,370,13019,75,215,123,68,94,25,16,613,190,402,190,121,117,34,8,1058,266,613,309,193,209,57,26,1675,1903,4039,2808,1988,2746,822,391,14702,2206,2026,989,655,762,214,121,6975,33,49,28,24,22,0,4,155,4138,6115,3820,2663,3530,1037,517,21826,670,1545,1336,1061,1677,546,270,7118
LGA33610,0,4,9,4,4,0,0,19,0,0,0,0,0,0,0,8,0,0,0,0,0,0,0,0,0,0,0,0,0,0,0,0,0,6,6,5,5,0,0,20,0,0,0,0,0,0,0,0,0,0,0,0,0,0,0,0,0,0,0,0,0,0,0,0,0,6,6,5,5,0,0,20,0,8,5,3,0,0,0,12,0,0,0,0,0,0,0,0,4,12,13,7,5,0,0,37,10,23,12,13,17,3,0,86,16,47,26,10,14,0,0,119,0,6,0,0,0,0,0,7,0,0,0,3,0,0,0,5,30,73,40,27,36,3,0,218,0,3,3,0,3,0,0,7,3,0,0,0,0,0,0,9,6,8,3,0,3,0,0,15,34,82,43,32,39,3,0,236,51,44,15,15,13,3,0,139,3,0,0,0,0,0,0,3,85,130,62,46,53,4,0,377,9,31,21,18,25,3,0,104
LGA33620,12,23,19,26,31,3,3,112,0,7,3,4,8,3,3,30,0,3,0,0,0,0,0,4,0,0,0,0,4,0,0,4,16,29,22,30,41,3,4,153,7,5,8,3,3,0,0,29,0,7,7,3,4,0,0,17,7,15,15,5,8,0,0,50,25,42,43,37,44,3,4,198,21,52,28,33,29,3,0,167,0,3,0,4,0,0,0,13,46,101,69,76,76,6,4,376,27,63,73,51,80,8,4,299,76,179,108,88,120,5,3,585,7,11,7,0,5,0,0,31,0,4,3,0,5,0,0,16,115,253,192,137,205,15,7,933,10,36,19,10,8,0,0,88,22,41,21,14,13,0,0,110,34,80,48,21,22,0,0,202,147,334,237,163,229,17,9,1139,383,345,170,105,104,14,3,1127,11,7,0,0,0,0,0,20,537,683,409,263,343,31,17,2279,41,82,90,71,105,8,8,409
LGA33800,4,7,3,4,5,0,0,28,0,0,0,0,0,0,0,4,0,0,0,0,0,0,0,0,0,0,0,0,0,0,0,0,4,7,3,4,10,0,0,27,0,3,0,0,0,0,0,9,0,0,0,0,0,0,0,4,0,3,0,4,0,0,0,8,4,13,5,9,9,0,0,37,0,3,3,3,0,0,0,10,0,0,0,0,0,0,0,0,4,21,13,6,9,0,0,48,7,10,12,12,13,0,0,51,15,17,12,16,17,0,0,75,0,0,0,0,0,0,0,0,0,0,0,0,0,0,0,0,16,22,21,27,27,0,0,123,0,5,4,8,0,0,0,12,3,10,4,6,3,0,0,26,3,13,3,7,6,0,0,37,23,38,30,38,35,0,0,158,43,34,18,13,5,0,0,111,0,0,0,0,0,0,0,0,69,71,52,49,37,3,0,274,9,18,16,12,17,0,0,73
LGA33830,0,0,0,0,0,0,0,3,0,0,0,0,0,0,0,0,0,0,0,0,0,0,0,0,0,0,0,0,0,0,0,0,0,0,0,0,0,0,0,3,0,0,0,0,0,0,0,3,0,0,0,0,0,0,0,0,0,0,0,0,0,0,0,3,0,0,4,0,0,0,0,4,0,0,0,0,0,0,0,0,0,0,0,0,0,0,0,0,0,3,4,0,0,0,0,9,9,5,0,0,0,0,0,12,6,4,4,0,0,0,0,13,0,0,0,3,0,0,0,3,0,0,0,0,0,0,0,0,15,7,4,5,0,0,0,25,3,3,3,3,0,0,0,11,4,4,0,0,0,0,0,3,8,6,3,3,0,0,0,17,17,17,3,6,0,0,0,46,18,13,0,4,0,0,0,29,3,0,0,0,0,0,0,3,41,24,8,10,0,0,0,79,9,6,0,0,0,0,0,16
LGA33960,86,188,153,107,164,45,24,768,24,50,35,14,28,7,0,153,3,3,3,7,3,0,0,22,6,3,3,3,5,0,0,21,113,241,199,130,197,55,23,971,11,31,27,14,20,3,0,112,0,16,9,3,0,0,0,27,12,43,38,20,20,3,0,136,131,283,232,152,215,60,26,1108,92,144,96,49,56,13,4,467,4,5,11,3,5,0,0,27,224,438,339,210,275,73,35,1600,317,638,513,360,507,148,54,2537,440,779,497,286,375,85,27,2493,78,63,26,22,13,5,6,209,22,28,10,15,11,3,0,92,855,1507,1049,678,914,240,85,5333,134,255,120,72,74,15,6,677,174,204,71,51,48,3,4,563,305,459,190,121,125,20,9,1240,1164,1968,1239,804,1038,266,97,6574,1772,1540,704,400,437,101,36,4984,21,31,16,8,5,0,0,91,2953,3532,1960,1214,1478,361,136,11642,402,825,665,470,672,198,75,3306
LGA33980,9,31,17,15,20,0,0,87,0,0,0,0,0,0,0,5,0,0,0,0,3,0,0,5,3,3,0,0,0,0,0,4,16,34,15,19,30,0,0,107,0,0,0,0,3,0,0,5,0,0,0,0,0,0,0,0,0,0,0,0,3,0,0,5,16,32,15,16,31,0,0,108,0,5,8,0,3,0,0,15,0,0,0,0,0,0,0,0,18,36,21,22,34,0,0,129,22,31,30,27,23,0,0,136,21,53,23,14,24,0,0,142,3,3,0,0,0,0,0,7,0,4,3,0,0,0,0,7,40,98,57,41,48,4,0,295,10,9,4,3,3,0,0,24,3,4,4,0,0,0,0,14,11,13,8,8,7,0,0,42,52,110,68,47,52,4,0,333,72,38,13,9,9,0,0,140,3,0,3,0,0,0,0,7,127,150,84,58,55,4,0,481,31,62,45,38,40,0,0,224
LGA34420,0,0,0,0,0,0,0,0,0,0,0,0,0,0,0,0,0,0,0,0,0,0,0,0,0,0,0,0,0,0,0,0,0,0,0,0,0,0,0,0,0,0,0,0,0,0,0,3,0,0,0,0,0,0,0,0,0,0,0,0,0,0,0,3,0,0,5,0,0,0,0,5,0,3,0,0,0,0,0,3,0,0,0,0,0,0,0,0,0,3,5,0,0,0,0,10,0,9,3,0,3,0,0,19,4,0,0,0,0,0,0,10,0,0,0,0,0,0,0,0,0,0,0,0,0,0,0,0,3,11,4,0,3,0,0,25,0,0,4,0,0,0,0,8,0,0,0,0,0,0,0,0,0,3,4,0,0,0,0,10,6,14,3,3,4,0,0,38,23,25,7,3,0,0,0,64,0,0,0,0,0,0,0,0,30,40,12,8,5,0,0,104,0,9,3,0,3,0,0,18
LGA34530,18,36,24,12,22,3,0,113,5,14,10,10,5,3,0,38,0,0,0,0,0,0,0,6,0,0,0,0,3,0,0,4,23,43,33,18,36,4,3,160,0,4,4,7,7,0,0,15,0,0,0,3,0,0,0,0,0,4,4,5,7,0,0,22,23,47,40,29,37,4,3,185,4,7,8,10,5,0,0,46,0,0,0,0,0,0,0,3,25,58,45,33,51,5,3,231,30,55,47,55,61,9,4,261,57,136,82,54,74,5,3,407,8,3,3,3,6,0,0,25,0,3,4,4,3,0,0,18,92,193,137,112,144,12,8,708,15,22,16,14,3,0,0,70,16,27,21,15,9,0,0,86,30,48,33,28,13,0,0,156,120,246,175,139,152,13,9,865,165,116,72,27,42,3,4,425,3,3,3,0,0,0,0,7,286,369,244,164,199,16,12,1296,47,89,77,67,91,14,4,382
LGA34570,0,0,0,0,0,0,0,0,0,0,0,0,0,0,0,0,0,0,0,0,0,0,0,0,0,0,0,0,0,0,0,0,0,0,0,0,0,0,0,0,0,3,0,0,0,0,0,3,0,0,0,0,0,0,0,0,0,3,0,0,0,0,0,3,0,3,0,0,0,0,0,3,0,0,0,0,0,0,0,0,0,0,0,0,0,0,0,0,0,5,0,0,0,0,0,6,0,3,0,0,0,0,0,3,0,3,6,0,0,0,0,13,0,0,0,0,0,0,0,0,0,0,0,0,0,0,0,0,4,5,11,0,0,0,0,16,0,0,0,0,0,0,0,3,0,0,0,0,0,0,0,0,0,0,0,0,0,0,0,7,4,5,10,0,0,0,0,22,16,3,10,0,3,0,0,29,0,0,0,0,0,0,0,0,20,11,20,4,3,0,0,55,0,3,0,0,0,0,0,3
LGA34580,8,21,24,26,32,3,3,118,0,10,3,3,5,3,0,21,0,0,0,0,0,0,0,6,3,0,0,0,3,0,0,8,14,30,30,31,46,8,3,157,0,3,4,0,5,0,0,19,0,0,0,0,0,0,0,4,0,4,3,0,7,0,0,18,17,36,30,33,53,9,3,175,17,15,11,7,7,0,0,60,0,0,0,0,0,0,0,0,27,54,46,42,60,9,6,240,14,67,64,44,64,13,0,271,67,126,86,50,84,9,3,415,8,4,3,3,0,0,0,17,7,4,7,8,4,0,0,24,92,202,158,105,148,20,4,728,20,31,21,9,11,0,0,83,13,32,11,10,6,0,0,80,33,60,33,19,21,0,0,165,128,258,194,126,169,22,4,894,240,254,135,80,77,6,3,794,11,7,4,4,7,0,0,26,375,516,330,202,255,28,6,1720,23,91,89,71,93,21,3,396
LGA34590,131,297,222,176,242,53,38,1163,37,74,54,43,51,6,0,282,3,3,7,4,3,0,0,18,3,16,10,8,7,0,0,46,176,392,302,230,308,64,43,1511,21,39,24,14,21,4,3,130,10,16,8,3,4,0,0,39,25,55,31,16,31,4,3,163,205,445,330,249,337,66,45,1676,108,156,100,88,95,18,10,572,7,11,6,3,4,4,4,37,319,612,433,338,438,88,58,2291,456,815,648,447,685,229,102,3377,668,1128,684,449,551,128,59,3658,81,77,34,27,25,13,3,260,22,53,18,22,31,7,0,148,1228,2066,1388,949,1284,372,161,7452,176,287,158,86,106,12,13,841,208,339,151,87,77,13,3,878,386,628,317,174,186,23,16,1721,1611,2687,1709,1122,1471,394,173,9168,2515,2260,1116,657,697,188,90,7513,43,35,21,15,12,7,0,143,4171,4983,2841,1799,2179,585,266,16825,584,1110,875,626,928,278,140,4547
LGA34710,0,3,0,0,0,0,0,7,0,0,0,0,0,0,0,3,0,0,0,0,0,0,0,0,0,0,0,0,0,0,0,0,0,3,3,0,0,3,0,8,0,0,0,0,0,0,0,4,0,0,0,0,0,0,0,0,0,0,0,0,0,0,0,4,0,3,3,3,0,3,0,12,0,0,0,0,0,0,0,0,0,0,0,0,0,0,0,0,0,3,3,3,0,3,0,11,12,15,9,3,3,0,0,37,0,12,5,8,7,0,0,39,0,0,0,0,0,0,0,3,0,0,0,0,0,0,0,3,12,32,11,13,13,0,0,76,0,0,0,0,0,0,0,3,3,0,0,0,0,0,0,8,5,0,3,0,0,0,0,4,18,33,16,13,13,0,0,86,21,8,7,7,0,0,0,39,0,0,0,0,0,0,0,3,34,39,26,16,15,0,0,134,12,20,10,3,3,0,0,42
LGA34770,42,113,86,57,107,10,3,415,4,22,15,18,15,0,0,75,4,7,0,0,3,0,0,19,3,0,3,8,7,0,0,14,51,146,104,82,130,10,3,528,11,8,14,7,13,0,0,48,0,7,0,8,5,0,0,16,11,15,14,12,19,0,0,64,60,157,118,92,151,10,3,591,21,39,26,12,10,0,0,109,3,4,0,3,0,0,0,12,82,197,146,113,162,14,3,712,99,222,197,149,235,26,10,933,201,346,253,163,186,18,4,1172,20,22,6,0,13,0,0,71,4,22,4,8,7,0,0,40,323,620,458,316,441,42,11,2214,49,104,60,43,25,3,0,283,69,128,63,29,22,3,0,317,123,229,120,70,43,11,0,598,448,845,581,386,489,53,16,2817,755,581,267,142,124,11,0,1879,7,10,10,10,3,0,0,39,1207,1439,864,540,611,64,16,4735,141,337,279,208,343,32,13,1353
LGA34800,0,0,0,0,0,0,0,0,0,0,0,0,0,0,0,0,0,0,0,0,0,0,0,0,0,0,0,0,0,0,0,0,0,0,0,0,0,0,0,0,0,0,0,0,0,0,0,0,0,0,0,0,0,0,0,0,0,0,0,0,0,0,0,0,0,0,0,0,0,0,0,0,0,0,0,0,0,0,0,0,0,0,0,0,0,0,0,0,0,0,0,0,0,0,0,0,0,3,0,0,0,0,0,4,7,0,0,0,0,0,0,9,0,0,0,0,0,0,0,0,0,0,0,0,0,0,0,0,7,3,0,0,0,0,0,14,0,0,0,0,0,0,0,0,0,0,0,0,0,0,0,0,0,0,0,0,0,0,0,0,7,3,0,0,0,0,0,14,0,0,0,0,0,0,0,0,0,0,0,0,0,0,0,0,7,5,0,0,0,0,0,14,0,3,0,0,0,0,0,4
LGA34830,0,0,0,0,0,0,0,0,0,0,0,0,0,0,0,0,0,0,0,0,0,0,0,0,0,0,0,0,0,0,0,0,0,0,0,0,0,0,0,0,0,0,0,0,0,0,0,0,0,0,0,0,0,0,0,0,0,0,0,0,0,0,0,0,0,0,0,0,0,0,0,0,0,0,0,0,0,0,0,4,0,0,0,0,0,0,0,0,0,4,0,0,0,0,0,3,0,0,0,0,0,0,0,0,0,0,0,0,0,0,0,0,0,0,0,0,0,0,0,0,0,0,0,0,0,0,0,0,0,0,0,0,0,0,0,0,0,0,0,0,0,0,0,3,0,0,0,0,0,0,0,0,0,0,0,0,0,0,0,3,0,0,0,0,0,0,0,5,8,7,4,0,0,0,0,21,0,0,0,0,0,0,0,0,10,6,5,0,0,0,0,24,0,0,0,0,0,0,0,0
LGA34860,0,3,8,4,6,0,0,26,0,4,4,0,0,0,0,10,0,0,0,0,0,0,0,0,0,0,0,0,0,0,0,0,0,8,14,3,10,0,0,33,0,0,0,0,0,0,0,8,0,0,0,0,0,0,0,0,0,3,0,0,0,0,0,7,0,8,14,3,8,0,0,41,0,7,3,0,4,0,0,15,0,0,0,0,0,0,0,0,0,14,19,5,14,0,0,57,18,25,14,24,12,0,0,94,22,35,20,16,11,0,0,111,0,0,3,0,0,0,0,8,3,3,3,0,0,0,0,10,41,67,42,38,32,0,0,226,0,3,0,0,0,0,0,10,3,0,0,0,0,0,0,7,3,6,3,0,0,0,0,10,45,73,49,42,30,0,0,240,63,44,19,10,7,0,0,149,0,0,0,3,0,0,0,5,106,116,66,55,39,0,3,391,20,31,27,30,25,0,0,122
LGA34880,9,18,21,13,14,0,0,81,0,5,5,0,8,0,0,22,0,0,0,0,0,0,0,7,0,0,0,0,0,0,0,0,11,30,27,19,20,0,0,109,3,0,5,4,4,0,0,17,0,11,3,0,0,0,0,14,3,12,10,3,4,0,0,23,15,36,32,21,23,0,0,129,3,13,7,9,10,0,0,36,0,0,0,3,0,0,0,3,21,47,38,33,33,0,0,175,19,29,28,24,32,0,0,130,34,63,38,21,30,3,0,188,0,3,0,3,0,0,0,14,0,0,0,0,0,0,0,0,49,100,71,52,64,4,3,337,0,10,4,3,3,0,0,24,3,17,9,4,4,0,0,36,6,26,16,8,9,0,0,62,54,123,83,61,71,3,3,401,122,125,76,41,27,0,3,389,0,3,3,3,0,0,0,9,177,258,156,103,96,3,3,797,24,52,46,40,47,4,3,216
LGA35010,161,366,296,245,372,91,38,1574,22,86,53,63,66,23,9,318,0,19,5,0,4,3,0,32,13,17,8,10,12,0,0,61,201,489,357,319,454,116,54,1981,17,34,38,22,30,6,4,151,3,29,14,11,7,0,0,69,19,61,56,34,41,6,4,214,215,550,412,352,497,119,53,2199,102,187,123,82,108,23,7,627,7,8,6,3,0,0,0,28,324,748,546,431,600,143,65,2854,411,953,828,637,946,288,125,4199,842,1670,1135,673,892,203,87,5491,125,95,65,48,70,15,8,418,34,42,31,16,20,5,4,160,1411,2756,2059,1376,1931,507,225,10273,148,263,155,94,123,26,9,807,230,366,180,86,91,13,7,973,379,635,328,176,207,36,18,1775,1788,3389,2391,1556,2139,542,237,12052,2592,2366,1248,682,646,140,69,7743,37,49,22,8,4,0,0,122,4417,5801,3665,2243,2788,691,312,19912,570,1321,1121,881,1320,381,171,5771
LGA35250,0,3,0,0,0,0,0,6,0,0,3,0,0,0,0,3,0,0,0,0,0,0,0,0,0,0,0,0,0,0,0,0,0,3,3,0,0,0,0,11,0,3,0,0,0,0,0,5,0,0,0,0,0,0,0,0,0,3,0,0,0,0,0,5,0,7,3,0,0,0,0,10,0,0,0,0,0,0,0,0,0,0,0,0,0,0,0,0,3,7,3,0,0,0,0,12,0,11,5,3,0,0,0,22,0,7,3,0,0,0,0,14,0,0,0,0,0,0,0,3,0,0,0,0,0,0,0,3,3,12,7,5,3,0,0,35,3,4,3,0,0,0,0,12,3,0,0,0,0,0,0,3,6,4,3,0,0,0,0,15,11,19,15,5,3,0,0,51,16,13,9,6,3,0,0,49,5,11,9,3,0,0,0,26,34,40,29,19,5,0,0,126,3,14,5,3,0,0,0,23
LGA35300,19,15,17,13,22,0,0,86,0,4,0,3,0,0,0,9,4,0,0,0,0,0,0,3,0,3,0,0,0,0,0,0,20,24,13,15,29,0,0,102,0,0,3,0,3,0,0,10,0,0,0,0,0,0,0,0,0,3,5,0,4,0,0,9,22,25,21,22,27,0,0,115,4,12,5,4,3,0,0,23,0,4,0,0,0,0,0,3,28,37,25,23,33,0,0,139,30,71,52,30,36,0,0,214,27,47,31,14,21,0,0,135,3,0,0,4,3,0,0,8,0,3,3,0,0,0,0,6,53,126,85,50,55,0,0,375,12,9,3,6,3,0,0,37,12,14,5,5,7,0,0,42,24,22,11,7,12,0,0,81,83,150,97,55,67,0,0,448,163,117,56,34,27,0,0,392,4,8,4,6,0,0,0,23,241,270,162,94,93,3,0,863,42,85,65,44,55,3,0,303
LGA35600,0,0,0,0,3,0,0,7,0,0,0,0,0,0,0,0,0,0,0,0,0,0,0,0,0,0,0,0,0,0,0,0,0,3,0,0,3,0,0,6,0,3,0,0,0,0,0,4,0,0,0,0,0,0,0,0,0,3,0,0,0,0,0,4,0,4,3,0,0,0,0,11,0,0,0,0,0,0,0,4,0,0,0,0,0,0,0,0,3,4,4,3,0,0,0,18,3,10,3,7,6,0,0,29,9,13,8,5,4,0,0,38,4,3,0,0,0,0,0,6,0,0,0,0,0,0,0,3,13,30,11,9,10,0,0,77,0,0,0,0,0,0,0,4,3,0,0,0,0,0,0,3,3,5,0,0,0,0,0,8,17,29,7,13,10,0,0,82,35,28,20,13,8,0,0,112,6,0,0,0,0,0,0,4,54,62,30,28,27,0,0,195,3,13,3,9,8,0,0,33
LGA35670,0,0,0,3,0,0,0,3,0,0,0,0,0,0,0,3,0,0,0,0,0,0,0,0,0,0,0,0,0,0,0,0,0,0,0,6,0,0,0,8,0,0,0,0,0,0,0,0,0,0,0,0,0,0,0,0,0,0,0,0,0,0,0,0,0,0,0,6,0,0,0,8,0,0,0,0,0,0,0,0,0,0,0,0,0,0,0,0,0,0,0,6,0,0,0,8,0,6,0,0,0,0,0,12,0,3,0,0,0,0,0,3,0,0,0,0,0,0,0,0,0,0,0,0,0,0,0,0,0,8,0,0,0,0,0,14,0,0,0,0,0,0,0,4,0,0,0,0,0,0,0,3,0,0,0,0,0,0,0,3,3,8,5,0,0,0,0,20,16,17,12,11,3,0,0,60,0,0,0,0,0,0,0,0,19,27,20,11,6,0,0,76,0,6,0,3,0,0,0,9
LGA35740,12,27,32,21,36,9,0,143,7,15,12,14,18,0,0,70,0,0,0,0,0,0,0,3,0,0,0,3,0,0,0,3,15,48,45,39,58,9,7,216,4,3,3,0,0,0,0,15,0,3,0,3,0,0,3,10,4,10,3,7,0,0,3,23,17,55,48,44,62,5,5,238,13,14,9,13,14,3,5,70,0,0,5,0,0,0,0,9,30,69,61,58,78,8,12,314,9,79,89,80,111,12,3,379,83,241,189,101,127,17,7,778,4,5,4,4,0,0,0,11,0,3,3,0,5,0,0,9,103,328,281,183,242,30,7,1182,4,12,10,6,10,3,0,46,9,28,25,6,11,3,3,89,19,42,38,15,20,3,4,135,117,366,318,201,268,35,14,1321,143,173,106,58,72,7,10,567,0,0,0,0,0,0,0,9,262,542,426,263,341,43,21,1893,21,102,124,103,149,20,6,525
LGA35760,0,0,3,0,5,0,0,10,3,5,3,0,0,0,0,10,0,0,0,0,0,0,0,0,0,0,0,0,0,0,0,0,4,5,9,0,5,0,0,16,0,0,3,0,0,0,0,8,0,0,0,0,0,0,0,0,0,0,3,0,0,0,0,8,4,6,5,0,6,0,0,23,0,16,4,3,8,0,0,29,3,3,0,0,0,0,0,6,8,22,20,0,11,0,0,61,0,22,14,3,9,0,0,51,19,28,21,18,19,0,0,104,3,0,0,0,0,0,0,8,0,0,0,0,3,0,0,10,26,46,40,23,28,3,0,164,0,6,4,4,3,0,0,17,0,3,0,0,0,0,0,4,4,9,3,4,3,0,0,21,31,56,45,28,33,3,0,185,56,45,26,15,9,0,0,157,0,0,0,0,0,0,0,0,84,100,69,48,42,3,0,341,5,22,18,3,11,0,0,61
LGA35780,0,0,0,0,0,0,0,6,0,0,0,0,0,0,0,0,0,0,0,0,0,0,0,0,0,0,0,0,0,0,0,0,0,0,0,0,0,0,0,4,0,0,0,0,0,0,0,0,0,0,0,0,0,0,0,0,0,0,0,0,0,0,0,0,0,0,0,0,0,0,0,4,10,4,0,0,4,0,0,15,0,0,0,0,0,0,0,0,10,3,0,3,3,0,0,21,15,22,15,8,7,0,0,63,9,15,5,6,0,0,0,40,0,0,0,0,0,0,0,0,0,3,0,0,0,0,0,3,26,34,20,12,8,0,0,104,12,13,4,4,0,0,0,34,5,3,3,0,0,0,0,12,13,17,9,3,0,0,0,43,39,57,22,15,10,0,0,152,65,50,26,15,17,0,0,173,0,0,0,0,0,0,0,0,107,110,54,34,26,0,0,325,15,20,15,7,10,0,0,65
LGA35790,0,4,0,0,0,0,0,4,0,0,0,0,0,0,0,3,0,0,0,0,0,0,0,0,0,0,0,0,0,0,0,0,0,3,3,0,0,0,0,6,0,0,0,0,0,0,0,0,0,3,0,0,0,0,0,3,0,3,0,0,0,0,0,4,0,8,3,0,0,0,0,10,9,6,5,4,0,0,0,32,0,0,0,0,0,0,0,0,16,15,10,4,0,0,0,39,9,10,3,3,0,0,0,21,3,12,6,0,0,0,0,25,0,0,0,0,0,0,0,3,0,0,0,0,0,0,0,0,7,22,10,6,5,0,0,53,3,0,0,0,0,0,0,4,3,7,3,3,0,0,0,17,7,9,3,3,0,0,0,23,19,28,21,5,5,0,0,71,82,58,30,12,7,0,0,193,0,0,0,0,0,0,0,0,100,82,49,19,10,0,0,263,5,8,7,3,0,0,0,26
LGA35800,0,0,3,0,0,0,0,3,0,0,0,0,0,0,0,0,0,0,0,0,0,0,0,0,0,0,0,0,0,0,0,0,0,0,3,0,0,0,0,3,0,0,0,0,0,0,0,0,0,0,0,0,0,0,0,0,0,0,0,0,0,0,0,0,0,0,3,0,0,0,0,0,0,0,0,0,0,0,0,0,0,0,0,3,0,0,0,3,0,0,3,3,0,0,0,8,7,13,5,5,3,0,0,33,3,3,3,0,0,0,0,11,0,6,0,0,0,0,0,4,0,0,0,0,0,0,0,0,11,17,11,3,4,0,0,53,0,0,0,0,0,0,0,0,3,0,0,0,0,0,0,7,3,0,0,0,0,0,0,10,15,23,11,7,4,0,0,55,27,16,9,5,6,0,0,65,0,0,0,0,0,0,0,0,48,36,16,15,6,0,0,123,7,13,10,5,3,0,0,32
LGA36070,0,0,0,0,0,0,0,0,0,0,0,0,0,0,0,0,0,0,0,0,0,0,0,0,0,0,0,0,0,0,0,0,0,0,0,0,0,0,0,3,0,0,0,0,0,0,0,0,0,0,0,0,0,0,0,0,0,0,0,0,0,0,0,0,0,0,0,0,0,0,0,3,0,0,0,0,0,0,0,8,0,0,0,0,0,0,0,0,3,4,3,0,0,0,0,15,0,0,0,0,0,0,0,7,0,3,0,0,0,0,0,7,0,0,0,0,0,0,0,0,0,0,0,0,0,0,0,0,0,7,0,0,0,0,0,11,0,0,0,0,0,0,0,3,0,0,0,0,0,0,0,0,4,0,0,0,0,0,0,4,4,6,0,0,0,0,0,11,16,17,12,4,0,0,0,44,0,0,0,0,0,0,0,0,22,24,18,4,0,0,0,59,0,0,0,0,0,0,0,4
LGA36150,0,0,0,0,0,0,0,0,0,0,0,0,0,0,0,0,0,0,0,0,0,0,0,0,0,0,0,0,0,0,0,0,0,0,0,0,0,0,0,0,0,0,0,0,0,0,0,0,0,0,0,0,0,0,0,0,0,0,0,0,0,0,0,0,0,0,0,0,0,0,0,0,3,0,0,0,0,0,0,4,0,0,0,0,0,0,0,0,3,0,0,0,0,0,0,4,3,8,0,0,0,0,0,7,0,5,0,0,0,0,0,5,0,0,0,0,0,0,0,0,0,0,0,0,0,0,0,0,5,13,0,0,0,0,0,14,0,0,0,0,0,0,0,0,0,0,0,0,0,0,0,0,0,0,0,0,0,0,0,0,5,13,0,0,0,0,0,14,6,3,4,0,0,0,0,9,0,0,0,0,0,0,0,0,12,16,5,0,3,0,0,30,3,8,0,0,0,0,0,7
LGA36250,57,122,91,68,118,45,18,517,10,27,24,28,23,3,6,125,0,0,4,0,0,0,0,5,3,6,3,0,8,0,0,20,69,156,119,104,147,52,20,664,3,0,5,4,9,4,3,28,0,3,0,0,0,0,0,5,5,3,6,4,8,4,3,37,70,164,128,105,153,56,24,701,25,56,35,29,31,3,3,177,0,0,3,3,0,0,0,3,97,224,160,137,185,57,27,889,135,349,305,244,368,128,59,1591,246,464,365,223,296,86,30,1708,32,21,19,9,8,0,0,92,5,28,11,5,12,4,0,63,419,864,699,487,682,221,89,3454,14,44,39,20,21,6,4,141,51,87,36,30,26,7,3,243,72,129,72,45,52,12,3,384,491,990,776,529,738,229,92,3841,530,517,279,154,164,35,10,1697,8,6,7,0,0,0,0,22,1034,1522,1059,684,903,260,107,5557,193,469,395,314,484,171,75,2111
LGA36300,0,3,3,3,0,0,0,8,0,0,0,0,0,0,0,0,0,0,0,0,0,0,0,0,0,0,0,0,0,0,0,0,0,3,3,3,0,0,0,8,0,0,0,0,0,0,0,0,0,0,0,0,0,0,0,0,0,0,0,0,0,0,0,0,0,3,3,3,0,0,0,8,0,0,0,0,0,0,0,4,0,0,0,0,0,0,0,0,0,3,8,3,0,0,0,11,0,0,0,0,0,0,0,5,3,0,0,0,0,0,0,6,0,0,0,0,0,0,0,0,0,0,0,0,0,0,0,3,3,3,0,0,3,0,0,8,0,0,0,0,0,0,0,0,0,3,0,0,0,0,0,7,0,3,0,0,0,0,0,6,5,8,0,0,3,0,0,19,3,4,0,0,0,0,0,6,0,0,0,0,0,0,0,0,6,6,0,0,3,0,0,20,0,3,3,3,0,0,0,15
LGA36370,34,59,53,30,56,9,3,242,10,9,8,16,10,0,0,54,0,0,0,0,4,0,0,6,0,0,0,0,0,0,0,4,46,69,63,50,70,9,3,312,12,16,14,12,6,0,0,63,0,5,4,4,0,0,0,18,15,23,19,14,6,0,0,76,58,89,85,62,77,9,3,384,21,41,26,19,23,3,0,142,3,0,0,0,0,0,0,3,84,132,113,83,102,10,3,534,82,203,171,117,173,35,18,797,185,339,203,139,166,20,4,1066,27,18,10,8,9,0,0,71,4,6,4,3,7,3,0,29,298,566,394,266,353,60,24,1960,36,97,50,30,30,0,0,249,56,87,45,20,20,4,0,231,91,186,101,49,54,3,0,480,392,748,493,316,406,62,24,2439,682,558,256,143,141,12,3,1805,7,7,6,5,3,0,0,25,1085,1312,756,462,552,77,24,4274,118,260,229,148,235,46,19,1038
LGA36510,19,28,28,16,23,0,4,119,5,8,4,13,13,0,0,45,0,0,0,0,0,0,0,4,0,3,0,0,0,0,0,3,18,38,34,23,40,7,4,166,0,3,0,7,0,0,0,11,0,0,0,0,3,0,0,6,0,5,0,7,3,0,0,18,19,45,34,29,41,8,4,183,14,26,3,10,5,0,3,60,0,3,0,0,0,0,0,8,29,74,43,41,50,4,8,250,33,70,53,35,61,12,4,273,66,136,101,64,72,20,3,451,3,7,3,3,3,0,0,23,0,3,4,3,0,0,0,15,98,214,165,103,138,32,7,756,12,18,14,4,7,0,0,65,16,23,10,10,9,0,0,63,31,40,21,14,18,0,0,128,126,254,187,122,156,35,7,884,203,218,113,61,69,8,0,677,3,3,3,3,3,0,0,13,337,474,302,184,224,41,13,1578,45,98,86,48,87,18,6,392
LGA36580,10,12,15,16,19,4,0,69,7,6,12,3,3,0,0,36,0,0,3,0,0,0,0,9,0,0,0,0,0,0,0,0,17,15,30,26,22,8,0,111,3,10,3,0,0,0,0,12,0,0,0,0,0,0,0,0,3,6,3,0,0,0,0,11,16,26,33,26,23,8,0,125,18,24,12,9,3,0,0,70,0,0,0,0,0,0,0,0,35,48,44,32,31,8,0,198,8,27,39,25,36,11,3,154,33,78,51,29,34,7,0,227,6,0,4,0,3,0,0,21,0,3,0,0,3,0,0,11,51,112,97,60,72,15,3,405,9,25,15,5,7,0,0,62,12,15,3,8,7,0,0,53,23,43,19,17,14,0,0,116,78,151,116,73,82,19,5,522,220,187,112,60,53,5,0,630,0,0,3,0,3,0,0,8,295,334,231,136,140,22,5,1162,21,40,55,45,52,11,6,224
LGA36630,10,16,20,15,20,0,0,80,4,8,10,8,3,0,0,25,0,0,0,0,3,0,0,9,5,3,0,0,0,0,0,8,12,30,28,21,30,3,0,127,3,9,10,0,3,0,0,23,0,0,0,3,0,0,0,8,3,9,7,0,4,0,0,23,13,38,40,27,34,3,0,149,9,21,12,10,14,0,0,75,3,3,6,3,0,0,0,18,30,68,54,39,51,3,0,246,36,55,42,26,38,3,0,205,82,126,84,50,46,3,0,398,0,5,0,4,4,0,0,9,0,0,0,0,0,0,0,9,117,183,134,81,91,3,0,618,7,13,8,3,10,0,0,45,10,33,16,5,7,0,0,79,23,45,23,11,16,0,0,124,137,235,161,92,109,3,0,740,225,227,117,71,61,7,4,708,14,3,3,0,3,0,0,23,385,466,279,162,173,6,4,1473,46,74,64,44,64,3,0,286
LGA36660,19,19,13,15,10,0,0,73,3,3,3,6,10,0,0,26,4,3,3,0,0,0,0,12,0,0,0,0,0,0,0,0,22,30,18,16,17,0,0,110,3,5,4,6,0,0,0,21,0,3,0,0,0,0,0,3,3,13,4,6,0,0,0,26,32,34,24,19,23,0,0,137,17,8,5,9,3,3,0,49,0,0,0,0,0,0,0,8,42,52,28,35,23,3,0,185,20,59,65,33,49,8,3,234,77,151,56,71,74,6,0,448,9,6,3,3,3,0,0,19,3,7,4,0,10,0,0,26,110,220,125,108,139,16,3,720,13,24,15,0,9,0,0,66,19,32,17,9,9,0,0,84,29,58,29,14,16,0,0,149,138,278,163,121,155,16,7,870,232,202,98,63,64,5,0,670,7,4,0,0,0,0,0,13,376,481,258,186,221,16,8,1553,33,82,80,46,63,8,3,310
LGA36720,74,202,190,138,204,33,18,865,30,86,80,42,66,14,3,309,3,6,8,4,4,0,3,26,4,6,9,3,6,0,0,25,108,295,283,186,277,46,27,1224,14,18,11,17,17,0,5,77,11,20,3,4,4,0,0,40,19,32,18,25,22,0,5,122,130,335,297,208,296,49,35,1346,49,81,75,64,55,15,7,347,3,0,0,3,0,0,0,9,179,418,376,273,353,60,41,1698,178,500,451,379,599,146,55,2307,514,1240,864,592,729,124,69,4130,45,59,36,25,33,12,4,209,11,21,22,23,22,3,4,109,751,1816,1371,1020,1383,291,134,6760,45,109,66,35,69,18,3,345,76,196,97,59,63,7,11,507,124,304,163,92,135,28,8,855,872,2120,1530,1106,1519,316,147,7614,1010,1081,521,390,397,69,33,3499,4,21,13,6,14,3,0,67,1887,3216,2070,1505,1928,386,180,11177,250,701,640,521,804,186,74,3173
LGA36820,8,20,15,16,7,3,0,67,3,9,3,7,5,0,0,23,0,3,0,0,0,0,0,3,0,0,0,3,0,0,0,3,11,23,21,25,14,3,0,94,3,9,0,3,0,0,0,17,0,0,0,0,3,0,0,8,0,12,3,3,4,0,0,21,14,36,20,26,16,3,0,116,9,21,12,5,13,0,0,56,0,0,0,0,0,0,0,7,20,56,36,32,30,3,0,183,10,38,38,19,47,5,0,158,51,75,66,33,54,3,0,287,8,9,4,0,0,0,0,21,3,0,0,3,0,0,0,6,71,119,105,63,103,9,3,473,5,17,12,9,14,0,0,59,14,31,8,8,12,0,0,70,21,47,20,16,22,0,0,123,88,170,129,77,130,9,3,596,161,159,82,50,37,0,0,487,3,4,0,0,0,0,0,6,260,327,211,118,167,14,3,1093,16,58,54,35,60,7,0,228
LGA36910,51,107,89,73,116,24,9,462,18,36,36,21,18,0,0,131,3,0,0,3,0,0,0,10,3,0,3,0,0,0,0,10,69,149,128,94,142,24,9,607,9,9,5,9,13,0,0,51,0,8,9,5,0,0,0,22,10,15,12,18,10,0,0,77,82,161,145,111,152,24,4,686,39,52,40,21,38,4,4,194,0,0,4,0,0,0,0,8,124,213,188,131,184,28,11,887,118,311,248,230,352,62,31,1353,307,582,397,277,340,33,20,1951,35,41,19,8,12,3,0,113,12,13,10,10,12,6,3,61,463,948,674,526,719,102,53,3481,48,103,60,31,40,13,3,291,48,137,57,35,25,8,0,305,99,236,109,68,64,22,3,595,563,1187,782,590,781,125,52,4080,949,850,402,258,281,56,26,2820,12,5,8,0,5,0,0,30,1520,2038,1188,851,1073,183,83,6927,169,414,332,300,471,91,34,1808
LGA36950,0,8,0,0,0,0,0,8,0,0,0,0,0,0,0,3,0,0,0,0,0,0,0,0,0,0,0,0,0,0,0,0,0,7,0,0,0,0,0,9,0,0,0,0,0,0,0,0,0,0,0,0,0,0,0,0,0,0,0,0,0,0,0,0,0,9,0,0,0,0,0,12,3,3,4,0,0,0,0,13,0,0,0,0,0,0,0,3,5,15,8,0,3,0,0,30,18,18,10,5,11,0,0,61,4,15,10,4,8,0,0,37,0,0,0,0,0,0,0,3,3,0,4,0,0,0,0,5,28,32,21,11,22,0,0,108,3,0,0,0,0,0,0,13,0,0,0,0,0,0,0,0,4,0,0,0,0,0,0,10,31,30,17,16,24,0,0,122,44,33,11,10,9,3,0,114,3,3,0,0,0,0,0,7,70,69,31,25,33,3,0,238,19,22,10,5,14,0,0,69
LGA36960,6,5,3,0,0,0,0,13,4,3,0,0,0,0,0,11,0,0,0,0,0,0,0,0,0,3,0,0,0,0,0,6,7,9,6,0,0,0,0,27,0,0,0,0,0,0,0,0,3,0,3,0,0,0,0,5,3,0,3,0,0,0,0,5,9,9,10,0,0,0,0,33,13,17,9,0,0,0,0,33,3,4,0,4,0,0,0,13,25,32,17,9,0,0,0,79,13,24,12,4,0,0,0,57,17,41,20,9,0,0,0,83,0,3,0,0,0,0,0,8,0,0,0,0,0,0,0,0,35,64,33,12,3,0,0,143,0,3,7,0,0,0,0,11,0,3,0,0,0,0,0,4,3,4,3,0,0,0,0,16,32,68,37,12,0,0,0,159,132,97,36,7,3,0,0,274,3,0,3,0,0,0,0,8,169,165,79,20,7,0,0,441,18,28,20,4,0,0,0,65
LGA37010,82,152,127,107,135,35,11,649,21,41,26,18,31,3,3,151,7,6,3,4,6,0,0,28,4,3,0,0,0,0,0,15,115,207,159,130,173,39,15,834,18,36,19,4,21,3,0,103,4,17,13,3,0,0,0,32,23,55,31,5,21,3,0,137,137,256,187,135,194,41,13,972,64,109,61,42,55,21,6,352,3,3,0,0,0,0,0,14,202,368,255,177,246,62,27,1333,245,561,401,355,473,151,63,2248,318,598,396,256,329,79,38,2015,29,34,15,10,28,4,3,127,17,23,22,9,17,0,0,89,609,1216,831,641,849,237,108,4482,79,152,86,66,62,10,0,455,97,170,88,51,45,11,0,459,178,318,177,122,107,18,0,921,783,1541,1011,755,952,254,107,5399,1223,1091,493,326,286,71,28,3519,10,20,9,10,7,0,0,59,2020,2655,1507,1093,1244,323,133,8980,331,715,524,462,610,186,75,2901
LGA37300,7,6,0,3,3,0,0,25,0,4,0,0,0,0,0,3,0,0,0,0,0,0,0,0,0,0,0,0,0,0,0,0,7,8,0,3,8,0,0,26,0,0,0,0,0,0,0,0,0,0,0,0,0,0,0,0,0,0,0,0,0,0,0,0,7,8,0,3,8,0,0,26,0,0,0,0,0,0,0,0,3,0,0,0,0,0,0,0,7,9,0,3,8,0,0,26,3,16,8,5,4,0,0,40,0,0,0,0,3,0,0,0,0,0,5,0,0,0,0,4,0,0,0,0,0,0,0,0,6,18,15,7,8,0,0,52,0,0,0,0,0,0,0,0,0,0,0,0,0,0,0,0,0,0,0,0,0,0,0,3,10,18,15,7,8,0,0,53,0,4,0,0,0,0,0,6,0,0,0,0,0,0,0,0,13,25,15,7,8,0,0,63,8,26,9,8,9,0,0,61
LGA37310,16,20,15,16,24,0,0,91,0,4,3,0,0,0,0,16,0,0,0,0,0,0,0,0,0,0,3,0,3,3,0,11,19,23,19,14,34,3,0,112,0,0,3,3,0,0,0,7,0,3,0,0,0,0,0,3,4,7,3,3,0,0,0,16,18,30,21,23,34,3,0,124,15,25,13,5,8,0,0,69,0,3,0,0,0,0,0,4,36,51,37,30,42,3,0,201,18,69,61,28,38,7,0,223,41,92,63,51,50,3,0,299,7,3,0,0,0,0,0,15,0,8,7,0,0,0,0,7,73,164,129,79,88,12,5,549,6,24,6,8,8,0,0,48,15,24,12,8,3,0,0,60,23,42,18,17,5,0,0,106,96,209,152,96,97,12,5,657,287,207,108,56,44,0,0,697,5,0,5,0,0,0,0,13,385,419,258,150,144,15,5,1372,33,87,73,44,69,7,3,315
LGA37340,14,30,21,27,19,0,0,110,3,8,10,12,10,0,0,41,0,0,0,0,0,0,0,0,3,0,3,0,0,0,0,7,20,41,28,44,28,4,0,160,0,7,9,3,3,0,0,21,0,0,3,0,0,0,0,4,0,7,8,4,3,0,0,24,18,52,41,45,34,4,0,187,9,17,6,4,5,0,0,33,0,0,0,0,0,0,0,3,24,65,45,47,39,4,0,222,30,66,35,30,57,0,0,223,65,117,75,45,56,0,0,363,5,4,6,3,5,0,0,26,3,0,0,0,7,0,0,9,101,192,110,82,125,0,0,621,12,28,12,9,10,0,0,71,5,17,8,0,0,0,0,33,17,46,23,11,10,0,0,100,124,242,132,91,133,0,0,722,139,132,56,24,28,0,0,383,3,3,0,0,0,0,0,9,262,376,194,120,156,0,0,1115,37,102,53,57,83,0,0,339
LGA37400,0,0,3,0,0,0,0,3,0,0,0,0,0,0,0,0,0,0,0,0,0,0,0,0,0,0,0,0,0,0,0,0,0,0,3,0,0,0,0,4,0,0,0,0,0,0,0,3,0,0,0,0,0,0,0,0,0,0,0,0,0,0,0,3,0,0,4,0,0,0,0,9,0,0,0,0,0,0,0,0,0,0,0,0,0,0,0,0,0,0,7,0,0,0,0,5,0,3,0,0,0,0,0,6,0,3,0,0,3,0,0,10,0,0,0,0,0,0,0,3,0,0,0,0,0,0,0,0,4,10,4,0,3,0,0,21,0,0,0,0,0,0,0,0,0,0,0,0,0,0,0,0,0,0,0,0,0,0,0,0,4,10,4,0,3,0,0,21,0,3,0,0,0,0,0,3,0,0,0,0,0,0,0,0,4,7,4,6,3,0,0,27,0,3,0,0,0,0,0,12
LGA37550,0,0,0,0,0,0,0,3,3,0,0,0,0,0,0,3,0,0,0,0,0,0,0,0,0,0,0,0,0,0,0,0,3,0,0,0,0,0,0,5,0,0,0,0,0,0,0,0,0,0,0,0,0,0,0,0,0,0,0,0,0,0,0,0,3,0,0,0,0,0,0,5,7,3,3,0,0,0,0,12,0,0,0,0,0,0,0,0,3,3,4,0,0,0,0,16,6,4,5,8,0,0,0,22,0,5,7,0,3,0,0,11,0,0,0,0,0,0,0,0,0,0,0,0,0,0,0,0,7,12,13,9,3,0,0,38,0,3,0,0,0,0,0,5,4,3,0,0,0,0,0,7,4,3,3,0,0,0,0,8,14,15,12,9,3,0,0,50,36,42,21,9,6,0,0,115,4,0,3,0,0,0,0,8,56,57,38,21,6,0,0,175,6,4,7,9,0,0,0,26
LGA37570,0,0,0,0,0,0,0,0,0,0,0,0,0,0,0,0,0,0,0,0,0,0,0,0,0,0,0,0,0,0,0,0,0,0,0,0,0,0,0,0,0,0,0,0,0,0,0,0,0,0,0,0,0,0,0,0,0,0,0,0,0,0,0,0,0,0,0,0,0,0,0,0,0,0,0,0,0,0,0,0,0,0,0,0,0,0,0,0,0,0,0,0,0,0,0,0,0,0,0,0,0,0,0,3,0,0,0,0,0,0,0,0,0,0,0,0,0,0,0,0,0,0,0,0,0,0,0,0,0,4,0,0,0,0,0,3,0,0,0,0,0,0,0,0,0,0,0,0,0,0,0,0,0,0,0,0,0,0,0,0,0,4,0,0,0,0,0,3,12,5,0,0,0,0,0,17,0,0,0,0,0,0,0,0,12,12,0,0,0,0,0,19,0,0,0,0,0,0,0,3
LGA37600,0,3,0,0,0,0,0,3,0,0,0,0,0,0,0,3,0,0,0,0,0,0,0,0,0,0,0,0,0,0,0,0,3,3,0,0,0,0,0,8,9,3,3,0,0,0,0,20,0,0,0,0,0,0,0,0,9,3,3,0,0,0,0,21,13,6,3,0,0,0,0,25,11,10,4,3,3,0,0,24,0,0,0,0,0,0,0,0,23,16,6,5,3,0,0,53,4,16,9,9,6,0,0,46,0,5,4,5,3,0,0,24,0,0,0,0,0,0,0,0,0,0,3,0,0,0,0,7,9,21,21,12,10,0,0,80,9,18,11,0,0,0,0,35,3,0,3,0,0,0,0,8,9,18,15,0,3,0,0,39,15,35,30,14,14,0,0,120,66,58,39,24,18,3,0,206,0,3,3,3,0,0,0,14,87,105,74,43,32,3,0,339,10,18,9,9,6,0,0,47
LGA39499,0,0,0,0,0,0,0,0,0,0,0,0,0,0,0,0,0,0,0,0,0,0,0,0,0,0,0,0,0,0,0,0,0,0,0,0,0,0,0,0,0,0,0,0,0,0,0,0,0,0,0,0,0,0,0,0,0,0,0,0,0,0,0,0,0,0,0,0,0,0,0,0,0,0,0,0,0,0,0,0,0,0,0,0,0,0,0,0,0,0,0,0,0,0,0,0,0,0,0,0,0,0,0,0,0,0,0,0,0,0,0,0,0,0,0,0,0,0,0,0,0,0,0,0,0,0,0,0,0,0,0,0,0,0,0,0,0,0,0,0,0,0,0,0,0,0,0,0,0,0,0,0,0,0,0,0,0,0,0,0,0,0,0,0,0,0,0,0,0,0,0,0,0,0,0,0,0,0,0,0,0,0,0,0,0,0,0,0,0,0,0,0,0,0,0,0,0,0,0,0
LGA39799,0,0,0,0,0,0,0,0,0,0,0,0,0,0,0,0,0,0,0,0,0,0,0,0,0,0,0,0,0,0,0,0,0,0,0,0,0,0,0,0,0,0,0,0,0,0,0,0,0,0,0,0,0,0,0,0,0,0,0,0,0,0,0,0,0,0,0,0,0,0,0,0,0,0,0,0,0,0,0,0,0,0,0,0,0,0,0,0,0,0,0,0,0,0,0,0,0,0,0,0,0,0,0,0,0,0,0,0,0,0,0,0,0,0,0,0,0,0,0,0,0,0,0,0,0,0,0,0,0,0,0,0,0,0,0,0,0,0,0,0,0,0,0,0,0,0,0,0,0,0,0,0,0,0,0,0,0,0,0,0,0,0,0,0,0,0,0,0,0,0,0,0,0,0,0,0,0,0,0,0,0,0,0,0,0,0,0,0,0,0,0,0,0,0,0,0,0,0,0,0
