LGA_CODE_2016,M_AgriForestFish_PD,M_AgriForestFish_GD_GC,M_AgriForestFish_BD,M_AgriForestFish_AdD_D,M_AgriForestFish_Cert,M_AgriForestFish_ID_NS,M_AgriForestFish_ToT,M_Min_PD,M_Min_GD_GC,M_Min_BD,M_Min_AdD_D,M_Min_Cert,M_Min_ID_NS,M_Min_ToT,M_Mnfg_PD,M_Mnfg_GD_GC,M_Mnfg_BD,M_Mnfg_AdD_D,M_Mnfg_Cert,M_Mnfg_ID_NS,M_Mnfg_ToT,M_EGW_WS_PD,M_EGW_WS_GD_GC,M_EGW_WS_BD,M_EGW_WS_AdD_D,M_EGW_WS_Cert,M_EGW_WS_ID_NS,M_EGW_WS_ToT,M_Cnstn_PD,M_Cnstn_GD_GC,M_Cnstn_BD,M_Cnstn_AdD_D,M_Cnstn_Cert,M_Cnstn_ID_NS,M_Cnstn_ToT,M_WTrade_PD,M_WTrade_GD_GC,M_WTrade_BD,M_WTrade_AdD_D,M_WTrade_Cert,M_WTrade_ID_NS,M_WTrade_ToT,M_RTrade_PD,M_RTrade_GD_GC,M_RTrade_BD,M_RTrade_AdD_D,M_RTrade_Cert,M_RTrade_ID_NS,M_RTrade_ToT,M_AccomFoodS_PD,M_AccomFoodS_GD_GC,M_AccomFoodS_BD,M_AccomFoodS_AdD_D,M_AccomFoodS_Cert,M_AccomFoodS_ID_NS,M_AccomFoodS_ToT,M_TransPostWhse_PD,M_TransPostWhse_GD_GC,M_TransPostWhse_BD,M_TransPostWhse_AdD_D,M_TransPostWhse_Cert,M_TransPostWhse_ID_NS,M_TransPostWhse_ToT,M_InfoMedTelecom_PD,M_InfoMedTelecom_GD_GC,M_InfoMedTelecom_BD,M_InfoMedTelecom_AdD_D,M_InfoMedTelecom_Cert,M_InfoMedTelecom_ID_NS,M_InfoMedTelecom_ToT,M_FinInsurS_PD,M_FinInsurS_GD_GC,M_FinInsurS_BD,M_FinInsurS_AdD_D,M_FinInsurS_Cert,M_FinInsurS_ID_NS,M_FinInsurS_ToT,M_RentHirREserv_PD,M_RentHirREserv_GD_GC,M_RentHirREserv_BD,M_RentHirREserv_AdD_D,M_RentHirREserv_Cert,M_RentHirREserv_ID_NS,M_RentHirREserv_ToT,M_ProScieTechServ_PD,M_ProScieTechServ_GD_GC,M_ProScieTechServ_BD,M_ProScieTechServ_AdD_D,M_ProScieTechServ_Cert,M_ProScieTechServ_ID_NS,M_ProScieTechServ_ToT,M_AdminSupServ_PD,M_AdminSupServ_GD_GC,M_AdminSupServ_BD,M_AdminSupServ_AdD_D,M_AdminSupServ_Cert,M_AdminSupServ_ID_NS,M_AdminSupServ_ToT,M_PubAdmiSafety_PD,M_PubAdmiSafety_GD_GC,M_PubAdmiSafety_BD,M_PubAdmiSafety_AdD_D,M_PubAdmiSafety_Cert,M_PubAdmiSafety_ID_NS,M_PubAdmiSafety_ToT,M_EducTrain_PD,M_EducTrain_GD_GC,M_EducTrain_BD,M_EducTrain_AdD_D,M_EducTrain_Cert,M_EducTrain_ID_NS,M_EducTrain_ToT,M_HealthCareSocA_PD,M_HealthCareSocA_GD_GC,M_HealthCareSocA_BD,M_HealthCareSocA_AdD_D,M_HealthCareSocA_Cert,M_HealthCareSocA_ID_NS,M_HealthCareSocA_ToT,M_ArtRecServ_PD,M_ArtRecServ_GD_GC,M_ArtRecServ_BD,M_ArtRecServ_AdD_D,M_ArtRecServ_Cert,M_ArtRecServ_ID_NS,M_ArtRecServ_ToT,M_OthServ_PD,M_OthServ_GD_GC,M_OthServ_BD,M_OthServ_AdD_D,M_OthServ_Cert,M_OthServ_ID_NS,M_OthServ_ToT,M_ID_NS_PD,M_ID_NS_GD_GC,M_ID_NS_BD,M_ID_NS_AdD_D,M_ID_NS_Cert,M_ID_NS_ID_NS,M_ID_NS_ToT,M_ToT_PD,M_ToT_GD_GC,M_ToT_BD,M_ToT_AdD_D,M_ToT_Cert,M_ToT_ID_NS,M_ToT_ToT,F_AgriForestFish_PD,F_AgriForestFish_GD_GC,F_AgriForestFish_BD,F_AgriForestFish_AdD_D,F_AgriForestFish_Cert,F_AgriForestFish_ID_NS,F_AgriForestFish_ToT,F_Min_PD,F_Min_GD_GC,F_Min_BD,F_Min_AdD_D,F_Min_Cert,F_Min_ID_NS,F_Min_ToT,F_Mnfg_PD,F_Mnfg_GD_GC,F_Mnfg_BD,F_Mnfg_AdD_D,F_Mnfg_Cert,F_Mnfg_ID_NS,F_Mnfg_ToT,F_EGW_WS_PD,F_EGW_WS_GD_GC,F_EGW_WS_BD,F_EGW_WS_AdD_D,F_EGW_WS_Cert,F_EGW_WS_ID_NS,F_EGW_WS_ToT,F_Cnstn_PD,F_Cnstn_GD_GC,F_Cnstn_BD,F_Cnstn_AdD_D,F_Cnstn_Cert,F_Cnstn_ID_NS,F_Cnstn_ToT,F_WTrade_PD,F_WTrade_GD_GC,F_WTrade_BD,F_WTrade_AdD_D,F_WTrade_Cert,F_WTrade_ID_NS,F_WTrade_ToT,F_RTrade_PD,F_RTrade_GD_GC,F_RTrade_BD,F_RTrade_AdD_D,F_RTrade_Cert,F_RTrade_ID_NS,F_RTrade_ToT,F_AccomFoodS_PD,F_AccomFoodS_GD_GC,F_AccomFoodS_BD,F_AccomFoodS_AdD_D
LGA30250,0,0,0,0,0,0,0,0,0,0,0,3,0,5,0,0,0,0,0,0,0,0,0,0,0,0,0,0,0,0,0,0,4,0,4,0,0,0,0,0,0,0,0,0,0,0,3,6,7,0,0,0,0,0,0,0,0,0,0,0,0,0,0,0,0,0,0,0,0,0,0,0,0,0,0,0,0,0,0,0,0,0,0,0,0,0,0,0,0,0,0,0,0,0,0,3,0,5,0,0,8,5,20,0,36,0,0,4,0,0,0,7,0,0,0,0,6,0,6,0,0,0,0,0,0,0,0,0,0,0,3,3,10,0,0,0,0,5,0,3,0,0,13,8,49,14,87,0,0,0,0,0,0,0,0,0,0,0,0,0,0,0,0,0,0,0,0,0,0,0,0,0,0,0,0,0,0,0,0,0,0,0,0,0,0,0,0,0,0,0,0,0,0,3,0,7,0,0,0,0
LGA30300,0,0,38,54,124,13,238,0,0,0,0,3,0,3,0,0,0,0,8,0,13,0,0,0,0,9,0,15,0,0,0,3,45,0,53,0,0,4,3,21,3,33,0,0,0,0,18,3,25,0,0,0,0,14,0,20,0,0,0,4,7,4,16,0,0,0,0,0,0,0,0,0,0,0,0,0,0,0,0,0,0,0,0,0,0,0,6,0,3,0,13,0,0,0,0,4,0,6,3,0,9,18,16,3,45,0,3,10,0,7,0,18,3,0,11,4,6,0,28,0,0,0,0,0,0,0,0,0,0,0,32,0,36,0,0,0,3,10,10,20,12,7,80,95,336,49,581,0,6,36,28,24,6,101,0,0,0,0,0,0,0,0,0,0,3,3,0,11,0,0,0,0,0,0,0,0,0,3,3,5,0,13,0,0,0,4,7,0,13,0,0,4,8,11,5,37,0,0,4,9
LGA30370,4,0,37,46,181,35,305,14,3,61,31,404,13,534,3,0,15,14,115,20,176,7,0,23,26,161,8,220,0,0,0,7,165,14,196,0,0,3,10,43,0,59,0,0,3,3,47,7,65,0,0,6,4,31,0,41,0,0,0,4,38,7,47,0,3,0,0,4,0,9,0,0,3,5,0,0,7,0,0,0,0,14,0,13,3,0,18,3,9,0,36,0,0,0,4,28,4,38,3,3,19,21,50,6,105,0,4,31,0,12,0,47,4,0,15,8,10,0,31,0,0,0,0,8,0,11,4,0,0,4,70,3,93,0,0,4,12,46,20,86,52,21,250,194,1446,152,2118,7,11,58,54,69,28,219,3,0,24,11,33,6,85,3,0,13,5,28,3,52,3,0,5,9,11,3,39,0,0,3,3,14,0,22,0,0,0,3,18,5,26,3,0,13,13,42,8,87,0,0,12,12
LGA30410,5,0,3,7,74,10,99,0,0,0,0,7,0,4,0,0,0,0,6,0,8,0,0,0,6,11,0,15,4,0,3,0,47,3,65,0,0,0,0,3,0,3,0,0,0,0,6,0,5,0,0,0,3,6,0,9,0,0,0,3,14,3,20,0,0,0,0,0,0,0,0,0,0,0,0,0,0,0,0,0,0,0,0,0,6,0,7,3,6,0,18,0,0,0,0,3,0,3,7,0,9,8,19,3,42,0,3,12,0,0,0,10,0,0,5,3,3,0,15,0,0,0,0,0,0,0,0,0,3,3,13,0,18,0,0,3,0,9,0,12,13,6,56,41,217,24,362,0,0,19,13,22,3,60,0,0,0,0,0,0,0,0,0,0,0,0,0,3,0,0,0,0,3,0,0,0,0,3,0,3,0,5,0,0,0,3,4,0,3,0,0,0,0,13,3,22,0,0,3,0
LGA30450,0,0,0,4,5,4,15,0,0,0,0,0,0,0,0,0,0,0,0,0,0,0,0,0,0,0,0,0,0,0,0,0,5,0,5,0,0,0,0,0,0,0,0,0,0,0,0,0,0,0,0,0,0,0,0,0,0,0,0,0,4,0,4,0,0,0,0,0,0,0,0,0,0,0,0,0,0,0,0,0,0,0,0,0,0,0,0,0,0,0,0,0,0,0,0,0,0,0,0,0,0,3,9,0,18,0,0,0,0,0,0,0,0,0,0,0,0,0,0,0,0,0,0,0,0,0,0,0,0,0,0,0,0,0,0,0,0,0,0,0,0,0,3,6,20,4,32,0,0,3,5,4,0,11,0,0,0,0,0,0,0,0,0,0,0,0,0,0,0,0,0,0,0,0,0,0,0,0,0,0,0,0,0,0,0,0,0,0,0,0,0,0,0,0,0,0,0,0,0,0
LGA30760,0,0,5,14,37,8,71,0,0,0,0,3,0,4,0,0,0,0,5,0,5,0,0,0,0,9,0,8,0,0,0,0,22,0,19,0,0,0,0,3,0,10,0,0,0,0,8,0,12,0,0,0,0,8,0,9,0,0,0,0,4,3,10,0,0,0,0,0,0,0,0,0,0,0,0,0,0,0,0,0,0,0,0,3,0,0,0,0,0,0,4,0,0,0,0,0,0,3,0,3,0,3,17,3,24,0,3,0,0,0,0,6,0,0,3,3,0,0,4,0,0,0,0,0,0,0,0,0,0,0,10,3,9,0,0,0,0,6,3,13,0,11,15,30,139,29,222,0,0,20,17,15,0,51,0,0,0,0,0,0,0,0,0,0,0,0,0,3,0,0,0,0,0,0,0,0,0,0,0,0,0,0,0,0,0,0,0,0,3,0,0,0,0,15,4,17,0,0,3,3
LGA30900,0,0,0,0,25,4,25,0,0,0,0,0,0,0,0,0,0,0,0,0,0,0,0,0,0,3,0,3,0,0,0,0,3,0,7,0,0,0,0,0,0,0,0,0,0,0,0,0,0,0,0,0,0,0,0,3,0,0,0,0,0,0,0,0,0,0,0,0,0,0,0,0,0,0,0,0,0,0,0,0,0,0,0,0,0,0,0,0,0,0,0,0,0,0,0,0,0,0,0,0,0,0,0,0,7,0,0,0,0,0,0,4,0,0,0,0,0,0,0,0,0,0,0,0,0,0,0,0,0,0,0,0,0,0,0,0,0,0,0,0,0,0,5,4,33,6,47,0,0,0,0,21,0,25,0,0,0,0,0,0,0,0,0,0,0,0,0,0,0,0,0,0,0,0,0,0,0,0,0,0,0,0,0,0,0,0,0,0,0,0,0,0,0,0,0,0,0,0,0,0
LGA31000,127,29,339,139,220,40,894,1007,222,2228,349,951,77,4840,1130,248,3396,1923,6347,390,13439,550,171,1162,547,948,56,3432,875,242,4215,2472,16617,638,25064,704,145,1911,1004,2360,202,6329,910,193,3844,2025,4384,413,11768,757,94,2990,2181,3669,426,10124,1154,326,3393,2625,4627,552,12673,457,127,1759,745,915,103,4100,1446,499,4195,1800,953,193,9092,527,172,1911,716,1327,171,4823,6262,1637,16159,3163,2312,606,30134,563,163,2197,1056,1975,265,6223,2624,1216,6449,3234,3499,335,17347,5408,1333,6190,1148,1460,254,15803,3514,909,8670,1880,2047,471,17494,321,125,1336,575,948,111,3421,526,182,1361,939,4087,190,7284,850,147,2236,1077,3037,990,8334,29716,8180,75942,29614,62696,6486,212639,73,25,228,96,108,22,546,358,146,900,186,164,29,1783,452,138,1674,909,1107,170,4452,234,84,619,214,174,28,1355,244,136,1371,740,943,118,3552,380,124,1173,608,751,94,3121,768,233,4659,2626,3707,514,12505,713,159,3364,2030
LGA31750,0,0,0,0,7,3,13,0,0,0,0,6,0,6,0,0,0,0,0,0,0,0,0,0,0,0,0,0,0,0,0,0,8,3,8,0,0,0,0,0,0,0,0,0,0,0,7,0,3,0,0,0,0,3,0,3,0,0,0,0,0,0,0,0,0,0,0,0,0,0,0,0,0,0,0,0,0,0,0,0,0,0,0,0,0,0,0,0,0,0,0,0,0,0,0,0,0,0,0,0,0,0,9,3,15,0,0,0,0,0,0,0,0,0,0,0,0,0,3,0,0,0,0,0,0,0,0,0,0,0,0,0,0,0,0,0,0,0,0,3,0,0,3,8,45,9,65,0,0,0,5,7,3,14,0,0,0,0,0,0,0,0,0,0,0,0,0,0,0,0,0,0,0,0,0,0,0,0,0,5,0,5,0,0,0,0,0,0,0,0,0,3,0,3,0,3,0,0,0,0
LGA31820,16,13,117,113,566,104,929,0,0,10,37,326,6,380,6,7,54,72,825,33,1002,0,3,13,20,173,8,219,3,0,28,71,1422,52,1574,3,0,18,20,172,9,226,14,0,62,67,503,42,688,3,0,31,41,282,24,380,3,3,21,52,319,38,436,0,0,13,11,58,3,84,7,0,20,44,28,4,109,3,3,9,19,67,8,113,34,13,159,56,135,27,420,0,3,13,19,200,12,253,28,23,136,169,310,19,682,74,61,340,74,119,11,691,130,41,327,141,316,30,984,0,0,6,9,37,0,61,10,3,24,29,442,18,537,7,0,18,32,341,88,479,357,182,1436,1109,6643,536,10258,9,8,122,69,170,47,423,0,0,0,4,12,0,20,10,3,43,40,96,16,203,0,0,10,4,12,0,23,0,3,31,31,77,4,155,0,0,10,15,52,3,78,0,3,79,131,482,54,756,0,0,47,75
LGA31900,4,0,44,51,423,32,553,0,0,5,3,101,5,116,4,3,29,29,371,30,472,0,0,9,10,55,3,76,0,0,3,7,210,15,237,0,0,0,4,30,0,40,0,0,10,5,83,11,109,0,0,3,9,34,3,50,0,0,4,4,50,6,61,0,0,0,0,6,0,6,0,0,9,5,0,0,15,0,0,0,3,9,0,14,6,0,27,4,22,3,63,0,0,5,0,23,3,31,3,4,26,37,75,3,149,8,6,43,6,18,3,80,0,0,32,14,26,4,72,0,0,0,0,3,0,7,3,0,3,0,106,4,119,0,0,3,4,61,16,82,34,25,246,202,1701,136,2337,0,0,45,30,49,9,132,0,0,3,0,10,0,11,0,0,12,21,47,0,86,0,0,0,0,13,0,17,0,0,0,6,14,0,20,0,0,3,3,8,0,13,3,0,23,17,82,15,139,0,0,9,7
LGA31950,0,0,0,0,9,0,9,0,0,0,0,0,0,0,0,0,0,0,0,0,0,0,0,0,0,0,0,0,0,0,0,0,4,0,0,0,0,0,0,0,0,0,0,0,0,0,3,0,3,0,0,0,0,0,0,3,0,0,0,0,0,0,0,0,0,0,0,0,0,0,0,0,0,0,0,0,0,0,0,0,0,0,0,0,0,0,0,0,0,0,0,0,0,0,0,0,0,0,0,0,0,0,9,3,16,0,0,3,0,0,0,3,0,0,0,0,0,0,0,0,0,0,0,0,0,0,0,0,0,0,3,0,5,0,0,0,0,0,0,0,0,0,7,4,29,13,49,0,0,0,0,3,0,4,0,0,0,0,0,0,0,0,0,0,0,0,0,0,0,0,0,0,0,0,0,0,0,0,0,3,0,4,0,0,0,0,0,0,0,0,0,0,0,0,0,0,0,0,3,0
LGA32080,13,3,69,44,273,32,438,15,11,60,82,503,21,684,16,5,98,156,1176,63,1516,11,3,51,84,268,15,431,21,3,161,219,3253,141,3802,8,6,58,77,438,27,609,29,14,212,213,956,90,1517,44,9,287,362,945,107,1755,61,25,298,467,1085,110,2041,3,4,61,29,120,11,231,24,7,72,102,48,11,262,9,4,85,51,242,10,409,115,60,659,226,270,62,1395,20,8,138,143,501,52,860,130,95,544,636,992,97,2500,249,161,586,144,240,46,1427,264,92,786,280,467,74,1961,14,3,101,81,214,20,432,38,15,122,94,889,49,1206,35,7,97,131,652,162,1084,1110,550,4553,3626,13532,1192,24560,15,15,73,48,87,5,240,5,0,22,32,35,6,96,11,7,63,76,119,20,287,3,3,22,24,26,0,85,10,14,79,105,210,27,438,8,0,50,54,120,16,256,30,28,350,408,889,122,1826,59,18,413,455
LGA32250,0,0,0,3,26,4,39,0,0,0,0,0,0,0,0,0,0,0,5,0,5,0,0,0,0,9,0,9,0,0,0,3,14,0,23,0,0,0,0,4,0,3,0,0,0,0,5,0,10,0,0,0,4,4,0,12,0,0,0,0,17,4,18,0,0,0,0,4,0,4,0,0,0,0,0,0,0,0,0,0,0,3,0,3,0,0,0,0,0,0,0,0,0,3,0,7,0,7,3,0,5,9,28,4,49,3,0,7,0,5,0,17,0,0,0,5,4,3,9,0,0,0,0,0,0,0,0,0,0,0,9,0,8,0,0,0,0,7,7,15,6,4,23,31,144,21,227,0,0,6,7,14,3,34,0,0,0,0,0,0,0,0,0,0,0,0,0,0,0,0,0,0,0,0,0,0,0,0,0,4,0,6,0,0,0,0,0,0,0,0,0,0,0,3,0,10,0,0,3,0
LGA32260,14,6,87,115,468,81,770,0,0,3,12,104,8,124,0,4,28,30,395,30,485,0,0,0,11,76,3,95,0,0,13,17,440,27,501,3,0,7,3,45,6,56,3,3,15,12,145,16,192,4,0,10,14,73,13,115,0,0,3,24,156,13,201,0,0,0,0,21,0,18,0,0,3,8,7,0,22,0,0,7,8,16,0,30,16,4,36,14,26,6,101,0,0,8,11,49,12,70,7,4,58,61,128,11,267,17,21,73,14,26,3,152,8,6,55,28,41,3,142,0,0,0,4,27,4,42,3,0,10,4,162,9,185,3,3,5,11,116,37,171,83,59,419,397,2502,275,3731,15,0,77,68,100,39,301,0,0,4,0,9,3,10,0,0,4,17,40,7,74,0,0,0,0,4,0,3,0,0,5,10,22,5,50,0,0,5,5,16,4,34,4,4,24,33,140,27,226,0,0,29,41
LGA32270,3,0,52,77,268,42,446,37,22,184,166,1385,77,1866,0,0,8,10,122,3,136,3,0,3,3,69,0,82,3,3,10,17,314,14,361,0,0,11,9,119,9,145,4,0,26,11,70,11,119,0,0,14,27,67,8,115,0,0,8,11,132,14,158,0,0,0,3,16,0,17,3,0,10,3,3,0,18,0,0,4,3,49,5,67,6,3,40,13,31,4,97,0,0,3,3,54,6,72,14,0,49,31,84,8,188,5,16,75,17,31,5,154,8,3,33,6,10,0,65,0,0,3,3,7,0,17,3,3,11,5,223,13,259,0,0,4,12,94,25,138,86,60,538,443,3149,245,4529,3,12,70,62,86,9,241,7,5,64,47,104,6,237,0,0,10,4,23,7,45,0,0,0,0,6,0,8,0,0,19,14,48,0,77,0,0,3,9,30,4,44,0,9,36,35,118,28,230,6,0,39,39
LGA32310,0,0,6,14,94,11,125,3,3,9,9,173,11,208,0,0,0,3,56,0,63,0,0,3,3,19,0,25,0,0,5,8,140,5,158,0,0,3,3,17,3,26,0,0,8,3,57,8,80,0,0,0,3,25,7,32,0,0,0,4,25,4,38,0,0,0,0,0,0,4,0,0,0,0,0,0,0,0,0,3,3,3,0,8,3,0,10,3,4,3,26,0,0,0,0,15,0,13,0,0,15,25,63,3,113,16,18,52,0,32,0,118,4,0,21,12,23,4,71,0,0,0,3,9,0,10,0,0,8,3,53,3,66,0,0,3,0,42,8,57,36,26,154,104,853,77,1234,3,0,27,17,23,8,78,0,0,9,7,3,0,26,0,0,4,0,8,0,13,0,0,0,0,0,0,0,0,0,4,0,13,0,20,0,0,0,0,9,0,9,0,0,6,9,51,3,68,0,0,0,12
LGA32330,0,0,0,0,0,0,0,0,0,0,0,0,0,0,0,0,0,0,0,0,0,0,0,0,0,0,0,0,0,0,0,0,0,0,0,0,0,0,0,0,0,0,0,0,0,0,0,0,0,0,0,0,0,0,0,0,0,0,0,0,0,0,0,0,0,0,0,0,0,0,0,0,0,0,0,0,0,0,0,0,0,0,0,0,0,0,0,0,0,0,0,0,0,0,0,0,0,0,0,0,0,0,11,0,16,0,0,0,0,5,0,8,0,0,0,0,3,0,4,0,0,0,0,0,0,0,0,0,0,0,0,0,3,0,0,0,0,0,0,0,0,0,0,5,25,4,33,0,0,0,0,0,0,0,0,0,0,0,0,0,0,0,0,0,0,0,0,0,0,0,0,0,0,0,0,0,0,0,0,0,0,0,0,0,0,0,0,0,0,0,0,0,0,0,0,0,0,0,0,0
LGA32450,0,0,3,8,25,0,42,11,3,51,14,130,6,214,0,0,3,0,11,0,9,0,0,0,0,3,0,3,0,0,3,4,33,0,42,0,0,0,0,0,0,0,0,0,0,0,14,0,14,0,0,0,3,7,0,8,0,0,4,7,46,5,56,0,0,0,0,0,0,3,0,0,3,0,0,0,4,0,0,0,0,3,0,3,0,0,0,3,6,0,4,0,0,0,0,5,0,3,7,0,6,9,19,0,40,5,0,3,0,0,0,10,0,0,6,0,0,0,8,0,0,0,0,0,0,3,0,0,0,5,13,3,19,0,0,0,0,9,3,18,27,3,84,52,338,24,525,0,0,7,8,9,0,22,0,3,9,11,15,0,40,0,0,0,3,0,0,0,0,0,0,0,0,0,0,0,0,0,0,0,0,3,0,0,3,3,0,0,4,0,0,0,3,4,0,14,0,0,0,0
LGA32500,0,0,10,12,44,8,73,0,0,0,3,8,0,13,0,0,0,0,7,3,6,0,0,3,0,8,0,15,0,0,0,4,93,4,111,0,0,0,0,4,0,4,0,0,0,0,28,4,31,0,0,4,9,32,4,48,0,0,0,4,7,5,20,0,0,0,0,0,0,0,0,0,0,0,0,0,0,0,0,0,0,0,0,0,0,0,4,0,7,0,17,0,0,3,5,7,0,16,0,0,19,13,43,9,88,4,0,18,4,0,0,34,5,4,8,6,11,0,33,0,0,0,4,9,3,19,0,0,0,3,26,3,31,0,0,3,0,22,11,34,15,7,80,71,367,55,593,0,0,22,9,18,0,47,0,0,0,0,0,0,3,0,0,0,4,0,0,4,0,0,0,0,0,0,0,0,0,0,3,14,0,12,0,0,0,0,0,0,0,0,0,3,12,16,4,32,0,0,16,12
LGA32600,0,0,0,0,4,0,10,0,0,0,0,0,0,0,0,0,0,0,0,0,0,0,0,0,0,0,0,0,0,0,0,0,4,0,4,0,0,0,0,0,0,0,0,0,0,0,0,0,0,0,0,0,0,0,0,0,0,0,0,0,0,0,0,0,0,0,0,0,0,0,0,0,0,0,0,0,0,0,0,0,0,0,0,0,0,0,0,0,0,0,0,0,0,0,0,0,0,0,0,0,0,3,8,0,12,0,0,0,0,0,0,0,0,0,0,0,0,0,0,0,0,0,0,0,0,0,0,0,0,0,0,0,0,0,0,0,0,0,0,0,0,0,4,3,24,3,31,0,0,0,0,3,0,5,0,0,0,0,0,0,0,0,0,0,0,0,0,0,0,0,0,0,0,0,0,0,0,0,0,0,0,0,0,0,0,0,0,0,0,0,0,0,0,0,0,0,0,0,0,0
LGA32750,0,0,0,0,7,0,6,0,0,0,0,0,0,0,0,0,0,0,0,0,0,0,0,0,0,0,0,0,0,0,0,0,3,0,3,0,0,0,0,0,0,0,0,0,0,0,0,0,0,0,0,0,0,3,0,3,0,0,0,0,0,0,0,0,0,0,0,0,0,0,0,0,0,0,0,0,0,0,0,0,0,0,0,0,0,0,0,0,0,0,0,0,0,0,0,0,0,0,3,0,0,0,10,0,19,0,0,0,0,0,0,0,3,0,0,0,0,0,3,0,0,0,0,0,0,3,0,0,0,0,0,0,0,0,0,0,0,0,0,0,5,0,5,3,27,0,42,0,0,0,3,5,0,8,0,0,0,0,0,0,0,0,0,0,0,0,0,0,0,0,0,0,0,0,0,0,0,0,0,0,0,0,0,0,0,0,0,0,0,0,0,0,0,0,0,4,0,0,0,0
LGA32770,0,0,0,0,0,0,0,0,0,0,0,0,0,0,0,0,0,0,0,0,0,0,0,0,0,0,0,0,0,0,0,0,0,0,0,0,0,0,0,0,0,0,0,0,0,0,0,0,0,0,0,0,0,3,0,3,0,0,0,0,0,0,0,0,0,0,0,0,0,0,0,0,0,0,0,0,0,0,0,0,0,0,0,0,0,0,0,0,0,0,0,0,0,0,0,0,0,0,0,0,4,5,3,3,18,3,0,6,0,3,0,17,0,0,3,0,4,0,7,0,0,0,0,0,0,0,0,0,0,0,8,0,10,0,0,0,0,0,0,0,3,3,14,3,26,3,55,0,0,0,0,0,0,0,0,0,0,0,0,0,0,0,0,0,0,0,0,0,0,0,0,0,0,0,0,0,0,0,0,0,0,0,0,0,0,0,0,0,0,0,0,0,0,0,0,0,0,0,0,0
LGA32810,0,0,13,7,47,9,75,0,0,0,3,21,0,29,0,0,10,9,97,5,123,0,0,0,3,12,4,23,0,0,6,16,222,16,259,0,0,3,0,11,0,12,3,0,9,8,49,9,74,22,4,74,77,213,15,413,0,0,20,36,99,19,174,0,0,6,4,4,0,17,0,0,3,3,3,0,13,0,0,7,3,23,0,30,3,0,23,12,19,0,57,4,0,18,26,78,8,132,5,3,11,24,55,3,102,14,3,26,7,13,0,66,3,3,13,13,14,0,51,4,3,4,7,14,4,34,0,0,10,10,57,0,79,3,0,11,13,65,23,116,63,31,262,279,1121,117,1868,0,0,5,4,8,4,22,0,0,4,0,0,0,4,0,0,9,7,12,3,36,0,0,0,0,0,0,0,0,0,5,6,6,3,26,0,0,0,3,8,3,9,3,0,26,37,61,9,136,19,7,111,85
LGA33100,0,0,0,6,20,5,30,0,0,0,0,0,0,0,0,0,0,0,0,0,0,0,0,0,0,0,0,3,0,0,0,0,4,4,4,0,0,0,0,0,0,0,0,0,0,0,0,0,0,0,0,0,0,4,0,7,0,0,0,0,3,0,7,0,0,0,0,0,0,0,0,0,0,0,0,0,0,0,0,0,0,0,0,0,0,0,0,0,0,0,0,0,0,0,0,3,0,6,3,0,4,0,12,0,15,0,0,0,0,0,0,0,0,0,0,0,0,0,0,0,0,0,0,0,0,0,0,0,0,0,0,0,0,0,0,0,0,0,0,3,3,0,4,10,54,11,78,0,0,4,7,7,3,21,0,0,0,0,0,0,0,0,0,0,0,0,0,0,0,0,0,0,0,0,0,0,0,0,0,0,0,0,0,0,0,0,0,0,0,0,0,0,0,4,0,4,0,0,0,0
LGA33200,0,0,3,10,39,8,55,0,0,0,0,0,0,0,0,0,0,0,4,0,3,0,0,0,0,10,0,10,0,0,0,0,21,0,17,0,0,0,0,0,0,0,0,0,0,0,6,0,6,0,0,0,0,4,3,7,0,0,0,0,15,0,18,0,0,0,0,0,0,0,0,0,0,0,0,0,3,0,0,0,0,0,0,4,0,0,0,0,0,0,3,0,0,0,0,0,0,3,0,0,0,6,23,3,30,0,0,5,0,0,0,6,0,0,0,3,0,0,5,0,0,0,0,4,0,4,0,0,0,0,6,0,10,0,0,0,0,3,0,5,3,0,14,27,131,17,197,0,0,13,6,10,3,41,0,0,0,0,0,0,0,0,0,0,0,0,0,0,0,0,0,0,0,0,0,0,0,0,0,0,0,0,0,0,0,0,0,0,0,0,0,4,0,4,4,10,0,0,3,0
LGA33220,4,3,24,44,169,30,269,0,3,14,41,278,18,351,5,5,40,81,753,32,920,8,3,28,52,178,5,269,8,4,33,83,1504,83,1706,3,0,11,21,136,6,174,16,4,70,82,580,30,782,6,4,35,73,434,44,590,3,0,7,66,349,34,461,0,3,12,26,48,7,94,3,3,19,45,20,3,88,0,0,13,25,101,8,156,14,19,124,69,129,18,383,3,4,16,37,206,10,279,19,30,128,240,395,35,837,75,72,310,77,147,20,704,133,43,314,140,367,34,1033,0,0,10,24,54,9,98,10,3,18,34,402,16,489,4,0,32,44,329,72,486,311,208,1261,1309,6566,511,10169,0,0,20,22,42,14,95,0,0,4,5,7,0,16,6,3,33,40,88,7,175,0,0,5,22,30,3,61,0,7,14,47,90,9,168,0,3,10,12,32,0,56,4,10,71,151,531,72,834,3,8,49,118
LGA33360,3,0,19,20,92,17,142,22,8,89,83,406,23,634,71,32,259,187,1625,64,2245,20,5,53,68,303,18,470,14,12,75,112,1571,82,1863,9,3,21,22,151,9,205,8,3,42,38,242,19,355,7,7,26,42,160,15,254,15,16,80,137,651,57,953,0,0,3,10,16,0,31,0,4,8,18,13,4,39,0,0,7,16,89,7,121,39,15,155,89,491,46,836,3,0,17,28,139,5,196,21,23,79,94,200,10,425,30,44,144,30,65,3,317,25,8,108,34,28,5,220,0,0,7,9,20,5,37,3,0,17,23,313,12,363,4,3,30,47,329,83,495,292,178,1250,1099,6910,487,10222,0,0,15,16,32,9,73,9,5,39,14,36,3,97,21,14,100,50,166,11,359,3,4,24,9,39,0,85,3,3,45,41,125,12,233,3,0,17,16,35,3,67,5,3,58,84,347,38,536,3,3,52,73
LGA33430,37,8,76,68,255,31,473,37,22,159,156,757,24,1153,153,42,676,792,4457,223,6343,46,7,95,140,543,22,854,181,76,1166,1673,14700,650,18433,100,26,463,382,1222,86,2278,243,51,1138,1048,3181,290,5949,287,51,1317,1193,2848,284,5979,123,40,563,714,2128,229,3800,62,22,407,311,625,64,1499,220,85,780,715,423,80,2299,150,43,624,461,1141,120,2543,816,257,3078,1168,1278,251,6842,144,46,577,515,1497,137,2910,341,212,1053,1237,1673,163,4681,1046,430,2118,576,795,117,5077,1107,265,2431,909,1125,187,6019,93,24,522,440,1147,117,2342,107,28,359,401,2818,118,3831,164,37,698,593,2428,644,4570,5449,1780,18294,13493,45042,3823,87877,21,4,65,67,105,15,277,23,4,37,30,37,8,138,55,40,426,479,738,111,1860,16,7,50,35,46,3,152,70,36,502,679,939,112,2337,51,30,321,324,454,59,1237,300,102,1549,1874,3139,460,7431,295,69,1650,1694
LGA33610,14,4,80,90,223,26,438,0,0,0,3,10,3,19,0,0,8,5,44,5,63,0,0,0,4,28,0,37,0,0,4,8,155,8,182,3,0,11,10,29,0,53,0,0,8,7,60,3,81,0,0,0,6,29,3,41,0,0,0,6,38,3,46,0,0,0,0,5,0,7,0,0,0,3,0,0,8,0,0,3,0,7,0,10,0,3,18,7,5,0,29,0,0,0,0,10,8,13,4,3,10,19,21,6,64,5,4,22,4,8,3,53,5,0,15,3,13,6,38,0,0,0,0,7,0,4,0,0,0,4,77,0,86,3,0,6,7,33,19,65,34,17,194,205,810,88,1346,7,3,76,42,56,13,198,0,0,0,0,0,0,0,0,0,0,3,12,0,14,0,0,0,3,0,0,3,0,0,3,11,10,3,28,0,0,3,6,10,0,21,3,0,17,8,42,4,84,0,0,8,13
LGA33620,12,4,55,78,249,46,447,0,0,5,15,190,11,217,3,0,35,64,551,21,680,0,0,3,7,80,8,102,0,3,20,45,870,52,994,0,0,7,16,107,10,134,8,8,29,26,281,10,356,7,0,9,22,106,13,163,0,0,13,26,223,16,281,0,0,3,3,26,3,41,0,0,5,9,15,0,35,3,0,6,8,46,7,75,13,7,60,34,64,3,188,0,0,6,14,113,11,142,14,13,61,88,159,12,356,30,31,144,41,59,11,305,31,11,71,61,82,8,262,0,0,10,18,27,4,57,5,3,14,23,271,7,325,0,3,10,31,203,41,296,137,87,575,631,3727,296,5456,3,5,52,67,90,23,238,0,0,3,3,11,0,18,0,6,23,18,84,11,139,0,0,0,0,9,0,9,0,0,21,25,55,0,99,0,0,15,12,29,4,64,3,5,44,89,285,23,457,8,0,30,61
LGA33800,0,0,17,20,207,26,264,0,0,4,0,33,0,37,0,4,17,16,256,16,315,0,0,0,3,20,0,26,0,0,0,3,151,3,158,0,0,0,3,22,3,29,0,0,4,3,43,4,54,0,0,3,0,21,5,30,0,0,0,4,39,3,49,0,0,0,0,8,0,10,0,0,9,3,4,0,14,0,0,0,0,3,3,9,4,0,18,5,16,0,43,0,0,0,3,15,3,22,0,3,11,21,65,3,106,3,9,44,4,18,3,78,3,3,25,12,19,4,59,0,0,3,3,11,0,15,4,0,5,0,69,6,82,0,0,3,5,41,16,68,21,15,161,111,1057,103,1460,0,0,9,11,13,5,36,0,0,0,0,3,0,3,0,0,0,4,26,3,44,0,0,0,0,0,0,5,0,0,0,6,3,0,9,0,0,0,0,3,0,4,0,0,12,13,47,3,73,3,0,5,13
LGA33830,0,0,0,0,0,0,0,0,0,0,0,10,3,10,0,0,0,0,0,0,0,0,0,0,0,0,0,0,0,0,0,0,4,0,4,0,0,0,0,0,0,0,0,0,0,0,0,0,0,0,0,0,0,0,0,0,0,0,0,0,0,0,0,0,0,0,0,0,0,0,0,0,0,0,0,0,0,0,0,0,0,0,0,0,0,0,0,0,0,0,0,0,0,0,0,3,0,3,0,0,0,3,32,3,35,0,3,3,0,3,0,10,0,0,0,0,3,0,0,0,0,0,0,0,0,0,0,0,0,0,10,3,18,0,0,0,0,0,0,3,0,4,3,7,68,11,90,0,0,0,0,0,0,0,0,0,0,0,0,0,0,0,0,0,0,0,0,0,0,0,0,0,0,0,0,0,0,0,0,0,0,0,0,0,0,0,0,0,0,0,0,0,0,0,0,0,0,0,0,0
LGA33960,9,3,23,38,116,16,209,28,4,59,52,282,12,444,66,34,288,409,2537,145,3474,26,11,72,100,341,22,559,26,7,194,273,3573,146,4222,26,4,101,127,698,39,997,48,19,212,222,1049,81,1635,19,9,105,135,416,44,725,51,21,180,299,1335,142,2019,13,9,82,92,151,7,357,42,14,141,129,124,7,458,12,3,58,57,196,16,344,172,62,559,298,411,38,1539,25,12,75,103,454,32,700,159,118,578,817,1619,90,3379,182,112,558,180,329,24,1387,172,65,539,325,488,43,1634,6,10,46,40,142,15,262,36,11,104,108,1024,41,1320,37,4,116,133,866,256,1414,1151,524,4078,3942,16150,1222,27068,3,0,31,30,59,12,140,5,3,36,12,38,7,99,26,7,136,181,434,59,843,8,6,40,43,78,4,176,9,12,66,108,222,23,436,6,7,66,86,201,16,377,32,18,306,399,1086,101,1954,19,7,125,226
LGA33980,3,0,18,22,161,19,231,52,24,262,143,1420,83,2001,0,0,18,21,116,7,172,0,0,0,13,42,0,52,0,0,4,9,154,11,185,0,0,6,6,57,3,71,0,0,10,4,33,4,47,3,0,11,20,72,4,106,0,3,9,6,106,14,141,0,0,0,3,0,0,3,0,0,0,0,0,0,0,0,0,3,7,26,0,31,3,0,19,3,34,3,62,0,0,0,13,80,3,92,10,3,23,15,78,7,133,4,10,48,3,19,0,86,3,4,19,5,7,0,34,0,0,0,0,5,0,8,0,0,6,11,108,6,124,0,0,3,3,53,14,83,86,55,460,310,2560,188,3665,4,4,51,33,52,6,152,17,9,143,50,172,14,407,3,0,13,8,16,4,44,0,0,3,3,10,0,15,0,0,9,3,24,0,39,0,0,0,5,7,0,15,3,0,25,18,85,8,140,0,0,22,27
LGA34420,0,0,0,0,0,0,3,0,0,0,0,0,0,0,0,0,0,0,0,0,0,0,0,0,0,0,0,0,0,0,0,0,11,0,11,0,0,0,0,0,0,0,0,0,0,0,3,0,5,0,0,0,0,0,0,0,0,0,0,0,0,0,0,0,0,0,0,0,0,0,0,0,0,0,0,0,0,0,0,0,0,0,0,0,0,0,0,0,0,0,0,0,0,0,0,3,0,3,3,0,0,0,20,3,30,0,0,0,0,5,0,10,0,0,0,0,3,0,4,0,0,0,0,0,0,0,0,0,0,0,4,0,8,0,0,0,0,0,0,0,3,0,4,3,47,6,67,0,0,0,0,0,0,3,0,0,0,0,0,0,0,0,0,0,0,0,0,0,0,0,0,0,0,0,0,0,0,0,0,0,0,0,0,0,0,0,0,0,0,0,0,0,0,0,0,0,0,0,0,0
LGA34530,3,0,17,23,79,18,144,9,11,38,64,702,30,851,0,3,9,25,228,10,280,3,9,23,48,90,4,179,0,3,29,28,815,35,906,0,3,4,10,136,8,164,0,3,30,18,141,9,196,0,0,20,23,119,20,188,3,8,12,19,188,23,251,0,0,11,3,25,0,42,0,0,5,23,13,3,47,0,3,9,12,44,5,72,13,5,82,25,61,0,191,3,0,11,16,67,9,100,25,19,92,101,178,10,423,62,36,145,26,65,7,335,35,16,86,61,61,12,263,3,0,11,10,30,3,50,3,0,13,22,213,12,256,3,0,6,10,112,29,168,169,115,652,562,3362,232,5091,0,3,22,21,26,9,78,0,0,13,7,29,0,63,0,0,5,14,33,4,59,3,3,10,14,28,3,53,0,0,23,27,61,0,110,0,0,9,7,14,0,33,0,0,42,50,185,22,312,3,3,24,46
LGA34570,0,0,0,0,0,0,0,0,0,0,0,0,0,0,0,0,0,0,0,0,0,0,0,0,0,0,0,0,0,0,0,0,3,0,3,0,0,0,0,0,0,0,0,0,0,0,0,0,3,0,0,0,0,0,0,0,0,0,0,0,0,0,0,0,0,0,0,0,0,0,0,0,0,0,0,0,0,0,0,0,0,0,0,0,0,0,0,0,0,0,0,0,0,0,0,0,0,0,0,0,0,0,8,3,18,3,0,0,0,0,0,8,0,0,0,0,6,0,13,0,0,0,0,0,0,0,0,0,0,0,0,0,7,0,0,0,0,0,3,3,3,0,3,5,23,16,51,0,0,0,0,0,0,0,0,0,0,0,0,0,0,0,0,0,0,0,0,0,0,0,0,0,0,0,0,0,0,0,0,0,0,0,0,0,0,0,0,0,0,0,0,0,0,0,0,0,0,0,0,0
LGA34580,22,0,110,54,285,60,523,0,0,9,7,95,4,116,3,3,20,40,342,21,432,0,0,7,17,74,0,105,6,0,24,47,640,49,764,0,0,12,17,136,6,174,3,0,26,24,196,26,276,0,0,8,15,74,8,114,3,7,8,30,304,24,373,0,0,9,4,26,0,41,0,0,14,11,14,0,40,0,0,8,6,39,4,56,16,10,69,31,47,3,175,3,3,7,10,57,8,91,11,14,46,104,186,14,376,56,20,100,32,74,5,283,20,10,52,39,54,11,177,3,0,7,5,29,0,40,3,5,17,13,186,18,236,3,0,16,18,143,48,229,148,63,567,537,3000,306,4616,19,5,115,50,108,51,349,0,0,6,3,3,0,20,0,0,22,22,68,9,119,0,0,9,3,6,0,15,0,0,11,26,38,3,72,4,3,16,14,19,0,61,3,0,38,60,171,24,299,3,3,20,37
LGA34590,9,0,44,49,168,14,283,19,9,67,70,300,18,494,104,27,381,585,3840,239,5175,24,4,65,91,389,20,594,55,20,395,628,7534,367,8991,59,22,190,251,1200,66,1792,60,18,389,438,1615,111,2636,35,8,170,193,678,57,1137,101,27,349,503,2184,216,3380,25,7,124,113,234,25,523,57,22,229,193,208,20,731,23,7,112,92,368,39,638,231,76,895,445,576,75,2296,35,19,147,167,713,77,1164,162,97,543,589,1016,97,2499,313,174,725,255,456,48,1967,213,92,639,440,637,83,2100,16,4,87,67,218,23,415,51,18,164,201,1922,77,2427,64,17,248,242,1608,427,2604,1639,665,5951,5600,25855,2108,41831,6,4,39,33,59,12,159,5,3,43,22,32,4,108,42,15,239,355,700,81,1436,12,0,31,46,68,7,168,20,15,181,269,519,42,1049,17,13,143,163,361,40,732,64,37,488,695,1598,168,3050,29,15,230,341
LGA34710,0,0,10,28,34,11,80,0,0,0,0,11,0,9,0,0,0,3,10,0,14,0,0,0,0,9,0,11,0,0,0,3,65,3,64,0,0,0,3,8,3,10,0,0,4,7,32,3,40,0,0,3,3,8,3,15,0,0,0,0,11,0,15,0,0,5,0,4,0,5,0,0,4,0,0,0,5,0,0,0,0,7,0,10,3,0,6,0,0,0,13,0,0,3,3,4,0,14,4,0,10,20,33,8,68,3,0,12,4,12,0,39,6,3,9,13,5,0,38,0,0,3,4,5,0,15,0,0,3,0,34,3,38,0,0,0,0,13,4,27,18,9,74,90,301,42,534,0,3,20,18,15,3,54,0,0,0,0,0,0,0,0,0,0,0,3,0,3,0,0,0,0,0,0,0,0,0,3,0,9,0,12,0,0,3,0,0,0,8,0,0,4,3,23,3,32,0,0,7,4
LGA34770,7,3,40,66,399,52,567,37,33,228,295,3206,123,3925,37,17,126,141,1392,78,1781,7,0,20,36,194,7,263,14,11,95,124,1990,100,2337,3,10,54,78,777,29,947,16,0,78,64,536,28,725,12,0,42,66,300,28,452,31,22,106,204,964,90,1412,3,0,8,15,59,5,90,8,10,42,42,35,7,140,4,5,29,27,191,13,270,51,18,358,104,288,18,836,4,3,20,36,299,14,370,35,24,182,185,393,35,859,59,66,312,74,134,11,666,117,39,285,75,132,34,687,0,0,12,10,52,11,88,11,6,54,58,1057,37,1210,10,7,49,53,567,146,840,461,280,2144,1741,12961,874,18466,3,5,29,44,62,15,165,13,12,89,88,232,12,446,6,5,65,58,202,21,369,0,0,9,18,31,4,67,4,10,43,68,172,13,303,0,3,31,39,128,12,212,12,9,147,169,660,92,1094,11,3,116,116
LGA34800,0,0,7,3,26,4,38,0,0,12,0,22,0,37,0,0,0,0,0,0,0,0,0,0,0,3,0,3,0,0,0,0,18,3,22,0,0,0,0,0,0,0,0,0,3,0,3,0,7,0,0,0,0,6,0,5,0,0,0,0,3,0,3,0,0,0,0,0,0,0,0,0,0,0,3,0,3,0,0,0,0,0,0,0,0,0,0,0,0,0,0,0,0,0,0,0,0,0,3,0,5,0,9,4,20,0,0,0,0,0,0,0,0,0,0,3,3,0,5,0,0,0,0,0,0,0,0,0,0,0,3,0,3,0,0,0,0,0,3,3,3,0,25,13,94,19,145,0,0,15,11,14,3,39,0,0,0,0,0,0,3,0,0,0,0,0,0,0,0,0,0,0,0,0,0,0,0,0,0,0,0,3,0,0,0,0,0,0,0,0,0,0,0,3,0,4,0,0,0,3
LGA34830,0,0,0,0,0,0,0,0,0,0,0,3,0,3,0,0,0,0,0,0,0,0,0,0,0,0,0,0,0,0,0,0,4,0,4,0,0,0,0,0,0,0,0,0,0,0,0,0,0,0,0,0,0,0,0,0,0,0,0,0,0,0,0,0,0,0,0,0,0,0,0,0,0,0,0,0,0,0,0,0,0,0,0,0,0,0,0,0,0,0,0,0,0,0,0,0,0,0,0,0,0,3,8,0,15,0,0,0,0,0,0,3,0,0,0,0,4,0,3,0,0,0,0,0,0,0,0,0,0,0,0,0,0,0,0,0,0,0,0,0,0,0,3,3,24,0,29,0,0,0,0,0,0,0,0,0,0,0,0,0,0,0,0,0,0,0,0,0,0,0,0,0,0,0,0,0,0,0,0,0,0,0,0,0,0,0,0,0,0,0,0,0,0,0,0,0,0,0,0,0
LGA34860,4,0,37,61,175,21,298,3,0,25,28,103,12,170,0,0,3,7,52,4,71,0,0,8,6,59,3,78,0,0,12,18,220,19,266,0,0,3,4,45,7,61,4,3,16,9,58,3,91,0,0,3,16,35,5,65,0,0,4,14,74,3,97,0,0,3,0,0,0,3,0,0,6,5,3,0,12,0,0,4,7,23,3,37,3,3,15,7,7,5,40,0,0,0,4,16,3,19,4,3,41,49,95,14,204,5,5,38,7,5,0,59,3,4,24,26,14,3,72,0,0,0,3,5,0,8,0,0,3,4,85,9,99,0,0,4,10,68,18,100,36,21,260,266,1156,114,1861,0,3,56,72,58,19,210,0,0,8,5,6,0,27,0,0,8,4,16,6,33,0,0,0,8,11,0,17,0,0,8,4,23,0,33,0,0,3,10,13,5,29,3,5,14,17,51,9,99,0,0,21,17
LGA34880,8,3,62,45,222,38,379,3,0,9,10,92,7,118,0,0,3,10,135,12,164,0,0,3,12,51,0,61,0,0,6,18,319,17,357,0,0,7,8,28,0,39,3,0,24,14,91,10,136,0,0,7,16,58,8,89,7,0,14,25,110,7,166,0,0,3,3,15,0,19,0,0,4,4,4,0,16,3,0,3,3,13,3,26,3,0,45,10,27,0,85,0,0,3,15,40,9,63,12,4,40,72,113,14,258,22,8,53,12,27,0,127,11,8,38,25,40,9,138,3,0,10,7,16,5,41,0,0,6,3,109,10,132,4,0,13,9,64,24,117,77,35,366,318,1566,181,2544,9,6,70,41,57,19,200,4,0,3,6,6,0,17,0,0,12,10,24,8,62,0,0,3,0,4,0,13,0,0,4,6,18,3,37,0,0,9,11,9,3,30,0,0,22,38,77,28,171,0,0,12,22
LGA35010,20,9,101,106,330,63,630,86,25,258,158,747,30,1315,118,53,511,683,4292,191,5853,59,28,207,259,746,43,1347,110,47,569,926,10304,430,12388,74,33,280,320,1154,88,1949,89,41,532,626,2657,171,4106,49,20,263,354,1193,93,1958,113,49,519,896,2791,247,4615,44,23,213,223,459,27,985,110,69,452,411,366,34,1435,34,24,157,166,521,47,944,509,177,1760,825,991,139,4398,37,23,211,284,1088,89,1731,306,262,1109,1535,2068,158,5436,447,289,1238,446,672,66,3157,399,174,1242,667,1017,119,3613,26,19,142,133,358,43,715,78,44,230,303,2539,97,3296,100,29,324,380,1884,464,3173,2789,1436,10317,9690,36179,2643,63057,23,19,143,105,159,60,507,21,10,70,48,75,3,234,36,18,288,338,655,92,1425,18,17,104,79,98,9,322,25,32,240,332,671,66,1361,19,22,182,203,384,49,862,74,54,759,1082,2425,247,4645,40,25,351,546
LGA35250,0,0,0,0,0,0,0,0,0,0,0,0,0,0,0,0,0,0,0,0,0,0,0,0,0,0,0,0,0,0,0,0,3,0,3,0,0,0,0,0,0,0,0,0,0,0,4,0,9,0,0,0,0,0,0,0,0,0,0,0,0,0,0,0,0,0,0,0,0,0,0,0,0,0,0,0,0,0,0,0,0,0,0,0,0,0,0,0,0,0,3,0,0,0,3,4,0,9,3,0,3,3,16,7,32,0,0,8,0,0,0,15,0,0,6,0,7,0,12,0,0,0,0,0,0,0,0,0,0,0,4,4,3,0,0,0,0,0,0,0,3,0,14,12,42,12,85,0,0,0,0,0,0,0,0,0,0,0,0,0,0,0,0,0,0,0,0,0,0,0,0,0,0,0,0,0,0,0,0,0,0,0,0,0,0,0,0,0,0,0,0,0,0,4,3,5,0,0,0,0
LGA35300,0,0,3,0,20,0,26,33,11,190,96,1177,41,1542,4,0,9,7,107,0,132,0,0,9,10,37,3,61,0,0,4,9,221,14,252,3,0,7,3,63,9,77,3,0,8,0,83,11,102,0,0,19,9,40,9,74,0,0,3,12,75,4,100,0,0,0,0,10,0,6,0,0,0,3,6,0,7,0,0,4,0,25,0,36,7,3,22,9,22,0,55,0,0,0,3,48,4,61,9,3,42,44,70,7,169,14,9,52,7,17,3,104,28,5,48,21,25,4,128,0,0,0,3,9,0,13,0,0,3,7,123,3,141,0,0,9,5,84,22,120,104,43,424,252,2260,136,3216,0,0,3,4,18,0,23,10,9,77,37,112,9,258,0,0,0,3,25,0,35,0,0,5,3,8,0,13,0,0,5,8,14,0,30,0,0,0,3,14,0,15,3,0,32,16,82,9,149,7,0,19,21
LGA35600,0,0,8,19,52,9,86,0,0,0,0,7,0,7,3,0,3,3,26,3,39,0,0,0,0,7,0,7,0,0,3,0,53,5,62,0,0,6,0,8,3,24,0,0,0,3,30,4,35,0,0,0,0,13,0,16,0,0,0,3,18,5,22,0,0,0,0,0,0,4,0,0,3,0,0,0,3,0,0,0,0,3,0,3,0,0,9,3,0,0,14,0,0,0,0,3,3,5,3,0,14,17,33,8,70,0,4,16,3,0,0,23,3,0,10,8,6,4,27,0,0,0,0,0,0,3,0,0,0,0,22,0,24,0,0,0,3,20,5,28,12,7,68,69,304,48,501,0,0,23,17,15,3,57,0,0,0,0,0,0,0,3,0,7,0,7,3,17,0,0,0,0,0,0,0,0,0,3,0,0,0,3,0,0,0,0,5,0,8,0,3,5,3,21,5,32,0,3,4,3
LGA35670,0,0,0,0,0,0,0,0,0,0,0,8,0,10,0,0,0,0,0,0,0,0,0,0,0,0,0,0,0,0,0,0,3,0,3,0,0,0,0,0,0,0,0,0,0,0,0,0,0,0,0,0,0,0,0,0,0,0,0,0,0,0,0,0,0,0,0,0,0,0,0,0,0,0,0,0,0,0,0,0,0,0,0,0,0,0,0,0,0,0,0,0,0,0,0,0,0,0,0,0,3,0,20,0,25,0,0,0,0,0,0,0,0,0,0,0,0,0,0,0,0,0,0,0,0,0,0,0,0,0,3,0,3,0,0,0,0,0,0,0,0,0,3,0,33,9,47,0,0,0,0,0,0,0,0,0,0,0,4,0,3,0,0,0,0,0,0,0,0,0,0,0,0,0,0,0,0,0,0,0,0,0,0,0,0,0,0,0,0,0,0,0,0,0,0,0,0,0,0,0
LGA35740,6,0,27,26,48,8,119,3,0,15,17,127,6,171,17,4,57,46,289,22,428,0,0,12,14,70,0,99,3,7,64,111,1307,67,1554,3,8,45,25,89,5,178,8,3,82,72,294,23,481,22,5,96,122,363,32,645,10,5,40,74,196,15,337,6,3,21,9,30,0,74,16,16,51,43,37,6,172,10,7,40,33,100,11,197,71,23,264,94,99,24,570,9,4,49,47,160,16,280,28,21,75,92,125,16,362,77,63,200,56,76,8,473,84,20,234,103,106,11,563,4,3,28,24,69,4,132,3,4,25,31,247,11,325,11,8,66,48,203,37,372,392,189,1476,1095,4033,339,7528,3,3,18,22,15,5,65,0,0,3,6,6,0,23,9,8,30,34,53,10,137,0,0,0,4,11,0,12,9,6,51,42,71,5,178,0,3,30,31,46,13,122,13,10,134,159,293,45,660,16,7,124,182
LGA35760,6,5,51,57,169,51,337,0,0,9,3,57,0,64,0,0,0,4,54,3,66,0,0,0,3,23,0,24,0,0,0,5,104,7,117,0,0,3,0,14,3,19,0,0,4,7,33,7,51,0,0,0,3,19,0,22,0,0,0,4,27,0,34,0,0,3,0,3,0,8,0,0,0,0,3,0,6,0,0,0,0,4,0,4,0,0,9,5,14,0,23,0,0,3,4,11,4,25,3,0,11,7,48,7,78,4,5,26,4,6,0,52,0,0,15,13,12,0,49,0,0,0,3,4,0,10,3,0,0,0,41,0,51,0,0,0,7,25,17,50,27,10,138,120,679,101,1081,0,4,54,43,51,26,190,0,0,4,0,6,0,16,0,0,3,3,14,0,19,0,0,0,0,0,0,0,0,0,0,0,3,0,12,0,0,3,3,5,0,14,0,0,5,13,49,9,77,0,0,4,9
LGA35780,0,0,0,0,0,0,3,0,0,0,0,0,3,3,0,0,0,0,0,0,3,0,0,0,0,4,0,4,0,0,0,0,40,0,41,0,0,0,0,0,0,0,0,0,0,0,8,0,6,0,0,0,3,6,0,9,0,0,0,0,4,0,10,0,0,0,0,0,0,0,0,0,0,0,0,0,0,0,0,0,0,0,0,0,0,0,0,4,0,0,3,0,0,0,0,0,0,3,0,0,4,10,41,3,59,0,8,9,5,10,3,27,3,0,14,4,18,5,36,0,0,0,0,0,0,0,0,0,0,0,25,7,32,0,0,0,0,0,3,3,5,5,24,29,152,32,249,0,0,0,0,0,0,0,0,0,0,0,0,0,0,0,0,0,0,0,0,0,0,0,0,0,0,0,0,0,0,0,0,6,3,11,0,0,0,0,0,0,0,0,0,3,0,5,0,11,0,0,0,0
LGA35790,0,0,0,0,0,0,0,0,0,0,0,0,0,0,0,0,0,0,0,0,0,0,0,0,0,0,0,0,0,0,0,0,4,0,4,0,0,0,0,0,0,0,0,0,0,0,0,0,0,0,0,0,0,3,0,3,0,0,0,0,0,0,0,0,0,0,0,0,0,0,0,0,0,0,0,0,0,0,0,0,0,0,0,0,0,0,0,0,0,0,0,0,0,0,0,0,0,0,0,0,3,11,25,0,42,3,0,4,5,9,0,20,3,0,4,3,10,3,23,0,0,0,0,0,0,0,0,0,0,0,10,3,9,0,0,0,0,3,0,6,6,3,11,16,76,11,118,0,0,0,0,0,0,0,0,0,0,0,0,0,0,0,0,0,0,0,0,0,0,0,0,0,0,0,0,0,0,0,0,0,0,0,0,0,0,0,0,0,0,0,0,0,0,0,0,0,0,0,0,0
LGA35800,3,0,0,12,31,3,57,0,0,0,0,3,0,3,0,0,0,0,0,0,0,0,0,0,0,4,0,4,0,0,0,0,16,0,13,0,0,0,0,0,0,0,0,0,0,0,9,0,7,0,0,0,0,3,0,4,0,0,0,0,6,0,10,0,0,0,0,0,0,0,0,0,0,0,0,0,0,0,0,0,0,0,0,0,0,0,0,0,0,0,0,0,0,0,0,0,0,0,0,0,3,5,20,3,31,0,0,3,0,3,0,4,0,0,0,0,3,0,8,0,0,0,4,0,0,7,0,0,0,0,7,0,7,0,0,0,0,5,0,8,5,5,14,23,118,11,178,0,0,11,6,12,3,35,0,0,0,0,0,0,0,0,0,0,0,3,0,0,0,0,0,0,0,0,0,0,0,0,0,0,0,0,0,0,0,0,0,0,0,0,3,0,3,10,0,17,0,0,0,0
LGA36070,0,0,0,0,3,0,8,0,0,0,0,0,0,0,0,0,0,0,0,0,0,0,0,0,0,0,0,0,0,0,0,0,4,0,7,0,0,0,0,0,0,0,0,0,0,0,3,0,3,0,0,0,0,0,0,0,0,0,0,0,0,0,0,0,0,0,0,0,0,0,0,0,0,0,0,0,0,0,0,0,0,0,0,0,0,0,0,0,0,0,0,0,0,0,0,0,0,0,0,0,0,3,19,0,25,0,0,0,0,0,0,0,0,0,0,0,6,0,5,0,0,0,0,4,0,9,0,0,0,0,5,0,3,0,0,0,0,0,0,3,0,4,3,9,41,6,65,0,0,0,0,0,0,0,0,0,0,0,0,0,0,0,0,0,0,0,0,0,0,0,0,0,0,0,0,0,0,0,0,0,0,0,0,0,0,0,0,0,0,0,0,0,0,0,0,0,0,0,0,0
LGA36150,0,0,3,7,13,0,28,0,0,0,0,0,0,0,0,0,0,0,0,0,0,0,0,0,0,5,0,7,0,0,0,0,10,0,10,0,0,0,0,0,0,0,0,0,0,0,3,0,3,0,0,0,0,3,0,6,0,0,0,0,6,0,6,0,0,0,0,0,0,0,0,0,0,0,0,0,0,0,0,0,0,0,0,3,0,0,0,0,0,0,0,0,0,0,0,0,0,0,0,0,0,4,13,0,16,0,0,0,0,4,0,3,0,0,3,0,5,0,5,0,0,0,0,0,0,0,0,0,0,0,3,0,6,0,0,0,0,0,0,0,0,0,12,17,70,9,102,0,0,4,6,13,0,28,0,0,0,0,0,0,0,0,0,0,0,0,0,0,0,0,0,0,0,0,0,0,0,0,0,0,0,0,0,0,0,0,0,0,0,0,0,0,0,7,0,5,0,0,0,5
LGA36250,7,0,31,34,86,10,168,39,13,97,83,266,12,514,58,38,271,314,1746,59,2493,25,6,69,83,248,16,458,52,26,287,440,4204,154,5160,39,17,136,181,506,24,903,32,13,233,248,877,41,1449,16,7,94,100,420,42,676,64,28,209,300,964,87,1656,13,0,77,96,194,14,398,36,24,177,172,128,12,547,18,7,62,85,200,16,390,212,75,709,341,407,37,1780,17,5,89,93,394,36,629,106,82,376,418,529,40,1554,182,115,478,126,251,21,1181,144,55,407,217,321,30,1181,16,8,61,51,137,7,273,32,11,113,108,944,27,1229,37,13,143,166,665,152,1183,1145,539,4122,3673,13505,847,23829,7,4,21,24,35,3,89,13,3,21,14,24,0,75,30,13,147,173,325,51,733,5,4,33,39,34,3,114,11,5,117,199,282,32,655,17,6,86,118,176,26,431,35,25,295,345,827,84,1617,17,11,133,203
LGA36300,0,0,3,3,23,3,34,0,0,0,0,0,0,0,0,0,0,0,0,0,3,0,0,0,0,3,0,4,0,0,0,0,3,0,6,0,0,0,0,0,0,3,0,0,0,0,4,0,4,0,0,0,4,3,0,6,0,0,0,0,4,0,4,0,0,0,0,0,0,0,0,0,0,0,0,0,0,0,0,0,0,3,0,3,0,0,0,0,0,0,0,0,0,0,0,0,0,0,0,0,0,7,16,0,23,0,0,0,0,0,0,0,0,0,0,0,0,0,4,0,0,0,0,0,0,0,0,0,0,0,4,0,3,0,0,0,0,3,0,5,3,0,9,20,73,6,107,0,0,7,9,8,4,23,0,0,0,0,0,0,0,0,0,0,0,0,0,0,0,0,0,0,0,0,0,0,0,0,0,0,0,5,0,0,0,0,0,0,0,0,0,0,3,3,0,8,0,0,3,0
LGA36370,6,3,18,17,127,24,190,8,12,35,66,866,35,1024,9,5,59,53,584,38,745,34,13,96,109,243,14,511,9,0,41,68,1265,49,1420,0,0,26,29,322,15,395,14,3,52,42,412,21,554,9,3,43,46,264,25,388,22,17,81,93,649,51,909,3,0,14,13,59,4,99,8,5,48,36,24,3,123,0,0,25,3,100,3,132,32,28,218,63,101,11,453,6,0,21,30,147,11,223,38,34,186,179,393,31,871,129,69,280,64,129,17,684,141,35,321,116,194,25,832,3,0,13,8,42,5,77,14,6,45,40,532,29,660,6,0,23,25,241,57,354,493,234,1640,1095,6701,481,10645,3,3,19,23,38,8,101,3,0,11,15,44,3,75,0,3,27,19,78,14,146,5,3,48,47,102,4,217,0,0,22,35,78,14,143,0,0,18,9,58,3,87,4,8,87,91,381,49,622,6,3,56,67
LGA36510,4,0,44,60,220,28,360,0,0,6,13,76,12,106,10,0,33,49,380,19,492,4,0,9,16,98,6,138,3,3,39,76,854,54,1026,3,5,15,18,121,13,176,6,0,39,25,181,17,267,3,8,28,27,142,9,214,4,3,17,26,169,20,247,0,0,13,7,36,6,57,0,4,18,18,19,0,60,7,0,7,11,47,5,77,27,10,128,51,60,8,281,3,0,11,17,78,7,116,34,16,75,122,199,19,465,69,44,134,39,64,13,352,26,18,72,48,66,8,233,3,0,16,17,55,8,96,6,5,20,21,221,13,283,5,0,20,35,176,41,276,215,108,737,717,3252,304,5330,7,3,53,57,72,30,226,0,0,4,0,3,0,6,4,0,30,42,62,12,150,5,0,6,3,9,0,24,3,0,20,46,66,11,149,3,0,10,10,32,0,61,5,10,54,73,174,25,337,13,0,50,65
LGA36580,7,0,25,22,145,25,222,0,0,3,8,70,11,89,0,0,55,37,295,28,412,0,0,3,7,75,3,90,4,0,9,24,413,25,482,0,0,5,7,63,5,82,0,0,16,14,116,18,168,0,0,3,4,46,3,58,0,0,9,18,164,16,202,0,0,0,5,6,0,11,0,0,0,3,7,0,16,0,0,5,8,21,3,31,8,9,35,20,42,9,111,0,0,3,5,40,4,52,3,8,23,72,143,18,271,8,15,61,14,34,5,133,12,3,28,24,38,3,106,0,0,7,9,15,3,32,0,0,4,14,108,5,136,0,0,12,11,70,37,129,52,33,314,320,1901,216,2832,3,3,12,23,51,5,107,0,0,0,4,4,0,10,4,0,30,35,81,14,166,3,0,3,4,15,0,18,0,3,9,12,32,4,60,3,0,3,11,21,6,42,0,0,28,35,105,16,179,0,0,10,29
LGA36630,8,9,46,51,219,30,349,0,3,12,30,191,7,247,0,0,21,20,289,35,370,6,5,28,32,189,7,258,0,0,8,27,378,26,438,0,0,0,4,40,13,60,3,0,19,9,178,20,239,0,0,14,8,63,8,87,0,0,4,10,92,13,121,0,0,6,3,13,0,20,0,0,3,9,8,0,20,0,0,3,4,21,0,24,6,0,30,11,31,3,81,5,0,4,7,29,4,48,5,0,38,63,120,13,240,23,19,107,28,38,4,213,13,4,63,58,72,8,215,0,0,3,7,13,0,19,4,0,7,12,146,5,178,3,3,7,17,97,32,165,76,53,436,398,2220,234,3414,3,8,46,44,71,15,183,0,0,9,3,15,0,28,0,3,21,21,69,5,121,3,0,6,10,12,0,34,0,0,13,6,27,3,43,0,0,3,7,18,0,40,0,0,24,47,183,19,276,4,0,17,27
LGA36660,4,6,77,82,315,47,525,0,0,3,6,65,0,71,17,3,27,33,333,37,448,0,0,4,5,59,3,67,0,0,10,35,529,38,609,0,0,12,14,66,3,87,4,0,20,28,231,22,302,10,3,16,19,105,16,167,3,0,12,37,215,18,285,0,0,0,4,25,0,36,3,0,5,23,12,0,41,0,0,7,3,28,4,47,7,4,70,24,25,3,137,0,0,8,12,28,0,52,22,11,43,68,113,8,265,29,37,124,28,43,6,272,18,8,75,37,50,5,190,0,0,3,12,18,0,33,0,3,15,12,196,10,235,0,0,16,10,102,50,185,111,83,547,477,2551,276,4053,11,0,61,57,86,24,243,0,0,0,0,0,0,4,3,0,37,27,81,18,164,0,0,0,0,0,0,3,0,0,13,7,32,4,56,0,0,3,8,5,0,21,0,0,41,53,187,19,301,0,5,29,47
LGA36720,23,8,129,137,433,42,778,29,19,129,174,906,25,1278,51,25,231,302,2178,86,2871,18,11,102,102,483,15,729,55,38,499,757,8378,314,10041,33,10,157,161,599,39,1000,66,36,448,418,1725,115,2809,68,21,304,378,1328,81,2188,45,20,192,408,1044,115,1830,26,20,117,112,244,12,533,74,43,354,399,354,41,1261,30,24,185,164,453,47,901,327,125,1395,587,605,87,3131,20,25,174,213,814,73,1319,153,104,566,674,788,63,2350,458,326,1260,336,446,64,2889,524,178,1508,563,756,82,3616,32,8,134,145,329,32,677,43,11,160,184,1480,76,1954,91,25,298,276,1191,276,2147,2171,1072,8370,6490,24528,1675,44303,27,16,108,108,125,28,417,7,4,32,13,34,3,93,27,12,194,270,378,53,931,15,4,55,38,64,3,181,32,24,257,303,458,65,1129,18,11,129,116,207,19,499,71,48,619,774,1829,225,3558,67,43,478,589
LGA36820,13,3,59,59,240,26,399,0,0,14,4,121,12,154,0,0,4,18,162,8,200,0,0,6,5,51,3,70,0,0,13,14,446,17,490,0,0,0,6,40,3,49,8,0,19,14,163,18,224,3,0,14,8,64,10,100,3,3,11,18,87,3,122,0,0,0,3,15,0,17,3,0,7,12,6,0,27,0,0,4,5,10,3,21,26,8,43,21,27,11,132,3,0,4,10,48,7,69,13,11,39,59,100,16,237,26,21,97,25,44,8,220,8,5,83,33,59,15,212,3,0,4,8,24,3,39,9,0,0,7,128,3,148,5,0,7,7,90,32,143,119,58,427,346,1938,187,3067,3,7,45,42,59,21,179,0,0,0,9,9,0,12,0,3,5,15,31,3,54,0,0,3,3,0,0,6,0,0,11,15,27,3,56,0,0,3,6,22,0,33,0,0,38,43,130,17,227,3,4,17,32
LGA36910,63,22,306,219,705,83,1399,17,3,70,96,560,23,765,53,8,179,204,1634,97,2178,25,11,69,99,338,10,552,22,16,199,275,3048,108,3670,11,9,102,101,589,34,845,39,19,231,160,860,57,1364,20,10,87,138,466,36,758,17,12,102,144,751,79,1101,6,3,39,35,93,7,184,50,22,217,129,114,10,541,10,6,62,45,158,9,291,131,58,587,158,267,32,1239,24,8,68,58,258,18,431,169,71,485,515,842,55,2135,475,168,734,176,285,34,1875,253,89,735,275,430,45,1832,10,4,30,26,92,9,170,33,10,93,85,942,27,1193,24,9,100,88,576,134,933,1458,562,4483,3025,13021,909,23467,32,12,192,194,235,45,717,0,0,19,16,46,0,87,11,9,81,116,260,27,501,4,3,21,23,35,0,87,10,12,102,105,220,23,468,12,0,46,60,136,12,264,26,20,251,277,847,83,1502,24,3,122,173
LGA36950,0,0,0,0,7,4,12,0,0,0,0,4,0,4,0,0,0,0,3,0,3,0,0,0,0,5,0,5,0,0,3,0,70,7,73,0,0,0,0,0,0,0,0,0,3,3,12,0,16,0,0,0,11,10,0,17,0,0,3,10,34,7,54,0,0,0,0,3,0,4,0,0,0,0,0,0,0,0,0,0,0,0,0,0,0,0,4,0,3,0,10,0,0,0,0,6,0,10,6,3,21,23,30,13,90,7,6,22,6,14,0,49,3,3,24,8,22,8,62,0,0,0,0,3,0,3,0,0,0,0,14,0,17,0,0,0,7,11,10,27,14,18,75,60,247,50,466,0,0,0,0,0,0,0,0,0,0,0,0,0,0,0,0,0,0,0,0,0,0,0,0,0,0,0,0,0,0,0,3,0,3,9,0,0,0,0,0,0,0,0,0,7,6,18,3,29,0,0,3,3
LGA36960,0,0,0,0,3,0,7,0,0,0,0,0,0,0,0,0,0,0,0,0,0,0,0,0,0,0,0,0,0,0,0,0,27,4,31,0,0,0,0,0,0,0,0,0,0,0,9,5,12,0,0,0,0,0,0,0,0,0,0,0,3,0,0,0,0,0,0,0,0,0,0,0,0,0,0,0,0,0,0,0,0,0,0,0,0,0,0,0,0,0,0,0,0,0,0,0,0,0,0,0,3,8,131,28,169,0,0,4,3,7,3,23,0,3,0,7,27,4,42,0,0,0,0,4,0,8,0,0,0,0,44,6,55,0,0,0,0,12,3,14,4,4,12,23,263,57,363,0,0,0,0,0,0,0,0,0,0,0,0,0,0,0,0,0,0,0,0,0,0,0,0,0,0,0,0,0,0,0,0,0,0,3,0,0,0,0,0,0,0,0,0,0,3,18,3,31,0,0,0,0
LGA37010,10,0,44,28,113,13,212,36,18,140,121,954,27,1305,33,17,167,187,1551,74,2028,35,11,142,146,393,14,739,27,12,205,280,3677,131,4331,22,0,56,84,521,27,706,20,16,227,158,925,80,1419,30,9,165,161,672,50,1091,31,25,145,259,1131,90,1673,17,6,93,91,193,16,412,32,9,104,107,78,8,332,12,4,62,38,220,6,350,190,52,727,227,377,38,1616,13,8,76,98,491,38,725,223,111,772,1023,2529,97,4748,406,146,698,161,317,32,1753,327,108,902,271,428,66,2106,16,6,74,52,147,10,307,21,8,80,110,1030,42,1289,25,7,90,80,662,174,1044,1519,575,4974,3688,16412,1027,28193,3,4,30,19,29,0,76,5,6,44,15,38,0,113,18,7,106,78,212,19,441,14,13,79,47,101,6,273,9,12,101,117,253,13,500,9,8,36,48,117,14,227,21,21,352,329,940,78,1738,20,14,289,273
LGA37300,0,0,0,0,0,0,0,14,3,52,42,386,16,509,0,0,3,5,85,0,92,0,0,0,0,5,0,3,0,0,3,3,52,0,64,0,0,0,0,10,0,5,0,0,0,0,4,0,6,0,0,3,3,11,0,19,0,0,0,11,16,0,28,0,0,0,0,0,0,0,0,0,0,0,0,0,3,0,0,0,0,5,0,4,0,0,3,0,0,0,3,0,0,0,0,15,0,12,3,0,4,11,10,0,27,3,0,16,3,7,0,27,0,0,8,5,4,0,20,0,0,0,0,3,0,3,0,0,3,0,18,3,20,3,0,0,0,15,6,28,21,14,94,83,638,37,888,0,0,0,0,0,0,0,11,3,35,15,52,13,128,0,0,0,0,11,0,15,0,0,0,0,3,0,3,0,0,0,0,6,0,10,0,0,0,0,3,0,3,0,0,8,3,13,0,27,0,0,7,6
LGA37310,12,4,135,153,439,69,812,7,0,31,47,254,9,347,3,0,29,23,281,18,350,3,0,30,37,189,16,277,3,0,29,32,631,25,725,0,0,14,18,97,13,140,4,0,24,21,188,27,265,0,3,11,24,87,11,135,0,3,3,10,136,20,173,0,0,3,3,6,0,10,0,0,20,14,7,0,44,0,0,3,4,34,3,46,3,3,61,14,36,6,126,0,0,3,8,42,9,57,5,12,27,64,160,21,291,10,16,105,23,24,4,190,11,0,36,23,24,4,99,0,0,3,3,10,0,15,6,0,11,18,157,9,205,3,0,13,18,173,44,248,78,51,598,557,2972,308,4564,7,14,114,93,121,33,385,0,0,13,17,38,0,71,0,0,8,17,45,10,85,3,0,10,17,20,0,39,4,3,7,21,71,0,107,0,0,13,13,32,4,61,7,3,30,34,152,30,266,4,0,37,24
LGA37340,4,3,47,40,235,68,398,8,3,40,43,459,19,565,0,0,15,29,273,20,330,3,0,8,3,59,0,73,4,0,15,40,660,29,745,0,0,9,8,75,3,96,0,0,27,22,175,23,242,14,6,112,179,388,37,739,9,4,37,88,384,31,557,0,0,7,3,11,0,20,3,0,4,3,5,0,23,0,0,5,7,42,5,62,7,8,63,29,55,8,168,0,0,23,22,137,11,193,10,3,29,69,97,5,216,13,21,66,16,42,10,161,19,11,52,17,29,3,134,0,0,11,12,33,7,64,0,0,8,20,200,5,238,0,0,19,29,157,46,259,107,58,593,678,3524,326,5285,0,0,53,32,66,55,212,3,0,8,9,32,3,58,3,0,12,21,33,5,71,0,0,0,3,8,0,8,0,0,7,18,42,4,72,0,0,6,6,17,0,33,0,8,54,75,177,29,345,10,6,168,206
LGA37400,0,0,3,4,25,0,35,0,0,0,0,0,0,0,0,0,0,0,3,0,5,0,0,0,0,7,0,7,0,0,0,0,10,0,16,0,0,0,0,3,0,5,0,0,0,0,6,0,10,0,0,0,0,4,0,8,0,0,0,0,4,0,8,0,0,0,0,0,0,0,0,0,0,0,0,0,0,0,0,0,0,0,0,0,0,0,0,0,4,0,3,0,0,0,0,0,0,0,3,0,3,0,18,3,26,0,3,0,0,0,0,7,0,0,3,0,0,0,8,0,0,3,0,0,0,4,0,0,0,0,8,0,11,0,0,0,0,4,0,3,0,6,12,12,101,9,139,0,0,9,3,6,0,19,0,0,0,0,0,0,0,0,0,0,0,0,0,0,0,0,0,0,0,0,0,0,0,0,0,0,0,0,0,0,0,0,3,0,3,0,0,0,3,3,0,9,0,0,3,4
LGA37550,0,0,0,0,0,3,3,0,0,0,0,0,0,0,0,0,0,0,0,0,0,0,0,0,0,0,0,0,0,0,0,0,0,0,0,0,0,0,0,0,0,0,0,0,0,0,0,0,0,0,0,0,0,0,0,0,0,0,0,0,0,0,0,0,0,0,0,0,0,0,0,0,0,0,0,0,0,0,0,0,0,0,0,0,0,0,0,0,0,0,3,0,0,0,0,0,0,0,0,0,0,0,8,5,14,0,0,3,0,3,3,8,0,0,0,0,0,0,6,0,0,0,0,0,0,0,0,0,0,0,3,3,10,0,0,0,0,0,0,0,0,4,5,5,19,15,55,0,0,0,0,0,0,0,0,0,0,0,0,0,0,0,0,0,0,0,0,0,0,0,0,0,0,0,0,0,0,0,0,0,0,0,0,0,0,0,0,0,0,0,0,0,0,0,0,0,0,0,0,0
LGA37570,0,0,0,0,0,0,0,0,0,0,0,0,0,0,0,0,0,0,0,0,0,0,0,0,0,0,0,0,0,0,0,0,0,0,0,0,0,0,0,0,0,0,0,0,0,0,0,0,0,0,0,0,0,0,0,0,0,0,0,0,0,0,0,0,0,0,0,0,0,0,0,0,0,0,0,0,0,0,0,0,0,0,0,0,0,0,0,0,0,0,0,0,0,0,0,0,0,0,0,0,0,0,6,0,8,0,0,0,0,0,0,0,0,0,0,0,5,0,4,0,0,0,0,0,0,0,0,0,0,0,0,0,0,0,0,0,0,0,0,0,0,0,0,0,9,0,16,0,0,0,0,0,0,0,0,0,0,0,0,0,0,0,0,0,0,0,0,0,0,0,0,0,0,0,0,0,0,0,0,0,0,0,0,0,0,0,0,0,0,0,0,0,0,0,0,0,0,0,0,0
LGA37600,0,0,0,0,0,0,0,0,0,0,0,0,0,0,0,0,0,0,0,0,0,0,0,0,0,0,0,0,0,0,0,0,6,0,4,0,0,0,0,0,0,0,0,0,0,0,0,0,0,0,0,0,0,0,0,0,0,0,0,0,0,0,0,0,0,0,0,0,0,0,0,0,0,0,0,0,0,0,0,0,0,0,0,0,0,0,0,0,0,0,0,0,0,0,0,0,0,0,0,4,0,4,21,6,31,0,0,0,3,0,0,12,0,0,4,3,9,4,22,0,0,0,0,0,0,0,0,0,3,3,12,5,22,0,0,0,0,8,0,5,0,3,10,9,60,16,99,0,0,0,0,0,0,0,0,0,0,0,0,0,0,0,0,0,0,0,0,0,0,0,0,0,0,0,0,0,0,0,0,0,0,0,0,0,0,0,0,0,0,0,0,0,0,3,0,3,0,0,0,0
LGA39499,3,0,39,15,44,9,112,6,0,11,5,24,5,44,7,0,4,9,36,3,54,0,0,3,0,11,0,15,3,0,7,9,146,17,174,0,0,3,8,11,3,14,0,0,10,3,25,3,45,4,0,23,15,44,3,97,0,0,11,9,40,6,67,3,0,3,0,5,0,10,0,0,0,4,0,0,4,0,0,8,0,7,0,18,3,0,25,9,9,5,57,3,0,6,7,18,0,36,0,3,21,3,22,3,51,16,0,14,3,7,0,48,10,0,25,3,13,6,55,0,0,11,3,16,0,27,0,0,3,3,28,0,37,3,0,12,6,45,22,87,60,19,243,113,545,80,1070,4,0,77,22,17,17,141,0,0,0,0,7,0,9,0,0,11,4,7,0,22,0,0,0,0,0,0,0,0,0,3,0,5,0,16,0,0,3,0,5,0,8,0,3,13,8,13,0,44,6,4,52,31
LGA39799,0,0,0,0,0,0,0,0,0,0,0,0,0,0,0,0,0,0,0,0,0,0,0,0,0,0,0,0,0,0,0,0,6,0,3,0,0,0,0,0,0,0,0,0,0,0,0,0,0,0,0,0,0,0,0,0,0,0,0,0,0,0,0,0,0,0,0,0,0,0,0,0,0,0,0,0,0,0,0,0,0,0,0,0,0,0,0,0,0,0,0,0,0,0,0,0,0,0,0,0,0,0,0,0,0,0,0,0,0,0,0,0,0,0,0,0,0,0,0,0,0,0,0,0,0,0,0,0,0,0,0,0,0,0,0,0,0,0,0,4,0,0,0,3,12,0,10,0,0,0,0,0,0,0,0,0,0,0,0,0,0,0,0,0,0,0,0,0,0,0,0,0,0,0,0,0,0,0,0,0,0,0,0,0,0,0,0,0,0,0,0,0,0,0,0,4,0,0,0,0
