LGA_CODE_2016,M_0_4_yrs_Need_for_assistance,M_0_4_No_need_for_assistance,M_0_4_Need_for_assistance_ns,M_0_4_yrs_Tot,M_5_14_Need_for_assistance,M_5_14_No_need_for_assistance,M_5_14_Need_for_assistance_ns,M_5_14_yrs_Tot,M_15_19_Need_for_assistance,M_15_19_No_need_for_assistnce,M_15_19_Need_for_assistnce_ns,M_15_19_yrs_Tot,M_20_24_Need_for_assistance,M_20_24_No_need_for_assistnce,M_20_24_Need_for_assistnce_ns,M_20_24_yrs_Tot,M_25_34_Need_for_assistance,M_25_34_No_need_for_assistnce,M_25_34_Need_for_assistnce_ns,M_25_34_yrs_Tot,M_35_44_Need_for_assistance,M_35_44_No_need_for_assistnce,M_35_44_Need_for_assistnce_ns,M_35_44_yrs_Tot,M_45_54_Need_for_assistance,M_45_54_No_need_for_assistnce,M_45_54_Need_for_assistnce_ns,M_45_54_yrs_Tot,M_55_64_Need_for_assistance,M_55_64_No_need_for_assistnce,M_55_64_Need_for_assistnce_ns,M_55_64_yrs_Tot,M_65_74_Need_for_assistance,M_65_74_No_need_for_assistnce,M_65_74_Need_for_assistnce_ns,M_65_74_yrs_Tot,M_75_84_Need_for_assistance,M_75_84_No_need_for_assistnce,M_75_84_Need_for_assistnce_ns,M_75_84_yrs_Tot,M_85_over_Need_for_assistance,M_85_ov_No_need_for_assistnce,M_85_ov_Need_for_assistnce_ns,M_85_yrs_over_Tot,M_Tot_Need_for_assistance,M_Tot_No_need_for_assistance,M_Tot_Need_for_assistance_ns,M_Tot_Tot,F_0_4_yrs_Need_for_assistance,F_0_4_No_need_for_assistance,F_0_4_Need_for_assistance_ns,F_0_4_yrs_Tot,F_5_14_Need_for_assistance,F_5_14_No_need_for_assistance,F_5_14_Need_for_assistance_ns,F_5_14_yrs_Tot,F_15_19_Need_for_assistance,F_15_19_No_need_for_assistnce,F_15_19_Need_for_assistnce_ns,F_15_19_yrs_Tot,F_20_24_Need_for_assistance,F_20_24_No_need_for_assistnce,F_20_24_Need_for_assistnce_ns,F_20_24_yrs_Tot,F_25_34_Need_for_assistance,F_25_34_No_need_for_assistnce,F_25_34_Need_for_assistnce_ns,F_25_34_yrs_Tot,F_35_44_Need_for_assistance,F_35_44_No_need_for_assistnce,F_35_44_Need_for_assistnce_ns,F_35_44_yrs_Tot,F_45_54_Need_for_assistance,F_45_54_No_need_for_assistnce,F_45_54_Need_for_assistnce_ns,F_45_54_yrs_Tot,F_55_64_Need_for_assistance,F_55_64_No_need_for_assistnce,F_55_64_Need_for_assistnce_ns,F_55_64_yrs_Tot,F_65_74_Need_for_assistance,F_65_74_No_need_for_assistnce,F_65_74_Need_for_assistnce_ns,F_65_74_yrs_Tot,F_75_84_Need_for_assistance,F_75_84_No_need_for_assistnce,F_75_84_Need_for_assistnce_ns,F_75_84_yrs_Tot,F_85_over_Need_for_assistance,F_85_ov_No_need_for_assistnce,F_85_ov_Need_for_assistnce_ns,F_85_yrs_over_Tot,F_Tot_Need_for_assistance,F_Tot_No_need_for_assistance,F_Tot_Need_for_assistance_ns,F_Tot_Tot,P_0_4_yrs_Need_for_assistance,P_0_4_No_need_for_assistance,P_0_4_Need_for_assistance_ns,P_0_4_yrs_Tot,P_5_14_Need_for_assistance,P_5_14_No_need_for_assistance,P_5_14_Need_for_assistance_ns,P_5_14_yrs_Tot,P_15_19_Need_for_assistance,P_15_19_No_need_for_assistnce,P_15_19_Need_for_assistnce_ns,P_15_19_yrs_Tot,P_20_24_Need_for_assistance,P_20_24_No_need_for_assistnce,P_20_24_Need_for_assistnce_ns,P_20_24_yrs_Tot,P_25_34_Need_for_assistance,P_25_34_No_need_for_assistnce,P_25_34_Need_for_assistnce_ns,P_25_34_yrs_Tot,P_35_44_Need_for_assistance,P_35_44_No_need_for_assistnce,P_35_44_Need_for_assistnce_ns,P_35_44_yrs_Tot,P_45_54_Need_for_assistance,P_45_54_No_need_for_assistnce,P_45_54_Need_for_assistnce_ns,P_45_54_yrs_Tot,P_55_64_Need_for_assistance,P_55_64_No_need_for_assistnce,P_55_64_Need_for_assistnce_ns,P_55_64_yrs_Tot,P_65_74_Need_for_assistance,P_65_74_No_need_for_assistnce,P_65_74_Need_for_assistnce_ns,P_65_74_yrs_Tot,P_75_84_Need_for_assistance,P_75_84_No_need_for_assistnce,P_75_84_Need_for_assistnce_ns,P_75_84_yrs_Tot,P_85_over_Need_for_assistance,P_85_ov_No_need_for_assistnce,P_85_ov_Need_for_assistnce_ns,P_85_yrs_over_Tot,P_Tot_Need_for_assistance,P_Tot_No_need_for_assistance,P_Tot_Need_for_assistance_ns,P_Tot_Tot
LGA30250,0,58,3,61,3,122,0,127,0,37,0,36,0,48,0,55,0,91,3,95,0,91,3,91,4,78,3,85,8,39,0,46,4,22,0,23,3,3,0,3,3,0,0,3,25,596,13,632,0,45,0,49,0,134,0,130,0,42,0,47,0,61,3,64,0,104,0,107,0,79,0,81,3,81,0,82,5,44,3,50,7,14,0,23,5,0,0,7,0,0,0,0,22,599,16,635,0,109,3,113,3,255,0,260,0,82,4,84,3,107,6,114,3,190,3,201,0,165,7,174,4,163,0,169,10,87,3,101,10,36,0,44,6,0,0,9,0,0,0,0,50,1191,29,1269
LGA30300,0,128,14,149,10,309,27,349,3,118,12,136,0,95,5,98,3,225,12,238,3,241,28,271,8,292,38,337,16,260,19,301,20,188,31,236,20,73,10,110,12,8,0,16,98,1946,204,2251,0,144,9,151,6,263,25,288,3,108,20,130,4,88,13,105,0,257,18,278,4,239,29,274,11,262,31,304,7,258,19,288,9,150,18,182,24,63,6,95,23,14,3,46,98,1852,178,2129,0,275,23,301,13,572,52,643,9,230,31,266,3,184,15,205,0,488,31,517,6,479,54,545,14,558,69,639,24,516,39,582,37,333,52,415,48,143,16,202,35,24,3,64,194,3802,385,4377
LGA30370,3,473,41,519,30,985,77,1099,8,360,25,397,12,376,40,423,15,868,114,999,12,876,120,1000,24,890,88,1002,34,815,90,942,46,496,51,593,57,243,27,324,40,40,3,87,283,6425,680,7388,0,485,46,526,17,925,74,1023,8,338,39,378,6,323,30,349,8,840,76,925,6,840,80,931,19,860,95,971,25,713,72,808,38,450,53,541,68,241,29,338,61,60,10,131,253,6079,599,6928,9,958,89,1048,48,1916,160,2119,11,698,65,776,19,699,65,779,20,1709,193,1926,16,1716,201,1935,51,1753,174,1976,63,1530,159,1749,78,946,111,1133,120,485,51,661,101,100,15,211,533,12505,1275,14319
LGA30410,0,98,14,110,3,173,20,192,0,55,3,59,0,77,9,89,3,135,15,152,0,142,8,152,5,203,13,222,11,179,10,201,13,132,15,158,10,74,11,96,8,13,0,18,57,1273,123,1449,0,79,8,86,0,168,17,192,0,57,3,62,0,66,4,69,3,164,13,185,3,158,14,174,5,192,13,210,8,164,12,183,9,122,14,151,13,63,3,82,10,10,3,28,50,1254,113,1419,0,174,18,196,3,347,35,388,5,114,11,122,3,141,12,158,7,304,33,337,3,299,27,327,10,394,30,431,20,340,19,382,23,258,32,304,26,140,14,172,15,29,3,51,110,2529,230,2865
LGA30450,0,6,0,6,0,11,0,11,0,10,0,11,0,7,0,5,0,14,0,20,0,13,0,13,0,30,0,32,0,22,3,27,0,16,0,16,0,4,0,4,0,0,0,0,7,134,5,149,0,3,0,3,0,14,0,14,0,3,0,3,0,9,0,12,0,8,3,11,0,9,3,15,0,23,0,22,0,19,0,21,6,14,0,16,0,0,0,5,0,0,0,3,5,103,5,123,0,14,0,14,0,27,0,28,0,10,0,16,0,17,3,19,0,27,3,26,0,20,4,23,0,57,0,56,0,37,0,40,6,31,0,33,0,7,0,5,0,0,0,3,9,240,14,267
LGA30760,0,50,3,49,3,110,10,119,0,40,6,43,0,32,0,37,3,93,14,104,3,90,4,101,0,112,9,121,10,148,11,171,16,113,3,137,14,48,4,58,4,5,0,14,60,827,58,944,0,67,3,67,3,86,10,101,0,31,5,36,0,29,0,33,0,92,5,96,0,109,13,123,3,126,12,136,3,140,6,156,10,100,4,115,12,47,7,61,17,8,0,25,55,842,68,958,0,110,9,118,5,200,11,215,0,69,11,83,0,65,3,67,3,185,17,200,7,201,16,220,3,232,15,257,19,289,18,321,30,218,13,258,21,90,9,126,19,14,0,42,113,1666,122,1903
LGA30900,0,5,0,6,0,22,4,30,0,14,0,11,0,15,0,16,0,28,5,36,3,24,5,32,0,28,3,31,0,29,12,37,3,12,0,18,0,3,0,8,0,0,0,0,3,183,38,228,0,13,0,16,0,21,5,26,0,6,0,6,0,16,3,22,0,35,11,44,0,18,3,19,0,17,3,18,0,25,10,29,0,5,0,5,0,3,0,3,0,0,0,0,0,165,33,201,0,17,0,16,0,48,10,58,0,18,0,22,0,33,8,37,0,67,17,81,3,41,9,50,0,45,5,55,0,50,16,70,3,20,0,25,0,6,5,9,0,0,0,0,8,344,72,426
LGA31000,415,32529,1816,34759,2423,62193,2921,67529,869,32470,1771,35109,716,44632,3575,48925,1140,88616,7851,97604,1389,74749,5936,82075,1813,65217,5091,72118,2330,49299,3663,55295,2961,31992,2430,37384,3357,13823,1371,18558,2827,3555,687,7071,20249,499087,37104,556440,232,31186,1738,33161,1106,59940,2775,63822,540,32639,1654,34840,522,45670,3172,49360,1060,90230,6803,98089,1391,77759,4736,83882,2021,68366,4278,74664,2677,52676,3345,58700,3260,35177,2493,40939,5193,16520,1726,23437,7017,5252,1560,13833,25030,515412,34280,574720,649,63716,3553,67922,3532,122133,5696,131355,1410,65109,3427,69948,1233,90305,6747,98289,2199,178841,14654,195695,2782,152509,10673,165961,3836,133582,9368,146777,5008,101977,7007,113996,6226,67174,4920,78318,8552,30342,3096,41994,9845,8812,2246,20904,45277,1014496,71384,1131155
LGA31750,0,4,0,4,0,19,0,19,0,4,0,4,0,9,0,9,0,21,3,26,0,28,3,29,0,20,3,29,0,38,7,42,0,14,6,17,4,0,0,5,0,0,0,3,7,161,20,187,0,11,0,11,0,12,3,19,0,8,0,8,0,8,0,10,0,21,3,22,0,21,0,23,0,21,0,19,0,22,0,30,0,8,0,8,0,3,0,3,0,0,0,0,0,143,16,164,0,19,0,19,0,38,3,37,0,15,3,18,0,17,0,19,0,45,7,48,0,45,5,46,0,42,3,49,0,60,8,69,0,19,6,29,4,3,0,12,4,0,0,7,7,304,39,353
LGA31820,32,2258,188,2479,408,5222,373,6001,169,2556,190,2918,112,2075,197,2375,185,3879,365,4434,208,4123,384,4718,394,5006,504,5896,656,5211,560,6419,834,4926,545,6310,636,2314,276,3226,359,480,99,941,3986,38043,3683,45716,36,2095,178,2313,204,5036,373,5610,94,2427,187,2705,77,2028,180,2285,126,4328,366,4822,208,4576,363,5147,375,5498,463,6334,564,5793,551,6915,627,5099,475,6198,688,2459,297,3440,739,536,137,1408,3739,39877,3568,47180,75,4349,366,4793,612,10256,750,11613,261,4981,372,5624,187,4107,374,4663,311,8213,735,9253,422,8699,743,9864,766,10502,967,12237,1221,11004,1111,13336,1461,10021,1022,12504,1320,4769,576,6662,1096,1015,232,2348,7723,77918,7251,92897
LGA31900,4,424,29,455,31,1027,75,1140,10,492,29,530,15,433,40,482,11,758,74,846,25,891,74,990,49,1052,101,1203,62,1118,91,1268,98,840,98,1043,82,399,57,546,58,86,24,173,455,7512,703,8673,3,392,29,428,26,924,68,1012,3,474,26,501,7,383,35,428,15,759,54,824,25,875,64,958,46,1011,91,1149,73,1061,92,1220,65,817,99,979,120,415,69,603,136,110,51,293,506,7210,681,8402,10,814,63,881,61,1946,142,2153,14,968,52,1031,21,813,79,915,24,1519,128,1673,50,1762,140,1946,94,2062,193,2349,131,2176,186,2493,168,1659,199,2023,205,817,128,1153,191,195,73,463,964,14727,1386,17074
LGA31950,0,8,0,11,0,15,8,19,0,10,0,12,0,11,7,14,0,16,9,26,0,24,4,33,0,23,0,22,0,22,9,32,0,15,0,15,0,0,0,0,0,0,0,0,3,144,39,183,0,7,0,7,0,9,5,17,0,3,0,7,0,11,3,12,0,22,6,24,0,11,3,19,0,21,3,20,0,17,5,27,0,9,0,11,0,0,0,0,0,0,0,0,0,113,31,144,0,17,0,14,0,29,13,38,0,10,0,15,0,17,6,29,0,39,12,52,0,39,9,46,0,38,3,47,0,45,17,60,0,23,0,22,0,3,0,3,0,0,0,0,7,257,67,328
LGA32080,64,4738,484,5284,476,9851,887,11212,144,4467,434,5045,107,3938,486,4531,207,8748,1164,10123,253,9260,1079,10599,377,9632,1180,11183,506,8036,942,9482,586,5355,654,6599,508,1835,289,2629,259,357,83,698,3486,66221,7681,77390,35,4446,459,4940,200,9603,870,10665,91,4268,406,4762,62,4048,503,4618,158,9903,1149,11202,228,10743,1126,12096,369,10256,1073,11700,517,8100,925,9542,539,4900,588,6026,609,1745,331,2682,654,454,174,1284,3452,68465,7591,79508,97,9187,942,10221,669,19456,1759,21880,238,8730,836,9803,169,7989,989,9148,358,18653,2314,21325,483,20001,2207,22691,745,19892,2246,22880,1023,16135,1863,19022,1123,10256,1243,12624,1119,3579,615,5312,919,811,253,1981,6940,134690,15273,156901
LGA32250,0,57,10,62,0,119,20,141,3,39,10,48,0,57,7,68,3,104,15,121,3,94,15,112,6,118,12,143,3,118,16,139,19,91,9,116,6,32,8,41,3,6,0,9,45,842,119,1003,0,65,3,72,0,114,16,129,0,40,9,46,0,56,12,68,0,116,12,132,0,112,13,120,3,132,15,151,4,103,11,120,12,58,9,81,6,18,3,23,0,0,0,0,29,817,106,947,0,123,12,132,0,232,40,273,3,83,18,97,0,115,20,135,4,221,30,259,3,206,30,240,10,251,32,295,7,221,29,260,25,148,21,193,9,45,10,64,3,5,0,10,72,1660,224,1958
LGA32260,6,765,94,865,84,1638,186,1907,23,710,72,809,10,683,71,769,30,1350,213,1594,38,1305,174,1518,105,1750,222,2083,151,1956,220,2328,160,1381,189,1735,153,673,86,909,122,106,21,256,895,12326,1549,14769,8,657,93,760,32,1533,172,1732,9,677,70,752,10,584,72,666,17,1379,175,1571,41,1408,184,1630,81,1722,176,1971,121,1808,224,2149,139,1234,158,1530,191,546,62,799,221,143,25,392,869,11679,1410,13961,12,1415,189,1622,113,3168,359,3644,32,1388,138,1562,21,1263,140,1435,47,2732,385,3164,84,2710,355,3148,184,3467,396,4050,268,3766,443,4483,301,2616,350,3266,344,1223,151,1712,346,246,51,647,1758,24003,2960,28726
LGA32270,20,1097,161,1275,75,1954,252,2290,23,713,103,843,9,748,117,873,25,1954,361,2342,21,1823,364,2214,43,1764,350,2154,56,1340,215,1613,66,642,94,804,42,215,44,303,21,38,11,65,403,12286,2073,14756,3,1099,121,1223,33,1860,238,2135,11,627,89,726,7,722,114,842,19,1989,288,2297,27,1659,236,1924,34,1545,240,1815,58,1105,161,1328,44,504,69,620,43,169,42,256,27,32,14,67,312,11318,1611,13240,23,2199,281,2497,109,3820,491,4423,31,1344,195,1571,17,1467,232,1720,46,3938,651,4634,52,3483,603,4135,76,3304,591,3964,119,2451,373,2939,115,1145,164,1424,88,387,86,558,50,61,22,133,715,23597,3683,27999
LGA32310,3,310,42,350,25,865,78,972,14,418,22,455,4,235,36,279,19,469,65,557,27,567,92,689,33,580,82,694,78,655,68,796,86,517,71,674,68,234,37,341,33,31,10,76,387,4885,608,5885,0,267,37,307,13,825,85,922,3,392,37,433,4,242,32,273,15,542,68,629,22,627,93,736,36,692,92,820,56,630,78,764,73,494,75,638,85,209,44,335,65,49,14,133,375,4966,652,5992,3,573,79,656,44,1687,167,1899,20,809,61,893,10,482,69,553,28,1020,142,1187,50,1191,180,1420,67,1271,174,1513,134,1287,143,1563,154,1018,146,1313,159,440,77,675,98,85,27,211,763,9850,1262,11876
LGA32330,0,94,3,95,6,146,0,155,0,73,0,73,0,40,12,51,0,62,5,66,3,64,0,67,3,55,0,64,3,40,0,42,3,7,0,8,3,0,0,3,0,0,0,0,22,576,24,628,0,76,0,73,3,129,3,133,0,60,0,60,0,56,12,65,0,82,6,83,0,77,4,80,0,61,0,66,7,32,0,44,5,24,0,27,3,0,0,5,5,0,0,5,24,587,23,635,0,167,7,175,7,273,6,289,0,127,3,134,0,99,26,122,0,138,5,148,3,135,4,146,8,113,3,121,9,71,0,82,10,22,0,37,5,0,0,10,5,0,0,5,52,1165,49,1269
LGA32450,0,112,18,132,6,147,21,176,5,70,9,88,0,91,8,103,0,257,46,308,3,209,48,262,4,206,33,243,3,191,35,229,7,103,20,129,4,23,8,28,4,7,7,11,31,1414,258,1706,0,87,17,109,0,168,32,201,0,52,15,64,0,77,23,100,0,212,34,245,0,136,25,167,3,149,23,168,3,131,31,159,5,64,12,77,3,21,7,30,3,0,3,7,13,1097,215,1327,0,203,36,240,9,321,51,374,5,121,23,145,0,173,30,202,3,469,82,551,3,349,71,422,7,353,58,416,5,316,59,385,6,168,34,206,4,42,14,64,6,5,8,20,52,2510,471,3032
LGA32500,0,106,29,133,3,207,31,237,0,90,22,111,3,109,46,159,4,203,50,264,3,217,50,275,11,247,53,317,21,262,59,335,35,242,61,341,17,61,10,91,7,3,3,18,110,1753,413,2273,0,87,29,122,6,246,38,291,0,66,13,84,0,100,29,127,3,214,49,270,4,201,25,232,10,211,29,249,20,278,56,348,11,124,22,166,6,33,6,50,8,5,4,18,69,1580,304,1950,3,198,59,258,6,449,68,526,0,159,37,194,3,212,78,291,10,418,102,528,10,421,72,507,19,462,80,563,37,542,114,686,48,366,83,506,21,94,22,136,12,15,5,31,172,3330,716,4226
LGA32600,0,6,3,10,0,14,6,16,0,0,0,4,0,10,4,11,0,12,4,21,0,15,8,22,0,15,7,20,0,19,8,32,0,5,0,8,0,0,0,3,0,0,0,4,10,100,41,148,0,7,4,9,0,23,7,27,0,0,0,0,0,5,0,8,0,16,7,18,0,15,4,23,0,14,10,26,0,15,5,20,0,7,3,10,0,0,0,3,0,0,0,0,3,102,37,145,0,11,3,14,0,34,11,43,0,0,0,4,0,18,4,24,0,27,15,37,0,31,16,45,0,30,12,49,0,36,13,49,0,18,3,20,3,3,0,4,0,0,0,4,12,203,81,294
LGA32750,0,13,4,15,0,15,0,15,0,14,0,17,0,14,0,20,0,21,0,22,0,19,0,18,0,17,3,18,0,16,0,18,0,5,0,9,0,0,0,0,0,0,0,0,0,131,18,150,0,13,0,11,0,12,0,12,0,11,5,14,0,11,8,13,0,20,4,26,0,17,0,17,0,18,7,23,0,14,6,14,0,3,3,5,0,0,0,0,0,0,0,0,0,108,27,142,0,20,3,25,0,29,0,29,0,25,8,32,0,29,9,38,0,37,6,43,0,36,0,33,0,32,11,42,0,23,10,36,0,13,3,17,0,0,0,0,0,0,0,0,0,241,50,291
LGA32770,0,95,0,95,0,217,4,219,0,49,0,47,0,65,3,69,0,90,3,96,0,86,4,87,0,42,0,39,3,39,0,39,6,11,0,13,3,0,0,5,0,0,0,0,11,687,14,707,0,73,3,78,0,147,3,153,0,74,0,75,0,53,3,54,0,120,4,127,0,90,0,85,3,54,4,59,6,31,0,39,5,10,0,15,5,0,0,3,0,0,0,0,22,654,18,692,0,172,3,175,0,358,5,369,0,117,0,119,0,119,5,126,0,215,4,222,0,169,3,177,9,93,4,102,5,69,0,80,8,16,0,24,7,5,0,12,0,0,0,0,27,1337,34,1405
LGA32810,0,271,56,333,21,602,94,714,7,243,24,274,6,205,32,247,4,602,101,707,24,645,102,776,34,757,107,896,45,801,146,989,50,530,81,665,36,209,54,298,14,40,21,72,241,4890,824,5960,0,240,44,284,8,513,84,601,0,223,34,257,3,218,43,268,5,654,149,810,15,683,107,800,25,777,111,915,33,751,121,904,44,467,86,595,34,166,42,237,22,24,35,86,185,4719,851,5758,0,513,103,619,26,1115,174,1314,3,460,60,529,11,428,76,511,15,1259,251,1520,33,1331,207,1573,59,1527,224,1810,81,1544,267,1893,95,1004,167,1259,70,367,92,535,35,64,57,159,428,9608,1683,11714
LGA33100,0,26,0,29,0,40,3,44,0,21,0,18,0,14,0,19,0,43,8,53,0,32,6,37,3,59,7,66,7,66,4,74,3,55,12,71,5,16,0,26,0,0,0,0,18,369,52,435,0,25,3,27,0,41,12,51,0,9,0,13,0,10,0,10,0,46,8,56,0,32,6,40,4,49,5,56,3,47,5,54,0,33,3,42,3,8,0,15,0,3,0,4,14,310,39,369,0,50,7,58,0,80,11,94,0,27,0,32,0,25,0,27,0,91,16,112,0,62,11,74,6,105,12,126,6,110,12,127,9,90,12,108,4,27,4,41,0,4,0,3,29,681,94,799
LGA33200,0,46,7,53,0,67,8,76,0,41,3,45,0,50,8,59,0,78,7,92,0,69,5,80,0,108,9,112,0,104,8,121,6,80,10,95,9,29,0,36,4,4,0,12,32,677,69,777,0,51,8,57,3,66,8,72,0,32,3,29,0,38,5,46,0,77,13,93,5,69,8,79,0,99,9,112,5,87,5,98,8,96,11,110,11,31,3,41,10,9,0,21,36,649,68,756,0,91,22,115,8,132,15,151,0,72,3,70,0,85,17,103,4,156,17,179,4,138,12,156,4,202,19,223,6,198,16,215,15,175,19,206,17,61,0,78,12,10,0,28,65,1326,141,1536
LGA33220,50,2240,204,2495,419,5384,458,6252,185,2439,207,2834,144,1794,276,2204,226,3467,527,4221,302,4185,636,5121,512,4989,586,6086,841,5887,677,7402,1197,6196,709,8103,813,2839,365,4007,383,523,134,1046,5069,39930,4767,49773,29,2213,195,2434,234,5235,399,5859,118,2421,196,2734,78,1830,165,2069,169,3953,344,4469,287,4859,438,5584,477,5839,538,6851,822,6712,634,8170,905,6420,705,8031,848,2831,335,4009,778,565,168,1513,4734,42870,4129,51730,82,4452,393,4930,649,10617,855,12112,299,4860,406,5564,217,3621,442,4275,397,7421,874,8687,585,9044,1068,10698,986,10825,1127,12938,1665,12602,1316,15576,2106,12614,1419,16133,1653,5668,696,8018,1162,1084,304,2553,9806,82797,8897,101504
LGA33360,31,2100,190,2321,188,4218,343,4748,73,1821,154,2038,48,1689,154,1893,55,3730,351,4141,103,3986,384,4470,129,4239,463,4831,187,3463,347,3994,194,1819,159,2175,159,624,69,849,92,78,14,186,1258,27761,2620,31647,26,2079,176,2281,100,4167,320,4593,32,1577,146,1760,20,1572,145,1739,54,3996,363,4414,93,3926,361,4376,155,3866,354,4380,174,2838,261,3275,188,1620,166,1980,181,612,79,873,176,125,17,325,1215,26381,2399,29989,58,4178,372,4606,285,8384,668,9338,106,3399,299,3803,71,3259,302,3638,110,7730,713,8552,194,7915,738,8849,288,8103,819,9209,361,6303,607,7270,387,3438,327,4150,338,1236,146,1721,270,200,36,509,2474,54147,5023,61640
LGA33430,228,15373,1203,16804,1619,30988,2237,34851,548,15434,1264,17242,393,16402,1542,18332,626,33138,3315,37081,702,33304,2974,36974,1020,32057,2923,36004,1540,26105,2592,30231,2231,21256,2117,25601,2223,9370,1072,12661,1771,2052,528,4345,12902,235479,21758,270141,132,14867,1182,16178,763,30163,2099,33028,329,15434,1148,16903,273,17068,1590,18929,506,35466,3370,39337,759,35931,2905,39593,1214,34784,2970,38965,1718,29484,2653,33851,2095,23051,2164,27312,3059,9813,1304,14181,3763,2664,875,7302,14604,248730,22256,285586,364,30238,2386,32978,2382,61158,4336,67874,870,30863,2410,34146,665,33474,3128,37264,1132,68600,6689,76418,1458,69240,5879,76569,2240,66838,5890,74972,3256,55587,5243,64086,4325,44312,4278,52921,5275,19184,2373,26838,5535,4718,1395,11643,27500,484205,44012,555721
LGA33610,3,330,42,369,29,698,84,812,11,258,30,296,4,250,22,273,10,518,73,597,8,521,63,596,30,610,81,726,42,640,79,758,34,437,60,529,48,216,37,300,30,42,16,85,240,4514,588,5340,3,311,40,361,17,641,65,726,7,266,28,296,0,239,29,271,4,622,69,697,10,552,74,644,19,599,60,676,36,550,70,656,38,437,63,540,40,213,35,288,69,52,11,129,250,4478,562,5288,7,636,87,733,49,1341,152,1537,12,521,58,595,3,486,51,547,12,1134,142,1292,22,1075,141,1240,47,1211,145,1403,77,1189,147,1412,73,873,125,1069,89,428,78,591,95,90,28,216,490,8987,1145,10630
LGA33620,29,1227,119,1376,218,2862,235,3314,84,1267,102,1454,58,968,73,1105,105,1824,198,2127,138,2110,208,2453,253,2776,309,3347,388,3062,357,3812,463,2802,323,3587,289,1104,191,1579,122,219,78,427,2161,20213,2201,24578,28,1114,113,1259,98,2772,232,3099,49,1226,95,1367,39,934,87,1062,67,2089,176,2334,100,2445,210,2758,241,3075,314,3630,319,3245,347,3912,313,2797,315,3420,274,1068,189,1533,253,222,139,616,1788,20985,2213,24985,63,2344,231,2638,318,5631,470,6417,131,2489,198,2817,101,1906,156,2171,172,3916,377,4459,241,4555,420,5210,493,5851,629,6976,711,6305,703,7719,774,5597,634,7007,562,2173,381,3108,382,442,216,1037,3944,41200,4418,49559
LGA33800,0,216,20,240,21,584,47,646,8,332,21,365,3,230,28,256,19,392,35,443,21,453,45,514,32,651,70,747,51,778,72,899,65,662,78,806,93,349,39,477,57,92,16,161,363,4730,460,5556,0,215,17,230,10,536,45,585,11,264,14,283,10,161,24,192,5,357,42,403,17,477,50,539,22,690,58,773,51,709,67,826,56,609,50,707,100,374,43,520,134,96,25,253,403,4480,438,5332,3,427,38,468,27,1118,90,1239,20,594,34,647,13,388,50,449,20,747,74,842,34,925,97,1053,55,1338,130,1521,98,1494,140,1728,118,1268,129,1518,192,726,81,994,188,186,39,414,770,9214,900,10885
LGA33830,0,55,9,61,0,83,3,93,0,31,8,47,0,24,12,38,0,68,3,70,0,74,4,75,0,49,3,53,3,34,0,40,0,8,3,10,7,0,0,11,3,0,0,7,21,426,56,499,0,37,0,38,0,56,13,72,0,33,10,50,0,38,3,40,0,72,0,72,0,56,5,56,4,39,0,45,3,28,0,27,3,10,0,16,3,4,0,8,0,0,0,0,9,372,43,423,0,95,5,103,0,142,21,157,0,66,27,89,0,65,18,81,0,138,7,139,0,121,11,130,3,92,9,101,5,60,0,69,6,20,3,28,7,7,0,17,3,0,0,7,29,796,98,918
LGA33960,151,7639,598,8389,985,13262,928,15172,328,6115,456,6896,266,6096,581,6944,371,12860,1178,14403,388,11518,993,12896,563,10488,954,12008,769,7936,734,9436,789,4780,466,6041,581,1941,256,2776,348,418,71,835,5535,83043,7218,95797,77,7171,566,7819,454,13180,910,14543,185,5930,446,6562,178,6269,538,6989,325,14167,1115,15608,450,11960,911,13318,674,10789,907,12371,819,8117,691,9629,730,5083,482,6298,827,2262,303,3395,787,511,117,1409,5507,85442,6993,97937,228,14812,1166,16211,1436,26439,1833,29717,513,12046,901,13460,451,12366,1118,13931,698,27028,2295,30018,836,23474,1909,26216,1237,21277,1867,24379,1582,16051,1422,19058,1524,9862,951,12336,1405,4202,560,6165,1133,922,189,2246,11044,168485,14211,193733
LGA33980,17,902,127,1036,43,1477,157,1679,8,451,58,511,3,501,136,647,7,1600,508,2119,10,1589,389,1990,14,1282,309,1609,31,956,213,1202,32,369,66,473,16,96,15,130,8,17,3,26,193,9244,1979,11419,0,888,105,991,22,1398,168,1586,14,430,60,509,3,516,109,631,13,1613,274,1895,16,1264,195,1479,18,992,164,1177,25,639,87,751,23,263,42,325,26,88,14,128,22,22,3,49,184,8112,1226,9516,16,1788,227,2034,68,2875,322,3270,18,888,120,1020,7,1013,250,1273,16,3211,785,4014,26,2856,586,3470,35,2276,475,2783,57,1593,298,1948,53,636,105,797,40,184,33,255,31,41,3,72,374,17357,3207,20940
LGA34420,0,45,4,52,3,77,3,78,0,42,0,42,0,33,0,33,4,55,8,70,0,62,0,62,0,54,0,54,0,39,0,45,3,19,0,21,0,0,0,0,0,0,0,0,10,421,18,451,0,38,3,35,0,85,3,89,0,33,0,33,0,43,0,43,0,83,3,88,0,66,0,69,0,58,0,64,4,47,0,49,3,13,0,14,0,0,0,0,3,0,0,3,18,468,15,493,0,76,10,87,3,157,8,167,0,67,0,69,0,82,0,82,4,141,13,154,0,130,0,133,4,116,0,119,4,87,0,95,8,26,0,35,0,0,0,5,3,3,0,7,28,884,33,944
LGA34530,23,974,91,1079,112,2285,154,2560,36,1093,82,1213,27,812,181,1017,42,1495,374,1908,26,1872,404,2293,87,2240,368,2690,136,2283,295,2713,177,1607,184,1969,158,627,98,888,112,123,53,289,940,15401,2279,18621,4,884,67,954,45,2062,152,2256,15,1034,87,1137,16,743,57,813,25,1647,128,1806,36,1974,172,2184,73,2380,219,2668,138,2248,204,2584,126,1573,167,1856,188,692,96,980,216,132,57,404,881,15360,1407,17649,23,1849,158,2035,158,4348,307,4815,59,2122,164,2345,37,1551,236,1833,69,3143,508,3717,68,3841,571,4481,158,4617,583,5354,273,4529,492,5298,302,3181,350,3828,348,1327,198,1868,331,254,113,694,1819,30764,3685,36272
LGA34570,0,42,15,52,0,56,4,67,0,31,0,29,0,19,11,33,0,44,3,48,0,45,10,48,5,32,4,36,3,19,0,27,0,5,4,13,0,3,0,4,0,0,0,0,6,300,51,357,0,18,14,33,0,68,4,76,0,26,0,27,0,24,4,35,0,56,7,66,0,28,3,31,0,36,3,45,3,27,0,25,3,12,0,13,0,3,0,3,0,0,0,0,6,306,44,360,0,61,26,83,0,123,13,141,0,60,3,62,0,46,16,62,0,97,12,110,0,76,12,87,7,67,3,85,3,48,3,54,4,16,4,26,0,8,0,10,0,0,0,0,20,605,90,712
LGA34580,18,1080,113,1219,173,2386,169,2730,51,1194,114,1358,38,1033,150,1220,70,1919,328,2321,83,1889,285,2262,166,2218,270,2655,212,1975,247,2434,243,1584,185,2020,146,640,84,872,85,112,24,216,1290,16035,1973,19298,14,987,99,1109,75,2229,192,2493,47,1198,119,1362,30,1226,122,1379,36,2101,188,2335,81,2042,214,2337,141,2369,276,2781,165,1991,220,2374,191,1573,164,1931,192,562,99,849,198,122,48,365,1177,16398,1729,19309,36,2067,219,2324,244,4621,356,5219,103,2394,226,2721,70,2259,274,2599,106,4020,517,4650,168,3933,502,4595,300,4587,544,5435,376,3961,465,4809,439,3158,349,3945,336,1200,179,1717,286,227,70,587,2468,32438,3706,38609
LGA34590,194,10689,864,11743,1266,20498,1511,23274,485,9833,719,11036,336,9654,733,10720,537,18751,1486,20778,532,18328,1422,20280,793,16686,1412,18890,1125,13706,1098,15930,1458,9222,860,11543,1014,3046,383,4447,632,525,112,1267,8377,130933,10595,149901,105,10401,857,11368,631,20119,1402,22152,256,9468,696,10416,230,9337,742,10312,416,19995,1525,21942,621,19025,1427,21072,1032,17624,1440,20095,1307,14515,1208,17038,1346,9741,821,11915,1448,3270,383,5103,1287,645,153,2089,8677,134150,10660,153480,294,21096,1718,23109,1896,40614,2914,45424,734,19300,1411,21444,563,18994,1471,21029,956,38748,3012,42713,1152,37350,2847,41352,1829,34307,2845,38980,2435,28220,2306,32961,2802,18966,1685,23460,2467,6315,771,9550,1923,1173,268,3357,17051,265082,21251,303386
LGA34710,3,99,15,116,7,214,24,241,0,109,9,117,3,99,12,108,6,168,17,192,5,173,19,191,0,215,24,239,14,241,29,291,17,132,20,170,22,59,11,91,14,16,4,32,93,1525,180,1791,3,95,6,105,4,196,23,229,3,120,14,128,3,99,12,113,5,225,24,248,4,198,24,228,10,250,22,285,8,208,25,240,12,114,20,145,15,70,6,97,25,17,4,47,90,1602,178,1869,8,196,17,226,10,412,49,473,0,220,21,247,4,197,19,223,9,397,40,445,12,368,43,420,14,463,49,520,26,455,55,527,30,247,41,317,39,126,17,182,39,34,6,76,186,3122,358,3660
LGA34770,62,3626,265,3957,353,7368,490,8215,103,3398,230,3733,74,2993,309,3375,131,6685,843,7664,134,6625,938,7701,229,7441,1022,8692,336,6406,802,7547,403,3773,413,4591,409,1525,221,2158,265,291,61,618,2513,50138,5603,58256,28,3533,245,3800,166,7139,494,7802,60,3253,219,3531,55,3015,252,3323,108,7121,586,7821,153,6874,550,7576,247,7369,634,8256,317,6009,528,6863,357,3648,347,4356,516,1663,187,2364,559,398,70,1027,2560,50035,4116,56713,89,7160,505,7757,515,14511,989,16012,164,6656,448,7264,131,6006,559,6700,240,13808,1436,15483,289,13504,1485,15281,478,14807,1659,16946,659,12422,1329,14415,763,7427,764,8952,920,3186,411,4517,826,695,131,1645,5072,100173,9719,114969
LGA34800,0,31,7,37,0,33,0,33,0,3,0,9,0,23,0,23,0,63,6,75,0,68,12,78,0,63,6,66,3,59,3,69,4,34,4,37,0,12,0,15,0,0,0,0,10,383,42,432,0,22,3,25,0,44,0,48,0,14,3,14,0,22,6,23,0,53,5,53,0,53,3,52,0,40,3,49,3,42,8,52,0,29,0,29,0,9,3,8,4,0,0,4,7,332,28,364,0,55,7,58,0,73,0,79,0,20,3,21,0,46,3,50,0,119,8,124,0,119,17,130,0,105,14,118,7,103,8,123,4,62,4,72,0,20,4,25,3,3,0,9,22,716,66,796
LGA34830,0,8,3,13,0,25,0,25,0,13,0,13,0,12,0,11,0,23,0,22,0,16,0,16,0,14,0,14,0,24,0,20,0,7,0,7,0,3,0,7,0,0,0,0,3,145,5,151,0,24,4,23,0,27,0,27,0,9,0,9,0,14,3,19,0,19,0,17,0,11,0,14,0,17,0,22,0,20,0,17,3,4,0,7,0,0,0,0,0,0,0,0,6,148,8,157,0,30,7,38,0,47,0,47,0,22,0,22,0,28,3,33,0,42,3,43,0,28,0,28,0,34,0,33,3,36,0,44,3,11,0,12,4,3,0,5,0,0,0,0,13,290,13,310
LGA34860,4,463,69,542,34,809,99,936,4,352,26,387,4,316,31,357,4,806,125,938,19,671,95,782,23,746,88,860,37,676,85,797,53,449,50,559,29,221,24,278,37,36,7,82,253,5546,721,6515,3,407,43,455,13,737,78,825,4,276,25,305,3,336,38,373,7,804,102,920,18,729,87,827,30,714,82,821,33,596,66,692,31,392,48,471,55,228,27,316,80,53,14,141,275,5269,607,6150,9,869,113,996,49,1539,172,1762,10,633,49,693,8,655,71,729,17,1611,234,1858,29,1395,187,1614,49,1460,172,1683,67,1269,157,1492,85,844,95,1027,89,444,53,589,118,90,27,225,526,10811,1329,12666
LGA34880,9,475,53,534,45,1256,140,1449,5,524,103,628,9,418,238,668,16,853,428,1301,34,989,353,1376,45,1270,267,1584,100,1270,230,1609,89,1029,172,1297,98,488,86,678,69,90,24,179,536,8677,2097,11310,0,471,52,523,26,1200,138,1367,8,520,66,593,8,395,52,454,22,894,119,1037,25,1096,138,1257,54,1283,179,1515,76,1271,161,1507,76,985,132,1197,125,401,65,595,106,76,13,202,540,8578,1125,10251,6,945,108,1064,74,2460,279,2812,16,1041,173,1228,20,812,295,1128,31,1751,554,2339,62,2081,487,2635,102,2550,448,3100,178,2544,393,3117,171,2017,302,2489,228,888,150,1267,175,167,39,379,1072,17256,3227,21557
LGA35010,308,13444,866,14610,1938,27700,1502,31137,687,12735,682,14105,444,11573,932,12953,695,22422,1966,25082,747,25050,1955,27744,1051,25156,1841,28053,1566,20428,1541,23530,2112,15978,1407,19491,1488,6430,765,8676,945,1345,491,2783,11969,182264,13940,208170,172,12841,789,13804,897,27112,1565,29583,352,12496,649,13497,290,11757,704,12746,598,24683,1641,26921,874,27353,1649,29875,1310,26813,1647,29770,1681,22287,1583,25551,1846,17673,1410,20933,1988,6892,990,9865,1944,1633,1002,4580,11963,191539,13636,217136,475,26279,1654,28417,2836,54817,3068,60716,1033,25240,1331,27602,737,23326,1639,25704,1294,47103,3603,52002,1616,52402,3600,57623,2365,51966,3493,57823,3249,42718,3128,49090,3959,33652,2814,40430,3474,13319,1756,18548,2887,2975,1496,7364,23929,373805,27575,425302
LGA35250,0,41,12,47,0,122,17,140,0,48,7,54,0,30,0,36,0,77,11,84,0,61,9,67,3,59,9,64,4,31,0,41,4,21,4,21,3,3,3,12,0,0,0,0,16,489,56,563,0,35,9,48,0,107,11,117,0,46,5,54,3,41,0,45,0,85,15,95,0,69,7,79,3,63,6,70,4,31,7,45,3,17,0,28,0,6,0,8,0,0,0,0,22,505,51,579,0,79,14,95,0,229,19,251,0,99,10,105,3,77,3,83,0,155,25,182,0,127,9,146,3,116,14,134,6,68,6,77,8,36,4,47,4,13,3,17,0,0,0,0,35,999,113,1143
LGA35300,5,759,103,873,26,1205,179,1411,13,495,73,581,3,609,92,703,17,1514,260,1798,20,1172,142,1326,20,1099,186,1305,38,779,134,950,35,412,56,508,24,131,12,175,9,14,3,30,218,8191,1251,9656,4,735,105,843,27,1146,185,1355,10,451,70,536,9,610,79,699,14,1507,213,1732,19,1106,150,1268,28,1019,177,1229,33,621,100,750,37,297,59,397,42,102,18,160,15,27,13,53,240,7617,1164,9012,11,1494,212,1712,58,2350,362,2763,25,945,146,1118,13,1220,169,1398,29,3024,478,3526,32,2274,290,2596,51,2119,365,2532,78,1397,231,1708,70,711,116,902,63,240,31,335,26,43,10,80,455,15801,2413,18671
LGA35600,5,153,12,168,17,272,19,300,3,126,4,133,0,117,9,131,3,218,22,245,7,217,19,240,8,248,20,276,16,266,24,304,20,157,14,193,18,71,10,105,14,14,7,35,106,1867,155,2131,0,144,13,161,9,247,15,273,0,84,5,91,0,129,13,139,0,263,29,289,4,235,17,252,10,281,24,319,7,266,22,295,9,157,10,175,17,84,16,117,30,20,12,65,89,1911,177,2180,3,304,27,333,25,518,37,570,0,208,13,224,6,247,21,267,7,482,49,533,9,455,31,496,22,531,47,598,21,531,46,601,31,307,32,364,39,162,22,221,45,40,19,102,198,3777,332,4307
LGA35670,0,49,0,49,0,98,0,104,0,43,0,43,0,34,8,39,0,66,0,68,0,61,3,63,3,63,0,67,3,31,0,36,0,13,0,13,3,3,0,3,0,0,0,0,10,472,16,495,0,49,3,51,0,85,3,81,0,39,0,39,0,54,0,54,0,68,0,69,0,57,0,57,5,56,0,55,8,30,0,30,7,6,0,14,3,4,0,4,0,0,0,0,19,439,7,464,0,100,8,105,0,183,3,187,0,84,0,84,0,96,8,99,0,135,0,136,0,117,3,120,9,121,0,124,8,58,0,70,7,19,0,28,3,7,0,10,0,0,0,0,28,909,17,957
LGA35740,14,1029,64,1099,114,2956,198,3264,49,1358,66,1470,32,858,71,959,62,1667,134,1870,71,2633,232,2939,92,3222,286,3602,185,3526,292,4007,273,3279,302,3851,232,1362,155,1751,173,292,76,539,1300,22176,1866,25340,6,996,59,1068,61,2793,153,3016,27,1268,71,1371,26,794,68,886,58,1846,119,2015,81,2905,217,3210,140,3935,282,4359,194,3948,303,4439,227,3296,268,3797,257,1392,160,1810,359,304,172,837,1440,23488,1876,26810,20,2027,125,2170,177,5753,351,6278,78,2628,131,2838,53,1649,139,1846,118,3511,256,3887,153,5540,449,6144,235,7157,569,7959,380,7472,595,8442,502,6574,571,7647,492,2757,312,3565,528,599,250,1373,2737,45665,3749,52149
LGA35760,3,242,28,277,26,558,85,674,13,246,21,277,8,182,30,218,11,447,90,549,19,432,68,520,36,621,106,766,53,642,91,785,80,595,84,762,70,281,64,416,44,63,16,124,370,4294,694,5353,0,214,26,245,11,574,79,670,4,241,20,261,3,195,36,228,8,438,61,508,10,487,74,574,25,591,85,700,59,602,75,740,66,534,89,685,68,241,48,359,89,50,21,162,344,4162,618,5129,4,456,58,518,45,1133,161,1339,16,480,44,538,13,369,61,444,17,882,149,1051,32,918,147,1091,61,1208,194,1467,116,1241,169,1525,144,1123,175,1442,139,519,110,772,135,114,39,292,714,8456,1309,10478
LGA35780,0,188,14,204,6,306,11,320,0,121,7,129,0,104,3,112,3,171,5,180,7,121,9,138,3,114,13,134,5,89,4,96,3,38,0,42,3,7,0,8,3,0,0,6,30,1265,66,1359,0,190,8,197,5,292,12,307,0,111,11,122,0,130,4,136,3,206,13,223,3,159,9,170,3,130,13,145,7,76,7,96,9,25,0,38,0,4,0,10,0,0,0,0,30,1330,70,1434,0,378,22,402,6,601,20,625,0,230,17,246,0,238,10,241,4,380,20,401,9,277,20,307,7,243,20,277,18,168,12,190,12,65,3,82,0,10,0,13,3,0,0,6,65,2592,143,2796
LGA35790,0,136,11,145,4,235,7,244,0,111,3,114,0,109,8,116,3,154,5,163,9,131,7,142,10,154,7,171,7,80,0,82,4,33,0,38,0,3,0,5,0,0,0,0,33,1134,42,1209,0,177,6,182,0,210,8,217,0,104,3,108,0,109,3,111,0,176,7,188,3,121,3,131,3,138,10,150,11,103,0,115,10,20,0,31,4,0,0,4,0,0,0,0,39,1159,37,1235,0,311,11,324,6,440,9,457,0,214,9,223,0,218,8,232,3,328,14,347,10,249,10,268,11,298,15,325,18,181,3,199,15,52,0,69,8,3,0,8,0,0,0,0,69,2294,81,2446
LGA35800,0,51,4,57,0,86,7,93,0,24,9,30,0,32,0,32,0,81,0,84,5,79,12,88,3,83,8,103,4,140,11,160,4,89,9,105,8,45,5,61,4,4,0,11,37,712,68,815,0,57,3,57,0,89,11,102,0,30,4,33,0,42,7,54,3,85,8,97,0,69,3,79,14,113,5,129,14,109,11,134,7,79,8,89,11,21,0,28,10,3,4,18,53,699,74,824,0,108,9,116,0,178,20,195,0,53,8,67,0,77,7,83,3,165,14,176,3,148,16,164,16,197,16,234,20,242,27,294,12,171,13,198,18,65,6,89,14,8,3,29,92,1407,144,1640
LGA36070,0,35,4,37,0,59,6,65,0,28,0,28,0,20,0,20,0,39,3,36,3,58,4,60,0,63,3,63,0,34,0,33,4,12,0,16,7,4,0,7,0,0,0,0,13,347,16,375,0,31,3,32,0,69,0,70,0,25,3,22,0,39,0,39,0,61,4,63,0,55,0,56,0,45,0,45,4,24,0,27,5,13,0,19,3,0,0,8,0,0,0,0,16,352,8,378,0,62,4,69,0,121,9,132,0,51,3,50,0,53,0,53,0,98,3,100,4,113,4,122,0,105,3,109,4,55,0,64,7,27,0,41,7,4,0,9,0,0,0,0,30,702,29,749
LGA36150,0,28,0,32,4,65,0,68,0,22,0,20,3,20,0,23,0,52,3,58,0,36,3,37,0,62,6,71,4,57,9,62,3,36,11,46,0,7,0,9,0,4,0,3,19,388,31,436,0,19,0,20,0,48,0,48,3,7,0,4,0,20,0,20,0,64,5,65,0,43,0,45,5,60,4,76,0,43,6,51,3,26,0,25,3,14,0,17,0,3,0,9,19,336,18,377,0,51,4,54,4,110,0,115,3,24,0,33,3,43,0,48,0,115,9,122,0,73,4,78,6,125,9,143,4,95,17,112,6,56,11,73,3,16,0,26,3,9,0,9,37,726,47,813
LGA36250,59,3980,188,4223,545,9131,399,10072,181,4729,167,5083,129,3929,168,4228,213,7165,369,7745,238,8162,460,8854,322,9246,506,10070,493,8552,548,9594,689,6301,412,7403,583,2631,263,3477,447,593,190,1233,3899,64420,3669,71985,37,3666,179,3883,273,8810,348,9427,97,4400,156,4648,76,3725,162,3965,184,7448,387,8020,224,8953,426,9606,378,10261,475,11122,525,9252,502,10278,645,6844,460,7954,814,2916,350,4079,934,749,359,2044,4184,67027,3811,75022,91,7652,362,8102,813,17936,751,19502,282,9132,320,9730,209,7653,332,8191,399,14615,752,15769,457,17112,884,18459,703,19508,985,21188,1013,17804,1052,19872,1336,13146,876,15357,1396,5545,612,7557,1382,1342,549,3279,8085,131450,7483,147010
LGA36300,0,22,3,25,0,41,3,49,0,21,5,23,0,24,7,33,0,61,8,73,0,38,3,38,0,43,8,48,3,53,0,61,4,31,0,35,3,6,0,14,5,4,0,8,16,355,37,410,0,27,0,30,0,45,3,44,0,6,3,14,0,25,5,32,0,65,0,70,0,35,3,40,0,49,9,55,0,46,3,44,0,18,3,22,8,16,3,20,4,0,0,4,15,329,35,378,0,52,3,53,0,89,6,94,0,33,4,34,0,56,6,63,0,128,13,140,0,70,11,81,3,95,10,110,4,98,3,107,3,53,3,63,13,21,3,36,5,4,0,8,32,686,71,791
LGA36370,61,2508,191,2765,364,4993,362,5717,130,2457,165,2745,94,2362,223,2672,134,4891,526,5555,128,4128,428,4686,232,4323,536,5093,292,3942,448,4686,352,2580,248,3182,365,1212,150,1727,229,296,53,582,2379,33700,3323,39402,24,2516,200,2747,173,4860,317,5350,63,2517,224,2805,66,2444,230,2737,98,5070,364,5538,166,4333,361,4859,228,4632,395,5253,339,3909,356,4597,345,2639,266,3249,566,1417,180,2161,560,391,75,1032,2628,34725,2972,40321,87,5023,391,5507,532,9858,684,11069,190,4974,390,5548,155,4802,447,5408,238,9965,888,11087,292,8462,788,9543,462,8959,933,10348,631,7850,802,9284,699,5223,508,6434,930,2628,326,3889,791,693,131,1609,5007,68431,6292,79726
LGA36510,19,937,84,1040,124,2484,199,2809,55,1106,97,1264,41,751,94,883,49,1418,234,1700,69,2004,241,2318,131,2482,272,2886,188,2397,268,2856,242,2015,231,2483,193,890,94,1175,151,159,34,342,1272,16642,1846,19761,13,887,87,986,72,2490,191,2755,25,1072,86,1184,24,773,79,879,40,1590,175,1802,98,2290,198,2590,127,2688,270,3079,165,2499,272,2936,186,2063,211,2451,209,870,103,1187,260,177,27,463,1212,17402,1696,20308,29,1824,168,2022,194,4979,395,5565,81,2178,186,2446,64,1521,175,1760,90,3006,410,3505,167,4297,439,4909,256,5171,545,5967,360,4898,540,5791,427,4075,434,4940,406,1763,196,2359,412,335,64,804,2486,34039,3545,40072
LGA36580,10,697,75,781,106,1523,143,1772,29,703,67,794,22,480,50,551,39,1045,89,1173,63,1169,133,1365,108,1404,175,1685,222,1478,173,1869,186,1254,140,1578,130,479,60,664,65,68,14,149,980,10291,1108,12381,5,697,87,787,41,1492,156,1694,16,601,59,677,17,526,63,607,26,1127,109,1264,61,1277,139,1476,119,1424,142,1692,164,1499,170,1841,150,1166,120,1432,123,391,47,558,114,67,20,197,838,10263,1114,12215,21,1391,155,1570,145,3015,305,3461,41,1299,126,1472,40,1006,113,1153,68,2170,197,2439,125,2443,272,2836,226,2833,318,3375,390,2973,344,3711,338,2421,254,3015,253,868,101,1221,175,134,33,346,1827,20556,2218,24597
LGA36630,17,833,78,927,140,1923,180,2244,67,816,77,960,43,661,74,784,70,1224,141,1433,105,1357,191,1650,174,1711,199,2081,262,1792,187,2236,325,1840,195,2364,199,820,110,1130,139,143,27,307,1537,13124,1456,16111,11,811,66,890,71,1850,144,2066,22,759,73,854,30,648,60,737,62,1345,124,1529,84,1577,137,1800,175,1825,169,2170,237,1973,208,2421,240,1776,170,2187,214,686,94,995,240,134,31,407,1395,13390,1278,16071,31,1643,143,1820,209,3775,327,4309,86,1581,151,1816,77,1308,137,1523,133,2564,268,2962,189,2936,328,3454,348,3537,364,4249,497,3768,390,4663,564,3617,366,4548,417,1504,201,2129,381,280,54,715,2937,26517,2730,32186
LGA36660,12,929,62,1008,120,2151,134,2407,55,1046,70,1168,42,775,70,881,56,1377,128,1563,74,1501,124,1697,106,1916,166,2192,193,2108,195,2494,261,1964,179,2397,171,890,82,1149,137,166,32,336,1226,14817,1236,17285,9,924,56,984,46,2044,117,2208,18,927,48,993,14,739,53,807,32,1486,95,1617,76,1757,133,1962,133,2081,159,2374,191,2293,209,2688,206,1945,184,2339,264,928,102,1292,306,220,45,574,1297,15339,1194,17831,24,1853,119,1999,164,4198,248,4614,72,1972,114,2156,58,1513,117,1685,86,2863,229,3175,151,3255,255,3657,239,3998,326,4560,386,4400,400,5186,465,3908,366,4735,438,1818,178,2441,444,384,76,902,2527,30162,2430,35110
LGA36720,118,7443,420,7980,904,17534,943,19387,334,8099,485,8919,222,6858,558,7636,338,13550,1114,15006,422,16056,1271,17752,612,17313,1344,19269,986,15968,1247,18202,1431,13686,1113,16222,1392,6641,607,8634,1212,1466,280,2964,7970,124613,9382,141965,80,7149,452,7675,417,17023,892,18338,180,8152,448,8786,157,6978,545,7683,264,14876,1045,16190,458,17751,1123,19329,733,19820,1303,21851,1032,18174,1270,20471,1209,15255,1183,17643,1897,7062,726,9692,2455,1821,465,4749,8891,134070,9447,152403,193,14591,868,15659,1324,34560,1838,37720,514,16252,930,17698,381,13840,1101,15316,603,28428,2167,31195,882,33801,2395,37079,1348,37133,2644,41119,2024,34137,2514,38678,2637,28939,2293,33866,3290,13705,1335,18330,3669,3292,749,7706,16853,258683,18833,294367
LGA36820,11,611,62,687,53,1463,132,1647,22,642,68,735,19,445,61,525,26,850,92,974,44,1009,110,1165,57,1387,164,1613,124,1631,193,1947,164,1463,158,1791,136,660,75,872,95,132,31,259,753,10309,1148,12214,0,576,64,643,23,1388,117,1534,7,632,42,682,10,432,52,501,33,975,98,1100,46,1180,119,1345,92,1551,169,1807,107,1753,175,2033,122,1419,173,1715,168,623,88,876,157,173,38,366,774,10704,1135,12617,8,1192,127,1327,76,2855,249,3178,33,1280,105,1413,28,882,117,1025,57,1831,193,2076,92,2189,232,2513,151,2940,336,3422,230,3386,365,3989,292,2880,329,3505,304,1285,161,1755,247,307,72,622,1525,21017,2290,24827
LGA36910,79,4866,319,5259,554,9947,653,11154,229,4856,360,5445,154,4666,413,5232,239,8795,714,9752,282,8194,706,9185,462,8655,747,9859,557,8086,736,9373,751,6131,608,7493,731,2956,377,4069,539,646,165,1351,4575,67795,5800,78166,49,4697,307,5054,285,10202,632,11121,144,4719,358,5225,85,4527,331,4947,206,9173,668,10046,274,8953,622,9848,448,9459,708,10611,570,8830,709,10111,699,6918,700,8313,947,3451,475,4876,1144,906,404,2456,4852,71839,5921,82607,124,9563,623,10315,842,20152,1289,22277,373,9575,717,10668,237,9187,747,10175,449,17966,1384,19795,557,17147,1323,19030,905,18111,1449,20471,1129,16920,1444,19490,1448,13049,1310,15810,1684,6413,854,8947,1682,1554,569,3802,9427,139633,11719,160779
LGA36950,0,129,25,152,6,309,43,357,4,140,14,158,5,108,31,147,0,208,83,295,3,178,27,208,3,164,34,198,7,150,21,178,9,49,9,71,12,13,3,24,0,0,0,8,46,1450,288,1788,0,146,19,163,6,283,26,317,0,102,27,135,0,108,37,142,3,238,78,322,3,235,38,281,3,164,33,200,10,151,24,174,15,42,11,63,9,11,0,23,4,6,0,12,52,1486,286,1826,0,273,41,312,6,596,63,666,5,235,45,289,5,216,73,289,3,453,161,621,10,408,62,485,4,324,64,396,12,300,46,356,20,99,13,132,20,27,3,46,10,4,0,14,100,2934,580,3610
LGA36960,0,247,33,279,4,479,28,510,0,135,60,198,3,176,12,187,3,308,52,360,4,221,21,246,6,216,6,230,17,150,9,177,8,68,6,78,7,15,0,24,3,3,0,5,51,2020,221,2295,0,238,29,262,3,455,53,509,0,126,33,153,0,181,38,226,0,319,23,340,0,240,9,245,3,174,7,191,15,161,4,184,16,68,3,83,13,16,0,26,4,3,0,7,47,1976,201,2221,0,488,59,545,5,932,83,1017,0,258,93,350,0,361,50,406,7,628,68,699,4,458,25,492,8,397,16,422,24,310,17,353,20,131,8,165,23,29,0,51,8,3,0,6,100,3999,417,4514
LGA37010,107,6052,443,6596,627,11377,735,12745,243,6082,520,6847,148,7034,1021,8199,269,11976,1561,13808,344,10595,1200,12141,469,10406,1149,12021,661,8667,880,10207,809,5506,629,6950,636,2054,256,2940,368,423,96,890,4685,80166,8498,93352,73,5555,406,6038,299,11294,742,12333,116,5844,454,6414,104,6821,617,7538,242,12624,1055,13920,334,11438,919,12698,529,10975,956,12460,568,8924,811,10302,646,5582,583,6814,830,2321,322,3474,794,508,120,1417,4530,81893,6979,93402,180,11614,847,12635,924,22671,1477,25073,365,11925,972,13258,245,13849,1642,15741,514,24599,2618,27731,685,22033,2126,24836,993,21379,2101,24477,1224,17595,1691,20507,1455,11090,1217,13761,1463,4374,577,6417,1157,932,212,2305,9207,162061,15484,186757
LGA37300,0,182,22,208,4,304,31,340,3,90,6,104,0,108,16,127,3,319,33,355,0,338,45,380,3,285,37,332,4,174,27,201,0,37,6,50,5,0,0,7,0,0,0,0,25,1853,220,2097,0,143,16,163,0,301,24,323,0,106,11,118,3,83,10,93,4,310,33,355,0,283,37,318,6,237,31,274,0,96,17,111,6,26,5,38,3,0,0,5,0,0,0,0,24,1596,182,1806,5,328,40,370,3,610,52,667,3,200,16,221,0,190,24,221,9,633,70,710,0,618,75,695,12,526,69,608,4,276,38,316,6,65,17,84,8,4,0,9,0,3,0,3,55,3441,406,3905
LGA37310,12,1100,126,1237,118,2236,247,2599,47,945,115,1101,33,820,114,962,41,1794,282,2125,52,1779,289,2120,120,1880,315,2314,139,1627,259,2029,128,1280,214,1621,113,550,103,770,88,123,27,242,896,14144,2085,17128,11,1006,137,1159,46,2124,216,2392,17,886,103,1005,21,802,108,938,29,1777,216,2018,50,1839,236,2123,97,1825,269,2198,121,1522,253,1896,106,1132,195,1438,136,565,98,808,190,122,45,352,827,13609,1881,16322,26,2107,265,2389,170,4363,464,4992,60,1833,216,2112,51,1626,227,1898,70,3572,498,4137,100,3622,526,4249,220,3707,584,4507,264,3150,506,3923,232,2413,411,3055,253,1119,205,1577,273,241,75,599,1723,27748,3973,33444
LGA37340,13,938,109,1062,94,1820,235,2148,19,743,118,889,18,856,185,1064,33,2125,505,2663,35,1890,357,2286,79,1966,337,2382,121,1979,297,2395,151,1394,220,1762,120,476,71,665,68,90,24,176,747,14281,2462,17495,4,827,118,954,43,1737,170,1957,11,676,87,778,12,867,192,1076,30,2109,408,2544,47,1888,284,2221,82,1887,266,2231,116,1827,265,2203,90,1162,169,1418,133,438,67,636,130,93,36,263,692,13518,2071,16284,15,1769,230,2016,139,3555,411,4105,31,1423,214,1666,34,1723,383,2143,59,4239,912,5211,86,3783,642,4505,161,3854,608,4619,234,3804,558,4598,237,2556,383,3178,247,912,145,1304,199,183,63,440,1442,27799,4539,33778
LGA37400,0,32,7,37,0,57,4,59,0,19,4,24,0,17,3,20,0,56,6,67,0,58,3,56,3,68,4,75,5,89,6,98,3,71,15,84,12,29,3,46,8,3,4,20,27,508,57,590,0,29,0,33,0,51,3,56,0,24,0,27,0,31,0,38,0,60,9,65,5,52,3,57,0,76,8,88,0,63,12,75,4,51,6,67,4,26,4,27,4,3,3,15,19,462,56,538,0,62,9,68,0,109,4,116,0,44,3,50,0,50,5,55,0,113,13,130,5,105,6,112,3,146,10,160,5,154,22,175,7,120,26,155,9,54,6,73,10,8,5,32,53,970,110,1134
LGA37550,0,52,0,51,0,103,4,108,0,37,0,45,0,36,15,51,0,54,3,59,0,47,0,55,0,39,4,48,5,31,4,36,8,9,0,9,0,3,0,4,0,0,0,0,12,417,33,470,3,50,0,57,0,99,6,105,0,41,0,46,4,52,8,55,0,58,0,61,0,55,3,52,0,60,6,64,8,23,5,35,4,20,0,21,0,0,0,0,0,0,0,0,15,448,25,492,3,100,5,107,0,203,10,217,0,79,0,88,3,83,21,113,0,115,3,120,0,100,6,104,4,100,8,105,12,53,8,72,4,23,0,29,0,4,0,4,0,0,0,0,32,867,60,962
LGA37570,0,19,0,19,0,14,0,14,0,9,0,10,0,9,3,14,0,17,5,23,0,17,0,17,0,16,0,16,3,13,0,13,0,8,0,4,0,0,0,0,0,0,0,0,6,116,9,131,0,15,0,15,0,19,0,19,0,10,0,6,0,14,0,13,0,27,0,29,0,17,0,24,0,15,3,18,3,12,0,15,3,3,0,5,0,0,0,0,0,0,0,0,12,133,6,148,0,31,0,31,0,33,0,31,0,15,3,18,0,27,3,28,0,47,4,52,0,35,0,33,0,32,3,39,9,25,0,35,4,12,0,10,0,0,0,0,0,0,0,0,17,249,16,282
LGA37600,0,107,26,133,0,291,19,308,0,123,3,128,0,119,0,119,0,187,4,192,3,137,4,139,4,129,3,133,8,88,0,89,0,19,0,25,0,8,0,7,0,0,0,0,21,1204,56,1278,0,114,31,138,3,271,18,290,0,129,3,130,0,106,3,113,0,164,10,174,0,123,3,126,4,151,5,163,6,79,0,84,7,39,0,43,8,4,0,14,3,0,0,4,28,1184,72,1278,0,221,51,270,3,565,32,597,0,253,4,257,0,223,3,224,0,351,17,368,3,258,8,270,9,282,7,296,13,159,0,176,10,60,0,67,6,16,0,23,3,0,0,5,47,2382,129,2559
LGA39499,0,149,26,182,15,201,33,249,8,165,39,212,10,435,120,559,23,942,321,1288,27,619,315,964,47,648,271,975,82,811,251,1147,103,847,162,1120,28,164,38,225,14,8,3,19,361,4983,1593,6937,0,135,20,160,4,200,36,233,9,161,32,203,5,454,116,576,10,779,217,1005,25,357,137,514,31,507,153,688,88,962,179,1224,60,624,113,798,23,100,29,153,7,6,5,18,258,4285,1032,5572,0,285,47,339,23,397,72,489,16,324,69,408,14,890,231,1133,37,1718,537,2293,51,976,451,1485,85,1158,423,1663,172,1768,435,2373,161,1478,279,1916,52,262,64,381,20,13,7,44,622,9271,2618,12510
LGA39799,0,0,0,0,0,0,0,0,0,3,0,3,0,3,0,3,0,3,0,4,0,9,0,7,0,11,0,10,0,12,0,7,0,15,0,13,0,7,0,7,0,0,0,0,7,57,4,66,0,3,0,3,0,0,0,0,0,4,0,5,0,5,0,4,0,6,0,6,0,4,0,3,0,8,0,7,0,19,4,19,0,12,4,16,0,7,0,7,0,0,0,0,0,70,13,87,0,3,0,3,0,4,0,4,0,8,3,11,0,3,3,11,0,9,0,11,0,13,0,14,0,20,0,24,0,26,4,30,0,30,4,33,0,10,0,16,0,3,0,4,7,126,17,150
