LGA_CODE_2016,POL_Greek_SEO,POL_Greek_SOLSE_VWorW,POL_Greek_SOLSE_NWorNAA,POL_Greek_SOLSE_Tot,POL_Greek_NS,POL_Greek_Tot,POL_IAL_Bengali_SEO,POL_IAL_Bengali_SOLSE_VWorW,POL_IAL_Bengali_SOLSE_NWorNAA,POL_IAL_Bengali_SOLSE_Tot,POL_IAL_Bengali_NS,POL_IAL_Bengali_Tot,POL_IAL_Hindi_SEO,POL_IAL_Hindi_SOLSE_VWorW,POL_IAL_Hindi_SOLSE_NWorNAA,POL_IAL_Hindi_SOLSE_Tot,POL_IAL_Hindi_NS,POL_IAL_Hindi_Tot,POL_IAL_Punjabi_SEO,POL_IAL_Punjabi_SOLSE_VWorW,POL_IAL_Punjabi_SOLSE_NWorNAA,POL_IAL_Punjabi_SOLSE_Tot,POL_IAL_Punjabi_NS,POL_IAL_Punjabi_Tot,POL_IAL_Sinhalese_SEO,POL_IAL_Sinhalese_SOLSE_VWorW,POL_IAL_Sinhale_SOLSE_NWorNAA,POL_IAL_Sinhalese_SOLSE_Tot,POL_IAL_Sinhalese_NS,POL_IAL_Sinhalese_Tot,POL_IAL_Urdu_SEO,POL_IAL_Urdu_SOLSE_VWorW,POL_IAL_Urdu_SOLSE_NWorNAA,POL_IAL_Urdu_SOLSE_Tot,POL_IAL_Urdu_NS,POL_IAL_Urdu_Tot,POL_IAL_Oth_SEO,POL_IAL_Oth_SOLSE_VWorW,POL_IAL_Oth_SOLSE_NWorNAA,POL_IAL_Oth_SOLSE_Tot,POL_IAL_Oth_NS,POL_IAL_Oth_Tot,POL_IAL_Tot_SEO,POL_IAL_Tot_SOLSE_VWorW,POL_IAL_Tot_SOLSE_NWorNAA,POL_IAL_Tot_SOLSE_Tot,POL_IAL_Tot_NS,POL_IAL_Tot_Tot,POL_Italian_SEO,POL_Italian_SOLSE_VWorW,POL_Italian_SOLSE_NWorNAA,POL_Italian_SOLSE_Tot,POL_Italian_NS,POL_Italian_Tot,POL_Japanese_SEO,POL_Japanese_SOLSE_VWorW,POL_Japanese_SOLSE_NWorNAA,POL_Japanese_SOLSE_Tot,POL_Japanese_NS,POL_Japanese_Tot,POL_Korean_SEO,POL_Korean_SOLSE_VWorW,POL_Korean_SOLSE_NWorNAA,POL_Korean_SOLSE_Tot,POL_Korean_NS,POL_Korean_Tot,POL_Macedonian_SEO,POL_Macedonian_SOLSE_VWorW,POL_Macedonian_SOLSE_NWorNAA,POL_Macedonian_SOLSE_Tot,POL_Macedonian_NS,POL_Macedonian_Tot,POL_Maltese_SEO,POL_Maltese_SOLSE_VWorW,POL_Maltese_SOLSE_NWorNAA,POL_Maltese_SOLSE_Tot,POL_Maltese_NS,POL_Maltese_Tot,POL_Persian_ED_SEO,POL_Persian_ED_SOLSE_VWorW,POL_Persian_ED_SOLSE_NWorNAA,POL_Persian_ED_SOLSE_Tot,POL_Persian_ED_NS,POL_Persian_ED_Tot,POL_Polish_SEO,POL_Polish_SOLSE_VWorW,POL_Polish_SOLSE_NWorNAA,POL_Polish_SOLSE_Tot,POL_Polish_NS,POL_Polish_Tot,POL_Russian_SEO,POL_Russian_SOLSE_VWorW,POL_Russian_SOLSE_NWorNAA,POL_Russian_SOLSE_Tot,POL_Russian_NS,POL_Russian_Tot,POL_Samoan_SEO,POL_Samoan_SOLSE_VWorW,POL_Samoan_SOLSE_NWorNAA,POL_Samoan_SOLSE_Tot,POL_Samoan_NS,POL_Samoan_Tot,POL_Serbian_SEO,POL_Serbian_SOLSE_VWorW,POL_Serbian_SOLSE_NWorNAA,POL_Serbian_SOLSE_Tot,POL_Serbian_NS,POL_Serbian_Tot,POL_SAL_Filipino_SEO,POL_SAL_Filipino_SOLSE_VWorW,POL_SAL_Filipin_SOLSE_NWorNAA,POL_SAL_Filipino_SOLSE_Tot,POL_SAL_Filipino_NS,POL_SAL_Filipino_Tot,POL_SAL_Indonesian_SEO,POL_SAL_Indonesia_SOLSE_VWorW,POL_SAL_Indones_SOLSE_NWorNAA,POL_SAL_Indonesian_SOLSE_Tot,POL_SAL_Indonesian_NS,POL_SAL_Indonesian_Tot,POL_SAL_Tagalog_SEO,POL_SAL_Tagalog_SOLSE_VWorW,POL_SAL_Tagalog_SOLSE_NWorNAA,POL_SAL_Tagalog_SOLSE_Tot,POL_SAL_Tagalog_NS,POL_SAL_Tagalog_Tot,POL_SAL_Oth_SEO,POL_SAL_Oth_SOLSE_VWorW,POL_SAL_Oth_SOLSE_NWorNAA,POL_SAL_Oth_SOLSE_Tot,POL_SAL_Oth_NS,POL_SAL_Oth_Tot,POL_SAL_Tot_SEO,POL_SAL_Tot_SOLSE_VWorW,POL_SAL_Tot_SOLSE_NWorNAA,POL_SAL_Tot_SOLSE_Tot,POL_SAL_Tot_NS,POL_SAL_Tot_Tot,POL_Spanish_SEO,POL_Spanish_SOLSE_VWorW,POL_Spanish_SOLSE_NWorNAA,POL_Spanish_SOLSE_Tot,POL_Spanish_NS,POL_Spanish_Tot,POL_Tamil_SEO,POL_Tamil_SOLSE_VWorW,POL_Tamil_SOLSE_NWorNAA,POL_Tamil_SOLSE_Tot,POL_Tamil_NS,POL_Tamil_Tot,POL_Thai_SEO,POL_Thai_SOLSE_VWorW,POL_Thai_SOLSE_NWorNAA,POL_Thai_SOLSE_Tot,POL_Thai_NS,POL_Thai_Tot,POL_Turkish_SEO,POL_Turkish_SOLSE_VWorW,POL_Turkish_SOLSE_NWorNAA,POL_Turkish_SOLSE_Tot,POL_Turkish_NS,POL_Turkish_Tot,POL_Vietnamese_SEO,POL_Vietnamese_SOLSE_VWorW,POL_Vietnamese_SOLSE_NWorNAA,POL_Vietnamese_SOLSE_Tot,POL_Vietnamese_NS,POL_Vietnamese_Tot,POL_Oth_SEO,POL_Oth_SOLSE_VWorW,POL_Oth_SOLSE_NWorNAA,POL_Oth_SOLSE_Tot,POL_Oth_NS,POL_Oth_Tot,POL_Tot_SEO,POL_Tot_SOLSE_VWorW,POL_Tot_SOLSE_NWorNAA,POL_Tot_SOLSE_Tot,POL_Tot_NS,POL_Tot_Tot,P_LSatH_NS_SEO,P_LSatH_NS_SOLSE_VWorW,P_LSatH_NS_SOLSE_NWorNAA,P_LSatH_NS_SOLSE_Tot,P_LSatH_NS_NS,P_LSatH_NS_Tot,P_Tot_SEO,P_Tot_SOLSE_VWorW,P_Tot_SOLSE_NWorNAA,P_Tot_SOLSE_Tot,P_Tot_NS,P_Tot_Tot
LGA30250,..,0,0,0,0,0,..,0,0,0,0,0,..,0,0,0,0,0,..,0,0,0,0,0,..,0,0,0,0,0,..,0,0,0,0,0,..,0,0,0,0,0,..,0,0,0,0,0,..,0,0,0,0,0,..,0,0,0,0,0,..,0,0,0,0,0,..,0,0,0,0,0,..,0,0,0,0,0,..,0,0,0,0,0,..,0,0,0,0,0,..,0,0,0,0,0,..,3,0,3,0,3,..,0,0,0,0,0,..,0,0,0,0,0,..,0,0,0,0,0,..,0,0,0,0,0,..,0,0,0,0,0,..,3,0,3,0,3,..,0,0,0,0,0,..,0,0,0,0,0,..,0,0,0,0,0,..,0,0,0,0,0,..,0,0,0,0,0,..,21,0,23,0,23,..,1000,95,1095,15,1112,..,0,0,3,24,31,135,1000,98,1099,37,1269
LGA30300,..,0,0,0,0,0,..,0,0,0,0,0,..,0,0,0,0,0,..,3,0,3,0,3,..,0,0,0,0,0,..,0,0,0,0,0,..,0,0,0,0,0,..,5,0,5,0,5,..,0,0,0,0,0,..,0,0,0,0,0,..,3,0,0,0,0,..,0,0,0,0,0,..,0,0,0,0,0,..,3,0,3,0,3,..,3,0,3,0,3,..,0,0,0,0,0,..,0,0,0,0,0,..,0,0,0,0,0,..,3,0,3,0,3,..,3,0,3,0,3,..,7,0,7,0,7,..,0,0,0,0,0,..,16,0,16,0,16,..,0,0,0,0,0,..,0,0,0,0,0,..,3,0,3,0,3,..,0,0,0,0,0,..,4,0,4,0,4,..,30,10,35,3,43,..,116,18,128,3,131,..,20,0,20,326,344,3900,133,18,148,331,4377
LGA30370,..,4,0,4,0,8,..,10,0,10,0,10,..,3,0,3,0,3,..,24,0,27,0,27,..,7,0,12,0,12,..,7,0,7,0,7,..,0,0,0,0,0,..,48,4,49,0,49,..,18,0,16,0,16,..,0,0,0,0,0,..,0,0,3,0,3,..,0,0,0,0,0,..,0,0,0,0,0,..,0,3,3,0,3,..,0,0,0,0,0,..,7,0,7,0,7,..,0,0,0,0,0,..,0,0,0,0,0,..,48,0,48,0,48,..,5,0,5,0,5,..,55,3,55,3,61,..,5,0,5,0,5,..,105,3,107,3,112,..,5,0,5,0,5,..,27,22,41,0,41,..,7,0,5,0,5,..,0,0,0,0,0,..,51,63,119,0,119,..,119,81,201,8,210,..,482,209,690,11,706,..,23,3,30,1112,1143,12468,509,213,721,1125,14319
LGA30410,..,0,0,0,0,0,..,0,0,0,0,0,..,0,0,0,0,0,..,0,0,0,0,0,..,0,0,0,0,0,..,13,0,13,0,13,..,7,0,10,0,10,..,15,0,17,0,17,..,3,0,3,0,4,..,0,0,0,0,0,..,0,0,0,0,0,..,0,0,0,0,0,..,0,0,0,0,0,..,0,0,0,0,0,..,0,0,0,0,0,..,0,0,0,0,0,..,0,0,0,0,0,..,0,0,0,0,0,..,6,0,6,0,6,..,0,0,0,0,0,..,3,0,3,0,3,..,0,0,0,0,0,..,10,0,10,0,10,..,4,0,4,0,4,..,0,0,0,0,0,..,3,0,3,0,3,..,0,0,0,0,0,..,0,0,0,0,0,..,4,0,7,0,7,..,64,3,62,0,67,..,4,0,4,196,201,2602,61,3,66,195,2865
LGA30450,..,0,0,0,0,0,..,0,0,0,0,0,..,0,0,0,0,0,..,0,0,0,0,0,..,0,0,0,0,0,..,0,0,0,0,0,..,0,0,0,0,0,..,0,0,0,0,0,..,0,0,0,0,0,..,0,0,0,0,0,..,0,0,0,0,0,..,0,0,0,0,0,..,0,0,0,0,0,..,0,0,0,0,0,..,0,0,0,0,0,..,0,0,0,0,0,..,0,0,0,0,0,..,0,0,0,0,0,..,0,0,0,0,0,..,0,0,0,0,0,..,0,0,0,0,0,..,0,0,0,0,0,..,0,0,0,0,0,..,0,0,0,0,0,..,0,0,0,0,0,..,0,0,0,0,0,..,0,0,0,0,0,..,0,0,0,0,0,..,0,0,0,0,0,..,0,0,0,0,0,..,3,0,3,13,19,250,4,0,3,13,267
LGA30760,..,0,0,0,0,0,..,0,0,0,0,0,..,4,0,6,0,6,..,0,0,0,0,0,..,0,0,0,0,0,..,0,0,0,0,0,..,0,0,0,0,0,..,4,0,6,0,6,..,0,0,0,0,0,..,0,0,0,0,0,..,0,0,0,0,0,..,0,0,0,0,0,..,0,0,0,0,0,..,0,0,0,0,0,..,0,0,0,0,0,..,0,0,0,0,0,..,0,0,0,0,0,..,0,0,0,0,0,..,3,0,3,0,3,..,0,0,0,0,0,..,3,0,3,0,3,..,0,0,0,0,0,..,9,0,9,0,9,..,0,0,0,0,0,..,0,0,0,0,0,..,0,0,0,0,0,..,0,0,0,0,0,..,0,0,0,0,0,..,5,0,7,0,7,..,28,3,30,0,30,..,8,0,8,90,98,1773,34,3,38,90,1903
LGA30900,..,0,0,0,0,0,..,0,0,0,0,0,..,0,0,0,0,0,..,0,0,0,0,0,..,0,0,0,0,0,..,0,0,0,0,0,..,0,0,0,0,0,..,0,0,0,0,0,..,0,0,0,0,0,..,0,0,0,0,0,..,0,0,0,0,0,..,0,0,0,0,0,..,0,0,0,0,0,..,0,0,0,0,0,..,0,0,0,0,0,..,0,0,0,0,0,..,0,0,0,0,0,..,0,0,0,0,0,..,0,0,0,0,0,..,0,0,0,0,0,..,0,0,0,0,0,..,0,0,0,0,0,..,0,0,0,0,0,..,0,0,0,0,0,..,0,0,0,0,0,..,0,0,0,0,0,..,0,0,0,0,0,..,0,0,0,0,0,..,0,0,3,0,3,..,9,3,12,0,12,..,0,0,0,68,68,345,9,3,12,68,426
LGA31000,..,5542,675,6211,53,6262,..,1917,185,2103,11,2109,..,9320,453,9773,81,9847,..,8864,986,9851,100,9950,..,3455,183,3642,18,3662,..,2347,231,2580,22,2604,..,7659,588,8245,41,8292,..,33563,2627,36193,274,36468,..,6727,779,7502,100,7608,..,4407,759,5168,43,5209,..,7570,3444,11014,66,11081,..,550,76,628,9,636,..,162,10,172,4,175,..,3535,595,4129,24,4146,..,1877,147,2029,23,2049,..,2109,260,2371,12,2389,..,2919,256,3177,48,3225,..,1788,296,2087,18,2102,..,3099,89,3187,23,3209,..,2517,228,2741,18,2764,..,5026,119,5152,43,5194,..,1709,70,1774,16,1787,..,12344,510,12853,101,12954,..,9280,1197,10474,65,10544,..,2872,266,3139,18,3156,..,2211,517,2733,16,2751,..,587,86,665,3,671,..,12816,5662,18484,101,18582,..,29011,5679,34689,813,35498,..,210495,40456,250948,2268,253221,..,2389,419,2810,62933,65741,812201,212885,40870,253756,65202,1131155
LGA31750,..,0,0,0,0,0,..,0,0,0,0,0,..,0,0,0,0,0,..,0,0,0,0,0,..,0,0,0,0,0,..,0,0,0,0,0,..,0,0,0,0,0,..,0,0,0,0,0,..,0,0,0,0,0,..,0,0,0,0,0,..,0,0,0,0,0,..,0,0,0,0,0,..,0,0,0,0,0,..,0,0,0,0,0,..,0,0,0,0,0,..,0,0,0,0,0,..,0,0,0,0,0,..,0,0,0,0,0,..,0,0,0,0,0,..,0,0,0,0,0,..,0,0,0,0,0,..,0,0,0,0,0,..,0,0,0,0,0,..,0,0,0,0,0,..,0,0,0,0,0,..,0,0,0,0,0,..,0,0,0,0,0,..,0,0,0,0,0,..,0,0,7,0,7,..,3,0,8,0,8,..,0,0,0,30,31,313,10,0,9,30,353
LGA31820,..,24,0,28,0,32,..,30,0,30,0,30,..,77,0,79,0,79,..,51,8,65,0,65,..,39,0,37,0,37,..,31,0,34,0,34,..,90,11,105,0,105,..,319,29,346,0,346,..,315,46,359,10,366,..,64,38,100,0,106,..,86,62,151,5,153,..,3,0,3,0,3,..,25,4,30,3,34,..,10,3,18,0,18,..,19,0,22,0,22,..,35,3,42,0,42,..,11,0,9,0,9,..,13,0,13,0,13,..,122,11,131,3,134,..,20,4,23,0,23,..,168,12,175,0,176,..,48,6,47,0,47,..,361,20,383,5,391,..,72,9,85,3,84,..,21,3,28,0,28,..,71,16,91,0,91,..,95,17,110,0,110,..,90,63,150,0,155,..,601,101,700,23,722,..,3286,692,3984,61,4042,..,247,18,268,6276,6545,82305,3534,717,4250,6339,92897
LGA31900,..,55,3,63,0,63,..,4,0,4,0,4,..,3,0,3,0,3,..,4,3,5,0,5,..,5,0,5,0,5,..,0,0,0,0,0,..,6,0,7,0,7,..,26,3,29,0,29,..,418,73,486,4,494,..,14,26,43,0,43,..,24,24,46,0,46,..,0,0,0,0,0,..,0,0,0,0,0,..,3,0,3,0,3,..,0,0,0,0,0,..,6,0,6,0,6,..,0,0,0,0,0,..,0,0,0,0,0,..,28,3,32,0,37,..,4,0,4,0,4,..,23,3,24,0,24,..,0,0,0,0,0,..,60,3,62,0,63,..,16,3,24,0,22,..,3,0,3,0,3,..,5,0,7,0,7,..,0,0,0,0,0,..,13,16,23,0,27,..,101,14,117,5,120,..,854,204,1052,21,1070,..,45,6,50,1201,1255,14745,896,209,1109,1216,17074
LGA31950,..,0,0,0,0,0,..,0,0,0,0,0,..,0,0,0,0,0,..,0,0,0,0,0,..,0,0,0,0,0,..,0,0,0,0,0,..,0,0,0,0,0,..,0,0,0,0,0,..,0,0,0,0,0,..,0,0,0,0,0,..,0,3,3,0,3,..,0,0,0,0,0,..,0,0,0,0,0,..,0,0,0,0,0,..,0,0,0,0,0,..,0,0,0,0,0,..,0,0,0,0,0,..,0,0,0,0,0,..,0,0,0,0,0,..,0,0,0,0,0,..,0,0,0,0,0,..,0,0,0,0,0,..,3,0,3,0,3,..,0,0,0,0,0,..,0,0,0,0,0,..,0,0,0,0,0,..,0,0,0,0,0,..,0,0,0,0,0,..,3,0,3,0,3,..,8,3,9,3,14,..,3,0,4,60,65,253,12,3,17,66,328
LGA32080,..,177,12,193,6,195,..,53,3,53,0,53,..,236,11,245,0,246,..,747,87,840,11,846,..,114,11,127,0,123,..,57,7,64,3,65,..,503,440,943,0,948,..,1715,557,2273,19,2291,..,994,89,1083,10,1096,..,1926,436,2362,9,2374,..,630,329,960,6,966,..,10,0,11,0,11,..,45,0,45,3,51,..,71,3,74,0,74,..,127,14,142,0,141,..,118,12,133,0,133,..,134,12,145,4,146,..,53,4,59,0,59,..,400,13,411,4,414,..,183,24,204,6,212,..,743,38,780,4,787,..,142,6,151,6,152,..,1468,78,1549,23,1570,..,327,39,362,7,369,..,79,3,80,0,80,..,359,70,430,4,433,..,34,3,40,0,40,..,228,65,299,0,298,..,4242,806,5055,136,5188,..,17384,3141,20533,327,20854,..,510,65,570,13639,14211,121832,17896,3210,21100,13963,156901
LGA32250,..,0,0,0,0,0,..,0,0,0,0,0,..,0,0,0,0,0,..,0,0,0,0,0,..,0,0,0,0,0,..,0,0,0,0,0,..,0,0,0,0,0,..,4,0,4,0,4,..,0,0,0,0,0,..,0,0,0,0,0,..,0,0,0,0,0,..,0,0,0,0,0,..,0,0,0,0,0,..,0,0,0,0,0,..,0,0,0,0,0,..,0,0,0,0,0,..,0,0,0,0,0,..,0,0,0,0,0,..,4,0,4,0,4,..,0,3,3,0,4,..,6,0,9,0,9,..,0,0,0,0,0,..,10,5,13,0,12,..,0,0,0,0,0,..,0,0,0,0,0,..,4,0,4,0,4,..,0,0,0,0,0,..,0,0,0,0,0,..,12,0,12,5,14,..,61,5,66,3,66,..,9,0,9,161,172,1714,69,3,75,162,1958
LGA32260,..,63,8,72,0,76,..,0,0,3,0,3,..,31,6,39,0,38,..,528,109,636,10,647,..,0,0,0,0,0,..,5,0,5,0,5,..,4,5,12,0,12,..,581,114,698,16,707,..,451,61,508,9,519,..,51,38,88,3,86,..,16,31,40,3,42,..,0,0,0,0,0,..,32,0,28,0,31,..,3,0,3,0,3,..,3,0,3,0,3,..,4,0,4,0,4,..,13,0,13,0,14,..,0,0,0,0,3,..,72,6,77,0,78,..,9,0,15,0,15,..,107,5,112,3,117,..,21,0,21,0,19,..,209,13,222,3,229,..,26,0,29,0,29,..,3,0,3,0,3,..,23,10,31,0,37,..,0,0,0,0,0,..,7,0,7,0,7,..,458,113,572,10,581,..,2265,444,2712,72,2778,..,99,16,115,2561,2675,23271,2365,462,2829,2628,28726
LGA32270,..,12,0,12,0,12,..,5,0,11,0,11,..,24,6,32,0,32,..,42,13,55,0,55,..,16,0,16,0,16,..,5,0,5,0,5,..,44,0,48,0,48,..,146,19,166,0,166,..,23,0,25,0,25,..,10,0,10,0,10,..,16,9,31,0,31,..,0,0,0,0,0,..,3,0,3,0,3,..,0,0,0,0,0,..,5,0,5,0,5,..,16,0,16,0,16,..,10,0,10,0,10,..,5,0,5,0,5,..,124,0,121,3,123,..,19,0,20,0,20,..,125,3,129,0,129,..,8,0,8,0,5,..,280,11,285,3,292,..,39,9,40,0,40,..,20,0,20,0,20,..,37,5,37,0,36,..,3,0,5,0,5,..,9,3,8,0,8,..,256,25,281,4,288,..,1163,121,1290,12,1301,..,61,5,66,3357,3418,23277,1223,127,1351,3366,27999
LGA32310,..,3,0,3,0,3,..,0,0,0,0,0,..,3,0,3,0,3,..,0,0,0,0,0,..,4,0,4,0,4,..,5,0,5,0,5,..,6,0,6,0,6,..,21,0,21,0,21,..,5,0,7,0,7,..,9,0,9,0,9,..,3,0,3,0,3,..,0,0,0,0,0,..,0,0,0,0,0,..,7,0,7,0,7,..,7,0,7,0,7,..,3,0,3,0,3,..,4,0,4,0,4,..,0,0,0,0,0,..,24,0,24,0,24,..,7,0,7,0,7,..,21,0,21,0,21,..,4,0,4,0,4,..,53,0,53,0,53,..,8,0,8,0,8,..,0,0,0,0,0,..,0,0,0,0,0,..,0,0,0,0,0,..,7,3,11,0,11,..,58,5,66,0,65,..,257,15,268,7,277,..,28,0,28,1156,1184,10420,287,15,304,1160,11876
LGA32330,..,0,0,0,0,0,..,0,0,0,0,0,..,0,0,0,0,0,..,0,0,0,0,0,..,0,0,0,0,0,..,0,0,0,0,0,..,0,0,0,0,0,..,0,0,0,0,0,..,0,0,0,0,0,..,0,0,0,0,0,..,0,0,0,0,0,..,0,0,0,0,0,..,0,0,0,0,0,..,0,0,0,0,0,..,0,0,0,0,0,..,0,0,0,0,0,..,0,0,0,0,0,..,0,0,0,0,0,..,0,0,0,0,0,..,0,0,0,0,0,..,0,0,0,0,0,..,0,0,0,0,0,..,0,0,0,0,0,..,0,0,0,0,0,..,0,0,0,0,0,..,0,0,0,0,0,..,0,0,0,0,0,..,0,0,0,0,0,..,3,0,3,0,3,..,48,0,49,0,49,..,3,0,3,40,46,1171,50,3,53,40,1269
LGA32450,..,0,0,0,0,0,..,0,0,0,0,0,..,3,0,3,0,3,..,4,0,4,0,8,..,17,3,16,0,16,..,0,0,0,0,0,..,3,0,3,0,3,..,32,3,33,0,30,..,3,0,3,0,3,..,0,0,0,0,0,..,3,0,3,0,3,..,0,0,0,0,0,..,0,0,0,0,0,..,0,0,0,0,0,..,0,0,0,0,0,..,0,0,0,0,0,..,3,0,3,0,3,..,0,0,0,0,0,..,9,4,8,0,8,..,0,0,0,0,0,..,16,0,18,0,18,..,0,0,0,0,0,..,24,3,27,0,27,..,0,0,0,0,0,..,0,0,0,0,0,..,0,0,0,0,0,..,0,0,0,0,0,..,0,0,0,0,0,..,14,0,10,0,16,..,109,10,120,0,122,..,10,0,10,428,444,2471,124,10,133,431,3032
LGA32500,..,0,0,0,0,0,..,0,0,0,0,0,..,0,0,0,0,0,..,0,0,0,0,0,..,0,0,0,0,0,..,0,0,0,0,0,..,5,0,7,0,7,..,11,0,9,0,9,..,10,10,16,0,16,..,12,14,24,0,24,..,0,0,3,0,3,..,0,0,0,0,0,..,0,0,0,0,0,..,0,0,0,0,0,..,0,0,0,0,0,..,0,0,0,0,0,..,0,0,0,0,0,..,0,0,0,0,0,..,5,0,5,0,5,..,0,0,0,0,0,..,12,0,12,0,12,..,4,0,4,0,4,..,24,0,24,0,24,..,0,0,0,0,0,..,0,0,0,0,0,..,10,0,5,0,5,..,0,0,0,0,0,..,0,0,0,0,0,..,59,13,72,3,75,..,318,58,376,5,378,..,21,3,21,676,696,3148,340,54,391,682,4226
LGA32600,..,0,0,0,0,0,..,0,0,0,0,0,..,0,0,0,0,0,..,0,0,0,0,0,..,0,0,0,0,0,..,0,0,0,0,0,..,0,0,0,0,0,..,0,0,0,0,0,..,0,0,0,0,0,..,0,0,0,0,0,..,0,0,0,0,0,..,0,0,0,0,0,..,0,0,0,0,0,..,0,0,0,0,0,..,0,0,0,0,0,..,0,0,0,0,0,..,0,0,0,0,0,..,0,0,0,0,0,..,0,0,0,0,0,..,0,0,0,0,0,..,0,0,0,0,0,..,0,0,0,0,0,..,0,0,0,0,0,..,0,0,0,0,0,..,0,0,0,0,0,..,0,0,0,0,0,..,0,0,0,0,0,..,0,0,0,0,0,..,3,0,3,0,3,..,4,0,4,0,4,..,0,0,0,77,77,213,4,0,4,77,294
LGA32750,..,0,0,0,0,0,..,0,0,0,0,0,..,0,0,0,0,0,..,0,0,0,0,0,..,0,0,0,0,0,..,0,0,0,0,0,..,0,0,0,0,0,..,0,0,0,0,0,..,0,0,0,0,0,..,0,0,0,0,0,..,0,0,0,0,0,..,0,0,0,0,0,..,0,0,0,0,0,..,0,0,0,0,0,..,0,0,0,0,0,..,0,0,0,0,0,..,0,0,0,0,0,..,0,0,0,0,0,..,0,0,0,0,0,..,0,0,0,0,0,..,0,0,0,0,0,..,0,0,0,0,0,..,0,0,0,0,0,..,0,0,0,0,0,..,0,0,0,0,0,..,0,0,0,0,0,..,0,0,0,0,0,..,0,0,0,0,0,..,3,0,8,0,8,..,11,0,8,0,8,..,0,0,0,40,38,239,11,3,12,40,291
LGA32770,..,0,0,0,0,0,..,0,0,0,0,0,..,4,0,4,0,4,..,6,0,6,0,6,..,0,0,0,0,0,..,0,0,0,0,0,..,0,0,0,0,0,..,5,0,5,0,5,..,0,0,0,0,0,..,0,0,0,0,0,..,0,0,0,0,0,..,0,0,0,0,0,..,0,0,0,0,0,..,0,0,0,0,0,..,0,0,0,0,0,..,0,0,0,0,0,..,0,0,0,0,0,..,0,0,0,0,0,..,0,0,0,0,0,..,0,0,0,0,0,..,0,0,0,0,0,..,0,0,0,0,0,..,0,0,0,0,0,..,0,0,0,0,0,..,0,0,0,0,0,..,0,0,0,0,0,..,0,0,0,0,0,..,0,0,0,0,0,..,13,6,21,18,37,..,60,6,60,19,76,..,0,0,0,23,22,1295,60,4,63,43,1405
LGA32810,..,9,0,9,0,9,..,0,0,0,0,0,..,4,0,4,0,4,..,10,5,15,0,15,..,0,3,3,0,3,..,4,0,4,0,4,..,8,0,8,0,8,..,31,4,38,0,38,..,88,7,96,3,101,..,32,0,34,0,34,..,32,11,39,0,39,..,0,0,0,0,0,..,0,0,0,0,0,..,3,0,3,0,3,..,5,0,6,0,6,..,6,0,11,0,11,..,0,0,0,0,0,..,7,0,7,0,7,..,5,0,10,0,10,..,4,0,4,0,4,..,9,0,9,0,9,..,3,0,3,0,3,..,29,0,28,0,28,..,46,0,45,0,45,..,4,0,4,0,4,..,31,13,45,3,45,..,0,0,0,0,0,..,16,3,13,0,13,..,67,7,70,0,73,..,760,76,843,27,862,..,31,4,40,1537,1576,9280,800,81,880,1562,11714
LGA33100,..,0,0,0,0,0,..,0,0,0,0,0,..,0,0,0,0,0,..,0,0,0,0,0,..,0,0,0,0,0,..,0,0,0,0,0,..,0,0,0,0,0,..,0,0,0,0,0,..,0,0,0,0,0,..,0,0,0,0,0,..,0,0,0,0,0,..,0,0,0,0,0,..,0,0,0,0,0,..,4,0,4,0,4,..,0,0,0,0,0,..,0,0,0,0,0,..,0,0,0,0,0,..,0,0,0,0,0,..,0,0,0,0,0,..,0,0,0,0,0,..,0,0,0,0,0,..,0,0,0,0,0,..,0,0,0,0,0,..,0,0,0,0,0,..,0,0,0,0,0,..,0,0,3,0,3,..,0,0,0,0,0,..,0,0,0,0,0,..,0,0,0,0,0,..,16,0,11,0,11,..,3,0,3,80,84,702,12,0,14,80,799
LGA33200,..,0,0,0,0,0,..,0,0,0,0,0,..,0,0,0,0,0,..,0,0,0,0,0,..,0,0,0,0,0,..,0,0,0,0,0,..,0,0,0,0,0,..,0,0,0,0,0,..,0,0,0,0,0,..,0,0,0,0,0,..,0,0,0,0,0,..,0,0,0,0,0,..,0,0,0,0,0,..,0,0,0,0,0,..,0,0,0,0,0,..,0,0,0,0,0,..,0,0,0,0,0,..,0,0,0,0,0,..,0,0,0,0,0,..,0,0,0,0,0,..,0,0,0,0,0,..,0,0,0,0,0,..,7,0,7,0,7,..,0,0,0,0,0,..,0,0,0,0,0,..,0,0,0,0,0,..,0,0,0,0,0,..,0,0,0,0,0,..,6,0,7,0,7,..,16,4,17,0,17,..,0,0,0,125,125,1397,16,4,17,125,1536
LGA33220,..,47,0,42,0,46,..,10,0,10,0,10,..,88,3,88,0,91,..,30,4,34,0,34,..,30,0,30,0,30,..,37,7,41,0,41,..,76,10,90,3,93,..,266,25,292,3,295,..,144,13,162,0,162,..,46,6,49,0,49,..,13,4,15,0,15,..,4,0,4,0,4,..,25,3,29,0,29,..,18,0,18,0,18,..,35,7,41,0,41,..,27,0,31,0,31,..,21,0,22,0,22,..,19,0,18,0,18,..,123,0,125,0,129,..,29,4,33,0,33,..,177,6,183,3,187,..,26,0,32,0,32,..,358,12,367,3,375,..,84,0,86,0,86,..,36,0,40,0,39,..,96,15,105,0,110,..,5,0,5,0,5,..,38,16,53,0,53,..,608,117,721,18,744,..,3017,298,3312,48,3367,..,272,15,290,7783,8070,90068,3290,312,3602,7830,101504
LGA33360,..,39,6,43,0,49,..,59,8,67,0,73,..,136,6,135,0,142,..,84,12,96,0,96,..,38,4,46,0,46,..,49,6,50,0,55,..,68,3,72,0,72,..,433,37,469,3,475,..,73,9,79,0,79,..,24,6,29,0,29,..,42,12,50,0,50,..,11,0,10,0,10,..,3,0,3,0,3,..,39,3,39,0,37,..,35,4,37,0,37,..,47,7,52,0,52,..,28,0,28,0,27,..,29,0,27,0,27,..,255,18,276,3,276,..,44,3,49,0,49,..,408,27,433,8,442,..,47,0,47,0,49,..,758,50,806,10,816,..,103,10,110,4,117,..,98,14,110,0,111,..,85,8,95,0,95,..,13,0,13,0,13,..,29,13,47,0,48,..,635,109,743,30,773,..,3407,381,3785,61,3846,..,137,16,150,4368,4522,53274,3543,393,3940,4428,61640
LGA33430,..,1367,132,1492,8,1506,..,357,24,380,0,385,..,1295,52,1344,9,1355,..,1281,144,1429,14,1440,..,310,12,320,5,324,..,386,19,404,5,404,..,1144,64,1214,16,1224,..,4776,314,5087,45,5131,..,2193,161,2362,32,2393,..,4604,1117,5723,26,5757,..,2415,1024,3442,28,3466,..,273,33,312,3,313,..,261,7,265,7,271,..,768,94,865,3,868,..,872,77,951,10,962,..,1184,164,1343,11,1356,..,538,18,548,8,557,..,929,161,1084,9,1093,..,1052,30,1085,9,1088,..,669,34,703,15,724,..,1529,33,1569,7,1578,..,355,19,376,3,375,..,3615,114,3728,37,3767,..,2805,280,3082,43,3132,..,297,4,300,3,305,..,1182,268,1451,10,1465,..,456,66,525,0,526,..,770,168,936,11,948,..,10122,1341,11464,189,11648,..,58342,9144,67486,662,68148,..,1409,131,1535,39144,40680,446894,59745,9277,69020,39805,555721
LGA33610,..,0,0,0,0,0,..,0,0,0,0,0,..,6,0,6,0,6,..,21,0,21,3,23,..,11,0,12,0,12,..,0,0,0,0,0,..,7,0,7,0,7,..,47,0,47,3,55,..,18,0,18,0,18,..,3,0,7,0,7,..,7,0,7,0,7,..,0,0,0,0,0,..,0,0,0,0,0,..,0,0,0,0,0,..,3,0,3,0,3,..,0,0,0,0,0,..,0,0,0,0,0,..,0,0,0,0,0,..,32,0,35,0,35,..,0,0,0,0,0,..,22,0,20,0,20,..,3,0,3,0,3,..,61,3,59,0,59,..,3,0,3,0,3,..,3,0,3,0,3,..,5,0,4,0,4,..,0,0,0,0,0,..,7,0,7,0,7,..,25,5,37,0,37,..,286,55,334,8,345,..,13,0,14,1037,1050,9236,297,55,354,1043,10630
LGA33620,..,8,3,12,0,14,..,0,3,4,0,4,..,11,0,11,0,11,..,29,3,34,0,34,..,3,0,3,0,3,..,4,0,4,0,4,..,6,0,6,0,6,..,60,8,71,0,71,..,52,3,57,0,57,..,36,0,39,0,40,..,7,0,10,0,10,..,0,0,0,0,0,..,5,0,6,0,6,..,0,0,0,0,0,..,13,0,20,0,20,..,15,3,21,0,22,..,4,0,4,0,4,..,11,0,11,0,11,..,60,3,63,0,63,..,17,0,17,0,17,..,68,4,72,0,70,..,20,0,20,0,18,..,155,4,163,0,168,..,24,0,24,3,23,..,19,4,21,0,21,..,24,0,26,0,26,..,0,0,0,0,0,..,17,18,34,0,34,..,188,42,230,12,242,..,1098,133,1224,32,1256,..,118,10,124,3850,3975,44326,1217,137,1356,3881,49559
LGA33800,..,4,0,4,0,4,..,4,0,4,0,4,..,3,0,3,0,3,..,9,0,9,0,9,..,0,0,0,0,0,..,0,0,0,0,0,..,0,0,0,0,0,..,14,0,14,0,14,..,435,77,520,15,530,..,0,0,0,0,0,..,0,0,0,0,0,..,0,0,0,0,0,..,3,0,3,0,3,..,0,0,0,0,0,..,0,0,0,0,0,..,0,0,0,0,0,..,0,0,0,0,0,..,0,0,0,0,0,..,9,0,9,0,9,..,3,0,3,0,3,..,11,3,13,0,13,..,7,0,7,0,7,..,28,3,34,0,34,..,12,7,13,0,13,..,5,0,5,0,5,..,3,0,4,0,4,..,0,0,0,0,0,..,0,0,0,0,0,..,84,12,92,3,98,..,660,109,775,17,787,..,39,0,38,765,806,9289,703,115,810,783,10885
LGA33830,..,0,0,0,0,0,..,0,0,0,0,0,..,0,0,0,0,0,..,0,0,0,0,0,..,0,0,0,0,0,..,0,0,0,0,0,..,0,0,0,0,0,..,0,0,0,0,0,..,0,0,0,0,0,..,0,0,0,0,0,..,0,0,0,0,0,..,0,0,0,0,0,..,0,0,0,0,0,..,0,0,0,0,0,..,0,0,0,0,0,..,0,0,0,0,0,..,0,0,0,0,0,..,0,0,0,0,0,..,0,0,0,0,0,..,0,0,0,0,0,..,0,0,0,0,0,..,0,0,0,0,0,..,0,0,0,0,0,..,0,0,0,0,0,..,0,0,0,0,0,..,0,0,0,0,0,..,0,0,0,0,0,..,0,0,0,0,0,..,3,0,3,0,3,..,659,21,680,14,695,..,3,0,3,85,87,141,663,20,683,100,918
LGA33960,..,114,6,119,0,119,..,98,9,101,0,104,..,869,47,909,7,921,..,437,45,477,4,487,..,189,12,206,0,206,..,154,17,164,0,164,..,307,15,323,3,325,..,2044,143,2194,20,2210,..,177,16,190,10,200,..,183,26,210,0,212,..,157,53,215,3,213,..,25,0,22,0,22,..,41,0,43,0,43,..,191,43,238,0,238,..,166,28,197,0,197,..,135,20,160,3,161,..,3641,375,4017,74,4089,..,141,21,162,0,162,..,529,23,546,3,547,..,130,8,137,0,143,..,737,20,755,12,769,..,128,13,140,0,141,..,1519,60,1582,18,1594,..,873,148,1022,12,1030,..,276,25,306,7,308,..,187,28,218,3,216,..,39,6,51,0,51,..,1246,562,1805,14,1820,..,5166,1119,6289,143,6430,..,19002,3181,22183,335,22518,..,532,75,603,12044,12651,158562,19531,3259,22789,12384,193733
LGA33980,..,4,0,4,0,4,..,11,5,14,0,14,..,41,3,40,0,40,..,18,0,15,0,15,..,15,0,15,0,17,..,16,0,13,0,13,..,10,3,12,0,12,..,101,11,117,0,117,..,12,0,14,0,14,..,23,0,23,0,24,..,5,3,4,0,4,..,0,0,0,0,0,..,4,0,3,0,3,..,4,0,4,0,4,..,0,0,0,0,0,..,12,3,9,0,9,..,9,0,9,0,9,..,0,0,0,0,0,..,74,3,76,0,76,..,43,0,43,0,43,..,132,10,138,3,142,..,0,0,0,0,0,..,248,11,256,3,260,..,25,0,25,0,25,..,6,0,6,0,6,..,38,4,42,0,42,..,0,0,0,0,0,..,6,7,13,0,13,..,152,14,166,8,171,..,834,73,907,10,921,..,49,3,61,2959,3016,17007,887,83,969,2970,20940
LGA34420,..,0,0,0,0,0,..,0,0,0,0,0,..,0,0,0,0,0,..,0,0,0,0,0,..,0,0,0,0,0,..,0,0,0,0,0,..,0,0,0,0,0,..,0,0,0,0,0,..,0,0,0,0,0,..,0,0,0,0,0,..,0,0,0,0,0,..,0,0,0,0,0,..,0,0,0,0,0,..,0,0,0,0,0,..,0,0,0,0,0,..,0,0,0,0,0,..,0,0,0,0,0,..,0,0,0,0,0,..,0,0,0,0,0,..,0,0,0,0,0,..,0,0,0,0,0,..,0,0,0,0,0,..,0,0,0,0,0,..,0,0,0,0,0,..,0,0,0,0,0,..,0,0,0,0,0,..,0,0,0,0,0,..,0,0,0,0,0,..,0,0,0,0,0,..,39,0,39,17,56,..,0,0,4,26,31,865,41,0,41,43,944
LGA34530,..,9,0,12,0,9,..,0,0,0,0,0,..,15,0,15,0,15,..,9,0,9,0,9,..,3,0,3,0,5,..,0,0,0,0,0,..,4,0,4,0,4,..,29,0,29,0,27,..,38,0,35,0,36,..,32,6,42,3,49,..,5,0,5,0,5,..,0,0,0,0,0,..,0,0,0,0,0,..,7,3,6,0,6,..,15,0,15,0,15,..,17,0,16,0,14,..,8,0,8,0,8,..,0,0,0,0,0,..,32,0,32,0,32,..,10,0,10,0,10,..,40,0,43,0,44,..,13,0,17,0,17,..,99,0,99,0,99,..,37,3,45,0,45,..,8,0,8,0,8,..,35,8,36,0,36,..,0,0,0,0,0,..,13,3,13,0,13,..,171,19,193,6,201,..,825,81,904,24,926,..,85,4,87,3328,3421,31929,906,89,995,3348,36272
LGA34570,..,0,0,0,0,0,..,0,0,0,0,0,..,0,0,0,0,0,..,0,0,0,0,0,..,0,0,0,0,0,..,0,0,0,0,0,..,0,0,0,0,0,..,0,0,0,0,0,..,0,0,0,0,0,..,0,0,0,0,0,..,0,0,0,0,0,..,0,0,0,0,0,..,0,0,0,0,0,..,0,0,0,0,0,..,0,0,0,0,0,..,0,0,0,0,0,..,0,0,0,0,0,..,0,0,0,0,0,..,0,0,0,0,0,..,0,0,0,0,0,..,0,0,0,0,0,..,0,0,0,0,0,..,0,0,0,0,0,..,0,0,0,0,0,..,0,0,0,0,0,..,0,0,0,0,0,..,0,0,0,0,0,..,0,0,0,0,0,..,42,0,42,0,48,..,256,0,252,14,269,..,5,0,5,86,88,354,262,0,258,100,712
LGA34580,..,4,0,4,0,4,..,28,13,41,0,41,..,42,7,50,0,50,..,60,13,71,0,71,..,12,0,12,0,12,..,6,0,7,0,7,..,56,11,66,0,66,..,204,43,249,0,249,..,37,9,43,0,43,..,59,28,83,0,85,..,61,65,129,4,126,..,0,0,0,0,0,..,12,0,12,0,12,..,15,0,13,0,13,..,9,0,8,0,8,..,13,0,10,0,10,..,19,4,24,0,24,..,5,0,5,0,5,..,55,3,62,0,64,..,31,12,43,3,45,..,43,3,45,3,47,..,22,3,24,0,24,..,158,17,174,7,181,..,48,6,57,0,57,..,20,0,20,0,20,..,25,0,25,0,25,..,19,6,23,0,23,..,51,18,72,0,72,..,311,107,414,13,428,..,1729,609,2344,27,2369,..,111,13,126,3187,3314,32920,1844,623,2468,3214,38609
LGA34590,..,425,43,468,3,471,..,155,41,198,0,202,..,1919,86,2008,22,2031,..,1288,166,1456,14,1467,..,214,10,217,0,224,..,785,128,914,6,922,..,496,37,536,0,536,..,4851,476,5321,43,5364,..,460,32,499,6,506,..,388,69,453,3,455,..,726,375,1100,3,1103,..,109,6,120,0,120,..,71,4,75,3,72,..,331,154,489,7,493,..,375,42,418,5,427,..,396,46,445,3,446,..,3893,337,4225,87,4315,..,651,125,772,3,773,..,822,24,851,3,853,..,355,38,396,7,398,..,1189,47,1229,4,1237,..,223,8,232,4,237,..,2586,125,2709,21,2734,..,1261,202,1460,13,1476,..,323,59,381,3,379,..,341,68,417,3,414,..,289,48,337,3,339,..,919,439,1357,6,1368,..,12649,4196,16843,371,17216,..,38934,8755,47684,679,48370,..,884,158,1041,17923,18961,236052,39818,8912,48724,18604,303386
LGA34710,..,0,0,0,0,0,..,0,0,0,0,0,..,6,0,6,0,6,..,3,0,6,0,6,..,3,0,4,0,4,..,0,0,0,0,0,..,3,0,3,0,3,..,15,0,18,0,18,..,0,0,0,0,0,..,0,0,0,0,0,..,0,0,0,0,0,..,0,0,0,0,0,..,0,0,0,0,0,..,0,0,0,0,0,..,0,0,0,0,0,..,0,0,0,0,0,..,0,0,0,0,0,..,0,0,0,0,0,..,4,0,4,0,4,..,0,0,0,0,0,..,4,0,4,0,4,..,9,0,9,0,9,..,15,0,15,0,15,..,0,0,0,0,0,..,0,0,0,0,0,..,0,0,0,0,0,..,0,0,0,0,0,..,0,0,0,0,0,..,19,4,26,0,24,..,78,14,89,0,89,..,10,0,10,317,329,3244,87,14,99,316,3660
LGA34770,..,30,4,37,0,35,..,66,11,74,0,74,..,168,13,182,0,182,..,135,11,149,5,153,..,79,7,86,0,86,..,55,6,61,0,61,..,158,5,166,0,165,..,660,57,721,7,724,..,193,20,213,6,219,..,57,3,64,0,68,..,22,9,27,0,27,..,4,0,4,0,4,..,289,20,311,4,314,..,22,3,22,0,22,..,39,4,41,0,41,..,51,0,51,0,51,..,50,4,53,0,57,..,24,0,24,3,27,..,498,36,533,10,546,..,59,0,63,0,62,..,768,38,807,16,820,..,68,4,79,0,74,..,1392,84,1480,22,1499,..,135,10,141,0,143,..,48,0,52,0,52,..,151,20,173,0,174,..,9,0,9,0,9,..,50,24,81,0,81,..,998,156,1148,31,1184,..,5615,601,6218,95,6310,..,325,20,341,8697,9040,99620,5939,620,6555,8792,114969
LGA34800,..,0,0,0,0,0,..,0,0,0,0,0,..,3,0,3,0,3,..,3,0,3,0,3,..,0,0,0,0,0,..,0,0,0,0,0,..,0,0,0,0,0,..,3,0,3,0,3,..,0,0,0,0,0,..,0,0,0,0,0,..,0,0,0,0,0,..,0,0,0,0,0,..,0,0,0,0,0,..,0,0,0,0,0,..,0,0,0,0,0,..,0,0,0,0,0,..,0,0,0,0,0,..,0,0,0,0,0,..,0,0,0,0,0,..,0,0,0,0,0,..,0,0,0,0,0,..,0,0,0,0,0,..,0,0,0,0,0,..,0,0,0,0,0,..,0,0,0,0,0,..,0,0,0,0,0,..,0,0,0,0,0,..,0,0,0,0,0,..,6,0,6,0,6,..,17,0,17,0,17,..,0,0,0,61,61,717,17,0,17,61,796
LGA34830,..,0,0,0,0,0,..,0,0,0,0,0,..,0,0,0,0,0,..,0,0,0,0,0,..,0,0,0,0,0,..,0,0,0,0,0,..,0,0,0,0,0,..,0,0,0,0,0,..,0,0,0,0,0,..,0,0,0,0,0,..,0,0,0,0,0,..,0,0,0,0,0,..,0,0,0,0,0,..,0,0,0,0,0,..,0,0,0,0,0,..,0,0,0,0,0,..,0,0,0,0,0,..,0,0,0,0,0,..,0,0,0,0,0,..,0,0,0,0,0,..,0,0,0,0,0,..,0,0,0,0,0,..,0,0,0,0,0,..,0,0,0,0,0,..,0,0,0,0,0,..,0,0,0,0,0,..,0,0,0,0,0,..,0,0,0,0,0,..,16,3,15,0,15,..,27,3,28,0,29,..,0,0,0,12,10,270,28,3,27,14,310
LGA34860,..,0,0,0,0,0,..,4,3,5,0,5,..,11,0,16,0,16,..,45,11,50,0,50,..,5,0,5,0,5,..,0,0,0,0,0,..,13,0,13,0,13,..,85,16,96,0,96,..,6,0,6,0,5,..,0,0,0,0,0,..,6,0,9,0,9,..,0,0,0,0,0,..,0,0,0,0,0,..,0,0,0,0,0,..,0,0,0,0,0,..,3,0,3,0,3,..,3,0,3,0,3,..,0,0,0,0,0,..,55,0,56,0,56,..,3,0,3,0,3,..,103,3,103,0,103,..,4,0,4,0,4,..,158,4,165,0,165,..,16,0,16,0,15,..,0,0,0,0,0,..,3,0,3,0,3,..,0,0,0,0,0,..,3,0,3,0,3,..,60,17,74,3,78,..,424,47,470,12,480,..,31,0,33,1189,1222,10959,455,53,505,1194,12666
LGA34880,..,20,4,29,0,29,..,0,0,0,0,0,..,9,0,9,0,9,..,29,9,36,0,37,..,5,0,5,0,5,..,3,0,3,0,3,..,13,4,15,0,18,..,62,11,68,4,71,..,707,142,853,12,865,..,43,13,61,0,62,..,14,17,34,0,34,..,0,0,0,0,0,..,4,0,4,0,4,..,6,0,6,0,6,..,12,0,12,0,9,..,6,0,6,0,6,..,10,0,10,0,10,..,5,0,11,0,10,..,32,0,32,0,33,..,7,0,7,0,7,..,26,0,27,0,27,..,10,0,10,0,10,..,82,0,85,0,88,..,41,10,53,3,56,..,0,0,0,0,0,..,21,3,27,0,27,..,3,0,3,0,3,..,4,3,9,0,9,..,212,37,246,10,257,..,1796,343,2141,41,2183,..,95,6,100,2939,3039,16333,1890,352,2244,2983,21557
LGA35010,..,321,19,337,3,341,..,111,7,119,0,118,..,1395,54,1446,18,1463,..,662,78,745,13,758,..,212,12,225,3,222,..,120,10,129,0,133,..,543,48,591,5,598,..,3043,204,3250,41,3289,..,1080,81,1161,26,1187,..,502,114,615,3,614,..,319,290,613,0,613,..,43,4,46,0,46,..,101,4,104,4,104,..,213,37,249,0,249,..,404,29,435,7,436,..,388,58,448,0,448,..,1837,165,2006,32,2037,..,138,13,151,0,151,..,920,21,942,5,946,..,226,14,246,7,249,..,1491,57,1549,22,1568,..,201,7,207,0,208,..,2843,103,2946,33,2978,..,1131,123,1258,16,1277,..,161,20,184,0,184,..,462,85,545,8,548,..,65,8,70,0,70,..,349,136,480,3,485,..,5053,843,5895,157,6056,..,25444,3432,28877,407,29288,..,1058,79,1133,23508,24638,371380,26502,3505,30007,23914,425302
LGA35250,..,0,0,0,0,0,..,0,0,0,0,0,..,0,0,0,0,0,..,0,0,0,0,0,..,0,0,0,0,0,..,0,0,0,0,0,..,0,0,0,0,0,..,0,0,0,0,0,..,0,0,0,0,0,..,0,0,0,0,0,..,0,0,0,0,0,..,0,0,0,0,0,..,0,0,0,0,0,..,0,0,0,0,0,..,0,0,0,0,0,..,0,0,0,0,0,..,0,0,0,0,0,..,0,0,0,0,0,..,0,0,0,0,0,..,0,0,0,0,0,..,8,0,8,0,8,..,0,0,0,0,0,..,4,0,4,0,4,..,0,0,0,0,0,..,0,0,0,0,0,..,0,0,0,0,0,..,0,0,0,0,0,..,0,0,0,0,0,..,10,0,11,3,14,..,89,3,98,44,141,..,4,3,8,72,84,915,97,6,106,117,1143
LGA35300,..,19,4,20,0,25,..,3,0,3,0,3,..,66,3,73,0,73,..,22,3,21,0,21,..,24,0,24,0,24,..,11,7,10,0,15,..,26,0,30,0,30,..,142,16,157,0,162,..,37,5,45,3,42,..,9,0,9,0,9,..,0,0,3,0,3,..,0,0,0,0,0,..,0,0,0,0,0,..,0,0,0,0,0,..,15,0,15,0,15,..,17,0,14,0,14,..,41,3,45,0,45,..,8,0,8,0,8,..,171,4,177,3,183,..,24,0,24,0,24,..,142,3,149,0,150,..,16,3,23,0,23,..,358,14,372,4,371,..,32,3,32,0,32,..,41,3,43,0,43,..,15,0,18,0,18,..,3,0,3,0,3,..,10,0,9,0,9,..,444,44,487,21,507,..,1444,124,1569,32,1602,..,55,9,65,2149,2213,14855,1506,132,1632,2182,18671
LGA35600,..,0,0,0,0,0,..,0,0,0,0,0,..,3,0,3,0,3,..,0,0,0,0,0,..,0,0,0,0,0,..,0,0,0,0,0,..,0,0,0,0,0,..,3,0,3,0,3,..,0,0,0,0,0,..,0,0,0,0,0,..,0,0,0,0,0,..,0,0,0,0,0,..,0,0,0,0,0,..,0,0,0,0,0,..,0,0,0,0,0,..,0,0,0,0,0,..,0,0,0,0,0,..,0,0,0,0,0,..,4,0,4,0,4,..,0,0,0,0,0,..,6,0,6,0,6,..,0,0,0,0,0,..,9,0,9,0,9,..,0,0,0,0,0,..,0,0,0,0,0,..,4,0,3,0,3,..,0,0,0,0,0,..,49,58,111,3,116,..,18,0,22,3,26,..,114,64,185,8,185,..,8,0,8,284,288,3831,127,64,192,289,4307
LGA35670,..,0,0,0,0,0,..,0,0,0,0,0,..,0,0,0,0,0,..,0,0,0,0,0,..,0,0,0,0,0,..,0,0,0,0,0,..,0,0,0,0,0,..,0,0,0,0,0,..,0,0,0,0,0,..,0,0,0,0,0,..,0,0,0,0,0,..,0,0,0,0,0,..,0,0,0,0,0,..,0,0,0,0,0,..,0,0,0,0,0,..,0,0,0,0,0,..,0,0,0,0,0,..,0,0,0,0,0,..,0,0,0,0,0,..,0,0,0,0,0,..,0,0,0,0,0,..,0,0,0,0,0,..,0,0,0,0,0,..,0,0,0,0,0,..,0,0,0,0,0,..,0,0,0,0,0,..,0,0,0,0,0,..,0,0,0,0,0,..,119,0,116,0,116,..,309,17,320,0,324,..,3,0,3,24,21,608,308,17,325,24,957
LGA35740,..,58,3,65,0,65,..,6,0,6,0,6,..,32,3,31,0,31,..,12,0,12,0,12,..,3,0,3,0,3,..,0,0,0,0,0,..,30,4,34,0,34,..,82,6,84,0,87,..,176,5,185,0,187,..,85,8,95,0,98,..,31,4,34,0,34,..,7,0,12,0,12,..,15,0,12,0,12,..,0,0,0,0,0,..,35,0,37,3,34,..,27,0,30,0,30,..,3,0,3,0,4,..,11,0,9,0,9,..,36,0,36,0,36,..,48,10,55,4,55,..,52,0,56,0,56,..,23,0,23,0,23,..,155,11,171,4,169,..,153,11,163,3,166,..,3,0,3,0,3,..,66,17,76,0,76,..,6,0,6,0,6,..,25,8,32,0,32,..,425,50,478,15,493,..,2414,194,2606,38,2646,..,151,5,152,3201,3359,46145,2565,197,2764,3240,52149
LGA35760,..,0,0,0,0,0,..,0,0,0,0,0,..,3,0,4,0,4,..,3,0,3,0,3,..,3,0,3,0,3,..,5,0,7,0,7,..,28,3,26,3,28,..,45,5,47,3,46,..,15,6,23,0,23,..,6,3,10,0,10,..,36,41,76,0,76,..,0,0,0,0,0,..,0,0,0,0,0,..,0,0,0,0,0,..,0,0,0,0,0,..,0,0,0,0,0,..,0,0,0,0,0,..,0,0,0,0,0,..,31,3,31,3,32,..,3,0,3,0,3,..,30,0,31,0,31,..,4,0,7,0,7,..,65,7,72,3,74,..,7,0,6,0,6,..,3,0,3,0,3,..,3,0,9,0,9,..,0,0,0,0,0,..,3,0,3,0,3,..,109,22,131,3,132,..,381,105,491,8,499,..,37,5,44,1146,1181,8803,416,109,529,1151,10478
LGA35780,..,0,0,0,0,0,..,0,0,0,0,0,..,0,0,0,0,0,..,0,0,0,0,0,..,0,0,0,0,0,..,0,0,0,0,0,..,0,0,0,0,0,..,3,0,3,0,3,..,0,0,0,0,0,..,0,0,0,0,0,..,0,0,0,0,0,..,0,0,0,0,0,..,0,0,0,0,0,..,0,0,0,0,0,..,0,0,0,0,0,..,0,0,0,0,0,..,0,0,0,0,0,..,0,0,0,0,0,..,0,0,0,0,0,..,0,0,0,0,0,..,5,0,5,0,5,..,0,0,0,0,0,..,5,0,5,0,5,..,0,0,0,0,0,..,3,0,3,0,3,..,0,0,0,0,0,..,0,0,0,0,0,..,0,0,0,0,0,..,1082,233,1318,19,1331,..,1821,392,2211,24,2237,..,9,45,53,116,165,400,1827,435,2264,135,2796
LGA35790,..,0,0,0,0,0,..,0,0,0,0,0,..,0,0,0,0,0,..,0,0,0,0,0,..,0,0,0,0,0,..,0,0,0,0,0,..,0,0,0,0,0,..,0,0,0,0,0,..,0,0,0,0,0,..,0,0,0,0,0,..,0,0,0,0,0,..,0,0,0,0,0,..,0,0,0,0,0,..,0,0,0,0,0,..,0,0,0,0,0,..,0,0,0,0,0,..,0,0,0,0,0,..,0,0,0,0,0,..,0,0,0,0,0,..,0,0,0,0,0,..,0,0,0,0,0,..,0,0,0,0,0,..,0,0,0,0,0,..,0,0,0,0,0,..,0,0,0,0,0,..,0,0,0,0,0,..,0,0,0,0,0,..,0,0,0,0,0,..,63,4,67,13,74,..,102,14,116,24,142,..,0,3,3,58,62,2238,102,17,117,89,2446
LGA35800,..,0,0,0,0,0,..,0,0,0,0,0,..,0,0,0,0,0,..,0,0,0,0,0,..,0,0,0,0,0,..,0,0,0,0,0,..,0,0,0,0,0,..,0,0,0,0,0,..,0,0,0,0,0,..,0,0,0,0,0,..,0,0,0,0,0,..,0,0,0,0,0,..,0,0,0,0,0,..,0,0,0,0,0,..,0,0,0,0,0,..,0,0,0,0,0,..,0,0,0,0,0,..,0,0,0,0,0,..,0,0,0,0,0,..,0,0,3,0,3,..,0,0,0,0,0,..,0,0,0,0,0,..,0,0,3,0,3,..,0,0,0,0,0,..,0,0,0,0,0,..,0,0,0,0,0,..,0,0,0,0,0,..,0,0,0,0,0,..,5,0,5,0,5,..,20,0,19,0,19,..,8,0,8,117,119,1503,28,0,28,117,1640
LGA36070,..,0,0,0,0,0,..,0,0,0,0,0,..,0,0,0,0,0,..,0,0,0,0,0,..,0,0,0,0,0,..,0,0,0,0,0,..,0,0,0,0,0,..,0,0,0,0,0,..,0,0,0,0,0,..,0,0,0,0,0,..,0,0,0,0,0,..,0,0,0,0,0,..,0,0,0,0,0,..,0,0,0,0,0,..,0,0,0,0,0,..,0,0,0,0,0,..,0,0,0,0,0,..,0,0,0,0,0,..,0,0,0,0,0,..,0,0,0,0,0,..,0,0,0,0,0,..,0,0,0,0,0,..,0,0,0,0,3,..,0,0,0,0,0,..,0,0,0,0,0,..,0,0,0,0,0,..,0,0,0,0,0,..,0,0,0,0,0,..,3,0,3,0,3,..,438,10,451,9,452,..,3,0,7,20,27,268,445,5,451,24,749
LGA36150,..,0,0,0,0,0,..,0,0,0,0,0,..,0,0,0,0,0,..,0,0,0,0,0,..,0,0,0,0,0,..,0,0,0,0,0,..,0,0,0,0,0,..,0,0,0,0,0,..,0,0,0,0,0,..,0,0,0,0,0,..,0,0,0,0,0,..,0,0,0,0,0,..,0,0,0,0,0,..,0,0,0,0,0,..,0,0,0,0,0,..,0,0,0,0,0,..,0,0,0,0,0,..,3,0,3,0,3,..,0,0,0,0,0,..,0,0,0,0,0,..,0,0,0,0,0,..,0,0,0,0,0,..,0,0,0,0,0,..,0,0,0,0,0,..,0,0,0,0,0,..,0,0,0,0,0,..,0,0,0,0,0,..,0,0,0,0,0,..,0,0,0,0,0,..,9,0,9,0,9,..,3,0,3,38,38,764,12,0,12,38,813
LGA36250,..,313,19,335,0,335,..,11,0,11,0,11,..,266,5,271,4,278,..,270,30,295,7,300,..,107,4,107,0,107,..,37,4,36,0,36,..,135,9,146,0,146,..,824,57,881,8,885,..,407,32,444,10,455,..,204,22,221,0,226,..,73,15,88,4,93,..,17,4,21,0,21,..,40,0,46,0,46,..,73,8,85,3,87,..,182,24,205,0,205,..,159,27,188,0,192,..,96,11,108,0,104,..,79,12,91,0,91,..,203,12,214,0,210,..,86,3,85,0,88,..,302,4,305,4,307,..,63,4,67,0,67,..,651,19,666,3,677,..,377,39,416,3,416,..,60,0,58,0,60,..,147,27,175,4,179,..,44,7,57,0,58,..,146,40,189,3,189,..,1776,289,2066,23,2089,..,8727,932,9659,115,9772,..,339,32,374,6110,6489,130749,9070,968,10038,6227,147010
LGA36300,..,0,0,0,0,0,..,0,0,0,0,0,..,0,0,0,0,0,..,0,0,0,0,0,..,0,0,0,0,0,..,0,0,0,0,0,..,0,0,0,0,0,..,4,0,4,0,4,..,0,0,0,0,0,..,7,0,7,0,7,..,0,0,0,0,0,..,0,0,0,0,0,..,0,0,0,0,0,..,0,0,0,0,0,..,0,0,0,0,0,..,0,0,0,0,0,..,0,0,0,0,0,..,0,0,0,0,0,..,0,0,0,0,0,..,0,0,0,0,0,..,0,0,0,0,0,..,0,0,0,0,0,..,0,0,0,0,0,..,0,0,0,0,0,..,0,0,0,0,0,..,0,0,0,0,0,..,0,0,0,0,0,..,0,0,0,0,0,..,3,0,3,0,3,..,18,0,18,0,18,..,3,0,5,63,64,710,20,0,20,63,791
LGA36370,..,27,3,27,0,29,..,102,12,109,0,112,..,138,3,140,0,139,..,148,14,162,3,163,..,97,8,98,0,101,..,34,6,42,0,39,..,182,24,206,0,206,..,696,62,754,10,768,..,34,0,34,0,30,..,40,0,46,0,45,..,60,23,82,0,82,..,0,0,0,0,0,..,0,0,0,0,0,..,31,7,37,0,37,..,15,0,18,0,18,..,27,0,28,0,28,..,22,0,22,0,22,..,0,0,0,0,0,..,233,10,243,0,241,..,27,4,29,0,29,..,339,16,357,0,357,..,63,9,70,0,70,..,656,38,698,5,708,..,62,5,67,0,67,..,131,74,206,0,206,..,71,10,81,0,78,..,5,0,5,0,5,..,212,196,415,0,411,..,860,311,1175,26,1197,..,3719,840,4564,62,4624,..,190,10,207,5381,5586,69520,3916,851,4765,5442,79726
LGA36510,..,17,0,17,0,16,..,0,0,0,0,0,..,13,3,17,0,17,..,29,0,28,0,28,..,3,0,3,0,3,..,3,0,3,0,3,..,12,0,14,0,12,..,57,6,57,3,63,..,36,3,37,0,41,..,62,11,73,0,73,..,20,65,81,0,88,..,0,0,0,0,0,..,10,0,8,0,8,..,3,0,3,0,3,..,30,3,31,0,31,..,31,7,37,0,36,..,3,0,3,0,3,..,10,4,16,0,16,..,16,0,16,0,21,..,19,0,19,0,19,..,35,0,35,0,35,..,13,0,13,0,13,..,92,0,92,0,93,..,42,0,39,0,44,..,4,0,4,0,4,..,26,6,32,0,32,..,0,0,0,0,0,..,9,0,9,0,9,..,213,17,232,4,239,..,1121,145,1266,12,1282,..,95,3,98,3049,3152,35640,1222,148,1367,3064,40072
LGA36580,..,10,0,7,0,7,..,12,8,18,0,18,..,11,0,14,0,14,..,8,0,7,0,7,..,0,0,0,0,0,..,0,0,0,0,0,..,0,0,0,0,0,..,29,8,40,0,40,..,16,0,16,0,16,..,7,0,13,0,13,..,18,14,32,0,32,..,3,0,3,0,3,..,3,0,3,0,3,..,3,0,3,0,3,..,9,0,9,0,9,..,15,3,17,0,17,..,24,0,24,0,26,..,4,0,4,0,4,..,111,6,120,3,118,..,3,0,4,0,4,..,149,9,160,5,160,..,38,8,48,0,48,..,298,32,332,6,341,..,19,3,17,0,23,..,3,0,3,0,3,..,30,3,27,0,27,..,0,0,0,0,0,..,36,40,83,0,83,..,78,21,99,0,99,..,840,160,1002,12,1012,..,68,0,68,1895,1967,21618,908,164,1074,1904,24597
LGA36630,..,3,0,3,0,3,..,8,0,8,0,8,..,19,0,19,0,19,..,11,0,11,0,11,..,20,0,20,0,20,..,0,0,0,0,0,..,22,3,21,0,21,..,70,3,70,0,70,..,29,0,29,0,29,..,5,3,5,0,5,..,4,5,11,0,11,..,0,0,0,0,0,..,3,0,3,0,3,..,3,0,3,0,3,..,8,0,12,0,12,..,7,0,7,0,7,..,5,3,12,0,12,..,0,0,0,0,0,..,88,8,94,0,94,..,3,0,3,0,3,..,81,0,77,0,77,..,12,0,13,0,13,..,187,10,190,0,190,..,13,0,13,0,13,..,0,0,0,0,0,..,12,3,15,0,15,..,0,0,0,0,0,..,19,10,27,0,23,..,122,17,144,3,149,..,717,67,781,7,792,..,127,23,148,2284,2429,28966,841,87,925,2293,32186
LGA36660,..,11,0,15,0,15,..,6,0,6,0,6,..,30,3,29,0,36,..,16,0,20,0,20,..,0,0,0,0,0,..,5,0,5,0,5,..,10,3,14,0,14,..,69,4,77,0,75,..,293,60,355,6,362,..,14,8,22,0,22,..,42,39,74,0,80,..,0,0,4,0,4,..,3,0,3,0,3,..,4,0,4,0,4,..,15,6,21,0,25,..,17,0,17,0,17,..,7,0,7,0,7,..,20,0,20,0,20,..,46,0,46,0,49,..,3,0,3,0,3,..,60,4,66,3,67,..,17,0,17,0,17,..,127,4,128,3,135,..,47,4,57,0,57,..,3,0,3,0,3,..,15,5,23,0,23,..,10,0,11,0,11,..,15,5,19,0,19,..,174,39,215,5,222,..,1247,260,1508,29,1536,..,134,12,143,2004,2155,31421,1383,277,1656,2032,35110
LGA36720,..,219,20,236,4,244,..,40,4,40,3,46,..,260,14,271,3,276,..,371,33,398,3,399,..,86,3,89,0,89,..,89,4,91,0,91,..,450,39,488,11,497,..,1285,102,1384,13,1403,..,726,49,773,21,793,..,409,60,469,3,470,..,254,112,369,0,364,..,26,3,22,0,22,..,43,0,50,3,52,..,87,3,91,3,93,..,208,13,218,6,228,..,182,18,203,3,204,..,44,0,44,0,44,..,65,3,71,0,70,..,269,6,278,3,278,..,194,13,202,5,211,..,402,15,414,3,419,..,90,0,89,3,90,..,946,35,986,12,997,..,619,31,655,3,653,..,53,0,51,0,51,..,424,70,495,3,498,..,33,7,36,3,35,..,174,44,218,3,227,..,2548,363,2917,71,2983,..,13278,1352,14632,201,14832,..,716,53,768,16203,16970,262574,13992,1408,15401,16397,294367
LGA36820,..,7,0,11,0,11,..,0,0,0,0,0,..,0,0,0,0,0,..,7,0,7,0,11,..,4,0,4,0,4,..,0,0,0,0,0,..,13,4,14,0,14,..,29,4,32,0,32,..,188,35,221,3,223,..,36,4,44,0,44,..,7,3,9,0,9,..,0,0,0,0,0,..,3,0,5,0,5,..,4,0,4,0,4,..,15,0,17,0,17,..,7,0,7,0,7,..,0,0,0,0,0,..,0,0,0,0,0,..,27,0,27,0,25,..,6,0,5,0,5,..,27,0,28,0,26,..,8,3,11,0,11,..,64,3,69,3,75,..,17,0,16,0,18,..,3,0,3,0,3,..,16,0,18,0,18,..,3,0,3,0,3,..,7,0,7,0,7,..,172,30,204,21,224,..,919,106,1026,35,1064,..,73,6,76,2028,2108,21661,993,114,1102,2065,24827
LGA36910,..,56,6,58,0,63,..,133,11,143,0,143,..,250,5,256,0,256,..,265,41,307,9,315,..,234,17,248,0,250,..,82,7,89,0,90,..,446,33,484,8,486,..,1406,113,1521,12,1541,..,169,17,180,4,187,..,136,7,144,3,148,..,139,64,198,0,202,..,7,0,7,0,7,..,7,0,7,0,10,..,113,26,135,0,139,..,36,0,39,0,41,..,60,9,69,3,73,..,30,5,31,0,31,..,31,3,31,0,31,..,385,14,399,12,407,..,54,3,55,0,55,..,469,13,482,4,482,..,92,4,94,0,94,..,998,24,1025,12,1041,..,233,21,257,0,257,..,117,6,119,0,120,..,92,9,105,3,106,..,18,0,16,0,16,..,92,24,117,0,117,..,2425,627,3053,45,3094,..,8825,1527,10352,119,10471,..,364,32,399,10373,10772,139538,9188,1560,10747,10490,160779
LGA36950,..,0,0,0,0,0,..,0,0,0,0,0,..,0,0,0,0,0,..,10,0,10,0,10,..,3,0,3,0,3,..,0,0,0,0,0,..,0,0,0,0,0,..,14,0,14,0,14,..,3,0,3,0,3,..,10,0,10,0,9,..,0,0,0,0,0,..,0,0,0,0,0,..,0,0,0,0,0,..,0,0,0,0,0,..,0,0,0,0,0,..,3,0,3,0,3,..,0,0,0,0,0,..,0,0,0,0,0,..,0,0,0,0,0,..,0,0,0,0,0,..,0,0,0,0,0,..,0,0,0,0,0,..,7,0,7,0,7,..,8,0,8,0,12,..,0,0,0,0,0,..,0,0,0,0,0,..,0,0,0,0,0,..,0,0,0,0,0,..,62,14,69,4,79,..,1411,201,1610,77,1689,..,28,14,39,543,582,1335,1439,213,1650,625,3610
LGA36960,..,0,0,0,0,0,..,0,0,0,0,0,..,0,0,0,0,0,..,0,0,0,0,0,..,0,0,0,0,0,..,0,0,0,0,0,..,0,0,0,0,0,..,0,0,0,0,0,..,0,0,0,0,0,..,0,0,0,0,0,..,0,0,0,0,0,..,0,0,0,0,0,..,0,0,0,0,0,..,0,0,0,0,0,..,0,0,0,0,0,..,0,0,0,0,0,..,0,0,0,0,0,..,0,0,0,0,0,..,0,0,0,0,0,..,0,0,0,0,0,..,0,0,0,0,0,..,0,0,0,0,0,..,0,0,0,0,0,..,0,0,0,0,0,..,0,0,0,0,0,..,0,0,0,0,0,..,0,0,0,0,0,..,0,0,0,0,0,..,106,23,134,7,133,..,3166,557,3718,179,3901,..,15,12,35,341,370,243,3182,572,3753,522,4514
LGA37010,..,330,42,374,3,379,..,78,0,78,0,78,..,302,14,312,0,310,..,235,33,260,3,266,..,156,6,159,0,159,..,82,7,86,0,86,..,257,38,289,0,289,..,1104,92,1191,5,1199,..,760,70,830,14,838,..,207,22,230,0,228,..,197,81,279,0,277,..,6,0,9,0,14,..,28,0,27,0,27,..,78,7,85,0,85,..,90,5,95,0,95,..,94,19,115,0,115,..,63,5,67,0,74,..,30,3,32,0,32,..,466,22,488,3,493,..,134,16,149,0,149,..,756,33,788,9,795,..,117,6,128,0,127,..,1483,74,1552,15,1565,..,388,32,418,5,423,..,179,7,186,4,196,..,217,40,260,0,263,..,15,4,15,0,15,..,253,99,345,5,351,..,3269,680,3949,92,4040,..,11651,1577,13228,186,13417,..,431,29,466,13799,14262,159081,12080,1608,13689,13988,186757
LGA37300,..,0,0,0,0,0,..,0,0,0,0,0,..,4,0,4,0,4,..,0,0,0,0,0,..,0,0,0,0,0,..,0,0,0,0,0,..,0,0,0,0,0,..,4,0,4,0,4,..,3,0,5,0,5,..,5,0,3,0,3,..,0,0,0,0,0,..,0,0,0,0,0,..,0,0,0,0,0,..,0,0,0,0,0,..,0,0,0,0,0,..,0,0,0,0,0,..,0,0,0,0,0,..,0,0,0,0,0,..,16,0,16,0,16,..,0,0,0,0,0,..,24,0,24,0,24,..,8,0,8,0,8,..,46,0,46,0,46,..,0,0,0,0,0,..,4,0,4,0,4,..,19,3,21,0,21,..,0,0,0,0,0,..,0,0,0,0,0,..,92,21,108,0,111,..,295,31,326,10,331,..,20,0,24,371,398,3173,311,35,346,378,3905
LGA37310,..,8,0,8,0,8,..,4,0,4,0,4,..,40,0,40,0,43,..,54,9,60,0,65,..,13,0,13,0,13,..,11,0,8,0,8,..,42,3,47,0,47,..,161,10,169,3,178,..,11,0,11,0,11,..,9,0,7,0,7,..,6,9,10,0,14,..,0,0,0,0,0,..,3,0,3,0,3,..,7,0,7,0,7,..,11,0,9,0,9,..,9,0,9,0,9,..,5,0,5,0,5,..,7,0,7,0,7,..,166,6,168,0,168,..,3,0,3,0,3,..,178,7,177,3,185,..,22,4,24,0,24,..,364,15,377,3,383,..,37,8,40,0,40,..,13,4,12,0,12,..,15,5,19,0,19,..,0,0,4,0,4,..,16,0,19,5,18,..,163,30,195,6,203,..,1059,94,1159,24,1181,..,80,7,82,3522,3609,28657,1136,97,1240,3546,33444
LGA37340,..,27,0,30,0,30,..,3,0,3,0,3,..,13,0,13,0,13,..,32,8,37,0,37,..,18,0,23,0,23,..,7,0,7,0,13,..,28,0,28,0,28,..,100,10,113,0,112,..,89,7,98,3,104,..,68,23,88,0,88,..,71,88,159,0,159,..,0,0,0,0,0,..,4,0,4,0,7,..,4,0,4,0,4,..,24,3,22,0,22,..,11,0,11,0,11,..,6,0,6,0,6,..,6,0,6,0,6,..,93,0,92,3,93,..,22,3,24,0,22,..,132,0,134,0,133,..,15,0,15,0,15,..,265,3,270,4,272,..,57,0,63,0,61,..,15,4,16,0,16,..,73,17,90,0,89,..,21,3,25,0,25,..,51,20,78,0,78,..,273,31,307,3,315,..,1700,403,2105,20,2127,..,107,4,113,4162,4279,27373,1814,406,2218,4187,33778
LGA37400,..,0,0,0,0,0,..,0,0,0,0,0,..,0,0,0,0,0,..,0,0,0,0,0,..,0,0,0,0,0,..,0,0,0,0,0,..,0,0,0,0,0,..,0,0,0,0,0,..,0,0,3,0,3,..,0,0,0,0,0,..,0,0,0,0,0,..,0,0,0,0,0,..,0,0,0,0,0,..,0,0,0,0,0,..,0,0,0,0,0,..,0,0,0,0,0,..,0,0,0,0,0,..,0,0,0,0,0,..,0,0,0,0,0,..,0,0,0,0,0,..,0,0,0,0,0,..,0,0,0,0,0,..,0,0,0,0,0,..,0,0,0,0,0,..,0,0,0,0,0,..,0,0,0,0,0,..,0,0,0,0,0,..,0,0,0,0,0,..,0,0,0,0,0,..,14,3,18,0,19,..,10,0,10,108,112,1004,16,3,20,107,1134
LGA37550,..,0,0,0,0,0,..,0,0,0,0,0,..,0,0,0,0,0,..,0,0,0,0,0,..,0,0,0,0,0,..,0,0,0,0,0,..,0,0,0,0,0,..,0,0,0,0,0,..,0,0,0,0,0,..,0,0,0,0,0,..,0,0,0,0,0,..,0,0,0,0,0,..,0,0,0,0,0,..,0,0,0,0,0,..,0,0,0,0,0,..,0,0,0,0,0,..,0,0,0,0,0,..,0,0,0,0,0,..,0,0,0,0,0,..,0,0,0,0,0,..,0,0,0,0,0,..,0,0,0,0,0,..,0,0,0,0,0,..,0,0,0,0,0,..,0,0,0,0,0,..,0,0,0,0,0,..,0,0,0,0,0,..,0,0,0,0,0,..,0,0,0,0,0,..,78,0,78,10,90,..,8,0,8,46,58,817,85,0,84,61,962
LGA37570,..,0,0,0,0,0,..,0,0,0,0,0,..,0,0,0,0,0,..,0,0,0,0,0,..,0,0,0,0,0,..,0,0,0,0,0,..,0,0,0,0,0,..,0,0,0,0,0,..,0,0,0,0,0,..,0,0,0,0,0,..,0,0,0,0,0,..,0,0,0,0,0,..,0,0,0,0,0,..,0,0,0,0,0,..,0,0,0,0,0,..,0,0,0,0,0,..,0,0,0,0,0,..,0,0,0,0,0,..,0,0,0,0,0,..,0,0,0,0,0,..,0,0,0,0,0,..,0,0,0,0,0,..,0,0,0,0,0,..,0,0,0,0,0,..,0,0,0,0,0,..,0,0,0,0,0,..,0,0,0,0,0,..,0,0,0,0,0,..,3,0,3,0,3,..,175,5,182,4,186,..,0,0,3,5,5,88,176,3,184,9,282
LGA37600,..,0,0,0,0,0,..,0,0,0,0,0,..,0,0,0,0,0,..,0,0,0,0,0,..,0,0,0,0,0,..,0,0,0,0,0,..,0,0,0,0,0,..,0,0,0,0,0,..,0,0,0,0,0,..,0,0,0,0,0,..,0,0,0,0,0,..,0,0,0,0,0,..,0,0,0,0,0,..,0,0,0,0,0,..,0,0,0,0,0,..,0,0,0,0,0,..,0,0,0,0,0,..,0,0,0,0,0,..,0,0,0,0,0,..,0,0,0,0,0,..,0,0,0,0,0,..,0,0,0,0,0,..,0,0,0,0,0,..,0,0,0,0,0,..,0,0,0,0,0,..,0,0,0,0,0,..,0,0,0,0,0,..,0,0,0,0,0,..,0,3,3,0,3,..,244,20,266,40,303,..,11,0,11,81,92,2165,260,20,276,123,2559
LGA39499,..,9,0,11,0,11,..,0,0,0,0,0,..,16,3,19,0,19,..,9,0,14,0,14,..,8,0,8,0,8,..,4,0,4,0,4,..,18,0,18,0,18,..,59,3,65,0,65,..,68,10,70,3,71,..,11,17,29,3,28,..,14,30,46,0,46,..,0,0,0,0,0,..,0,0,0,0,0,..,13,0,13,0,13,..,20,0,20,0,20,..,9,3,11,0,11,..,11,0,13,0,13,..,0,0,0,0,0,..,13,0,13,0,13,..,16,0,16,0,16,..,16,0,16,0,16,..,10,0,15,0,11,..,55,0,58,0,57,..,57,3,59,0,59,..,6,0,4,0,4,..,7,7,10,0,14,..,0,0,0,0,0,..,15,14,32,0,32,..,218,42,257,10,269,..,1024,247,1275,22,1293,..,29,6,35,2483,2524,8697,1060,255,1312,2504,12510
LGA39799,..,0,0,0,0,0,..,0,0,0,0,0,..,0,0,0,0,0,..,0,0,0,0,0,..,0,0,0,0,0,..,0,0,0,0,0,..,0,0,0,0,0,..,0,0,0,0,0,..,4,0,4,0,4,..,0,0,0,0,0,..,0,0,0,0,0,..,0,0,0,0,0,..,0,0,0,0,0,..,0,0,0,0,0,..,0,0,0,0,0,..,0,0,0,0,0,..,0,0,0,0,0,..,0,0,0,0,0,..,0,0,0,0,0,..,0,0,0,0,0,..,0,0,0,0,0,..,0,0,0,0,0,..,0,0,0,0,0,..,3,0,3,0,3,..,0,0,0,0,0,..,5,0,5,0,5,..,0,0,0,0,0,..,0,0,0,0,0,..,0,0,0,0,0,..,21,0,21,0,21,..,3,0,3,22,23,110,20,0,20,22,150
