LGA_CODE_2016,D_18_20_FPULPTW_MPTLF,D_18_20_FPULPTW_MPNLF,D_18_20_FPULPTW_MPLFSNS,D_18_20_FPULPTW_T,D_18_20_FPUT_MPEFT,D_18_20_FPUT_MPEPT,D_18_20_FPUT_MPEAW,D_18_20_FPUT_MPEHNS,D_18_20_FPUT_MPET,D_18_20_FPUT_MPULFTW,D_18_20_FPUT_MPULPTW,D_18_20_FPUT_MPUT,D_18_20_FPUT_MPTLF,D_18_20_FPUT_MPNLF,D_18_20_FPUT_MPLFSNS,D_18_20_FPUT_T,D_18_20_FPTLF_MPEFT,D_18_20_FPTLF_MPEPT,D_18_20_FPTLF_MPEAW,D_18_20_FPTLF_MPEHNS,D_18_20_FPTLF_MPET,D_18_20_FPTLF_MPULFTW,D_18_20_FPTLF_MPULPTW,D_18_20_FPTLF_MPUT,D_18_20_FPTLF_MPTLF,D_18_20_FPTLF_MPNLF,D_18_20_FPTLF_MPLFSNS,D_18_20_FPTLF_T,D_18_20_FPNLF_MPEFT,D_18_20_FPNLF_MPEPT,D_18_20_FPNLF_MPEAW,D_18_20_FPNLF_MPEHNS,D_18_20_FPNLF_MPET,D_18_20_FPNLF_MPULFTW,D_18_20_FPNLF_MPULPTW,D_18_20_FPNLF_MPUT,D_18_20_FPNLF_MPTLF,D_18_20_FPNLF_MPNLF,D_18_20_FPNLF_MPLFSNS,D_18_20_FPNLF_T,D_18_20_FPLFSNS_MPEFT,D_18_20_FPLFSNS_MPEPT,D_18_20_FPLFSNS_MPEAW,D_18_20_FPLFSNS_MPEHNS,D_18_20_FPLFSNS_MPET,D_18_20_FPLFSNS_MPULFTW,D_18_20_FPLFSNS_MPULPTW,D_18_20_FPLFSNS_MPUT,D_18_20_FPLFSNS_MPTLF,D_18_20_FPLFSNS_MPNLF,D_18_20_FPLFSNS_MPLFSNS,D_18_20_FPLFSNS_T,D_18_20_FPT_MPEFT,D_18_20_FPT_MPEPT,D_18_20_FPT_MPEAW,D_18_20_FPT_MPEHNS,D_18_20_FPT_MPET,D_18_20_FPT_MPULFTW,D_18_20_FPT_MPULPTW,D_18_20_FPT_MPUT,D_18_20_FPT_MPTLF,D_18_20_FPT_MPNLF,D_18_20_FPT_MPLFSNS,D_18_20_FPT_T,D_21_24_FPEFT_MPEFT,D_21_24_FPEFT_MPEPT,D_21_24_FPEFT_MPEAW,D_21_24_FPEFT_MPEHNS,D_21_24_FPEFT_MPET,D_21_24_FPEFT_MPULFTW,D_21_24_FPEFT_MPULPTW,D_21_24_FPEFT_MPUT,D_21_24_FPEFT_MPTLF,D_21_24_FPEFT_MPNLF,D_21_24_FPEFT_MPLFSNS,D_21_24_FPEFT_T,D_21_24_FPEPT_MPEFT,D_21_24_FPEPT_MPEPT,D_21_24_FPEPT_MPEAW,D_21_24_FPEPT_MPEHNS,D_21_24_FPEPT_MPET,D_21_24_FPEPT_MPULFTW,D_21_24_FPEPT_MPULPTW,D_21_24_FPEPT_MPUT,D_21_24_FPEPT_MPTLF,D_21_24_FPEPT_MPNLF,D_21_24_FPEPT_MPLFSNS,D_21_24_FPEPT_T,D_21_24_FPEAW_MPEFT,D_21_24_FPEAW_MPEPT,D_21_24_FPEAW_MPEAW,D_21_24_FPEAW_MPEHNS,D_21_24_FPEAW_MPET,D_21_24_FPEAW_MPULFTW,D_21_24_FPEAW_MPULPTW,D_21_24_FPEAW_MPUT,D_21_24_FPEAW_MPTLF,D_21_24_FPEAW_MPNLF,D_21_24_FPEAW_MPLFSNS,D_21_24_FPEAW_T,D_21_24_FPHNS_MPEFT,D_21_24_FPHNS_MPEPT,D_21_24_FPHNS_MPEAW,D_21_24_FPHNS_MPEHNS,D_21_24_FPHNS_MPET,D_21_24_FPHNS_MPULFTW,D_21_24_FPHNS_MPULPTW,D_21_24_FPHNS_MPUT,D_21_24_FPHNS_MPTLF,D_21_24_FPHNS_MPNLF,D_21_24_FPHNS_MPLFSNS,D_21_24_FPHNS_T,D_21_24_FPET_MPEFT,D_21_24_FPET_MPEPT,D_21_24_FPET_MPEAW,D_21_24_FPET_MPEHNS,D_21_24_FPET_MPET,D_21_24_FPET_MPULFTW,D_21_24_FPET_MPULPTW,D_21_24_FPET_MPUT,D_21_24_FPET_MPTLF,D_21_24_FPET_MPNLF,D_21_24_FPET_MPLFSNS,D_21_24_FPET_T,D_21_24_FPULFTW_MPEFT,D_21_24_FPULFTW_MPEPT,D_21_24_FPULFTW_MPEAW,D_21_24_FPULFTW_MPEHNS,D_21_24_FPULFTW_MPET,D_21_24_FPULFTW_MPULFTW,D_21_24_FPULFTW_MPULPTW,D_21_24_FPULFTW_MPUT,D_21_24_FPULFTW_MPTLF,D_21_24_FPULFTW_MPNLF,D_21_24_FPULFTW_MPLFSNS,D_21_24_FPULFTW_T,D_21_24_FPULPTW_MPEFT,D_21_24_FPULPTW_MPEPT,D_21_24_FPULPTW_MPEAW,D_21_24_FPULPTW_MPEHNS,D_21_24_FPULPTW_MPET,D_21_24_FPULPTW_MPULFTW,D_21_24_FPULPTW_MPULPTW,D_21_24_FPULPTW_MPUT,D_21_24_FPULPTW_MPTLF,D_21_24_FPULPTW_MPNLF,D_21_24_FPULPTW_MPLFSNS,D_21_24_FPULPTW_T,D_21_24_FPUT_MPEFT,D_21_24_FPUT_MPEPT,D_21_24_FPUT_MPEAW,D_21_24_FPUT_MPEHNS,D_21_24_FPUT_MPET,D_21_24_FPUT_MPULFTW,D_21_24_FPUT_MPULPTW,D_21_24_FPUT_MPUT,D_21_24_FPUT_MPTLF,D_21_24_FPUT_MPNLF,D_21_24_FPUT_MPLFSNS,D_21_24_FPUT_T,D_21_24_FPTLF_MPEFT,D_21_24_FPTLF_MPEPT,D_21_24_FPTLF_MPEAW,D_21_24_FPTLF_MPEHNS,D_21_24_FPTLF_MPET,D_21_24_FPTLF_MPULFTW,D_21_24_FPTLF_MPULPTW,D_21_24_FPTLF_MPUT,D_21_24_FPTLF_MPTLF,D_21_24_FPTLF_MPNLF,D_21_24_FPTLF_MPLFSNS,D_21_24_FPTLF_T,D_21_24_FPNLF_MPEFT,D_21_24_FPNLF_MPEPT,D_21_24_FPNLF_MPEAW,D_21_24_FPNLF_MPEHNS,D_21_24_FPNLF_MPET,D_21_24_FPNLF_MPULFTW,D_21_24_FPNLF_MPULPTW,D_21_24_FPNLF_MPUT,D_21_24_FPNLF_MPTLF,D_21_24_FPNLF_MPNLF,D_21_24_FPNLF_MPLFSNS,D_21_24_FPNLF_T,D_21_24_FPLFSNS_MPEFT,D_21_24_FPLFSNS_MPEPT,D_21_24_FPLFSNS_MPEAW,D_21_24_FPLFSNS_MPEHNS,D_21_24_FPLFSNS_MPET,D_21_24_FPLFSNS_MPULFTW,D_21_24_FPLFSNS_MPULPTW,D_21_24_FPLFSNS_MPUT,D_21_24_FPLFSNS_MPTLF,D_21_24_FPLFSNS_MPNLF,D_21_24_FPLFSNS_MPLFSNS,D_21_24_FPLFSNS_T,D_21_24_FPT_MPEFT,D_21_24_FPT_MPEPT,D_21_24_FPT_MPEAW,D_21_24_FPT_MPEHNS
LGA30250,0,0,0,0,0,0,0,0,0,0,0,0,0,0,0,0,0,0,0,0,0,0,0,0,0,0,0,0,0,0,0,0,0,0,0,0,0,0,0,0,0,0,0,0,0,0,0,0,0,0,0,0,0,0,0,0,0,0,0,0,0,0,0,4,0,0,0,0,0,0,0,0,0,0,0,0,0,0,0,0,0,0,0,0,0,0,0,0,0,0,0,0,0,0,0,0,0,0,0,0,0,0,0,0,0,0,0,0,0,0,0,0,0,0,0,0,0,0,0,0,0,0,0,0,0,0,0,0,0,0,0,0,0,0,0,0,0,0,0,0,0,0,0,0,0,0,0,0,0,0,0,0,0,0,0,0,0,0,0,0,0,0,0,0,0,0,0,0,0,0,0,0,0,0,0,0,0,0,0,0,0,0,0,0,0,0,0,0,0,0,0,0,0,0,0,0,0,0,0,0
LGA30300,0,0,0,0,0,0,0,0,0,0,0,0,0,0,0,0,0,0,0,0,0,0,0,0,0,0,0,0,0,0,0,0,0,0,0,0,0,0,0,0,0,0,0,0,0,0,0,0,0,0,0,0,0,0,0,0,0,0,0,0,0,0,0,3,0,0,0,0,0,0,0,0,0,0,0,0,0,0,0,0,0,0,0,0,0,0,0,0,0,0,0,0,0,0,0,0,0,0,0,0,0,0,0,0,0,0,0,0,0,0,0,0,0,0,0,0,0,0,0,0,0,0,0,0,0,0,0,0,0,0,0,0,0,0,0,0,0,0,0,0,0,0,0,0,0,0,0,0,0,0,0,0,0,0,0,0,0,0,0,0,0,0,0,0,0,0,0,0,0,0,0,0,0,0,0,0,0,0,0,0,0,0,0,0,0,0,0,0,0,0,0,0,0,0,0,0,0,0,0,0
LGA30370,0,0,0,0,0,0,0,0,0,0,0,0,0,0,0,0,6,0,0,0,7,0,0,0,9,0,0,9,0,0,0,0,0,0,0,0,0,0,0,0,0,0,0,0,0,0,0,0,0,0,0,0,11,0,0,0,10,0,0,0,14,0,0,14,3,0,0,0,3,0,0,0,3,0,0,3,0,0,0,0,0,0,0,0,0,0,0,0,0,0,0,0,0,0,0,0,0,0,0,0,0,0,0,0,0,0,0,0,0,0,0,0,3,0,0,0,6,0,0,0,6,0,0,6,0,0,0,0,0,0,0,0,0,0,0,0,0,0,0,0,0,0,0,0,0,0,0,0,0,0,0,0,0,0,0,0,0,0,0,0,3,0,0,0,6,0,0,0,6,0,0,6,0,0,0,0,0,0,0,0,0,0,0,0,0,0,0,0,0,0,0,0,0,0,0,0,3,0,0,0
LGA30410,0,0,0,0,0,0,0,0,0,0,0,0,0,0,0,0,0,0,0,0,0,0,0,0,0,0,0,0,0,0,0,0,0,0,0,0,0,0,0,0,0,0,0,0,0,0,0,0,0,0,0,0,0,0,0,0,0,0,0,0,0,0,0,0,0,0,0,0,0,0,0,0,0,0,0,0,0,0,0,0,0,0,0,0,0,0,0,0,0,0,0,0,0,0,0,0,0,0,0,0,0,0,0,0,0,0,0,0,0,0,0,0,0,0,0,0,0,0,0,0,0,0,0,0,0,0,0,0,0,0,0,0,0,0,0,0,0,0,0,0,0,0,0,0,0,0,0,0,0,0,0,0,0,0,0,0,0,0,0,0,0,0,0,0,0,0,0,0,0,0,0,0,0,0,0,0,0,0,0,0,0,0,0,0,0,0,0,0,0,0,0,0,0,0,0,0,0,0,0,0
LGA30450,0,0,0,0,0,0,0,0,0,0,0,0,0,0,0,0,0,0,0,0,0,0,0,0,0,0,0,0,0,0,0,0,0,0,0,0,0,0,0,0,0,0,0,0,0,0,0,0,0,0,0,0,0,0,0,0,0,0,0,0,0,0,0,0,0,0,0,0,0,0,0,0,0,0,0,0,0,0,0,0,0,0,0,0,0,0,0,0,0,0,0,0,0,0,0,0,0,0,0,0,0,0,0,0,0,0,0,0,0,0,0,0,0,0,0,0,0,0,0,0,0,0,0,0,0,0,0,0,0,0,0,0,0,0,0,0,0,0,0,0,0,0,0,0,0,0,0,0,0,0,0,0,0,0,0,0,0,0,0,0,0,0,0,0,0,0,0,0,0,0,0,0,0,0,0,0,0,0,0,0,0,0,0,0,0,0,0,0,0,0,0,0,0,0,0,0,0,0,0,0
LGA30760,0,0,0,0,0,0,0,0,0,0,0,0,0,0,0,0,4,0,0,0,4,0,0,0,4,0,0,4,0,0,0,0,0,0,0,0,0,0,0,0,0,0,0,0,0,0,0,0,0,0,0,0,4,0,0,0,4,0,0,0,4,0,0,4,0,0,0,0,0,0,0,0,0,0,0,0,0,0,0,0,0,0,0,0,0,0,0,0,0,0,0,0,0,0,0,0,0,0,0,0,0,0,0,0,0,0,0,0,0,0,0,0,0,0,0,0,0,0,0,0,0,0,0,0,0,0,0,0,0,0,0,0,0,0,0,0,0,0,0,0,0,0,0,0,0,0,0,0,0,0,0,0,0,0,0,0,0,0,0,0,0,0,0,0,0,0,0,0,0,0,0,0,0,0,0,0,0,0,0,0,0,0,0,0,0,0,0,0,0,0,0,0,0,0,0,0,0,0,0,0
LGA30900,0,0,0,0,0,0,0,0,0,0,0,0,0,0,0,0,0,0,0,0,0,0,0,0,0,0,0,0,0,0,0,0,0,0,0,0,0,0,0,0,0,0,0,0,0,0,0,0,0,0,0,0,0,0,0,0,0,0,0,0,0,0,0,0,0,0,0,0,0,0,0,0,0,0,0,0,0,0,0,0,0,0,0,0,0,0,0,0,0,0,0,0,0,0,0,0,0,0,0,0,0,0,0,0,0,0,0,0,0,0,0,0,0,0,0,0,0,0,0,0,0,0,0,0,0,0,0,0,0,0,0,0,0,0,0,0,0,0,0,0,0,0,0,0,0,0,0,0,0,0,0,0,0,0,0,0,0,0,0,0,0,0,0,0,0,0,0,0,0,0,0,0,0,0,0,0,0,0,0,0,0,0,0,0,0,0,0,0,0,0,0,0,0,0,0,0,0,0,0,0
LGA31000,189,19,0,210,227,30,7,3,267,48,15,60,325,36,0,361,7715,922,130,95,8866,324,58,382,9251,513,11,9772,1399,234,42,24,1692,68,20,85,1779,482,5,2272,0,0,0,6,7,0,0,0,7,0,15,23,9118,1163,166,128,10570,390,75,462,11038,996,26,12066,1778,202,26,7,2011,54,16,75,2083,153,0,2242,1358,253,20,9,1637,43,5,54,1689,146,0,1835,74,14,15,0,95,6,0,6,101,8,0,106,18,3,0,27,43,3,0,3,47,8,0,52,3224,469,60,39,3791,107,25,128,3922,307,3,4236,33,8,0,3,47,9,3,12,57,10,0,66,48,8,0,0,53,10,3,17,73,16,0,85,77,19,0,3,102,13,6,21,128,17,0,147,3307,487,56,47,3893,123,34,154,4054,329,3,4387,652,127,24,16,818,33,18,51,865,370,0,1239,6,0,0,0,8,0,0,0,8,0,0,8,3962,615,83,58
LGA31750,0,0,0,0,0,0,0,0,0,0,0,0,0,0,0,0,0,0,0,0,0,0,0,0,0,0,0,0,0,0,0,0,0,0,0,0,0,0,0,0,0,0,0,0,0,0,0,0,0,0,0,0,0,0,0,0,0,0,0,0,0,0,0,0,0,0,0,0,0,0,0,0,0,0,0,0,0,0,0,0,0,0,0,0,0,0,0,0,0,0,0,0,0,0,0,0,0,0,0,0,0,0,0,0,0,0,0,0,0,0,0,0,0,0,0,0,0,0,0,0,0,0,0,0,0,0,0,0,0,0,0,0,0,0,0,0,0,0,0,0,0,0,0,0,0,0,0,0,0,0,0,0,0,0,0,0,0,0,0,0,0,0,0,0,0,0,0,0,0,0,0,0,0,0,0,0,0,0,0,0,0,0,0,0,0,0,0,0,0,0,0,0,0,0,0,0,0,0,0,0
LGA31820,0,0,0,0,3,0,0,0,3,0,0,0,3,0,0,4,118,16,3,3,146,6,3,6,147,23,0,173,18,9,0,3,32,0,0,0,32,20,0,50,0,0,0,0,0,0,0,0,0,0,0,0,140,24,3,5,173,6,0,3,181,36,0,219,13,3,0,0,15,0,0,0,15,3,0,23,14,3,0,0,17,0,0,0,17,3,0,20,0,0,0,0,0,0,0,0,0,0,0,0,0,0,0,0,0,0,0,0,0,0,0,0,32,7,0,0,36,0,0,0,36,9,0,46,0,0,0,0,0,0,0,0,0,0,0,0,0,0,0,0,0,0,0,0,0,0,0,0,0,0,0,0,0,0,0,0,3,0,0,3,30,7,0,0,40,0,0,0,41,9,0,48,13,0,0,0,11,0,0,0,11,9,0,16,0,0,0,0,0,0,0,0,0,0,0,0,46,7,0,0
LGA31900,0,0,0,0,0,0,0,0,0,0,0,0,0,0,0,0,31,0,0,0,34,0,0,0,30,0,0,31,4,0,0,0,4,0,0,0,4,0,0,4,0,0,0,0,0,0,0,0,0,0,0,0,33,0,0,0,35,3,0,3,37,0,0,38,4,0,0,0,4,0,0,0,4,0,0,4,0,0,0,0,3,0,0,0,3,0,0,3,0,0,0,0,0,0,0,0,0,0,0,0,0,0,0,0,0,0,0,0,0,0,0,0,6,0,0,0,12,0,0,0,12,0,0,12,0,0,0,0,0,0,0,0,0,0,0,0,0,0,0,0,0,0,0,0,0,0,0,0,0,0,0,0,0,0,0,0,0,0,0,0,6,0,0,0,12,0,0,0,12,0,0,12,0,3,0,0,3,0,0,0,3,0,0,3,0,0,0,0,0,0,0,0,0,0,0,0,9,3,0,0
LGA31950,0,0,0,0,0,0,0,0,0,0,0,0,0,0,0,0,0,0,0,0,0,0,0,0,0,0,0,0,0,0,0,0,0,0,0,0,0,0,0,0,0,0,0,0,0,0,0,0,0,0,0,0,0,0,0,0,0,0,0,0,0,0,0,0,0,0,0,0,0,0,0,0,0,0,0,0,0,0,0,0,0,0,0,0,0,0,0,0,0,0,0,0,0,0,0,0,0,0,0,0,0,0,0,0,0,0,0,0,0,0,0,0,0,0,0,0,0,0,0,0,0,0,0,0,0,0,0,0,0,0,0,0,0,0,0,0,0,0,0,0,0,0,0,0,0,0,0,0,0,0,0,0,0,0,0,0,0,0,0,0,0,0,0,0,0,0,0,0,0,0,0,0,0,0,0,0,0,0,0,0,0,0,0,0,0,0,0,0,0,0,0,0,0,0,0,0,0,0,0,0
LGA32080,5,0,0,5,7,0,0,0,10,4,0,4,12,0,0,14,262,35,8,5,314,10,0,14,323,22,0,348,29,10,3,4,46,5,3,4,56,30,0,82,0,0,0,0,0,0,0,0,0,0,3,4,295,47,7,9,362,16,5,20,382,51,4,430,59,10,5,0,65,3,0,3,72,8,0,76,51,5,0,0,54,0,0,0,59,3,0,63,0,3,0,0,3,0,0,0,3,0,0,3,3,0,0,3,7,0,0,0,7,0,0,6,108,15,5,3,128,3,0,3,134,15,0,152,3,0,0,0,3,0,0,0,5,0,0,3,0,0,0,0,0,3,0,3,7,0,0,9,3,0,0,0,4,3,0,3,8,3,0,10,113,20,5,3,136,3,0,8,142,21,0,164,19,5,0,0,29,0,0,0,29,8,0,38,0,0,0,0,0,0,0,0,0,0,0,0,135,21,5,4
LGA32250,0,0,0,0,0,0,0,0,0,0,0,0,0,0,0,0,0,0,0,0,0,0,0,0,0,0,0,0,0,0,0,0,0,0,0,0,0,0,0,0,0,0,0,0,0,0,0,0,0,0,0,0,0,0,0,0,0,0,0,0,0,0,0,0,0,0,0,0,0,0,0,0,0,0,0,0,0,0,0,0,0,0,0,0,0,0,0,0,0,0,0,0,0,0,0,0,0,0,0,0,0,0,0,0,0,0,0,0,0,0,0,0,0,0,0,0,0,0,0,0,0,0,0,0,0,0,0,0,0,0,0,0,0,0,0,0,0,0,0,0,0,0,0,0,0,0,0,0,0,0,0,0,0,0,0,0,0,0,0,0,0,0,0,0,0,0,0,0,0,0,0,0,0,0,0,0,0,0,0,0,0,0,0,0,0,0,0,0,0,0,0,0,0,0,0,0,0,0,0,0
LGA32260,0,0,0,0,0,0,0,0,0,0,0,0,0,0,0,0,8,0,0,0,12,0,0,0,12,0,0,11,0,0,0,3,3,0,0,0,3,4,0,8,0,0,0,0,0,0,0,0,0,0,0,0,13,0,0,3,15,0,0,0,15,8,0,22,0,0,0,0,0,0,0,0,4,0,0,4,0,0,0,0,0,0,0,0,0,3,0,6,0,0,0,0,0,0,0,0,0,0,0,0,0,0,0,0,0,0,0,0,0,0,0,0,3,0,0,0,7,0,0,0,7,3,0,7,0,0,0,0,0,0,0,0,0,0,0,0,0,0,0,0,0,0,0,0,0,0,0,0,0,0,0,0,0,0,0,0,0,0,0,0,3,0,0,0,7,0,0,0,7,3,0,7,0,0,0,0,0,0,0,0,0,0,0,0,0,0,0,0,0,0,0,0,0,0,0,0,5,0,0,0
LGA32270,0,0,0,0,0,0,0,0,0,0,0,0,0,0,0,0,7,3,0,0,13,0,0,0,13,0,0,17,4,0,0,0,4,0,0,0,4,3,0,5,0,0,0,0,0,0,0,0,0,0,0,0,15,3,0,0,19,0,0,0,15,4,0,19,0,0,0,0,0,0,0,0,0,0,0,0,0,0,0,0,3,0,0,0,3,0,0,3,0,0,0,0,0,0,0,0,0,0,0,0,0,0,0,0,0,0,0,0,0,0,0,0,0,0,0,0,0,0,0,0,0,0,0,3,0,0,0,0,0,0,0,0,0,0,0,0,0,0,0,0,0,0,0,0,0,0,0,0,0,0,0,0,0,0,0,0,0,0,0,0,0,0,0,0,0,0,0,0,0,0,0,3,0,0,0,0,0,0,0,0,0,0,0,0,0,0,0,0,0,0,0,0,0,0,0,0,0,0,0,0
LGA32310,0,0,0,0,0,0,0,0,0,0,0,0,0,0,0,0,3,0,0,0,3,0,0,0,3,0,0,3,0,0,0,0,0,0,0,0,0,0,0,0,0,0,0,0,0,0,0,0,0,0,0,0,3,0,0,0,3,0,0,0,3,0,0,5,0,0,0,0,0,0,0,0,0,0,0,0,0,0,0,0,0,0,0,0,0,0,0,0,0,0,0,0,0,0,0,0,0,0,0,0,0,0,0,0,0,0,0,0,0,0,0,0,0,0,0,0,0,0,0,0,0,0,0,0,0,0,0,0,0,0,0,0,0,0,0,0,0,0,0,0,0,0,0,0,0,0,0,0,0,0,0,0,0,0,0,0,0,0,0,0,0,0,0,0,0,0,0,0,0,0,0,0,0,0,0,0,0,0,0,0,0,0,0,0,0,0,0,0,0,0,0,0,0,0,0,0,0,0,0,0
LGA32330,0,0,0,0,0,0,0,0,0,0,0,0,0,0,0,0,0,0,0,0,0,0,0,0,0,0,0,0,0,0,0,0,0,0,0,0,0,0,0,0,0,0,0,0,0,0,0,0,0,0,0,0,0,0,0,0,0,0,0,0,0,0,0,0,0,0,0,0,0,0,0,0,0,0,0,0,0,0,0,0,0,0,0,0,0,0,0,0,0,0,0,0,0,0,0,0,0,0,0,0,0,0,0,0,0,0,0,0,0,0,0,0,0,0,0,0,0,0,0,0,0,0,0,0,0,0,0,0,0,0,0,0,0,0,0,0,0,0,0,0,0,0,0,0,0,0,0,0,0,0,0,0,0,0,0,0,0,0,0,0,0,0,0,0,0,0,0,0,0,0,0,0,0,0,0,0,0,0,0,0,0,0,0,0,0,0,0,0,0,0,0,0,0,0,0,0,0,0,0,0
LGA32450,0,0,0,0,0,0,0,0,0,0,0,0,0,0,0,0,0,0,0,0,0,0,0,0,0,0,0,0,0,0,0,0,0,0,0,0,0,0,0,0,0,0,0,0,0,0,0,0,0,0,0,0,0,0,0,0,0,0,0,0,0,0,0,0,0,0,0,0,0,0,0,0,0,0,0,0,0,0,0,0,0,0,0,0,0,0,0,0,0,0,0,0,0,0,0,0,0,0,0,0,0,0,0,0,0,0,0,0,0,0,0,0,0,0,0,0,0,0,0,0,0,0,0,0,0,0,0,0,0,0,0,0,0,0,0,0,0,0,0,0,0,0,0,0,0,0,0,0,0,0,0,0,0,0,0,0,0,0,0,0,0,0,0,0,0,0,0,0,0,0,0,0,0,0,0,0,0,0,0,0,0,0,0,0,0,0,0,0,0,0,0,0,0,0,0,0,0,0,0,0
LGA32500,0,0,0,0,0,0,0,0,0,0,0,0,0,0,0,0,4,0,0,0,4,0,0,0,4,0,0,4,0,0,0,0,0,0,0,0,0,0,0,0,0,0,0,0,0,0,0,0,0,0,0,0,4,0,0,0,4,0,0,0,4,0,0,4,0,0,0,0,0,0,0,0,0,0,0,0,0,0,0,0,0,0,0,0,0,0,0,0,0,0,0,0,0,0,0,0,0,0,0,0,0,0,0,0,0,0,0,0,0,0,0,0,0,0,0,0,0,0,0,0,0,0,0,0,0,0,0,0,0,0,0,0,0,0,0,0,0,0,0,0,0,0,0,0,0,0,0,0,0,0,0,0,0,0,0,0,0,0,0,0,0,0,0,0,0,0,0,0,0,0,0,0,0,0,0,0,0,0,0,0,0,0,0,0,0,0,0,0,0,0,0,0,0,0,0,0,0,0,0,0
LGA32600,0,0,0,0,0,0,0,0,0,0,0,0,0,0,0,0,0,0,0,0,0,0,0,0,0,0,0,0,0,0,0,0,0,0,0,0,0,0,0,0,0,0,0,0,0,0,0,0,0,0,0,0,0,0,0,0,0,0,0,0,0,0,0,0,0,0,0,0,0,0,0,0,0,0,0,0,0,0,0,0,0,0,0,0,0,0,0,0,0,0,0,0,0,0,0,0,0,0,0,0,0,0,0,0,0,0,0,0,0,0,0,0,0,0,0,0,0,0,0,0,0,0,0,0,0,0,0,0,0,0,0,0,0,0,0,0,0,0,0,0,0,0,0,0,0,0,0,0,0,0,0,0,0,0,0,0,0,0,0,0,0,0,0,0,0,0,0,0,0,0,0,0,0,0,0,0,0,0,0,0,0,0,0,0,0,0,0,0,0,0,0,0,0,0,0,0,0,0,0,0
LGA32750,0,0,0,0,0,0,0,0,0,0,0,0,0,0,0,0,0,0,0,0,0,0,0,0,0,0,0,0,0,0,0,0,0,0,0,0,0,0,0,0,0,0,0,0,0,0,0,0,0,0,0,0,0,0,0,0,0,0,0,0,0,0,0,0,0,0,0,0,0,0,0,0,0,0,0,0,0,0,0,0,0,0,0,0,0,0,0,0,0,0,0,0,0,0,0,0,0,0,0,0,0,0,0,0,0,0,0,0,0,0,0,0,0,0,0,0,0,0,0,0,0,0,0,0,0,0,0,0,0,0,0,0,0,0,0,0,0,0,0,0,0,0,0,0,0,0,0,0,0,0,0,0,0,0,0,0,0,0,0,0,0,0,0,0,0,0,0,0,0,0,0,0,0,0,0,0,0,0,0,0,0,0,0,0,0,0,0,0,0,0,0,0,0,0,0,0,0,0,0,0
LGA32770,0,0,0,0,0,0,0,0,0,0,0,0,0,0,0,0,0,0,0,0,0,0,0,0,0,0,0,0,0,0,0,0,0,0,0,0,0,0,0,0,0,0,0,0,0,0,0,0,0,0,0,0,0,0,0,0,0,0,0,0,0,0,0,0,0,0,0,0,0,0,0,0,0,0,0,0,0,0,0,0,0,0,0,0,0,0,0,0,0,0,0,0,0,0,0,0,0,0,0,0,0,0,0,0,0,0,0,0,0,0,0,0,0,0,0,0,0,0,0,0,0,0,0,0,0,0,0,0,0,0,0,0,0,0,0,0,0,0,0,0,0,0,0,0,0,0,0,0,0,0,0,0,0,0,0,0,0,0,0,0,0,0,0,0,0,0,0,0,0,0,0,0,0,0,0,0,0,0,0,0,0,0,0,0,0,0,0,0,0,0,0,0,0,0,0,0,0,0,0,0
LGA32810,0,0,0,0,0,0,0,0,0,0,0,0,0,0,0,0,6,0,0,0,8,0,0,0,8,0,0,11,0,0,0,0,0,0,0,0,0,0,0,0,0,0,0,0,0,0,0,0,0,0,0,0,6,0,0,0,8,0,0,0,8,0,0,12,0,0,0,0,0,0,0,0,0,0,0,0,0,0,0,0,0,0,0,0,0,0,0,0,0,0,0,0,0,0,0,0,0,0,0,0,0,0,0,0,0,0,0,0,0,0,0,0,0,0,0,0,0,0,0,0,0,0,0,0,0,0,0,0,0,0,0,0,0,0,0,0,0,0,0,0,0,0,0,0,0,0,0,0,0,0,0,0,0,0,0,0,0,0,0,0,0,0,0,0,0,0,0,0,0,0,0,0,0,0,0,0,0,0,0,0,0,0,0,0,0,0,0,0,0,0,0,0,0,0,0,0,0,0,0,0
LGA33100,0,0,0,0,0,0,0,0,0,0,0,0,0,0,0,0,0,0,0,0,0,0,0,0,0,0,0,0,0,0,0,0,0,0,0,0,0,0,0,0,0,0,0,0,0,0,0,0,0,0,0,0,0,0,0,0,0,0,0,0,0,0,0,0,0,0,0,0,0,0,0,0,0,0,0,0,0,0,0,0,0,0,0,0,0,0,0,0,0,0,0,0,0,0,0,0,0,0,0,0,0,0,0,0,0,0,0,0,0,0,0,0,0,0,0,0,0,0,0,0,0,0,0,0,0,0,0,0,0,0,0,0,0,0,0,0,0,0,0,0,0,0,0,0,0,0,0,0,0,0,0,0,0,0,0,0,0,0,0,0,0,0,0,0,0,0,0,0,0,0,0,0,0,0,0,0,0,0,0,0,0,0,0,0,0,0,0,0,0,0,0,0,0,0,0,0,0,0,0,0
LGA33200,0,0,0,0,0,0,0,0,0,0,0,0,0,0,0,0,0,0,0,0,0,0,0,0,0,0,0,0,0,0,0,0,0,0,0,0,0,0,0,0,0,0,0,0,0,0,0,0,0,0,0,0,0,0,0,0,0,0,0,0,0,0,0,0,0,0,0,0,0,0,0,0,0,0,0,0,0,0,0,0,0,0,0,0,0,0,0,0,0,0,0,0,0,0,0,0,0,0,0,0,0,0,0,0,0,0,0,0,0,0,0,0,0,0,0,0,0,0,0,0,0,0,0,0,0,0,0,0,0,0,0,0,0,0,0,0,0,0,0,0,0,0,0,0,0,0,0,0,0,0,0,0,0,0,0,0,0,0,0,0,0,0,0,0,0,0,0,0,0,0,0,0,0,0,0,0,0,0,0,0,0,0,0,0,0,0,0,0,0,0,0,0,0,0,0,0,0,0,0,0
LGA33220,3,0,0,3,0,3,0,0,4,0,0,4,9,0,0,10,87,16,3,0,104,5,0,4,109,16,0,126,12,6,0,0,19,3,0,3,23,15,0,35,0,0,0,0,0,0,0,0,0,0,0,0,95,23,3,3,124,4,0,10,131,29,0,168,10,3,0,0,16,0,0,0,16,0,0,18,6,0,0,0,7,0,0,0,7,8,0,15,0,0,0,0,0,0,0,0,0,0,0,0,0,0,0,0,0,0,0,0,0,0,0,0,18,6,0,0,29,0,0,0,29,4,0,37,0,0,0,0,0,0,0,0,0,0,0,0,0,0,0,0,0,0,0,0,0,0,0,0,0,0,0,0,0,0,0,0,0,0,0,0,18,6,0,0,29,0,0,0,29,4,0,37,5,0,0,0,7,0,0,0,7,6,0,17,0,0,0,0,0,0,0,0,0,0,0,0,25,3,0,0
LGA33360,3,0,0,3,5,0,0,0,5,0,0,0,5,0,0,6,47,0,0,3,50,3,0,3,54,5,0,60,10,0,0,0,13,4,0,4,15,3,0,16,0,0,0,0,0,0,0,0,0,0,0,0,56,0,0,4,66,3,0,3,68,6,0,77,4,0,0,0,6,0,0,0,8,0,0,11,4,0,0,0,8,3,0,3,8,0,0,13,0,0,0,0,0,0,0,0,0,0,0,0,0,0,0,0,0,0,0,0,0,0,0,0,10,0,3,0,15,0,0,3,22,3,0,25,0,0,0,0,0,0,0,0,0,0,0,0,0,0,0,0,0,0,0,0,0,0,0,0,0,0,0,0,0,0,0,0,0,0,0,0,13,0,3,0,16,0,0,3,20,3,0,26,3,0,0,0,0,0,0,0,0,0,0,4,0,0,0,0,0,0,0,0,0,0,0,0,18,0,3,0
LGA33430,55,3,0,54,57,17,3,0,82,25,5,29,107,5,0,115,2350,388,57,34,2822,85,23,105,2936,178,7,3118,353,75,10,7,450,18,3,17,463,141,0,605,4,0,0,0,4,0,0,0,4,0,3,6,2708,461,65,44,3275,103,25,128,3400,312,12,3724,529,81,7,4,619,12,4,18,638,53,0,694,319,81,8,0,407,18,9,23,432,40,4,471,11,4,3,0,18,0,0,0,20,4,0,22,3,3,0,8,12,0,0,0,12,0,0,15,867,168,20,9,1065,28,7,37,1104,102,3,1205,19,3,0,0,16,3,0,3,26,0,0,22,11,0,0,0,16,0,0,0,17,3,0,20,32,3,0,0,34,3,0,4,42,4,0,44,895,173,20,9,1097,30,12,41,1142,102,3,1249,151,40,0,7,200,10,4,16,214,90,0,303,0,0,0,0,0,0,0,0,0,0,0,0,1046,215,22,14
LGA33610,0,0,0,0,0,0,0,0,0,0,0,0,0,0,0,0,4,3,0,0,8,0,0,0,8,0,0,6,0,0,0,0,0,0,0,0,3,0,0,4,0,0,0,0,0,0,0,0,0,0,0,0,9,3,0,0,12,0,0,0,9,3,0,14,3,0,0,0,3,0,0,0,3,0,0,3,0,0,0,0,0,0,0,0,0,0,0,0,0,0,0,0,0,0,0,0,0,0,0,0,0,0,0,0,0,0,0,0,0,0,0,0,3,0,0,0,3,0,0,0,3,0,0,3,0,0,0,0,0,0,0,0,0,0,0,0,0,0,0,0,0,0,0,0,0,0,0,0,0,0,0,0,0,0,0,0,0,0,0,0,3,0,0,0,3,0,0,0,3,0,0,3,0,0,0,0,0,0,0,0,0,0,0,0,0,0,0,0,0,0,0,0,0,0,0,0,3,0,0,0
LGA33620,3,0,0,3,0,0,0,0,0,0,0,0,3,0,0,3,45,4,0,0,58,0,0,3,63,6,0,69,3,4,0,0,12,0,0,0,12,15,0,26,0,0,0,0,0,0,0,0,0,0,0,0,55,12,0,0,70,0,0,3,72,22,0,92,4,0,0,0,5,0,0,0,5,0,0,5,14,0,0,0,13,0,0,0,16,0,0,12,0,0,0,0,0,0,0,0,0,0,0,0,0,0,0,0,0,0,0,0,0,0,0,0,15,4,0,0,23,0,0,0,20,0,0,25,0,0,0,0,0,0,0,0,0,0,0,0,0,0,0,0,0,0,0,0,0,0,0,0,0,0,0,0,0,0,0,0,0,0,0,0,15,3,0,0,23,0,0,0,27,0,0,27,0,0,0,0,3,3,0,3,3,6,0,7,0,0,0,0,0,0,0,0,0,0,0,0,15,4,3,0
LGA33800,0,0,0,0,0,0,0,0,0,0,0,0,0,0,0,0,9,0,0,0,15,0,0,0,15,0,0,15,0,0,0,0,0,0,0,0,0,0,0,0,0,0,0,0,0,0,0,0,0,0,0,0,9,0,0,0,15,0,0,0,15,0,0,15,0,0,0,0,0,3,0,3,3,0,0,3,3,0,0,0,3,0,0,0,3,0,0,3,0,0,0,0,0,0,0,0,0,0,0,0,0,0,0,0,0,0,0,0,0,0,0,0,3,0,0,0,3,3,0,3,6,0,0,6,0,0,0,0,0,0,0,0,0,0,0,0,0,0,0,0,0,0,0,0,0,0,0,0,0,0,0,0,0,0,0,0,0,0,0,0,3,0,0,0,3,3,0,3,6,0,0,6,0,0,0,0,0,0,0,0,0,0,0,0,0,0,0,0,0,0,0,0,0,0,0,0,5,0,0,0
LGA33830,0,0,0,0,0,0,0,0,0,0,0,0,0,0,0,0,0,0,0,0,0,0,0,0,0,0,0,0,0,0,0,0,0,0,0,0,0,0,0,0,0,0,0,0,0,0,0,0,0,0,0,0,0,0,0,0,0,0,0,0,0,0,0,0,0,0,0,0,0,0,0,0,0,0,0,0,0,0,0,0,0,0,0,0,0,0,0,0,0,0,0,0,0,0,0,0,0,0,0,0,0,0,0,0,0,0,0,0,0,0,0,0,0,0,0,0,0,0,0,0,0,0,0,0,0,0,0,0,0,0,0,0,0,0,0,0,0,0,0,0,0,0,0,0,0,0,0,0,0,0,0,0,0,0,0,0,0,0,0,0,0,0,0,0,0,0,0,0,0,0,0,0,0,0,0,0,0,0,0,0,0,0,0,0,0,0,0,0,0,0,0,0,0,0,0,0,0,0,0,0
LGA33960,8,0,0,8,26,3,0,0,29,3,0,3,29,3,0,32,779,83,16,14,889,24,6,34,921,81,3,1000,123,14,6,5,148,10,0,16,166,55,0,221,3,0,0,0,3,0,0,0,3,0,3,7,904,94,23,20,1038,38,9,45,1089,129,6,1225,157,19,0,0,178,0,0,3,176,23,0,200,109,20,3,0,125,9,0,9,132,10,0,143,6,0,0,0,7,0,0,0,7,0,0,13,0,0,0,0,0,0,0,0,0,0,0,0,274,39,7,0,314,7,0,5,324,33,0,356,3,0,0,0,5,0,0,0,5,0,0,9,3,0,0,0,3,0,0,0,3,0,0,7,4,0,0,0,9,0,0,0,8,3,0,11,281,39,7,0,321,8,0,7,333,35,0,368,47,7,3,3,64,3,0,3,67,28,0,100,0,0,0,0,0,0,0,0,0,0,0,0,327,49,5,5
LGA33980,0,0,0,0,0,0,0,0,0,0,0,0,0,0,0,0,12,0,0,0,13,0,0,0,13,0,0,13,0,0,0,0,0,0,0,0,0,0,0,0,0,0,0,0,0,0,0,0,0,0,0,0,12,0,0,0,13,0,0,0,13,0,0,13,0,0,0,0,0,0,0,0,0,0,0,0,4,0,0,0,4,0,0,0,4,0,0,6,0,0,0,0,0,0,0,0,0,0,0,0,0,0,0,0,0,0,0,0,0,0,0,0,4,0,0,0,4,0,0,0,4,0,0,6,0,0,0,0,0,0,0,0,0,0,0,0,0,0,0,0,0,0,0,0,0,0,0,0,0,0,0,0,0,0,0,0,0,0,0,0,4,0,0,0,4,0,0,0,4,0,0,6,0,0,0,0,0,0,0,0,0,0,0,0,0,0,0,0,0,0,0,0,0,0,0,0,5,0,0,0
LGA34420,0,0,0,0,0,0,0,0,0,0,0,0,0,0,0,0,0,0,0,0,0,0,0,0,0,0,0,0,0,0,0,0,0,0,0,0,0,0,0,0,0,0,0,0,0,0,0,0,0,0,0,0,0,0,0,0,0,0,0,0,0,0,0,0,0,0,0,0,0,0,0,0,0,0,0,0,0,0,0,0,0,0,0,0,0,0,0,0,0,0,0,0,0,0,0,0,0,0,0,0,0,0,0,0,0,0,0,0,0,0,0,0,0,0,0,0,0,0,0,0,0,0,0,0,0,0,0,0,0,0,0,0,0,0,0,0,0,0,0,0,0,0,0,0,0,0,0,0,0,0,0,0,0,0,0,0,0,0,0,0,0,0,0,0,0,0,0,0,0,0,0,0,0,0,0,0,0,0,0,0,0,0,0,0,0,0,0,0,0,0,0,0,0,0,0,0,0,0,0,0
LGA34530,0,0,0,0,0,0,0,0,3,0,0,0,3,0,0,3,77,14,4,0,100,0,0,0,97,12,0,112,10,0,0,0,10,0,0,0,10,3,0,12,0,0,0,0,0,0,0,0,0,0,0,0,85,14,4,0,108,0,0,0,107,16,0,124,12,0,0,0,16,0,0,0,16,3,0,18,7,3,0,0,14,0,0,0,14,0,0,14,0,0,0,0,0,0,0,0,0,0,0,0,0,0,0,0,0,0,0,0,0,0,0,0,28,4,0,0,29,0,0,0,29,5,0,35,0,0,0,0,0,0,0,0,0,0,0,0,0,0,0,0,0,0,0,0,0,0,0,0,0,0,0,0,0,0,0,0,0,0,0,0,27,4,0,0,34,0,0,0,34,5,0,32,0,0,0,0,0,0,0,0,0,4,0,6,0,0,0,0,0,0,0,0,0,0,0,0,30,4,0,0
LGA34570,0,0,0,0,0,0,0,0,0,0,0,0,0,0,0,0,0,0,0,0,0,0,0,0,0,0,0,0,0,0,0,0,0,0,0,0,0,0,0,0,0,0,0,0,0,0,0,0,0,0,0,0,0,0,0,0,0,0,0,0,0,0,0,0,0,0,0,0,0,0,0,0,0,0,0,0,0,0,0,0,0,0,0,0,0,0,0,0,0,0,0,0,0,0,0,0,0,0,0,0,0,0,0,0,0,0,0,0,0,0,0,0,0,0,0,0,0,0,0,0,0,0,0,0,0,0,0,0,0,0,0,0,0,0,0,0,0,0,0,0,0,0,0,0,0,0,0,0,0,0,0,0,0,0,0,0,0,0,0,0,0,0,0,0,0,0,0,0,0,0,0,0,0,0,0,0,0,0,0,0,0,0,0,0,0,0,0,0,0,0,0,0,0,0,0,0,0,0,0,0
LGA34580,3,0,0,3,0,0,0,0,0,0,0,0,0,0,0,0,76,11,0,3,86,0,0,0,89,7,0,100,20,0,0,0,24,0,0,0,26,0,0,24,0,0,0,0,0,0,0,0,0,0,0,0,93,13,0,5,113,3,0,0,112,12,0,126,12,0,0,0,12,0,0,0,12,0,0,12,16,0,0,0,14,0,0,0,15,3,0,17,0,0,0,0,0,0,0,0,0,0,0,0,0,0,0,0,0,0,0,0,0,0,0,0,25,0,0,0,27,0,0,0,28,4,0,29,0,0,0,0,0,0,0,0,0,0,0,0,0,0,0,0,0,0,0,0,0,0,0,0,0,0,0,0,0,0,0,0,0,0,0,0,29,0,0,0,27,0,0,0,29,4,0,34,0,0,0,0,3,0,0,0,3,3,0,8,0,0,0,0,0,0,0,0,0,0,0,0,26,0,0,0
LGA34590,33,3,0,38,43,4,0,0,51,10,0,14,62,4,0,67,1130,163,25,24,1341,50,18,62,1404,93,0,1499,249,60,7,8,327,16,4,24,344,196,3,545,0,0,0,0,0,0,0,0,0,0,0,0,1386,224,30,34,1666,66,19,84,1751,289,4,2044,248,26,9,3,283,14,5,17,298,28,0,326,178,44,0,0,227,3,0,3,228,16,0,249,14,3,5,0,20,0,0,0,20,3,0,19,5,0,0,6,15,0,0,0,12,3,0,18,441,72,12,14,542,18,3,19,560,54,0,616,6,0,0,0,9,0,0,0,11,4,0,14,6,4,0,0,10,4,0,3,19,6,0,20,16,6,0,0,24,7,0,11,28,7,0,34,462,74,12,14,562,24,5,27,591,64,0,650,102,24,0,3,132,14,0,19,152,84,0,237,0,0,0,0,0,0,0,0,0,0,0,0,564,97,18,13
LGA34710,0,0,0,0,0,0,0,0,0,0,0,0,0,0,0,0,6,0,0,0,6,0,0,0,6,0,0,6,0,0,0,0,0,0,0,0,0,0,0,0,0,0,0,0,0,0,0,0,0,0,0,0,6,0,0,0,6,0,0,0,6,0,0,6,0,0,0,0,0,0,0,0,0,0,0,0,0,0,0,0,0,0,0,0,0,0,0,0,0,0,0,0,0,0,0,0,0,0,0,0,0,0,0,0,0,0,0,0,0,0,0,0,0,0,0,0,0,0,0,0,0,0,0,0,0,0,0,0,0,0,0,0,0,0,0,0,0,0,0,0,0,0,0,0,0,0,0,0,0,0,0,0,0,0,0,0,0,0,0,0,0,0,0,0,0,0,0,0,0,0,0,0,0,0,0,0,0,0,0,0,0,0,0,0,0,0,0,0,0,0,0,0,0,0,0,0,0,0,0,0
LGA34770,9,0,0,9,9,0,0,3,13,0,0,0,11,0,0,11,221,17,6,3,246,6,0,10,257,9,0,269,29,3,0,0,40,0,0,0,37,7,0,42,0,0,0,0,0,0,0,0,0,0,0,0,256,22,6,3,286,8,0,11,294,16,3,313,33,3,0,0,40,3,0,3,40,0,0,39,29,3,0,0,33,0,0,0,37,0,0,36,0,0,0,0,3,0,0,0,3,0,0,3,0,0,0,0,0,0,0,0,0,0,0,0,68,8,3,0,78,4,0,6,77,0,0,84,0,0,0,0,0,0,0,0,0,0,0,0,0,0,0,0,0,0,0,0,0,0,0,0,0,0,0,0,0,0,0,0,0,0,0,0,68,8,3,0,78,4,0,6,77,0,0,84,15,0,0,0,16,0,0,0,16,0,0,14,0,0,0,0,0,0,0,0,0,0,0,0,78,6,3,0
LGA34800,0,0,0,0,0,0,0,0,0,0,0,0,0,0,0,0,0,0,0,0,0,0,0,0,0,0,0,0,0,0,0,0,0,0,0,0,0,0,0,0,0,0,0,0,0,0,0,0,0,0,0,0,0,0,0,0,0,0,0,0,0,0,0,0,0,0,0,0,0,0,0,0,0,0,0,0,0,0,0,0,0,0,0,0,0,0,0,0,0,0,0,0,0,0,0,0,0,0,0,0,0,0,0,0,0,0,0,0,0,0,0,0,0,0,0,0,0,0,0,0,0,0,0,0,0,0,0,0,0,0,0,0,0,0,0,0,0,0,0,0,0,0,0,0,0,0,0,0,0,0,0,0,0,0,0,0,0,0,0,0,0,0,0,0,0,0,0,0,0,0,0,0,0,0,0,0,0,0,0,0,0,0,0,0,0,0,0,0,0,0,0,0,0,0,0,0,0,0,0,0
LGA34830,0,0,0,0,0,0,0,0,0,0,0,0,0,0,0,0,0,0,0,0,0,0,0,0,0,0,0,0,0,0,0,0,0,0,0,0,0,0,0,0,0,0,0,0,0,0,0,0,0,0,0,0,0,0,0,0,0,0,0,0,0,0,0,0,0,0,0,0,0,0,0,0,0,0,0,0,0,0,0,0,0,0,0,0,0,0,0,0,0,0,0,0,0,0,0,0,0,0,0,0,0,0,0,0,0,0,0,0,0,0,0,0,0,0,0,0,0,0,0,0,0,0,0,0,0,0,0,0,0,0,0,0,0,0,0,0,0,0,0,0,0,0,0,0,0,0,0,0,0,0,0,0,0,0,0,0,0,0,0,0,0,0,0,0,0,0,0,0,0,0,0,0,0,0,0,0,0,0,0,0,0,0,0,0,0,0,0,0,0,0,0,0,0,0,0,0,0,0,0,0
LGA34860,0,0,0,0,0,0,0,0,0,0,0,0,0,0,0,0,4,0,0,0,7,0,0,0,7,0,0,7,3,0,0,0,3,0,0,0,3,0,0,3,0,0,0,0,0,0,0,0,0,0,0,0,9,0,0,0,11,0,0,0,11,0,0,8,0,0,0,0,0,0,0,0,0,0,0,0,0,0,0,0,0,0,0,0,0,0,0,0,0,0,0,0,0,0,0,0,0,0,0,0,0,0,0,0,0,0,0,0,0,0,0,0,3,0,0,0,3,0,0,0,3,0,0,3,0,0,0,0,0,0,0,0,0,0,0,0,0,0,0,0,0,0,0,0,0,0,0,0,0,0,0,0,0,0,0,0,0,0,0,0,3,0,0,0,3,0,0,0,3,0,0,3,0,0,0,0,0,0,0,0,0,0,0,0,0,0,0,0,0,0,0,0,0,0,0,0,3,0,0,0
LGA34880,0,0,0,0,0,0,0,0,0,0,0,0,0,0,0,0,26,3,0,0,28,0,0,0,31,0,0,28,3,0,0,0,3,0,0,3,3,0,0,3,0,0,0,0,0,0,0,0,0,0,0,0,32,3,0,0,34,0,0,0,37,0,0,38,3,0,0,0,4,0,0,0,4,0,0,4,4,0,0,0,7,0,0,0,7,0,0,7,0,0,0,0,0,0,0,0,0,0,0,0,0,0,0,0,0,0,0,0,0,0,0,0,11,3,0,0,13,0,0,0,13,0,0,13,0,0,0,0,0,0,0,0,0,0,0,0,0,0,0,0,0,0,0,0,0,0,0,0,0,0,0,0,0,0,0,0,0,0,0,0,11,3,0,0,13,0,0,0,13,0,0,13,4,0,0,0,4,0,0,0,4,0,0,3,0,0,0,0,0,0,0,0,0,0,0,0,12,3,0,0
LGA35010,48,3,0,53,62,7,6,5,77,8,0,8,83,6,0,88,2043,256,54,29,2377,66,7,77,2449,146,0,2599,316,44,15,10,382,17,4,18,399,92,4,493,0,3,0,0,6,0,0,0,6,0,3,6,2358,298,72,34,2760,80,13,94,2855,237,12,3104,373,36,15,0,424,12,0,13,439,35,0,471,293,39,8,0,344,15,0,13,352,37,0,395,16,3,9,0,23,0,0,0,23,0,0,31,5,0,0,7,9,0,0,0,9,0,0,14,686,81,30,8,803,22,4,27,826,77,0,908,12,0,0,0,16,0,0,0,14,0,0,14,4,0,0,0,4,0,0,0,7,3,0,7,17,0,0,0,22,3,0,3,23,3,0,24,702,85,30,11,821,27,4,27,847,82,0,929,117,22,3,4,138,8,0,8,143,50,0,199,0,0,0,0,0,0,0,0,0,0,3,3,816,100,31,16
LGA35250,0,0,0,0,0,0,0,0,0,0,0,0,0,0,0,0,0,0,0,0,0,0,0,0,0,0,0,0,0,0,0,0,0,0,0,0,0,0,0,0,0,0,0,0,0,0,0,0,0,0,0,0,0,0,0,0,0,0,0,0,0,0,0,0,0,0,0,0,0,0,0,0,0,0,0,0,0,0,0,0,0,0,0,0,0,0,0,0,0,0,0,0,0,0,0,0,0,0,0,0,0,0,0,0,0,0,0,0,0,0,0,0,0,0,0,0,0,0,0,0,0,0,0,0,0,0,0,0,0,0,0,0,0,0,0,0,0,0,0,0,0,0,0,0,0,0,0,0,0,0,0,0,0,0,0,0,0,0,0,0,0,0,0,0,0,0,0,0,0,0,0,0,0,0,0,0,0,0,0,0,0,0,0,0,0,0,0,0,0,0,0,0,0,0,0,0,0,0,0,0
LGA35300,0,0,0,0,0,0,0,0,0,0,0,0,0,0,0,0,7,0,0,0,12,0,0,0,12,0,0,12,3,0,0,0,3,0,0,0,3,3,0,4,0,0,0,0,0,0,0,0,0,0,0,0,13,0,0,0,13,0,0,0,13,3,0,13,4,0,0,0,4,0,0,0,4,0,0,4,0,0,0,0,0,0,0,0,0,0,0,0,0,0,0,0,0,0,0,0,0,0,0,0,0,0,0,0,0,0,0,0,0,0,0,0,5,0,0,0,5,0,0,0,5,0,0,5,0,0,0,0,0,0,0,0,0,0,0,0,0,0,0,0,0,0,0,0,0,0,0,0,0,0,0,0,0,0,0,0,0,0,0,0,5,0,0,0,5,0,0,0,5,0,0,5,0,0,0,0,0,0,0,0,0,0,0,0,0,0,0,0,0,0,0,0,0,0,0,0,5,0,0,0
LGA35600,0,0,0,0,0,0,0,0,0,0,0,0,0,0,0,0,0,0,0,0,0,0,0,0,0,0,0,0,0,0,0,0,0,0,0,0,0,0,0,0,0,0,0,0,0,0,0,0,0,0,0,0,0,0,0,0,0,0,0,0,0,0,0,0,0,0,0,0,0,0,0,0,0,0,0,0,0,0,0,0,0,0,0,0,0,0,0,0,0,0,0,0,0,0,0,0,0,0,0,0,0,0,0,0,0,0,0,0,0,0,0,0,0,0,0,0,0,0,0,0,0,0,0,0,0,0,0,0,0,0,0,0,0,0,0,0,0,0,0,0,0,0,0,0,0,0,0,0,0,0,0,0,0,0,0,0,0,0,0,0,0,0,0,0,0,0,0,0,0,0,0,0,0,0,0,0,0,0,0,0,0,0,0,0,0,0,0,0,0,0,0,0,0,0,0,0,0,0,0,0
LGA35670,0,0,0,0,0,0,0,0,0,0,0,0,0,0,0,0,0,0,0,0,0,0,0,0,0,0,0,0,0,0,0,0,0,0,0,0,0,0,0,0,0,0,0,0,0,0,0,0,0,0,0,0,0,0,0,0,0,0,0,0,0,0,0,0,0,0,0,0,0,0,0,0,0,0,0,0,0,0,0,0,0,0,0,0,0,0,0,0,0,0,0,0,0,0,0,0,0,0,0,0,0,0,0,0,0,0,0,0,0,0,0,0,0,0,0,0,0,0,0,0,0,0,0,0,0,0,0,0,0,0,0,0,0,0,0,0,0,0,0,0,0,0,0,0,0,0,0,0,0,0,0,0,0,0,0,0,0,0,0,0,0,0,0,0,0,0,0,0,0,0,0,0,0,0,0,0,0,0,0,0,0,0,0,0,0,0,0,0,0,0,0,0,0,0,0,0,0,0,0,0
LGA35740,3,0,0,7,5,0,0,0,9,0,0,0,8,0,0,7,114,23,0,3,145,3,0,3,150,16,0,161,11,7,0,0,17,0,0,0,17,11,0,32,0,0,0,0,0,0,0,0,0,0,0,0,127,32,0,3,164,3,0,3,170,25,0,197,15,3,0,0,19,0,0,0,19,4,0,24,7,6,0,0,11,0,0,0,11,4,0,18,3,0,0,0,3,0,0,0,3,0,0,3,0,0,0,0,0,0,0,0,0,0,0,0,28,8,0,0,38,0,0,0,38,12,0,50,0,0,0,0,0,0,0,0,0,0,0,0,0,0,0,0,0,0,0,0,0,0,0,0,0,0,0,0,0,0,0,0,0,0,0,0,33,8,0,0,39,0,0,0,39,12,0,48,3,8,0,0,14,0,0,3,16,5,0,20,0,0,0,0,0,0,0,0,0,0,0,0,36,15,0,0
LGA35760,0,0,0,0,0,0,0,0,0,0,0,0,0,0,0,0,3,3,0,0,4,0,0,0,4,0,0,4,0,0,0,0,0,0,0,0,0,0,0,0,0,0,0,0,0,0,0,0,0,0,0,0,7,3,0,0,3,0,0,0,3,0,0,3,4,0,0,0,4,0,0,0,4,0,0,4,0,0,0,0,0,0,0,0,0,0,0,0,0,0,0,0,0,0,0,0,0,0,0,0,0,0,0,0,0,0,0,0,0,0,0,0,4,0,0,0,4,0,0,0,4,0,0,4,0,0,0,0,0,0,0,0,0,0,0,0,0,0,0,0,0,0,0,0,0,0,0,0,0,0,0,0,0,0,0,0,0,0,0,0,4,0,0,0,4,0,0,0,4,0,0,4,0,0,0,0,0,0,0,0,0,0,0,0,0,0,0,0,0,0,0,0,0,0,0,0,3,0,0,0
LGA35780,0,0,0,0,0,0,0,0,0,0,0,0,0,0,0,0,0,0,0,0,0,0,0,0,0,0,0,3,0,0,0,0,0,0,0,0,3,0,0,3,0,0,0,0,0,0,0,0,0,0,0,0,3,0,0,0,5,0,0,0,3,0,0,3,0,0,0,0,0,0,0,0,0,0,0,0,0,0,0,0,0,0,0,0,0,0,0,0,0,0,0,0,0,0,0,0,0,0,0,0,0,0,0,0,0,0,0,0,0,0,0,0,0,0,0,0,0,0,0,0,0,0,0,0,0,0,0,0,0,0,0,0,0,0,0,0,0,0,0,0,0,0,0,0,0,0,0,0,0,0,0,0,0,0,0,0,0,0,0,0,0,0,0,0,0,0,0,0,0,0,0,0,0,0,0,0,0,0,0,0,0,0,0,0,0,0,0,0,0,0,0,0,0,0,0,0,0,0,0,0
LGA35790,0,0,0,0,0,0,0,0,0,0,0,0,0,0,0,0,0,0,0,0,0,0,0,0,0,0,0,0,0,0,0,0,0,0,0,0,0,0,0,0,0,0,0,0,0,0,0,0,0,0,0,0,0,0,0,0,3,0,0,0,4,0,0,4,0,0,0,0,0,0,0,0,0,0,0,0,0,0,0,0,0,0,0,0,0,0,0,0,0,0,0,0,0,0,0,0,0,0,0,0,0,0,0,0,0,0,0,0,0,0,0,0,0,0,0,0,0,0,0,0,0,0,0,0,0,0,0,0,0,0,0,0,0,0,0,0,0,0,0,0,0,0,0,0,0,0,0,0,0,0,0,0,0,0,0,0,0,0,0,0,0,0,0,0,0,0,0,0,0,0,0,0,0,0,0,0,0,0,0,0,0,0,0,0,0,0,0,0,0,0,0,0,0,0,0,0,0,0,0,0
LGA35800,0,0,0,0,0,0,0,0,0,0,0,0,0,0,0,0,0,0,0,0,0,0,0,0,0,0,0,0,0,0,0,0,0,0,0,0,0,0,0,0,0,0,0,0,0,0,0,0,0,0,0,0,0,0,0,0,0,0,0,0,0,0,0,0,0,0,0,0,0,0,0,0,0,0,0,0,0,0,0,0,0,0,0,0,0,0,0,0,0,0,0,0,0,0,0,0,0,0,0,0,0,0,0,0,0,0,0,0,0,0,0,0,0,0,0,0,0,0,0,0,0,0,0,0,0,0,0,0,0,0,0,0,0,0,0,0,0,0,0,0,0,0,0,0,0,0,0,0,0,0,0,0,0,0,0,0,0,0,0,0,0,0,0,0,0,0,0,0,0,0,0,0,0,0,0,0,0,0,0,0,0,0,0,0,0,0,0,0,0,0,0,0,0,0,0,0,0,0,0,0
LGA36070,0,0,0,0,0,0,0,0,0,0,0,0,0,0,0,0,0,0,0,0,0,0,0,0,0,0,0,0,0,0,0,0,0,0,0,0,0,0,0,0,0,0,0,0,0,0,0,0,0,0,0,0,0,0,0,0,0,0,0,0,0,0,0,0,0,0,0,0,0,0,0,0,0,0,0,0,0,0,0,0,0,0,0,0,0,0,0,0,0,0,0,0,0,0,0,0,0,0,0,0,0,0,0,0,0,0,0,0,0,0,0,0,0,0,0,0,0,0,0,0,0,0,0,0,0,0,0,0,0,0,0,0,0,0,0,0,0,0,0,0,0,0,0,0,0,0,0,0,0,0,0,0,0,0,0,0,0,0,0,0,0,0,0,0,0,0,0,0,0,0,0,0,0,0,0,0,0,0,0,0,0,0,0,0,0,0,0,0,0,0,0,0,0,0,0,0,0,0,0,0
LGA36150,0,0,0,0,0,0,0,0,0,0,0,0,0,0,0,0,0,0,0,0,0,0,0,0,0,0,0,0,0,0,0,0,0,0,0,0,0,0,0,0,0,0,0,0,0,0,0,0,0,0,0,0,0,0,0,0,0,0,0,0,0,0,0,0,0,0,0,0,0,0,0,0,0,0,0,0,0,0,0,0,0,0,0,0,0,0,0,0,0,0,0,0,0,0,0,0,0,0,0,0,0,0,0,0,0,0,0,0,0,0,0,0,0,0,0,0,0,0,0,0,0,0,0,0,0,0,0,0,0,0,0,0,0,0,0,0,0,0,0,0,0,0,0,0,0,0,0,0,0,0,0,0,0,0,0,0,0,0,0,0,0,0,0,0,0,0,0,0,0,0,0,0,0,0,0,0,0,0,0,0,0,0,0,0,0,0,0,0,0,0,0,0,0,0,0,0,0,0,0,0
LGA36250,19,3,0,21,26,0,0,0,29,0,0,0,32,3,0,36,961,79,19,6,1070,19,4,24,1099,46,3,1140,132,7,0,3,140,0,0,0,147,26,0,168,0,0,0,0,0,0,0,0,0,0,0,0,1091,89,21,13,1216,26,4,25,1244,72,3,1314,178,27,8,0,214,16,0,13,230,18,0,245,160,12,0,0,171,3,0,3,177,13,0,189,10,0,3,0,15,0,0,0,15,0,0,13,0,0,0,0,4,0,0,0,4,0,0,7,345,40,15,0,401,16,0,19,420,31,3,447,0,0,0,0,0,0,0,0,5,0,0,5,3,0,0,0,4,0,0,0,8,3,0,13,4,0,0,0,9,0,0,3,14,3,0,11,353,42,15,4,411,13,3,23,427,34,3,466,64,4,0,3,67,0,0,0,72,30,0,96,0,0,0,0,0,0,0,0,0,0,0,0,414,44,15,3
LGA36300,0,0,0,0,0,0,0,0,0,0,0,0,0,0,0,0,0,0,0,0,0,0,0,0,0,0,0,0,0,0,0,0,0,0,0,0,0,0,0,0,0,0,0,0,0,0,0,0,0,0,0,0,0,0,0,0,0,0,0,0,0,0,0,0,0,0,0,0,0,0,0,0,0,0,0,0,0,0,0,0,0,0,0,0,0,0,0,0,0,0,0,0,0,0,0,0,0,0,0,0,0,0,0,0,0,0,0,0,0,0,0,0,0,0,0,0,0,0,0,0,0,0,0,0,0,0,0,0,0,0,0,0,0,0,0,0,0,0,0,0,0,0,0,0,0,0,0,0,0,0,0,0,0,0,0,0,0,0,0,0,0,0,0,0,0,0,0,0,0,0,0,0,0,0,0,0,0,0,0,0,0,0,0,0,0,0,0,0,0,0,0,0,0,0,0,0,0,0,0,0
LGA36370,3,0,0,3,9,0,0,0,6,0,0,0,6,0,0,12,170,31,7,3,212,0,0,0,211,18,0,232,25,5,0,0,35,0,0,0,35,14,0,45,0,0,0,0,0,0,0,0,0,0,0,0,197,31,7,3,243,0,0,0,245,38,0,283,30,0,0,0,30,0,0,0,31,4,0,37,12,7,0,0,23,0,0,0,19,3,0,27,0,0,0,0,0,0,0,0,0,0,0,0,0,0,0,0,0,0,0,0,0,0,0,0,50,7,0,0,52,3,0,4,54,11,0,67,0,0,0,0,0,0,0,0,0,0,0,0,5,0,0,0,5,0,0,0,5,0,0,5,5,0,0,0,5,0,0,0,5,0,0,5,53,7,0,0,57,3,0,4,59,11,0,66,4,4,0,0,12,0,0,0,12,3,0,11,0,0,0,0,0,0,0,0,0,0,0,0,55,10,0,0
LGA36510,4,0,0,3,0,0,0,0,3,0,0,0,4,0,0,3,128,17,4,3,154,3,0,6,155,10,0,166,26,3,0,0,28,0,0,0,28,7,0,31,0,0,0,0,0,0,0,0,0,0,0,0,150,17,4,3,179,3,0,6,187,18,0,203,16,0,0,0,25,0,0,0,25,0,0,25,17,3,0,0,18,0,0,0,18,0,0,18,0,0,0,0,0,0,0,0,0,0,0,0,0,0,0,3,3,0,0,0,3,0,0,3,39,3,0,3,43,0,0,0,43,0,0,49,0,0,0,0,0,0,0,0,0,0,0,0,0,0,0,0,0,0,0,0,0,0,0,0,0,0,0,0,0,0,0,0,0,0,0,0,41,3,0,3,50,0,0,0,51,0,0,48,8,0,0,0,8,0,0,0,8,0,0,7,0,0,0,0,0,0,0,0,0,0,0,0,41,3,0,3
LGA36580,0,0,0,0,0,0,0,0,0,3,0,3,3,0,0,3,38,5,3,0,50,4,0,4,56,4,0,63,6,0,0,0,8,0,0,0,12,10,0,19,0,0,0,0,0,0,0,0,0,0,0,0,45,8,3,0,61,4,0,4,66,19,0,78,4,0,0,0,4,0,0,0,4,3,0,9,4,0,0,0,9,0,0,0,9,0,0,6,0,0,0,0,0,0,0,0,0,0,0,0,0,0,0,0,0,0,0,0,0,0,0,0,12,0,0,0,14,0,0,0,14,5,0,18,0,0,0,0,0,0,0,0,0,0,0,0,0,0,0,0,0,0,0,0,0,0,0,0,0,0,0,0,0,0,0,0,0,0,0,0,12,0,0,0,14,0,0,0,14,5,0,18,4,0,0,0,4,0,0,0,3,4,0,8,0,0,0,0,0,0,0,0,0,0,0,0,18,0,0,0
LGA36630,0,0,0,0,0,0,0,0,0,0,0,0,0,0,0,0,16,0,0,0,17,0,0,0,14,0,0,16,3,3,0,0,3,0,0,0,3,4,0,6,0,0,0,0,0,0,0,0,0,0,0,0,14,5,0,0,18,0,0,0,19,4,0,27,5,0,0,0,5,0,0,0,5,0,0,3,0,0,0,0,0,0,0,0,0,0,0,0,0,0,0,0,0,0,0,0,0,0,0,0,0,0,0,0,0,0,0,0,0,0,0,0,3,0,0,0,3,0,0,0,3,0,0,6,0,0,0,0,0,0,0,0,0,0,0,0,0,0,0,0,0,0,0,0,0,0,0,0,0,0,0,0,0,0,0,0,0,0,0,0,3,0,0,0,3,0,0,0,3,0,0,6,0,0,0,0,0,0,0,0,0,0,0,0,0,0,0,0,0,0,0,0,0,0,0,0,3,0,0,0
LGA36660,0,0,0,4,3,0,0,0,3,0,0,0,3,0,0,0,35,3,0,0,43,0,0,0,43,0,0,42,4,0,0,0,10,0,0,0,6,4,0,11,0,0,0,0,0,0,0,0,0,0,0,0,45,9,0,0,50,0,0,0,50,10,0,61,9,0,0,0,9,0,0,0,9,0,0,9,5,0,0,0,8,0,0,0,8,0,0,7,0,0,0,0,0,0,0,0,0,0,0,0,0,0,0,0,0,0,0,0,0,0,0,0,13,0,0,0,14,0,0,0,14,0,0,16,0,0,0,0,0,0,0,0,0,0,0,0,0,0,0,0,0,0,0,0,0,0,0,0,0,0,0,0,0,0,0,0,0,0,0,0,13,0,0,0,14,0,0,0,14,0,0,16,3,0,0,0,3,0,0,0,3,6,0,4,0,0,0,0,0,0,0,0,0,0,0,0,14,0,0,0
LGA36720,24,0,0,19,24,7,0,0,36,3,0,3,42,3,0,42,917,141,28,16,1103,20,3,24,1127,57,0,1192,133,37,8,0,183,5,3,10,194,38,0,238,0,0,0,0,3,0,0,0,3,0,0,3,1055,181,30,14,1284,28,8,39,1325,101,0,1428,167,33,0,0,204,7,0,7,205,8,0,217,146,38,4,0,193,3,0,3,197,15,0,205,0,0,0,0,5,0,0,0,5,0,0,3,0,0,0,3,4,0,0,0,4,0,0,9,316,67,16,3,406,8,0,8,414,28,0,438,0,0,0,0,0,0,0,0,0,4,0,6,0,0,0,0,4,0,0,0,4,0,0,4,4,0,0,0,7,0,0,0,9,3,0,10,321,73,16,3,408,6,0,6,416,31,0,444,50,19,3,0,69,3,0,3,73,28,0,107,0,0,0,0,0,0,0,0,0,0,0,0,373,85,13,3
LGA36820,0,0,0,0,0,0,0,0,0,0,0,0,0,0,0,0,25,3,0,0,28,0,0,0,28,0,0,28,0,3,0,0,5,0,0,0,5,0,0,5,0,0,0,0,0,0,0,0,0,0,0,0,20,8,0,0,27,0,0,0,27,0,0,35,0,0,0,0,0,0,0,0,0,0,0,0,3,0,0,0,3,0,0,0,3,0,0,6,0,0,0,0,0,0,0,0,0,0,0,0,0,0,0,0,0,0,0,0,0,0,0,0,5,0,0,0,5,0,0,0,5,0,0,9,0,0,0,0,0,0,0,0,0,0,0,0,0,0,0,0,0,0,0,0,0,0,0,0,0,0,0,0,0,0,0,0,0,0,0,0,5,0,0,0,5,0,0,0,5,0,0,9,0,0,0,0,0,0,0,0,0,3,0,4,0,0,0,0,0,0,0,0,0,0,0,0,5,0,0,0
LGA36910,11,0,0,11,15,0,0,3,19,0,0,0,21,0,0,18,393,47,6,6,453,12,0,16,465,20,0,487,61,11,3,3,79,3,0,3,86,30,0,112,0,0,0,0,0,0,0,0,0,0,0,0,454,57,14,9,534,17,0,16,550,52,3,604,76,11,3,0,82,6,0,8,91,7,0,91,62,10,5,0,77,4,0,4,78,10,0,87,3,0,0,0,6,0,0,0,6,0,0,6,0,0,0,0,3,0,0,0,3,0,0,3,139,22,7,0,167,6,0,8,180,13,0,189,4,0,0,0,4,0,0,0,4,0,0,4,3,0,0,0,3,0,0,0,3,3,0,6,3,0,0,0,9,0,0,0,9,3,0,7,148,20,7,3,174,6,0,8,188,16,0,203,16,4,3,0,25,0,0,0,24,12,0,45,0,0,0,0,0,0,0,0,0,0,0,0,163,29,9,3
LGA36950,0,0,0,0,0,0,0,0,0,0,0,0,0,0,0,0,0,0,0,0,0,0,0,0,0,0,0,0,0,0,0,0,0,0,0,0,0,0,0,0,0,0,0,0,0,0,0,0,0,0,0,0,0,0,0,0,0,0,0,0,0,0,0,0,0,0,0,0,0,0,0,0,0,0,0,0,0,0,0,0,0,0,0,0,0,0,0,0,0,0,0,0,0,0,0,0,0,0,0,0,0,0,0,0,0,0,0,0,0,0,0,0,0,0,0,0,0,0,0,0,0,0,0,0,0,0,0,0,0,0,0,0,0,0,0,0,0,0,0,0,0,0,0,0,0,0,0,0,0,0,0,0,0,0,0,0,0,0,0,0,0,0,0,0,0,0,0,0,0,0,0,0,0,0,0,0,0,0,0,0,0,0,0,0,0,0,0,0,0,0,0,0,0,0,0,0,0,0,0,0
LGA36960,0,0,0,0,0,0,0,0,0,0,0,0,0,0,0,0,0,0,0,0,0,0,0,0,0,0,0,0,0,0,0,0,0,0,0,0,0,0,0,0,0,0,0,0,0,0,0,0,0,0,0,0,0,0,0,0,0,0,0,0,0,0,0,0,0,0,0,0,3,0,0,0,3,0,0,3,0,0,0,0,0,0,0,0,0,0,0,0,0,0,0,0,0,0,0,0,0,0,0,0,0,0,0,0,0,0,0,0,0,0,0,0,3,0,0,0,4,0,0,0,4,0,0,4,0,0,0,0,0,0,0,0,0,0,0,0,0,0,0,0,0,0,0,0,0,0,0,0,0,0,0,0,0,0,0,0,0,0,0,0,3,0,0,0,4,0,0,0,4,0,0,4,0,0,0,0,0,0,0,0,0,4,0,4,0,0,0,0,0,0,0,0,0,0,0,0,3,0,0,0
LGA37010,9,0,0,9,10,6,0,0,17,8,0,8,28,4,0,28,697,70,18,10,795,41,3,48,842,41,3,890,71,11,4,0,85,8,0,7,98,31,0,128,0,0,0,0,0,0,0,0,0,0,0,0,765,83,26,12,883,49,4,60,939,75,3,1018,177,20,3,3,208,5,0,5,217,10,0,229,83,9,0,0,92,3,0,3,97,14,0,111,3,0,6,0,14,0,0,0,14,0,0,14,0,0,0,0,0,0,0,0,0,0,0,0,270,35,15,4,319,12,0,12,329,28,0,352,9,7,0,0,9,3,0,3,15,0,0,11,3,0,0,0,3,0,0,0,3,0,0,4,7,6,0,0,17,3,0,3,15,3,0,18,279,36,15,4,329,11,0,11,343,30,0,373,32,3,0,0,34,0,0,0,33,18,0,51,0,0,0,0,0,0,0,0,0,0,0,3,307,41,15,4
LGA37300,0,0,0,0,0,0,0,0,0,0,0,0,0,0,0,0,7,0,0,0,7,0,0,0,7,0,0,7,0,0,0,0,0,0,0,0,0,0,0,0,0,0,0,0,0,0,0,0,0,0,0,0,7,0,0,0,7,0,0,0,7,0,0,7,0,0,0,0,0,0,0,0,0,0,0,0,0,0,0,0,0,0,0,0,0,0,0,0,0,0,0,0,0,0,0,0,0,0,0,0,0,0,0,0,0,0,0,0,0,0,0,0,0,0,0,0,0,0,0,0,0,0,0,0,0,0,0,0,0,0,0,0,0,0,0,0,0,0,0,0,0,0,0,0,0,0,0,0,0,0,0,0,0,0,0,0,0,0,0,0,0,0,0,0,0,0,0,0,0,0,0,0,0,0,0,0,0,0,0,0,0,0,0,0,0,0,0,0,0,0,0,0,0,0,0,0,0,0,0,0
LGA37310,0,0,0,0,0,0,0,0,0,0,0,0,0,0,0,0,24,4,0,0,31,0,0,0,31,4,0,35,3,3,0,0,6,0,0,0,6,3,0,12,3,0,0,0,3,0,0,0,3,0,0,3,33,9,0,0,41,0,0,0,41,6,0,43,5,0,0,0,3,0,0,0,3,0,0,3,3,0,0,0,3,0,0,0,3,0,0,3,0,0,0,0,0,0,0,0,0,0,0,0,0,0,0,0,0,0,0,0,0,0,0,0,4,0,0,0,11,0,0,0,11,0,0,11,0,0,0,0,0,0,0,0,0,0,0,0,0,0,0,0,0,0,0,0,0,0,0,0,0,0,0,0,0,0,0,0,0,0,0,0,4,0,0,0,11,0,0,0,11,0,0,11,0,0,0,0,0,0,0,0,0,0,0,0,0,0,0,0,0,0,0,0,0,0,0,0,4,0,0,0
LGA37340,0,0,0,0,0,0,0,0,0,0,0,0,0,0,0,0,8,0,0,0,14,0,0,0,15,0,0,15,7,0,0,0,7,0,0,0,7,0,0,3,0,0,0,0,0,0,0,0,0,0,0,0,15,0,0,0,13,0,0,0,17,0,0,15,3,0,0,0,3,0,0,0,3,0,0,3,0,0,0,0,0,0,0,0,0,0,0,0,0,0,0,0,0,0,0,0,0,0,0,0,0,0,0,0,0,0,0,0,0,0,0,0,3,0,0,0,3,0,0,0,3,0,0,3,0,0,0,0,0,0,0,0,0,0,0,0,0,0,0,0,0,0,0,0,0,0,0,0,0,0,0,0,0,0,0,0,0,0,0,0,3,0,0,0,3,0,0,0,3,0,0,3,0,0,0,0,0,0,0,0,0,0,0,0,0,0,0,0,0,0,0,0,0,0,0,0,3,0,0,0
LGA37400,0,0,0,0,0,0,0,0,0,0,0,0,0,0,0,0,0,0,0,0,0,0,0,0,0,0,0,0,0,0,0,0,0,0,0,0,0,0,0,0,0,0,0,0,0,0,0,0,0,0,0,0,0,0,0,0,0,0,0,0,0,0,0,0,0,0,0,0,0,0,0,0,0,0,0,0,0,0,0,0,0,0,0,0,0,0,0,0,0,0,0,0,0,0,0,0,0,0,0,0,0,0,0,0,0,0,0,0,0,0,0,0,0,0,0,0,3,0,0,0,3,0,0,3,0,0,0,0,0,0,0,0,0,0,0,0,0,0,0,0,0,0,0,0,0,0,0,0,0,0,0,0,0,0,0,0,0,0,0,0,0,0,0,0,3,0,0,0,3,0,0,3,0,0,0,0,0,0,0,0,0,0,0,0,0,0,0,0,0,0,0,0,0,0,0,0,0,0,0,0
LGA37550,0,0,0,0,0,0,0,0,0,0,0,0,0,0,0,0,0,0,0,0,0,0,0,0,0,0,0,0,0,0,0,0,0,0,0,0,0,0,0,0,0,0,0,0,0,0,0,0,0,0,0,0,0,0,0,0,0,0,0,0,0,0,0,0,0,0,0,0,0,0,0,0,0,0,0,0,0,0,0,0,0,0,0,0,0,0,0,0,0,0,0,0,0,0,0,0,0,0,0,0,0,0,0,0,0,0,0,0,0,0,0,0,0,0,0,0,0,0,0,0,0,0,0,0,0,0,0,0,0,0,0,0,0,0,0,0,0,0,0,0,0,0,0,0,0,0,0,0,0,0,0,0,0,0,0,0,0,0,0,0,0,0,0,0,0,0,0,0,0,0,0,0,0,0,0,0,0,0,0,0,0,0,0,0,0,0,0,0,0,0,0,0,0,0,0,0,0,0,0,0
LGA37570,0,0,0,0,0,0,0,0,0,0,0,0,0,0,0,0,0,0,0,0,0,0,0,0,0,0,0,0,0,0,0,0,0,0,0,0,0,0,0,0,0,0,0,0,0,0,0,0,0,0,0,0,0,0,0,0,0,0,0,0,0,0,0,0,0,0,0,0,0,0,0,0,0,0,0,0,0,0,0,0,0,0,0,0,0,0,0,0,0,0,0,0,0,0,0,0,0,0,0,0,0,0,0,0,0,0,0,0,0,0,0,0,0,0,0,0,0,0,0,0,0,0,0,0,0,0,0,0,0,0,0,0,0,0,0,0,0,0,0,0,0,0,0,0,0,0,0,0,0,0,0,0,0,0,0,0,0,0,0,0,0,0,0,0,0,0,0,0,0,0,0,0,0,0,0,0,0,0,0,0,0,0,0,0,0,0,0,0,0,0,0,0,0,0,0,0,0,0,0,0
LGA37600,0,0,0,0,0,0,0,0,0,0,0,0,0,0,0,0,0,0,0,0,0,0,0,3,3,0,0,3,0,0,0,0,0,0,0,0,0,3,0,3,0,0,0,0,0,0,0,0,0,0,0,0,0,0,0,0,0,0,0,3,3,3,0,5,0,0,0,0,0,0,0,0,0,0,0,0,0,0,0,0,0,0,0,0,0,0,0,0,0,0,0,0,0,0,0,0,0,0,0,0,0,0,0,0,0,0,0,0,0,0,0,0,0,0,0,0,0,0,0,0,0,0,0,0,0,0,0,0,0,0,0,0,0,0,0,0,0,0,0,0,0,0,0,0,0,0,0,0,0,0,0,0,0,0,0,0,0,0,0,0,0,0,0,0,0,0,0,0,0,0,0,0,0,0,0,0,0,0,0,0,0,0,0,0,0,0,0,0,0,0,0,0,0,0,0,0,0,0,0,0
LGA39499,0,0,0,0,0,0,0,0,0,0,0,0,0,0,0,0,0,0,0,0,0,0,0,0,0,0,0,0,0,0,0,0,0,0,0,0,0,0,0,0,0,0,0,0,0,0,0,0,0,0,0,0,0,0,0,0,0,0,0,0,0,0,0,0,0,0,0,0,0,0,0,0,0,0,0,0,0,0,0,0,0,0,0,0,0,0,0,0,0,0,0,0,0,0,0,0,0,0,0,0,0,0,0,0,0,0,0,0,0,0,0,0,0,0,0,0,0,0,0,0,0,0,0,0,0,0,0,0,0,0,0,0,0,0,0,0,0,0,0,0,0,0,0,0,0,0,0,0,0,0,0,0,0,0,0,0,0,0,0,0,0,0,0,0,0,0,0,0,0,0,0,0,0,0,0,0,0,0,0,0,0,0,0,0,0,0,0,0,0,0,0,0,0,0,0,0,0,0,0,0
LGA39799,0,0,0,0,0,0,0,0,0,0,0,0,0,0,0,0,0,0,0,0,0,0,0,0,0,0,0,0,0,0,0,0,0,0,0,0,0,0,0,0,0,0,0,0,0,0,0,0,0,0,0,0,0,0,0,0,0,0,0,0,0,0,0,0,0,0,0,0,0,0,0,0,0,0,0,0,0,0,0,0,0,0,0,0,0,0,0,0,0,0,0,0,0,0,0,0,0,0,0,0,0,0,0,0,0,0,0,0,0,0,0,0,0,0,0,0,0,0,0,0,0,0,0,0,0,0,0,0,0,0,0,0,0,0,0,0,0,0,0,0,0,0,0,0,0,0,0,0,0,0,0,0,0,0,0,0,0,0,0,0,0,0,0,0,0,0,0,0,0,0,0,0,0,0,0,0,0,0,0,0,0,0,0,0,0,0,0,0,0,0,0,0,0,0,0,0,0,0,0,0
