LGA_CODE_2016,D_0_4_FPEFT_MPEFT,D_0_4_FPEFT_MPEPT,D_0_4_FPEFT_MPEAW,D_0_4_FPEFT_MPEHNS,D_0_4_FPEFT_MPET,D_0_4_FPEFT_MPULFTW,D_0_4_FPEFT_MPULPTW,D_0_4_FPEFT_MPUT,D_0_4_FPEFT_MPTLF,D_0_4_FPEFT_MPNLF,D_0_4_FPEFT_MPLFSNS,D_0_4_FPEFT_T,D_0_4_FPEPT_MPEFT,D_0_4_FPEPT_MPEPT,D_0_4_FPEPT_MPEAW,D_0_4_FPEPT_MPEHNS,D_0_4_FPEPT_MPET,D_0_4_FPEPT_MPULFTW,D_0_4_FPEPT_MPULPTW,D_0_4_FPEPT_MPUT,D_0_4_FPEPT_MPTLF,D_0_4_FPEPT_MPNLF,D_0_4_FPEPT_MPLFSNS,D_0_4_FPEPT_T,D_0_4_FPEAW_MPEFT,D_0_4_FPEAW_MPEPT,D_0_4_FPEAW_MPEAW,D_0_4_FPEAW_MPEHNS,D_0_4_FPEAW_MPET,D_0_4_FPEAW_MPULFTW,D_0_4_FPEAW_MPULPTW,D_0_4_FPEAW_MPUT,D_0_4_FPEAW_MPTLF,D_0_4_FPEAW_MPNLF,D_0_4_FPEAW_MPLFSNS,D_0_4_FPEAW_T,D_0_4_FPHNS_MPEFT,D_0_4_FPHNS_MPEPT,D_0_4_FPHNS_MPEAW,D_0_4_FPHNS_MPEHNS,D_0_4_FPHNS_MPET,D_0_4_FPHNS_MPULFTW,D_0_4_FPHNS_MPULPTW,D_0_4_FPHNS_MPUT,D_0_4_FPHNS_MPTLF,D_0_4_FPHNS_MPNLF,D_0_4_FPHNS_MPLFSNS,D_0_4_FPHNS_T,D_0_4_FPET_MPEFT,D_0_4_FPET_MPEPT,D_0_4_FPET_MPEAW,D_0_4_FPET_MPEHNS,D_0_4_FPET_MPET,D_0_4_FPET_MPULFTW,D_0_4_FPET_MPULPTW,D_0_4_FPET_MPUT,D_0_4_FPET_MPTLF,D_0_4_FPET_MPNLF,D_0_4_FPET_MPLFSNS,D_0_4_FPET_T,D_0_4_FPULFTW_MPEFT,D_0_4_FPULFTW_MPEPT,D_0_4_FPULFTW_MP_EAW,D_0_4_FPULFTW_MP_E_HW_NS,D_0_4_FPULFTW_MPET,D_0_4_FPULFTW_MPULFTW,D_0_4_FPULFTW_MPULPTW,D_0_4_FPULFTW_MPUT,D_0_4_FPULFTW_MPTLF,D_0_4_FPULFTW_MPNLF,D_0_4_FPULFTW_MPLFSNS,D_0_4_FPULFTW_T,D_0_4_FPULPTW_MPEFT,D_0_4_FPULPTW_MPEPT,D_0_4_FPULPTW_MPEAW,D_0_4_FPULPTW_MPEm_HW_NS,D_0_4_FPULPTW_MPET,D_0_4_FPULPTW_MPULFTW,D_0_4_FPULPTW_MPULPTW,D_0_4_FPULPTW_MPUT,D_0_4_FPULPTW_MPTLF,D_0_4_FPULPTW_MPNLF,D_0_4_FPULPTW_MPLFSNS,D_0_4_FPULPTW_T,D_0_4_FPUT_MPEFT,D_0_4_FPUT_MPEPT,D_0_4_FPUT_MPEAW,D_0_4_FPUT_MP_E_HNS,D_0_4_FPUT_MPET,D_0_4_FPUT_MPULFTW,D_0_4_FPUT_MPULPTW,D_0_4_FPUT_MPUT,D_0_4_FPUT_MPTLF,D_0_4_FPUT_MPNLF,D_0_4_FPUT_MPLFSNS,D_0_4_FPUT_T,D_0_4_FPTLF_MPEFT,D_0_4_FPTLF_MPEPT,D_0_4_FPTLF_MPEAW,D_0_4_FPTLF_MPEHNS,D_0_4_FPTLF_MPET,D_0_4_FPTLF_MPULFTW,D_0_4_FPTLF_MPULPTW,D_0_4_FPTLF_MPUT,D_0_4_FPTLF_MPTLF,D_0_4_FPTLF_MPNLF,D_0_4_FPTLF_MPLFSNS,D_0_4_FPTLF_T,D_0_4_FPNLF_MPEFT,D_0_4_FPNLF_MPEPT,D_0_4_FPNLF_MPEAW,D_0_4_FPNLF_MP_E_HNS,D_0_4_FPNLF_MPET,D_0_4_FPNLF_MPUEmpLfFTW,D_0_4_FPNLF_MPUEmpLfPTW,D_0_4_FPNLF_MPUT,D_0_4_FPNLF_MPTLF,D_0_4_FPNLF_MPNLF,D_0_4_FPNLF_MPLFSNS,D_0_4_FPNLF_T,D_0_4_FPLFSNS_MPEFT,D_0_4_FPLFSNS_MPEPT,D_0_4_FPLFSNS_MPEAW,D_0_4_FPLFSNS_MP_E_HNS,D_0_4_FPLFSNS_MPET,D_0_4_FPLFSNS_MPULFTW,D_0_4_FPLFSNS_MPULPTW,D_0_4_FPLFSNS_MPUT,D_0_4_FPLFSNS_MPTLF,D_0_4_FPLFSNS_MPNLF,D_0_4_FPLFSNS_MPLFSNS,D_0_4_FPLFSNS_T,D_0_4_FPT_MPEFT,D_0_4_FPT_MPEPT,D_0_4_FPT_MPEAW,D_0_4_FPT_MPEHNS,D_0_4_FPT_MPET,D_0_4_FPT_MPULFTW,D_0_4_FPT_MPULPTW,D_0_4_FPT_MPUT,D_0_4_FPT_MPTLF,D_0_4_FPT_MPNLF,D_0_4_FPT_MPLFSNS,D_0_4_FPT_T,D_5_9_FPEFT_MPEFT,D_5_9_FPEFT_MPEPT,D_5_9_FPEFT_MPEAW,D_5_9_FPEFT_MPEHNS,D_5_9_FPEFT_MPET,D_5_9_FPEFT_MPULFTW,D_5_9_FPEFT_MPULPTW,D_5_9_FPEFT_MPUT,D_5_9_FPEFT_MPTLF,D_5_9_FPEFT_MPNLF,D_5_9_FPEFT_MPLFSNS,D_5_9_FPEFT_T,D_5_9_FPEPT_MPEFT,D_5_9_FPEPT_MPEPT,D_5_9_FPEPT_MPEAW,D_5_9_FPEPT_MPEHNS,D_5_9_FPEPT_MPET,D_5_9_FPEPT_MPULFTW,D_5_9_FPEPT_MPULPTW,D_5_9_FPEPT_MPUT,D_5_9_FPEPT_MPTLF,D_5_9_FPEPT_MPNLF,D_5_9_FPEPT_MPLFSNS,D_5_9_FPEPT_T,D_5_9_FPEAW_MPEFT,D_5_9_FPEAW_MPEPT,D_5_9_FPEAW_MPEAW,D_5_9_FPEAW_MPEHNS,D_5_9_FPEAW_MPET,D_5_9_FPEAW_MPULFTW,D_5_9_FPEAW_MPULPTW,D_5_9_FPEAW_MPUT,D_5_9_FPEAW_MPTLF,D_5_9_FPEAW_MPNLF,D_5_9_FPEAW_MPLFSNS,D_5_9_FPEAW_T,D_5_9_FPHNS_MPEFT,D_5_9_FPHNS_MPEPT,D_5_9_FPHNS_MPEAW,D_5_9_FPHNS_MPEHNS,D_5_9_FPHNS_MPET,D_5_9_FPHNS_MPULFTW,D_5_9_FPHNS_MPULPTW,D_5_9_FPHNS_MPUT,D_5_9_FPHNS_MPTLF,D_5_9_FPHNS_MPNLF,D_5_9_FPHNS_MPLFSNS,D_5_9_FPHNS_T,D_5_9_FPET_MPEFT,D_5_9_FPET_MPEPT,D_5_9_FPET_MPEAW,D_5_9_FPET_MP_E_HNS,D_5_9_FPET_MPET,D_5_9_FPET_MPULFTW,D_5_9_FPET_MPULPTW,D_5_9_FPET_MPUT
LGA30250,4,0,0,0,3,0,0,0,3,3,0,7,4,0,0,0,4,0,0,0,6,0,0,6,0,0,0,0,0,0,0,0,0,0,0,0,0,0,0,0,0,0,0,0,0,0,0,0,9,0,0,0,8,0,0,0,9,3,0,11,0,0,0,0,0,3,0,3,3,0,0,3,0,0,0,0,0,0,0,0,3,0,0,3,0,0,0,0,0,3,0,3,5,0,0,5,8,0,0,0,11,5,0,5,15,3,0,18,7,3,0,0,9,4,0,4,15,19,0,31,0,0,0,0,0,0,0,0,0,0,0,3,18,9,0,0,27,11,0,10,39,20,0,53,7,0,0,0,7,0,0,0,7,5,0,12,3,5,0,0,7,0,0,0,10,0,0,5,0,0,0,0,0,0,0,0,0,0,0,0,0,0,0,0,0,0,0,0,0,0,0,0,8,5,0,0,12,0,0,0
LGA30300,23,3,0,0,21,0,0,0,21,0,0,27,82,7,0,0,88,0,0,0,94,0,0,90,11,3,0,0,14,0,0,0,14,0,0,14,0,0,0,0,0,0,0,0,0,0,0,0,119,9,0,0,130,0,0,0,130,3,0,138,0,0,0,0,0,0,0,0,0,0,0,0,3,0,0,0,3,0,0,0,3,0,0,4,3,0,0,0,3,0,0,0,3,0,0,4,121,9,0,0,138,0,0,0,135,4,0,138,53,0,0,3,52,0,0,0,52,8,0,63,0,0,0,0,0,0,0,0,0,0,0,0,171,15,0,3,192,0,0,0,192,14,0,205,64,7,0,0,72,0,0,0,72,6,0,79,102,7,0,0,109,0,0,0,109,7,0,113,5,0,0,0,5,0,0,0,5,0,0,5,0,0,0,3,3,0,0,0,3,0,0,3,170,11,0,3,182,0,0,0
LGA30370,111,7,0,0,123,0,0,0,123,3,0,130,221,15,3,3,248,0,0,0,245,4,0,249,45,3,3,3,57,0,0,0,62,0,0,63,3,0,0,4,6,0,0,0,6,0,0,6,384,28,12,14,437,3,0,3,436,8,0,448,0,0,0,0,0,0,0,0,0,0,0,0,8,0,0,0,8,0,0,0,7,0,0,7,10,0,0,0,10,0,0,0,12,0,0,12,386,28,12,14,444,3,0,3,450,8,0,454,288,22,13,15,331,11,0,19,351,7,4,364,0,0,0,0,0,0,0,0,0,0,0,3,677,51,20,27,773,19,0,24,799,23,3,824,218,8,0,6,229,0,3,3,237,3,3,239,292,14,9,8,323,0,0,0,321,3,0,325,12,0,0,0,19,0,0,0,16,0,0,16,3,0,0,10,11,0,0,0,11,0,0,11,530,26,6,18,582,3,3,5
LGA30410,30,0,0,0,26,0,0,0,26,0,0,29,48,0,0,0,50,0,0,0,50,0,0,52,3,0,0,0,3,0,0,0,3,0,0,4,0,0,0,0,0,0,0,0,0,0,0,0,78,5,0,0,84,0,0,0,84,0,0,86,0,0,0,0,0,0,0,0,0,0,0,0,0,0,0,0,0,0,0,0,0,0,0,0,4,0,0,0,4,0,0,0,4,0,0,4,80,5,0,0,87,0,0,0,87,0,0,91,48,0,0,0,49,0,0,0,50,4,0,54,0,0,0,0,0,0,0,0,0,0,0,0,128,3,0,0,130,0,0,0,134,6,0,137,34,0,0,0,32,0,3,3,32,0,0,37,52,9,0,0,56,0,0,0,56,3,0,60,3,0,0,0,3,0,0,0,3,0,3,3,3,0,0,0,3,0,0,0,3,0,0,3,85,7,0,0,95,0,3,3
LGA30450,0,0,0,0,0,0,0,0,0,0,0,0,6,3,0,0,3,0,0,0,3,0,0,3,0,0,0,0,0,0,0,0,0,0,0,0,0,0,0,0,0,0,0,0,0,0,0,0,6,3,0,0,3,0,0,0,3,0,0,3,0,0,0,0,0,0,0,0,0,0,0,0,0,0,0,0,0,0,0,0,0,0,0,0,0,0,0,0,0,0,0,0,0,0,0,0,6,3,0,0,3,0,0,0,3,0,0,3,0,0,0,0,3,0,0,0,3,0,0,5,0,0,0,0,0,0,0,0,0,0,0,0,3,4,0,0,6,0,0,0,6,0,0,7,0,0,0,0,0,0,0,0,0,0,0,0,0,0,0,0,5,0,0,0,5,0,0,5,0,0,0,0,0,0,0,0,0,0,0,0,0,0,0,0,0,0,0,0,0,0,0,0,0,0,0,0,5,0,0,0
LGA30760,12,3,0,0,13,0,0,0,13,0,0,17,32,0,0,0,32,0,0,0,32,0,0,32,13,0,7,0,19,0,0,0,19,0,0,19,0,0,0,0,0,0,0,0,0,0,0,0,61,3,7,0,70,0,0,0,66,0,0,66,0,0,0,0,0,0,0,0,0,0,0,0,0,0,0,0,0,0,0,0,0,0,0,0,0,0,0,0,0,0,0,0,0,0,0,0,59,3,7,0,69,0,0,0,71,0,0,67,7,8,0,0,13,0,0,0,16,4,0,22,0,0,0,0,0,0,0,0,0,0,0,0,67,5,7,0,83,0,0,3,84,4,0,89,23,0,0,0,25,0,0,0,25,0,0,32,31,0,0,0,28,0,0,0,28,0,0,30,6,0,0,0,6,0,0,0,6,0,0,6,3,0,0,0,3,0,0,0,3,0,0,3,61,0,0,0,63,0,0,0
LGA30900,0,0,0,0,0,0,0,0,0,0,0,0,0,0,0,0,0,0,0,0,0,0,0,0,0,0,0,0,0,0,0,0,0,0,0,0,0,0,0,0,0,0,0,0,0,0,0,0,3,0,0,0,3,0,0,0,3,0,0,3,0,0,0,0,0,0,0,0,0,0,0,0,0,0,0,0,0,0,0,0,0,0,0,0,0,0,0,0,0,0,0,0,0,0,0,0,3,0,0,0,3,0,0,0,3,0,0,3,5,0,0,0,5,0,0,0,5,0,0,5,0,0,0,0,0,0,0,0,0,0,0,0,10,0,0,0,10,0,0,0,10,0,0,10,5,0,0,0,5,0,0,0,5,0,0,5,0,0,0,0,3,0,0,0,3,0,0,3,0,0,0,0,0,0,0,0,0,0,0,0,0,0,0,0,0,0,0,0,0,0,0,0,4,0,0,0,3,0,0,0
LGA31000,8659,1086,101,60,9908,261,62,317,10228,549,6,10786,16161,1854,154,124,18286,226,42,262,18552,391,9,18953,4622,467,416,34,5542,63,7,68,5609,102,4,5717,226,28,4,157,414,8,3,15,429,21,21,461,29676,3434,669,368,34150,564,106,671,34821,1065,39,35924,494,91,3,10,600,107,13,115,718,43,0,762,809,111,7,16,937,93,27,115,1052,27,0,1082,1303,205,7,25,1539,195,35,236,1774,73,0,1849,30973,3637,682,391,35684,759,144,901,36593,1138,40,37769,12503,1738,329,252,14820,566,125,694,15518,1610,41,17165,69,10,0,41,118,0,0,0,118,12,88,218,43541,5380,1012,688,50626,1325,270,1593,52222,2761,172,55153,12052,1556,117,75,13802,379,74,457,14260,732,12,15005,18212,1819,158,124,20321,332,50,386,20704,445,5,21164,742,88,96,0,921,11,0,11,939,34,0,970,163,36,8,191,402,13,0,18,416,29,14,452,31171,3498,380,394,35448,740,127,868
LGA31750,5,0,0,0,5,0,0,0,5,0,0,5,3,0,0,0,3,0,0,0,3,0,0,3,0,0,0,0,0,0,0,0,0,0,0,0,0,0,0,0,0,0,0,0,0,0,0,0,12,0,0,0,12,0,0,0,12,0,0,12,0,0,0,0,0,0,0,0,0,0,0,0,0,0,0,0,0,0,0,0,0,0,0,0,0,0,0,0,0,0,0,0,0,0,0,0,12,0,0,0,12,0,0,0,12,0,0,12,0,0,0,0,0,0,0,0,0,0,0,0,0,0,0,0,0,0,0,0,0,0,0,0,14,0,0,0,14,0,0,0,14,0,0,14,4,0,0,0,4,0,0,0,4,0,0,4,3,0,0,0,5,0,0,0,5,0,0,5,0,0,0,0,0,0,0,0,0,0,0,0,0,0,0,0,0,0,0,0,0,0,0,0,8,0,0,0,9,0,0,0
LGA31820,371,72,9,5,461,14,8,16,477,28,0,511,790,111,17,13,930,22,4,27,951,46,0,995,133,23,20,0,182,12,3,14,191,4,0,199,15,0,0,7,22,5,0,5,29,0,0,33,1317,200,45,24,1592,42,13,57,1649,80,0,1735,17,3,0,0,17,9,3,15,29,4,0,35,37,6,3,4,50,11,0,12,59,0,0,64,52,11,3,4,68,22,3,23,91,3,0,97,1364,217,48,28,1657,64,19,85,1747,85,0,1829,730,141,31,21,928,99,18,113,1045,204,0,1246,13,0,0,3,17,0,0,0,17,0,7,26,2112,360,75,56,2607,166,36,197,2803,287,12,3102,699,108,7,3,818,27,13,40,857,66,0,921,940,154,22,14,1128,32,3,39,1159,76,0,1236,47,4,0,0,48,0,3,3,57,3,0,57,20,0,0,3,28,9,0,9,32,0,0,36,1702,274,25,22,2020,71,15,86
LGA31900,85,4,0,0,88,5,0,5,96,9,0,100,250,21,0,0,268,0,0,0,273,3,0,279,45,3,3,0,54,0,0,0,51,0,0,57,3,0,0,5,10,0,0,0,10,0,0,10,375,30,6,6,419,8,0,8,426,14,0,442,4,0,0,0,4,0,0,0,8,3,0,10,16,0,0,0,16,3,0,5,16,0,0,16,17,0,0,0,17,6,0,5,22,3,0,28,394,30,6,6,440,15,0,16,453,19,0,467,136,11,5,0,155,11,4,14,164,22,0,185,3,0,0,0,3,0,0,0,3,0,0,3,532,42,12,10,593,24,3,26,624,39,0,660,151,6,3,0,165,7,0,7,170,3,0,177,307,25,9,0,338,0,0,0,343,7,0,352,13,0,0,0,9,0,0,0,15,0,0,15,0,0,0,3,7,0,0,0,7,0,0,4,473,36,8,3,525,10,0,10
LGA31950,3,0,0,0,3,0,0,0,3,0,0,3,0,0,0,0,0,0,0,0,0,0,0,0,0,0,0,0,0,0,0,0,0,3,0,3,0,0,0,0,0,0,0,0,0,0,0,0,3,0,0,0,3,0,0,0,3,3,0,8,0,0,0,0,0,0,0,0,0,0,0,0,0,0,0,0,0,0,0,0,0,0,0,0,0,0,0,0,0,0,0,0,0,0,0,0,3,0,0,0,3,0,0,0,3,3,0,8,5,0,0,0,5,0,0,0,5,0,0,7,0,0,0,0,0,0,0,0,0,0,0,0,4,0,0,0,8,0,0,0,8,4,0,10,3,0,0,0,3,0,0,0,3,0,0,3,0,0,0,0,0,4,0,4,3,0,0,3,0,0,0,0,0,0,0,0,0,0,0,0,0,0,0,0,0,0,0,0,0,0,0,0,3,0,0,0,5,4,0,4
LGA32080,986,155,32,8,1176,35,8,47,1226,85,3,1306,1788,275,37,23,2122,36,7,42,2163,77,3,2239,409,50,65,4,527,5,0,5,528,14,0,543,25,6,0,10,39,6,0,6,50,13,0,59,3210,481,132,43,3863,83,19,99,3958,185,4,4150,46,9,0,0,57,16,0,16,71,9,0,79,117,22,0,3,144,22,0,21,168,3,0,170,165,35,0,3,205,32,0,33,240,15,0,254,3373,515,132,47,4068,113,17,129,4199,198,4,4400,1444,295,71,37,1852,125,23,149,2002,250,5,2255,3,0,0,9,12,0,0,0,12,4,20,34,4820,814,200,93,5933,237,48,281,6214,450,31,6693,1608,221,40,4,1877,53,20,76,1951,132,3,2084,2077,301,40,24,2442,57,5,65,2509,96,0,2608,82,11,19,0,109,5,0,5,117,11,0,124,25,4,0,28,58,6,0,5,65,12,4,81,3794,540,105,60,4492,128,28,147
LGA32250,15,0,0,0,15,3,0,3,21,0,0,17,16,0,3,0,17,0,0,0,17,0,0,16,0,0,0,0,0,0,0,0,0,0,0,0,0,0,0,0,0,0,0,0,0,0,0,0,29,0,3,0,33,3,0,3,38,0,0,35,0,0,0,0,0,0,0,0,0,0,0,0,0,0,0,0,0,0,0,0,0,0,0,0,0,0,0,0,0,0,0,0,0,0,0,0,29,0,3,0,33,0,0,0,38,3,0,39,11,4,3,0,15,0,0,4,23,12,0,29,0,0,0,0,0,0,0,0,0,0,3,3,42,4,3,0,53,3,0,8,58,16,3,71,15,3,0,0,19,0,0,0,19,0,0,16,17,0,0,0,17,0,0,0,17,3,0,20,0,0,0,0,0,0,0,0,0,0,0,0,0,0,0,4,4,0,0,0,4,0,0,4,30,3,0,6,36,0,0,0
LGA32260,115,16,0,0,132,4,0,3,134,10,0,151,312,36,5,3,358,4,0,4,362,17,0,376,57,6,14,0,70,0,0,0,70,3,0,74,4,0,0,8,14,0,0,0,14,0,0,14,490,61,15,13,576,5,0,11,582,31,0,614,7,0,0,0,7,3,0,3,6,0,0,12,8,0,0,0,6,3,3,3,15,0,0,21,14,0,0,0,13,6,3,5,25,3,0,30,500,61,19,13,596,13,5,16,610,35,0,640,282,56,13,16,364,26,0,26,388,51,3,449,0,0,0,0,0,0,0,0,0,0,9,9,786,119,31,26,962,37,5,43,1001,85,14,1105,218,32,0,4,258,3,3,5,265,14,0,276,362,49,6,5,423,11,0,11,426,26,3,455,16,3,0,0,25,0,0,0,25,3,0,25,4,0,0,11,19,0,0,0,19,0,0,20,604,88,13,17,716,11,3,12
LGA32270,191,7,5,5,209,3,0,3,209,9,0,214,503,37,9,3,553,6,0,9,557,7,0,564,127,12,19,0,154,0,0,0,154,0,0,156,16,0,0,4,19,0,0,0,19,0,0,19,838,52,25,15,927,6,0,11,938,16,0,957,13,3,0,0,10,0,0,0,10,3,0,11,34,3,4,4,45,0,3,3,50,0,0,50,44,9,4,4,54,0,3,3,58,3,0,58,883,59,30,15,986,9,0,15,996,17,0,1017,684,47,28,17,771,22,6,26,794,20,3,815,7,0,0,0,6,0,0,0,8,0,12,17,1563,104,54,37,1761,35,11,40,1802,37,12,1849,360,12,9,3,382,3,0,3,381,11,0,393,635,39,14,8,707,5,0,9,709,17,0,722,25,5,9,0,43,0,0,0,43,0,0,43,20,0,0,9,31,0,0,0,31,0,0,31,1041,61,28,22,1154,7,0,10
LGA32310,75,3,5,0,77,0,0,3,83,0,0,80,86,15,0,0,96,3,0,3,97,0,0,101,29,4,0,0,32,0,0,0,32,0,0,32,0,0,0,4,3,0,0,0,3,0,0,3,180,22,6,4,211,4,0,8,217,3,0,220,3,0,0,0,0,0,3,3,8,0,0,8,5,0,0,0,8,0,0,0,12,0,0,13,10,0,0,0,12,3,3,3,15,0,0,16,191,23,6,7,221,5,3,8,235,6,0,238,116,19,0,3,135,5,0,5,140,8,0,154,3,0,0,0,3,0,0,0,3,0,0,3,312,43,6,11,365,14,3,17,380,15,0,393,131,6,7,0,140,0,0,8,144,8,0,156,122,18,4,0,141,7,0,7,148,3,3,150,3,3,4,0,6,0,0,0,6,0,0,6,0,0,0,4,9,0,0,0,9,0,0,9,249,24,15,4,295,5,0,8
LGA32330,4,0,0,0,9,0,0,0,7,0,0,7,0,0,0,0,0,0,0,0,0,0,0,0,0,0,0,0,0,0,0,0,0,0,0,0,0,0,0,0,0,0,0,0,0,0,0,0,4,0,0,0,9,0,0,0,7,0,0,10,0,0,0,0,0,3,0,3,3,0,0,3,0,0,0,0,0,0,0,0,0,0,0,0,0,0,0,0,0,3,0,3,3,0,0,3,4,0,0,0,9,4,0,4,10,0,0,14,3,4,0,0,3,9,4,10,19,40,0,61,0,0,0,0,0,0,0,0,0,3,3,9,10,5,0,0,9,13,4,15,29,47,3,78,6,0,0,0,6,0,0,0,6,0,0,6,0,0,0,0,4,0,0,0,3,0,0,3,0,0,0,0,0,0,0,0,0,0,0,0,0,0,0,0,0,0,0,0,0,0,0,0,9,0,0,0,10,0,0,0
LGA32450,29,3,0,0,33,0,0,0,39,6,0,44,48,0,0,0,48,0,0,0,48,0,0,49,14,0,3,0,11,0,0,0,11,0,0,11,0,0,0,0,0,0,0,0,0,0,0,0,90,3,3,0,96,0,0,0,94,8,0,104,0,0,0,0,0,0,0,0,0,0,0,0,0,0,0,0,0,0,0,0,0,0,0,0,0,0,0,0,0,0,0,0,0,0,0,0,93,3,3,0,95,0,0,0,97,8,0,104,41,0,0,4,46,3,0,3,49,0,0,51,0,0,0,0,0,0,0,0,0,0,0,0,133,8,3,4,146,4,0,4,151,13,0,162,45,4,0,0,46,0,0,0,46,3,0,52,31,0,0,0,34,0,0,0,34,0,0,34,4,0,0,0,4,0,0,0,4,0,0,4,0,0,0,4,3,0,0,0,3,0,0,3,79,4,0,4,89,0,0,0
LGA32500,17,3,0,0,20,0,0,0,20,3,0,22,29,5,0,0,35,0,0,0,35,0,0,40,3,3,0,0,3,0,0,0,3,0,0,3,3,0,0,0,3,0,0,0,3,0,0,3,46,12,0,0,60,0,0,0,60,3,0,59,4,0,0,0,4,0,0,0,4,0,0,7,0,0,0,0,0,3,0,3,3,0,0,3,3,0,0,0,6,3,0,3,8,0,0,11,48,12,0,0,65,3,0,3,65,3,0,72,32,6,0,0,42,8,0,8,46,4,0,50,0,0,0,0,0,0,0,0,0,0,0,0,79,20,3,0,102,9,0,9,112,11,0,124,38,8,0,0,48,0,0,0,48,0,0,53,36,17,0,0,46,0,0,0,46,0,0,52,0,0,0,0,0,0,0,0,0,0,0,0,0,0,0,3,4,0,0,0,4,0,0,4,77,25,0,3,100,0,0,0
LGA32600,6,0,0,0,6,0,0,0,6,0,0,6,0,0,0,0,0,0,0,0,0,0,0,0,0,0,0,0,0,0,0,0,0,0,0,0,0,0,0,0,0,0,0,0,0,0,0,0,6,0,0,0,3,0,0,0,3,0,0,3,0,0,0,0,0,0,0,0,0,0,0,0,0,0,0,0,0,0,0,0,0,0,0,0,0,0,0,0,0,0,0,0,0,0,0,0,6,0,0,0,3,0,0,0,3,0,0,3,3,0,0,0,3,0,0,0,3,0,0,3,0,0,0,0,0,0,0,0,0,0,0,0,8,0,0,0,8,0,0,0,8,0,0,8,8,0,0,0,8,0,0,0,8,0,0,8,3,0,0,0,5,0,0,0,5,0,0,5,0,0,0,0,0,0,0,0,0,0,0,0,0,0,0,0,0,0,0,0,0,0,0,0,12,0,0,0,16,0,0,0
LGA32750,8,0,0,0,8,0,0,0,8,0,0,8,8,0,0,0,8,0,0,0,8,0,0,8,0,0,0,0,0,0,0,0,0,0,0,0,0,0,0,0,0,0,0,0,0,0,0,0,13,0,0,0,13,0,0,0,13,0,0,13,0,0,0,0,0,0,0,0,0,0,0,0,0,0,0,0,0,0,0,0,0,0,0,0,0,0,0,0,0,0,0,0,0,0,0,0,13,0,0,0,13,0,0,0,13,0,0,13,0,0,0,0,0,0,0,0,0,0,0,3,0,0,0,0,0,0,0,0,0,0,0,0,19,0,0,0,19,0,0,0,19,0,0,16,9,0,0,0,9,0,0,0,9,0,0,9,3,0,0,0,3,0,0,0,3,0,0,3,0,0,0,0,0,0,0,0,0,0,0,0,0,0,0,0,0,0,0,0,0,0,0,0,13,0,0,0,11,0,0,0
LGA32770,14,3,0,0,13,0,0,0,13,0,0,13,3,0,0,0,6,0,0,0,3,4,0,14,4,0,3,0,3,0,0,0,3,0,0,3,0,3,0,0,3,0,0,0,3,0,0,3,17,7,3,0,23,0,0,0,24,7,0,35,0,0,0,0,0,0,0,0,0,0,0,0,0,0,0,0,0,0,0,0,0,0,0,0,0,0,0,0,0,0,0,0,0,0,0,0,17,7,3,0,23,0,0,0,24,6,0,33,4,23,0,0,23,15,8,24,48,38,0,83,0,0,0,0,0,0,0,0,0,0,0,0,19,27,3,0,47,14,8,25,73,48,0,115,13,5,0,0,13,0,0,0,13,11,0,23,3,7,0,0,11,3,0,3,14,5,0,18,0,0,0,0,0,0,0,0,0,0,0,0,0,3,0,0,3,0,0,0,3,0,0,3,13,11,0,0,31,3,0,3
LGA32810,45,7,0,0,58,0,0,0,58,3,4,59,128,23,0,0,158,4,0,4,158,5,0,165,10,0,0,0,15,0,0,0,15,0,0,15,5,0,0,0,5,0,0,0,5,0,0,5,185,32,4,0,228,4,0,4,234,9,4,240,5,0,0,0,5,0,0,0,5,0,0,5,0,0,0,0,0,0,0,0,0,0,0,0,7,0,0,0,7,0,0,0,7,0,0,7,190,32,4,0,236,4,0,4,235,9,4,242,78,9,9,6,97,3,3,8,103,16,0,125,0,0,0,0,0,0,0,0,0,0,4,7,264,44,16,3,333,6,3,9,338,23,8,370,121,14,0,6,142,4,0,4,140,3,0,146,145,28,3,8,178,4,0,4,179,3,0,182,5,0,0,0,5,0,0,0,8,0,0,8,4,0,0,3,11,0,0,0,11,0,0,11,279,40,6,11,333,5,0,5
LGA33100,12,0,0,0,12,0,0,0,12,0,0,12,13,0,0,0,13,0,0,0,18,0,0,18,0,0,0,0,0,0,0,0,0,0,0,0,0,0,0,0,0,0,0,0,0,0,0,0,25,0,0,0,25,0,0,0,25,0,0,25,0,0,0,0,0,3,0,3,3,0,0,3,0,0,0,0,0,0,0,0,0,0,0,0,0,0,0,0,0,3,0,3,4,0,0,4,25,0,0,0,25,3,0,3,31,0,0,31,12,0,0,0,7,0,0,0,7,0,0,14,0,0,0,0,0,0,0,0,0,0,0,0,34,0,0,0,39,3,0,3,38,0,0,41,19,0,0,0,19,0,0,0,19,0,0,19,14,0,0,0,14,0,0,0,14,0,0,14,0,0,0,0,0,0,0,0,0,0,0,0,0,0,0,0,0,0,0,0,0,0,0,0,27,0,0,0,27,0,0,0
LGA33200,16,0,4,0,18,0,0,0,18,0,0,18,22,0,0,0,22,0,0,0,22,0,0,22,0,0,0,0,0,0,0,0,0,0,0,0,0,0,0,0,0,0,0,0,0,0,0,0,39,5,4,0,50,0,0,0,50,0,0,50,0,0,0,0,0,3,0,3,3,0,0,3,0,0,0,0,0,0,0,0,0,0,0,0,0,0,0,0,0,3,0,3,3,0,0,3,39,5,4,0,50,3,0,3,47,0,0,47,23,0,0,0,28,0,0,0,28,4,0,28,0,0,0,0,0,0,0,0,0,0,0,0,65,5,4,0,78,3,0,3,80,4,0,79,21,0,0,0,25,0,0,0,25,0,0,25,21,0,0,0,17,0,0,0,17,0,0,17,0,0,0,0,0,0,0,0,0,0,0,0,0,0,0,0,0,0,0,0,0,0,0,0,41,3,0,0,41,0,0,0
LGA33220,316,69,6,0,386,20,3,16,404,49,0,450,705,166,28,6,902,24,10,35,936,66,0,1005,169,27,25,3,216,3,0,3,222,6,0,223,4,0,0,4,10,0,0,0,12,6,0,20,1192,259,54,14,1512,43,11,60,1574,125,0,1698,20,6,0,0,28,11,3,17,42,8,0,49,46,7,0,0,57,11,0,12,69,6,0,78,74,13,0,0,89,17,4,21,112,15,0,130,1264,273,56,18,1605,64,15,85,1684,138,0,1824,648,193,33,17,886,98,19,120,1004,220,9,1239,4,0,0,0,6,0,0,0,11,4,20,33,1920,461,91,29,2501,162,34,203,2704,365,31,3097,591,127,14,3,733,22,4,33,766,67,0,832,893,196,33,10,1132,37,8,46,1178,103,3,1284,55,10,7,0,67,0,0,3,74,12,0,84,3,3,0,17,29,0,0,3,32,5,0,37,1545,335,56,36,1962,67,13,79
LGA33360,334,31,5,0,373,21,3,19,393,14,0,410,735,51,22,3,809,29,0,29,841,18,0,860,155,5,25,7,189,6,0,6,201,4,0,205,8,0,0,10,21,3,0,3,21,3,3,30,1233,89,49,24,1395,58,3,58,1456,36,8,1498,43,3,0,0,51,16,3,21,69,3,0,69,86,5,0,0,95,9,0,9,111,0,0,111,134,14,3,0,149,26,3,27,175,3,0,179,1364,101,54,19,1544,84,5,90,1630,41,8,1672,1140,94,44,42,1315,118,5,120,1440,102,3,1537,10,0,3,0,13,0,0,0,13,0,12,20,2507,196,97,62,2869,201,9,215,3081,138,21,3239,539,40,15,4,589,21,0,21,609,36,0,647,1016,70,27,16,1140,56,0,56,1190,26,3,1221,59,3,11,0,75,0,0,0,75,4,0,78,10,0,0,16,30,3,0,3,33,3,0,35,1622,110,55,38,1828,77,0,77
LGA33430,3384,449,53,26,3916,93,18,110,4023,230,3,4256,7500,1011,90,56,8666,102,26,131,8796,214,8,9021,1488,149,121,16,1769,36,0,36,1807,58,0,1869,128,6,0,65,202,0,0,3,208,6,9,224,12500,1620,276,159,14556,236,51,285,14841,502,24,15368,143,29,8,3,181,38,3,44,218,17,0,240,404,75,4,10,499,44,9,51,553,26,0,578,553,105,13,9,675,81,9,97,773,46,0,819,13051,1720,287,177,15234,317,60,382,15610,551,29,16187,6073,933,174,150,7324,265,41,307,7631,695,13,8337,19,14,0,24,59,0,0,0,59,4,68,134,19142,2669,462,342,22615,586,97,688,23304,1249,110,24661,5149,639,63,36,5890,157,36,191,6083,316,0,6395,8382,1113,91,69,9659,150,33,182,9842,291,12,10151,283,31,57,3,378,13,0,13,389,16,0,406,103,14,3,92,206,3,0,3,208,7,6,228,13914,1799,215,199,16128,314,76,392
LGA33610,70,9,0,0,76,0,0,0,78,0,3,79,204,10,4,4,218,3,0,3,220,3,0,230,26,0,0,0,28,0,0,0,28,0,0,28,0,0,0,3,6,0,0,0,6,3,0,9,300,15,5,3,329,3,0,3,329,6,3,339,0,0,0,0,0,0,0,0,3,0,0,3,3,0,0,0,5,0,0,0,5,0,0,5,3,0,0,0,5,0,0,0,7,0,0,7,305,17,5,3,331,3,0,3,337,6,3,351,127,13,3,3,139,10,0,7,146,19,0,169,3,0,0,0,3,0,0,0,3,0,0,3,430,28,10,10,475,15,0,16,489,26,3,518,130,9,3,0,144,0,0,0,144,3,0,148,247,17,6,0,267,0,0,0,267,3,0,268,9,0,0,0,9,0,0,0,9,0,0,9,3,0,0,3,3,0,0,0,3,0,0,7,383,29,8,3,423,0,0,0
LGA33620,175,17,3,0,201,5,0,3,206,9,0,213,424,53,12,4,490,9,0,9,499,27,0,530,92,15,10,0,115,0,0,0,114,3,0,123,5,3,0,0,8,0,0,0,9,0,0,9,697,91,20,5,820,13,0,15,834,38,0,872,10,0,0,0,10,8,0,8,16,0,0,16,10,7,0,0,19,8,0,8,25,0,0,32,22,6,0,0,32,14,0,14,41,5,0,49,716,103,20,9,846,26,0,32,878,40,0,924,406,101,19,28,557,46,20,64,622,151,0,773,0,0,0,0,0,0,0,0,0,0,7,10,1129,209,47,34,1407,68,16,90,1499,193,6,1706,358,32,0,0,392,12,0,16,405,15,0,423,563,76,16,10,659,14,3,20,681,55,0,731,16,8,9,0,37,0,0,0,34,6,0,44,5,3,0,6,13,0,0,0,11,0,0,12,940,122,23,17,1101,27,5,37
LGA33800,49,0,0,0,58,0,0,0,58,0,0,58,138,12,0,3,153,0,0,0,150,0,0,150,20,3,0,3,24,0,0,0,24,0,0,26,4,0,0,0,4,0,0,0,4,0,0,4,210,16,4,7,235,0,0,0,232,5,0,235,0,0,0,0,0,0,0,0,0,0,0,0,0,0,0,0,0,0,0,0,0,0,0,0,3,0,0,0,4,0,0,0,4,0,0,4,212,16,4,12,236,0,0,0,239,5,0,239,68,5,3,3,88,3,0,3,88,10,0,102,0,0,0,0,0,0,0,0,0,0,0,0,283,17,11,14,317,7,0,7,326,13,3,344,88,4,0,0,89,0,0,0,89,8,0,94,171,19,0,4,190,0,3,3,199,3,0,200,0,0,0,0,0,0,0,0,0,0,0,0,0,0,0,0,4,0,0,0,4,0,0,4,258,21,0,9,284,0,3,3
LGA33830,7,0,0,0,5,0,3,3,9,0,0,6,3,3,0,0,8,0,0,0,8,0,0,8,0,0,0,0,0,0,0,0,0,0,0,0,0,0,0,0,0,0,0,0,0,0,0,0,6,4,0,0,10,0,3,3,10,0,0,15,3,0,0,0,3,3,0,3,7,0,0,7,3,0,0,0,6,0,3,3,12,0,0,10,4,0,0,0,8,11,3,10,16,0,0,19,14,5,0,0,18,11,3,14,34,3,0,36,5,0,0,0,5,10,3,9,17,4,0,19,0,0,0,0,0,0,0,0,0,0,0,0,17,5,0,0,23,17,8,22,47,6,0,57,7,0,0,0,7,0,3,3,6,3,0,13,4,5,0,0,8,0,3,3,12,0,0,12,0,0,0,0,0,0,0,0,0,0,0,0,0,0,0,0,0,0,0,0,0,0,0,0,8,5,0,0,16,0,4,4
LGA33960,1632,179,36,24,1868,58,8,68,1937,146,0,2079,2540,266,42,20,2867,59,11,66,2939,101,5,3042,667,79,54,6,805,19,0,19,823,31,3,853,33,14,0,31,75,3,0,3,83,5,6,95,4870,533,134,80,5620,133,25,156,5772,284,9,6075,135,33,3,4,185,38,0,38,219,17,0,232,194,28,0,6,237,21,9,29,259,10,0,265,330,67,6,15,416,54,9,64,479,21,3,505,5203,603,134,97,6036,193,26,217,6256,310,12,6576,3163,523,74,113,3876,194,26,220,4093,462,10,4568,11,4,0,10,29,0,0,0,29,3,27,64,8376,1132,210,214,9939,380,58,439,10380,775,55,11206,2142,233,32,16,2427,108,33,138,2569,174,0,2738,2786,335,35,23,3173,72,11,88,3258,123,3,3386,170,22,23,3,219,8,0,8,228,13,0,244,35,7,0,39,78,3,5,7,87,5,6,104,5133,600,85,82,5903,197,45,237
LGA33980,184,19,9,0,209,6,0,6,208,4,0,217,361,26,5,3,393,0,0,0,397,5,0,402,92,5,17,3,113,0,0,0,113,0,0,117,13,0,0,7,19,0,0,0,19,0,0,19,647,45,28,11,731,8,0,8,740,16,0,754,13,3,0,0,14,0,0,0,19,0,0,19,37,0,0,0,41,0,0,0,49,0,0,49,55,0,0,0,59,3,0,3,66,0,0,66,700,53,28,14,791,10,0,10,804,16,0,820,612,36,35,9,693,3,0,3,701,3,0,704,9,0,0,0,9,0,0,0,9,0,0,9,1315,88,61,26,1490,21,0,21,1510,18,3,1528,273,31,6,0,313,4,0,4,312,7,0,319,490,29,19,5,543,6,0,6,552,9,0,561,21,4,7,0,30,0,0,0,30,3,0,32,10,0,0,4,11,0,0,0,11,0,0,11,800,61,27,10,898,14,0,14
LGA34420,3,0,0,0,3,0,0,0,3,0,0,3,0,0,0,0,0,0,0,0,0,0,0,0,0,0,0,0,0,0,0,0,0,0,0,0,0,0,0,0,0,0,0,0,0,0,0,0,3,0,0,0,3,0,0,0,4,0,0,5,0,0,0,0,0,7,0,9,9,0,0,9,0,0,0,0,0,0,0,0,0,0,0,0,3,0,0,0,3,7,0,9,13,0,0,13,4,0,0,0,4,6,0,11,18,0,0,20,0,0,0,0,5,7,0,7,12,13,0,26,0,0,0,0,0,0,0,0,0,0,0,0,5,3,0,0,11,13,0,19,28,14,0,49,6,0,0,0,6,0,0,0,6,3,0,5,0,3,0,0,9,3,0,3,9,0,0,9,0,0,0,0,0,0,0,0,0,0,0,0,0,0,0,0,0,0,0,0,0,0,0,0,9,3,0,0,13,3,0,3
LGA34530,199,18,0,6,220,0,0,0,223,22,0,241,380,41,15,4,438,3,3,5,446,17,0,462,84,15,17,0,111,4,0,4,112,0,0,117,5,0,0,6,14,3,0,3,18,0,0,18,666,74,32,16,785,13,3,13,799,34,0,837,9,0,0,0,15,5,0,5,23,0,0,22,12,0,0,0,15,3,3,7,23,0,0,23,28,0,6,0,36,9,3,11,46,0,0,44,691,78,34,17,820,23,3,27,841,36,0,878,331,43,18,5,403,27,3,27,428,36,0,464,3,0,0,0,3,0,0,0,3,0,0,3,1020,122,52,27,1225,45,6,53,1275,74,3,1347,339,42,6,3,392,0,3,7,395,22,0,418,562,51,16,5,628,6,0,10,642,21,0,657,23,5,3,0,34,4,0,4,36,0,0,41,10,0,0,12,16,0,0,0,16,0,0,16,934,97,22,20,1069,17,0,16
LGA34570,3,0,0,0,6,0,0,0,10,0,0,10,6,0,0,3,6,0,0,0,6,0,0,10,0,0,0,0,0,0,0,0,0,0,0,0,0,0,0,0,0,0,0,0,0,0,0,0,7,3,0,5,16,0,0,0,14,0,0,17,0,0,0,0,0,3,0,3,5,0,0,5,0,0,0,0,0,0,0,0,0,0,0,0,0,0,0,0,0,3,0,3,5,0,0,5,10,3,0,5,12,0,0,0,21,0,0,22,8,4,0,0,12,0,0,0,12,9,0,24,0,0,0,0,0,0,0,0,0,0,0,3,20,5,0,7,30,0,0,0,32,9,0,46,3,0,0,0,7,0,0,0,7,0,0,7,6,0,0,5,11,0,0,0,11,3,0,13,0,0,0,0,0,0,0,0,0,0,0,0,0,0,0,0,0,0,0,0,0,0,0,0,7,0,0,5,14,0,0,0
LGA34580,199,11,3,3,223,4,0,4,226,24,0,254,396,54,3,0,460,9,0,12,473,25,0,497,90,3,12,0,107,0,0,0,107,0,0,107,6,0,0,3,11,0,0,0,11,0,0,11,692,78,23,12,801,11,0,13,816,45,0,863,8,7,0,0,16,8,0,3,20,3,0,27,33,3,0,3,35,0,0,0,40,0,0,40,46,11,0,3,54,5,0,8,62,3,0,60,739,83,23,11,857,18,3,24,881,47,0,929,412,72,19,16,520,28,12,40,556,97,0,655,3,0,0,0,5,0,0,0,5,0,3,8,1154,155,37,29,1379,47,13,62,1444,147,3,1598,315,19,4,3,350,15,0,15,361,26,0,387,517,64,7,7,604,8,4,14,615,29,0,640,19,0,10,0,30,0,0,0,30,0,0,30,0,0,0,11,8,0,0,0,8,0,0,10,857,89,24,19,987,23,4,27
LGA34590,2321,233,41,21,2609,75,16,92,2701,178,4,2886,3481,500,54,40,4077,91,11,97,4179,136,0,4317,956,108,93,7,1170,17,0,15,1187,32,0,1218,76,16,0,70,165,0,0,0,165,11,6,179,6838,863,192,137,8024,184,30,207,8231,361,12,8601,206,32,5,3,246,56,0,56,301,26,0,331,233,61,7,5,304,27,8,43,345,20,0,367,439,92,12,11,554,92,8,101,649,44,0,699,7272,949,197,147,8573,273,36,309,8885,405,14,9303,4488,823,104,183,5602,368,57,420,6029,849,19,6900,12,0,0,18,31,4,0,7,35,7,64,105,11774,1780,305,358,14208,647,92,736,14951,1265,97,16304,3309,360,45,16,3735,84,21,113,3842,233,11,4083,4140,549,49,47,4789,94,26,123,4915,165,4,5082,255,28,38,5,328,6,3,9,337,12,0,351,74,10,0,84,166,4,0,4,173,10,4,186,7774,948,140,155,9017,195,54,246
LGA34710,28,6,0,0,34,0,0,0,34,12,0,44,29,0,0,0,32,0,0,0,34,0,0,38,21,0,0,0,25,0,0,0,25,0,0,25,0,0,0,0,0,0,0,0,0,0,0,0,82,6,3,0,92,0,0,0,91,12,0,101,0,0,0,0,0,0,0,0,0,0,0,0,0,0,0,0,0,0,0,0,0,0,0,4,0,0,0,0,0,0,0,0,5,0,0,3,84,6,3,0,90,0,3,3,98,10,0,109,37,3,0,0,43,0,0,0,43,0,0,43,0,0,0,0,0,0,0,0,0,0,0,0,117,11,3,0,132,0,3,3,133,10,0,145,63,3,0,0,65,0,0,0,65,5,0,66,39,0,3,0,41,0,0,0,41,0,0,41,6,0,0,3,8,0,0,0,8,0,0,8,3,0,0,0,6,0,0,0,6,0,0,6,105,7,3,5,116,0,0,0
LGA34770,592,45,12,4,654,22,3,24,682,40,0,722,1478,117,17,24,1631,11,3,17,1647,35,0,1688,333,10,54,6,405,17,0,17,414,4,0,423,20,6,0,12,33,0,0,0,33,0,3,40,2426,173,91,42,2725,49,7,53,2783,84,3,2869,52,0,0,0,51,14,0,14,65,10,0,74,125,11,0,7,138,16,0,16,148,4,3,160,170,13,0,3,190,28,0,28,215,15,3,237,2597,188,89,45,2915,81,7,85,3002,105,3,3106,1478,151,68,38,1744,113,8,120,1861,112,4,1979,19,4,0,0,23,3,0,3,25,0,18,42,4092,345,163,87,4678,189,14,203,4889,213,28,5123,952,69,7,9,1041,49,3,51,1091,56,0,1152,1905,149,44,26,2129,43,0,42,2170,50,3,2220,79,4,18,0,105,3,0,3,109,3,0,109,15,0,0,29,49,0,0,0,52,3,0,56,2956,225,69,75,3318,95,8,102
LGA34800,10,0,0,0,15,0,0,0,15,0,0,15,11,0,0,0,11,0,0,0,11,0,0,11,0,0,0,0,0,0,0,0,0,0,0,0,0,0,0,0,0,0,0,0,0,0,0,0,24,0,0,0,29,0,0,0,29,0,0,29,0,0,0,0,0,0,0,0,0,0,0,0,0,0,0,0,0,0,0,0,0,0,0,0,0,0,0,0,0,0,0,0,0,0,0,0,24,0,0,0,29,0,0,0,29,0,0,29,6,0,0,0,5,0,0,0,13,0,0,13,4,0,0,0,4,0,0,0,4,0,0,4,31,0,0,0,39,0,0,0,39,0,0,39,19,0,0,0,20,0,0,0,20,0,0,20,13,0,0,0,13,0,0,0,13,0,0,13,0,0,0,0,0,0,0,0,0,0,0,0,0,0,0,0,0,0,0,0,0,0,0,0,31,0,0,0,31,0,0,0
LGA34830,0,0,0,0,0,0,0,0,0,0,0,0,0,0,0,0,0,0,0,0,0,0,0,0,0,0,0,0,0,0,0,0,0,0,0,0,0,0,0,0,0,0,0,0,0,0,0,0,0,0,0,0,0,0,0,0,0,0,0,0,0,0,0,0,0,0,0,0,0,0,0,0,0,0,0,0,0,0,0,0,0,0,0,0,0,0,0,0,0,0,0,0,0,0,0,0,0,0,0,0,0,0,0,0,0,0,0,0,7,0,0,0,6,0,0,3,13,8,0,18,0,0,0,0,0,0,0,0,0,0,0,0,8,0,0,0,9,0,0,3,10,8,0,21,3,0,0,0,3,0,0,0,3,0,0,3,0,0,0,0,0,0,0,0,0,0,0,0,0,0,0,0,0,0,0,0,0,0,0,0,0,0,0,0,0,0,0,0,0,0,0,0,3,0,0,0,3,0,0,0
LGA34860,143,20,0,0,159,3,0,3,161,3,0,170,209,27,7,3,240,4,0,4,240,8,0,250,38,4,3,0,46,0,0,0,46,0,0,47,4,0,0,0,3,0,0,0,3,0,0,3,383,48,9,3,449,8,0,8,452,17,0,471,0,0,0,0,0,4,0,4,4,0,0,0,4,0,0,0,5,0,0,0,5,0,0,5,4,0,0,0,5,4,0,4,11,0,0,8,389,50,9,3,453,12,0,12,460,16,0,480,163,11,4,6,191,3,0,3,190,11,0,202,0,0,0,0,0,0,0,0,0,0,0,0,552,59,13,13,644,16,0,16,652,21,3,679,207,19,0,0,226,3,0,3,227,5,0,238,232,26,4,3,263,4,0,4,269,3,0,270,14,0,3,0,17,0,0,0,17,0,0,17,0,0,0,0,0,0,0,0,0,0,0,0,451,44,6,3,504,10,0,10
LGA34880,83,20,0,0,99,0,0,0,104,9,0,107,173,30,3,0,205,5,0,9,207,7,0,217,28,10,3,0,43,0,0,0,43,3,0,43,0,0,0,3,3,0,0,0,3,0,0,3,282,53,8,3,347,4,0,8,358,16,0,377,4,0,0,0,6,0,0,0,7,0,0,7,4,3,0,0,8,5,0,5,11,0,0,12,8,4,0,0,12,9,0,9,21,0,0,24,291,54,8,3,359,13,0,13,378,19,0,395,152,42,12,5,214,19,3,22,229,63,0,292,3,0,0,0,3,0,0,0,3,0,4,4,445,99,16,12,574,36,3,34,608,81,8,694,195,21,3,3,219,0,0,0,223,13,0,237,255,46,7,0,304,4,0,4,313,10,0,324,4,3,6,0,9,0,0,0,9,0,0,9,0,0,0,3,4,0,0,0,3,0,0,6,450,70,16,7,542,3,0,4
LGA35010,2933,316,36,22,3311,83,32,108,3420,189,4,3612,5738,541,93,42,6415,97,27,120,6533,169,7,6709,1417,144,165,14,1740,19,0,19,1764,51,0,1813,76,11,4,61,147,4,0,8,153,8,4,170,10163,1008,303,138,11610,197,63,261,11872,414,14,12301,188,27,6,3,221,44,3,48,271,18,0,289,356,67,9,6,437,42,0,39,481,28,0,506,541,92,20,11,660,86,4,90,750,47,0,801,10706,1101,317,145,12275,282,65,350,12621,460,14,13103,5472,728,194,167,6560,289,52,341,6902,595,14,7511,35,0,0,22,58,0,0,0,58,0,37,95,16213,1833,512,334,18893,571,121,695,19587,1058,67,20705,4520,478,84,28,5107,120,43,167,5279,300,3,5583,7198,741,93,64,8094,120,29,145,8242,265,6,8511,322,50,54,5,433,7,3,8,446,21,0,468,68,11,0,79,155,5,0,11,163,12,13,191,12107,1281,227,184,13797,256,74,329
LGA35250,9,0,0,0,9,4,0,4,12,0,0,16,0,0,0,0,0,0,0,0,3,0,0,3,0,0,0,0,0,0,0,0,0,0,0,0,0,0,0,0,0,0,0,0,0,0,0,0,12,0,0,0,12,3,0,3,18,0,0,17,0,0,0,0,0,0,0,0,0,3,0,3,0,0,0,0,0,0,0,0,0,0,0,0,0,0,0,0,0,0,0,0,0,3,0,3,12,0,0,0,12,3,0,3,18,3,0,22,6,3,0,0,15,9,0,9,20,9,0,29,0,0,0,0,0,0,0,0,0,0,3,3,18,6,0,0,21,15,0,15,39,8,3,50,9,0,0,0,12,0,0,0,14,0,0,14,6,3,0,0,10,0,0,0,10,0,0,8,0,0,0,0,0,0,0,0,0,0,0,0,0,0,0,0,0,0,0,0,0,0,0,0,18,6,0,0,19,0,0,0
LGA35300,230,8,5,3,250,0,0,0,249,9,0,261,270,14,0,5,292,6,0,6,298,11,0,307,81,3,11,0,93,0,0,0,93,0,0,93,4,0,0,5,10,0,0,0,10,0,0,8,585,29,20,14,642,9,0,9,648,12,0,665,8,3,0,0,8,3,0,3,10,0,0,14,17,0,0,0,17,0,0,0,16,0,0,16,24,3,0,0,27,3,0,3,26,0,0,28,606,29,20,14,671,10,0,10,681,18,0,694,364,13,14,9,403,20,3,21,421,27,3,451,0,0,0,0,0,0,0,0,0,0,6,5,973,42,33,22,1071,28,3,32,1107,44,9,1154,253,9,5,7,271,0,3,4,275,12,0,284,277,11,0,9,305,0,0,0,305,11,0,315,20,0,3,0,23,0,0,0,23,0,0,23,6,0,0,0,6,0,0,0,6,0,0,6,557,20,10,13,601,4,3,6
LGA35600,52,5,0,0,51,0,0,0,51,3,0,58,55,6,0,0,64,0,0,0,69,0,0,70,14,0,6,0,21,0,0,0,21,0,0,21,0,0,0,5,3,0,0,0,3,0,0,5,123,11,9,6,149,0,0,0,145,3,0,154,0,0,0,0,0,0,0,0,0,0,0,0,0,0,0,0,0,0,0,0,0,0,0,0,0,0,0,0,0,0,0,0,0,0,0,0,122,11,9,6,147,0,0,0,149,10,0,156,37,3,0,0,43,3,0,3,45,8,3,54,0,0,0,0,0,0,0,0,0,0,0,3,161,16,9,7,186,0,0,0,193,16,4,213,69,3,0,0,73,0,0,0,70,3,0,76,50,7,0,5,64,0,0,0,61,3,0,70,0,0,0,0,0,0,0,0,0,0,0,0,0,0,0,0,3,0,0,0,3,0,0,3,113,14,3,9,134,3,0,3
LGA35670,6,0,0,0,6,0,0,0,7,3,0,6,0,0,0,0,3,0,0,0,3,0,0,3,0,0,0,0,0,0,0,0,0,0,0,0,0,0,0,0,0,0,0,0,0,0,0,0,5,0,0,0,7,0,0,0,10,3,0,9,0,0,0,0,0,4,0,4,5,0,0,4,0,0,0,0,0,3,0,3,3,0,0,3,0,0,0,0,0,7,0,7,4,0,0,7,8,0,0,0,5,8,0,8,12,6,0,21,14,8,0,0,19,11,5,16,32,21,0,55,0,0,0,0,0,0,0,0,0,0,0,0,15,9,0,0,27,20,5,25,49,25,0,74,3,0,0,0,5,0,0,0,5,4,0,12,0,0,0,0,0,0,0,0,3,0,0,0,0,0,0,0,0,3,0,3,3,0,0,3,0,0,0,0,0,0,0,0,0,0,0,0,6,0,0,0,8,5,0,5
LGA35740,187,27,3,0,218,3,0,6,224,19,0,244,467,114,7,7,598,14,4,16,611,23,0,635,73,16,7,0,100,5,0,5,101,5,0,110,11,0,0,6,13,0,0,0,13,0,0,13,737,166,17,12,931,17,6,27,954,49,0,1004,0,0,0,0,0,3,0,3,5,0,0,5,36,6,0,0,38,0,0,0,38,3,0,39,36,6,0,0,43,3,0,3,42,3,0,46,769,171,17,12,968,24,6,26,997,52,0,1047,385,63,14,20,480,35,0,32,509,48,0,564,0,0,0,0,4,0,0,0,4,0,0,10,1158,228,35,26,1455,52,6,62,1514,96,7,1618,357,74,7,4,440,3,0,3,445,26,0,473,726,159,13,3,900,16,7,19,920,33,3,951,18,4,3,0,26,0,0,0,26,0,0,26,3,0,0,6,9,0,0,0,14,0,0,14,1098,235,26,20,1380,17,7,26
LGA35760,49,3,0,0,53,3,0,3,54,4,0,61,112,9,0,0,122,0,0,0,121,3,0,123,19,0,0,0,20,0,0,0,25,0,0,21,6,0,0,0,6,0,0,0,6,0,0,6,188,11,0,0,203,3,0,7,207,8,0,213,6,0,0,0,12,0,0,0,7,0,0,11,0,0,0,0,0,0,0,0,3,0,0,3,6,0,0,0,7,3,0,3,15,0,0,14,197,16,0,0,211,4,0,9,216,14,0,229,75,11,0,7,87,17,4,15,108,12,3,122,0,0,0,0,3,0,0,0,3,0,0,3,266,25,3,7,303,17,5,21,328,28,3,353,130,12,0,0,136,5,0,5,145,3,0,146,149,12,0,3,164,0,0,3,163,3,0,167,3,0,0,0,4,0,0,0,4,0,0,4,3,0,0,0,6,0,0,0,6,0,0,6,286,20,0,6,308,5,3,9
LGA35780,34,5,0,6,45,9,0,10,56,6,0,68,12,4,0,0,15,0,0,0,15,11,0,25,5,0,4,0,8,0,0,0,8,0,0,8,0,0,3,0,7,0,0,0,7,0,0,7,62,8,7,5,79,9,0,10,89,20,0,112,3,3,0,0,5,11,0,11,15,3,0,17,4,0,0,0,4,0,3,3,4,0,0,4,7,3,0,0,5,11,3,14,24,3,0,25,66,13,7,5,89,22,3,24,114,17,0,134,27,5,0,5,41,14,4,15,50,58,0,110,0,0,0,0,0,0,0,0,0,0,0,0,99,13,11,12,133,33,7,38,171,77,0,242,52,7,0,3,57,13,0,13,73,11,4,87,17,10,0,0,28,0,0,0,28,8,0,40,0,0,8,0,6,0,0,0,6,0,0,11,0,0,0,0,0,0,0,0,0,0,0,0,76,11,8,3,98,13,0,13
LGA35790,10,0,0,0,10,0,0,0,10,4,0,9,3,8,0,0,15,6,0,6,23,13,0,30,7,0,0,0,7,0,0,0,7,0,0,8,0,0,0,0,0,0,0,0,0,0,0,0,18,12,0,0,28,6,0,6,33,18,0,53,0,0,0,0,0,4,0,4,4,0,0,4,0,0,0,0,0,0,3,3,3,4,0,3,0,0,0,0,0,4,3,5,5,3,0,11,18,12,0,0,28,8,3,15,39,21,0,59,23,12,0,0,38,9,19,29,66,65,0,126,0,0,0,0,0,0,0,0,0,0,3,3,35,22,0,3,64,22,22,45,103,84,3,190,10,0,0,0,11,0,0,0,11,4,0,19,0,9,0,0,9,3,0,7,20,13,0,34,0,0,0,0,0,0,0,0,0,0,0,3,0,0,0,0,0,0,0,0,0,0,0,0,14,14,0,0,23,3,0,7
LGA35800,13,0,0,0,13,0,0,0,13,3,0,16,16,0,0,0,16,0,0,0,16,0,0,16,8,0,0,0,8,0,0,0,8,0,0,8,0,0,0,0,0,0,0,0,0,0,0,0,35,0,0,0,35,0,0,0,35,3,0,38,0,0,0,0,0,3,0,3,3,0,0,3,0,0,0,0,0,0,0,0,0,0,0,0,0,0,0,0,0,3,0,3,3,0,0,3,35,0,0,0,35,3,0,3,38,3,0,41,5,0,0,0,6,0,0,0,6,3,0,14,0,0,0,0,0,0,0,0,0,0,0,0,41,4,0,0,43,3,0,3,47,5,0,49,17,3,0,0,21,0,0,0,21,0,0,25,12,0,0,0,12,0,0,0,12,0,0,12,0,0,0,0,0,0,0,0,0,0,0,0,0,0,0,0,0,0,0,0,0,0,0,0,37,3,0,0,36,0,0,0
LGA36070,3,0,0,0,3,0,0,0,3,0,0,3,3,4,0,0,7,0,0,0,7,0,0,9,0,0,0,0,0,0,0,0,0,0,0,0,0,0,0,0,0,0,0,0,0,0,0,0,7,4,0,0,9,0,0,0,9,0,0,11,0,0,0,0,0,0,0,0,0,0,0,0,0,0,0,0,0,0,0,0,0,0,0,3,0,0,0,0,0,0,0,3,3,0,0,3,7,4,0,0,9,0,0,3,12,3,0,14,3,9,0,0,12,0,3,4,13,13,0,26,0,0,0,0,0,0,0,0,0,0,0,0,10,12,0,0,22,0,0,6,29,15,0,42,3,0,0,0,3,0,0,0,3,0,0,6,0,4,0,0,3,0,0,0,5,0,0,5,0,0,0,0,0,0,0,0,0,0,0,0,0,0,0,0,0,0,0,0,0,0,0,0,7,4,0,0,6,0,0,0
LGA36150,12,0,0,0,12,0,0,0,12,0,0,12,5,0,0,0,5,3,0,3,6,0,0,6,0,0,0,0,0,0,0,0,0,0,0,0,0,0,0,0,0,0,0,0,0,0,0,0,18,0,0,0,18,3,0,3,18,0,0,18,0,0,0,0,0,0,0,0,0,0,0,0,0,0,0,0,0,0,0,0,0,0,0,0,0,0,0,0,0,0,0,0,0,0,0,0,18,0,0,0,18,3,0,3,18,0,0,18,5,0,0,3,9,0,0,0,9,0,0,9,0,0,0,0,0,0,0,0,0,0,0,0,26,0,0,3,29,3,0,3,26,0,0,26,24,0,0,0,29,0,0,0,29,0,0,29,11,0,0,0,15,0,0,0,15,0,0,15,0,0,0,0,0,0,0,0,0,0,0,0,0,0,0,0,0,0,0,0,0,0,0,0,39,3,0,0,39,0,0,0
LGA36250,994,121,31,7,1150,20,5,24,1179,52,3,1232,2006,176,20,15,2219,29,4,33,2253,46,3,2303,498,35,39,3,579,0,0,0,584,9,0,595,21,0,0,27,48,0,0,0,48,0,0,50,3518,333,99,49,4004,53,10,61,4062,105,11,4177,45,12,3,0,60,7,0,7,63,0,0,62,74,11,0,4,87,6,0,4,95,3,0,98,121,20,3,3,149,11,0,12,155,3,0,158,3638,357,102,56,4148,61,11,67,4218,110,11,4339,1408,154,49,34,1645,48,12,60,1709,123,7,1836,4,0,0,3,7,0,0,0,7,0,18,24,5050,508,146,94,5805,111,19,129,5934,235,33,6202,1661,171,21,7,1858,28,4,35,1888,90,4,1979,2698,251,35,19,2996,45,3,50,3042,59,3,3105,97,12,15,3,124,3,0,3,127,12,0,137,22,3,0,28,48,0,0,0,48,4,3,58,4469,430,69,53,5022,77,6,89
LGA36300,7,0,0,0,7,0,0,0,7,0,0,7,13,0,0,0,14,0,0,0,14,0,0,14,0,0,0,0,0,0,0,0,0,0,0,0,0,0,0,0,0,0,0,0,0,0,0,0,21,0,0,0,17,0,0,0,17,0,0,17,0,0,0,0,0,0,0,0,0,0,0,5,0,0,0,0,0,0,0,0,0,0,0,0,0,0,0,0,0,0,0,0,0,0,0,5,21,0,0,0,20,0,0,0,20,0,0,26,11,0,0,0,19,0,0,0,19,0,0,16,0,0,0,0,0,0,0,0,0,0,0,0,35,3,0,3,36,0,0,0,36,4,0,39,13,0,0,0,12,0,0,0,12,0,0,12,9,0,0,0,9,0,0,0,9,0,0,9,0,0,0,0,0,0,0,0,0,0,0,0,0,0,0,0,0,0,0,0,0,0,0,0,20,0,0,0,21,0,0,0
LGA36370,538,67,13,0,616,15,7,21,639,46,0,692,976,91,16,6,1084,25,3,32,1120,33,0,1145,248,15,17,0,282,4,0,3,294,11,0,304,8,3,3,14,30,0,0,0,30,0,0,34,1768,181,55,22,2023,53,7,61,2084,93,0,2176,28,6,3,0,33,5,0,3,44,7,0,48,46,3,0,0,50,16,0,13,69,0,0,67,76,10,0,0,90,15,0,21,106,11,0,119,1844,191,54,26,2110,68,15,79,2192,99,0,2291,862,120,48,29,1053,92,7,108,1154,142,3,1302,3,0,0,0,6,0,0,0,6,0,3,10,2706,312,101,51,3169,165,25,184,3360,237,11,3605,749,72,20,3,842,34,3,37,881,52,0,936,1120,118,22,14,1269,28,10,41,1309,37,0,1348,59,3,5,0,72,0,0,3,69,3,0,73,4,0,0,20,26,0,0,0,26,0,0,26,1934,193,43,38,2210,67,13,77
LGA36510,184,27,5,4,219,0,0,0,215,18,0,231,406,43,3,3,451,6,0,6,457,13,0,473,85,3,13,0,101,0,0,0,101,3,0,102,3,0,3,10,15,0,0,0,15,0,0,15,677,73,20,9,784,6,0,4,786,34,3,822,6,3,0,0,9,3,0,3,12,0,0,12,17,3,0,0,16,0,0,0,16,3,0,21,23,7,0,0,29,3,0,3,28,3,0,30,696,75,20,13,810,10,0,11,815,39,3,857,384,55,18,8,459,17,3,24,479,73,0,551,3,0,0,0,3,0,0,0,3,0,8,10,1077,129,39,21,1274,25,3,32,1298,106,6,1417,396,48,3,4,452,3,3,9,462,33,0,493,586,94,5,3,701,16,3,22,718,25,0,741,35,7,5,0,45,0,0,0,45,0,0,47,3,0,0,3,9,0,0,0,9,0,0,10,1017,155,23,14,1210,16,4,27
LGA36580,106,10,0,0,123,0,0,0,122,15,0,136,245,25,0,0,269,0,0,0,272,9,0,282,47,5,11,0,63,0,0,0,63,0,0,64,3,0,0,3,10,0,0,0,10,0,0,10,405,41,14,7,464,0,0,4,467,31,0,492,9,0,0,0,11,7,0,7,15,3,0,14,4,0,0,0,7,0,0,0,6,0,0,9,14,3,0,0,20,3,0,3,20,3,0,24,420,47,10,7,482,3,0,9,486,30,0,518,290,43,18,17,368,19,5,27,392,82,3,480,0,0,0,3,3,0,0,0,3,0,4,4,708,88,29,23,853,26,10,37,884,118,3,1008,167,25,0,3,194,3,0,5,199,28,0,224,302,47,3,5,352,9,0,9,360,16,0,384,10,0,6,0,19,0,0,0,19,0,0,22,3,0,0,6,7,0,0,0,7,4,0,13,481,72,11,10,574,8,5,12
LGA36630,127,16,0,3,151,0,0,0,149,10,0,161,260,41,4,3,308,3,0,3,308,10,0,324,72,4,0,0,76,0,0,0,83,0,0,83,4,0,0,3,10,0,0,0,10,0,0,11,463,61,8,6,541,3,3,6,550,21,0,573,9,0,0,0,11,9,0,9,15,5,0,23,19,3,0,0,19,0,0,0,19,3,0,28,27,4,0,0,32,10,0,10,40,11,0,47,492,59,8,6,571,13,3,19,582,31,0,620,307,73,14,13,403,41,14,58,461,114,0,577,0,0,0,0,0,0,0,0,5,0,5,10,794,137,21,17,975,50,21,75,1047,146,4,1201,259,29,3,7,295,3,0,5,294,13,0,310,407,64,8,3,476,12,3,14,492,35,0,529,13,4,0,0,15,0,0,0,15,3,0,22,0,0,0,8,12,0,0,0,12,0,0,12,676,91,13,15,798,10,3,18
LGA36660,144,27,4,0,172,4,0,4,178,11,0,187,319,60,4,3,386,6,0,6,389,15,0,406,89,3,9,0,103,0,0,0,103,5,0,102,5,0,0,3,11,0,0,0,11,0,0,9,554,91,19,11,670,9,0,9,680,25,3,705,13,0,0,0,14,0,0,0,14,5,0,16,12,0,0,0,16,0,0,0,14,3,0,18,25,3,0,0,27,0,0,0,27,11,0,37,580,94,19,11,701,8,0,8,708,35,3,741,382,54,11,10,462,35,6,39,500,96,0,596,0,3,0,0,3,0,0,0,3,0,7,8,965,154,33,23,1166,42,6,50,1213,125,12,1348,233,39,5,3,289,8,0,8,297,19,0,314,488,57,8,3,557,5,0,4,562,29,0,585,29,4,6,0,36,0,0,0,36,3,0,45,7,0,0,6,15,0,0,0,15,0,0,16,754,97,22,14,891,15,0,14
LGA36720,1239,238,25,7,1510,29,12,34,1552,92,0,1642,3806,574,43,42,4459,57,0,61,4519,109,10,4642,698,86,82,6,875,12,0,12,886,22,0,907,61,5,0,47,119,0,0,0,116,3,0,122,5806,900,149,101,6961,97,11,111,7072,229,12,7318,56,14,3,7,80,7,5,14,90,8,0,100,202,40,5,3,257,21,3,21,280,8,0,286,258,59,4,10,335,26,8,38,366,17,0,383,6067,961,157,110,7297,129,24,149,7444,245,12,7705,2938,490,80,81,3590,110,25,134,3726,290,3,4022,12,0,0,9,25,0,0,0,25,0,19,38,9014,1448,243,207,10913,235,44,285,11195,535,34,11766,2385,370,32,12,2805,50,16,74,2871,173,4,3049,4943,687,61,43,5735,92,17,108,5841,207,12,6065,185,32,29,3,247,6,0,6,251,12,0,268,59,13,3,41,116,0,0,0,120,7,0,123,7570,1100,126,100,8903,153,34,190
LGA36820,113,13,3,0,125,0,0,0,129,10,0,136,258,40,0,0,301,3,0,3,305,12,0,319,48,12,10,3,67,3,0,3,66,4,0,71,3,0,0,3,8,0,0,0,8,0,0,6,420,58,15,6,499,11,0,11,504,27,0,535,0,0,0,0,0,0,0,0,6,0,0,6,0,3,0,0,6,0,0,0,10,0,0,10,4,3,0,0,12,4,0,4,11,0,0,11,428,60,15,6,507,10,0,10,522,27,0,550,175,41,8,7,237,23,4,21,257,36,3,305,0,0,0,0,3,0,0,0,3,0,8,13,600,102,25,16,742,34,4,38,778,68,17,867,168,22,6,0,194,8,0,8,205,21,0,221,354,49,6,0,413,5,0,5,421,20,0,437,7,0,5,0,12,0,0,0,12,0,0,19,7,0,0,7,10,0,0,0,10,3,0,13,540,73,15,5,630,14,0,9
LGA36910,913,117,8,6,1046,25,0,30,1073,64,0,1139,2203,228,18,17,2470,23,3,26,2501,57,0,2559,487,47,51,4,591,6,4,10,602,13,0,615,15,8,3,25,47,0,0,0,51,4,0,51,3621,398,81,50,4157,60,4,65,4219,136,3,4361,49,9,3,4,64,4,0,4,70,13,0,81,86,10,5,9,108,12,12,23,136,3,0,134,135,22,5,10,174,21,12,33,203,14,0,220,3754,422,86,63,4329,82,15,97,4425,151,3,4583,2047,305,63,42,2454,139,31,169,2622,298,3,2924,8,0,0,0,8,0,0,0,8,0,13,23,5814,723,151,101,6790,219,46,266,7053,458,20,7531,1559,179,20,20,1774,29,7,37,1809,100,0,1908,2714,251,43,32,3038,34,3,37,3083,91,4,3171,103,13,22,0,148,3,0,3,151,3,0,153,21,0,0,29,49,7,0,7,49,3,0,53,4398,440,87,76,5007,70,13,86
LGA36950,42,5,3,0,51,0,0,0,51,9,0,58,20,15,0,0,32,0,0,0,32,0,0,32,5,0,4,0,6,0,0,0,6,0,0,6,0,0,0,3,4,0,0,0,4,0,0,4,68,17,4,8,97,0,0,0,97,9,0,104,0,0,0,0,3,0,0,0,3,0,0,3,4,0,0,0,4,0,0,0,4,0,0,4,5,0,0,0,3,0,0,0,3,0,0,3,70,20,4,8,102,0,0,0,102,9,0,114,37,7,3,6,43,4,3,5,52,9,0,63,0,0,0,0,0,0,0,0,0,0,3,3,105,19,7,12,142,4,3,5,153,22,3,176,64,10,4,3,75,3,0,3,76,3,0,85,25,16,0,5,50,0,0,0,50,0,0,50,0,0,0,0,0,0,0,0,0,0,0,0,4,0,0,7,11,5,0,5,15,0,0,15,91,31,6,11,134,7,0,7
LGA36960,20,3,0,0,25,3,0,4,30,15,0,39,15,8,3,0,28,0,0,0,28,15,0,39,0,4,0,0,7,0,0,0,7,0,0,9,0,0,0,0,0,0,0,0,0,0,0,0,34,18,3,0,62,3,0,4,62,26,0,94,3,0,0,0,3,0,0,0,3,0,0,3,0,0,0,0,0,0,0,6,6,0,0,5,3,0,0,0,3,0,4,5,9,0,0,11,37,18,3,0,66,3,3,8,68,33,0,98,40,40,0,3,85,10,13,24,113,104,0,213,0,0,0,0,0,0,0,0,0,0,7,8,80,58,3,3,149,15,19,36,179,134,4,322,35,5,0,0,42,3,0,4,44,11,0,52,24,16,0,0,37,0,0,3,38,20,0,57,0,3,0,0,3,0,0,0,3,0,0,3,0,0,0,0,0,0,0,0,0,0,0,0,58,23,0,0,84,7,4,6
LGA37010,1447,164,40,13,1661,41,18,55,1720,121,0,1837,2233,231,36,21,2518,61,16,76,2599,72,4,2672,663,90,73,0,835,5,3,12,844,29,0,878,26,4,0,20,48,3,0,3,53,3,0,59,4375,497,151,54,5064,108,38,147,5216,228,3,5444,87,14,4,0,101,30,0,30,134,12,0,139,144,15,0,0,162,19,5,29,186,9,0,191,229,30,4,0,261,49,5,55,315,19,0,337,4599,524,149,52,5326,156,43,204,5531,246,3,5778,1817,260,74,55,2213,170,33,197,2411,312,8,2731,8,0,0,6,16,0,0,0,16,0,29,42,6433,790,226,108,7554,325,73,401,7955,562,38,8551,1976,221,41,12,2252,68,11,85,2340,176,0,2515,2473,239,49,22,2777,59,8,72,2846,93,3,2946,113,31,13,0,161,0,3,5,165,14,0,175,32,0,0,31,64,3,0,3,67,0,4,72,4592,495,103,67,5259,136,24,158
LGA37300,69,0,0,0,74,0,0,0,74,0,0,72,70,3,0,0,78,0,0,0,78,0,0,78,38,0,3,0,47,0,0,0,47,0,0,47,0,0,0,0,0,0,0,0,0,0,0,0,182,9,8,0,198,0,0,0,198,0,0,201,3,0,0,0,3,0,0,0,3,0,0,3,7,0,0,0,6,0,0,0,6,0,0,6,10,0,0,0,7,0,0,0,7,0,0,7,190,10,8,0,208,0,0,0,208,0,0,210,71,3,3,0,80,0,0,0,80,0,3,85,0,0,0,0,0,0,0,0,0,0,0,0,266,13,11,0,288,0,0,0,288,0,3,291,88,3,0,0,95,0,0,0,95,4,0,99,100,3,0,0,101,0,0,0,101,0,0,101,8,0,4,0,16,0,0,0,16,0,0,16,0,0,0,0,0,0,0,0,0,0,0,0,193,8,3,3,211,0,0,0
LGA37310,162,7,0,0,174,3,3,8,179,10,0,185,440,38,6,4,489,4,4,9,490,4,0,497,101,11,11,0,127,0,0,0,128,3,0,130,8,0,0,5,10,0,0,0,10,0,0,10,711,51,19,8,793,5,6,15,808,18,0,828,13,3,0,0,14,3,0,3,20,3,0,16,14,8,0,0,17,0,0,0,23,0,0,26,26,11,0,0,34,4,0,4,37,3,0,45,731,61,21,8,824,14,6,17,848,25,0,866,537,48,13,24,624,25,0,29,654,66,5,724,4,0,0,0,4,0,0,0,4,0,0,4,1275,116,33,31,1453,40,10,50,1504,89,5,1598,334,31,7,5,374,10,0,9,382,18,0,398,605,58,15,4,683,7,0,7,683,12,0,701,25,5,5,0,38,0,0,0,38,3,0,39,6,0,0,9,17,3,0,3,19,3,0,20,978,92,23,15,1109,12,0,19
LGA37340,209,22,3,0,236,7,0,7,234,8,0,243,349,47,3,4,398,7,0,7,409,10,0,413,70,3,13,0,87,3,0,3,90,3,0,98,4,0,0,7,15,0,0,0,15,0,0,15,628,69,27,17,740,12,0,12,752,19,0,768,16,0,0,0,19,9,0,7,27,0,0,23,22,7,0,0,25,0,0,0,25,0,0,29,37,7,0,0,41,7,3,11,53,0,0,57,662,75,27,15,779,20,3,26,801,21,0,826,311,58,8,7,385,27,0,27,421,37,0,458,4,0,0,0,4,0,0,0,4,0,5,4,973,138,33,27,1170,47,3,56,1219,56,7,1283,328,36,8,5,382,8,0,4,387,14,0,402,444,54,9,4,508,9,0,9,520,22,3,536,20,0,6,0,30,0,0,0,30,0,0,30,3,0,0,11,16,0,0,0,18,0,4,22,796,88,28,20,936,16,0,15
LGA37400,17,0,0,0,17,0,0,0,17,0,0,17,12,0,0,0,13,0,0,0,13,0,0,13,0,0,0,0,0,0,0,0,0,0,0,0,0,0,0,0,0,0,0,0,0,0,0,0,29,0,0,0,30,0,0,0,30,0,0,30,0,0,0,0,0,0,0,0,0,0,0,0,0,0,0,0,0,0,0,0,0,0,0,0,0,0,0,0,0,0,0,0,0,0,0,0,29,0,0,0,30,0,0,0,30,0,0,31,9,3,0,0,13,0,0,0,13,0,0,13,0,0,0,0,0,0,0,0,0,0,0,0,41,0,0,0,47,0,0,0,47,0,0,48,14,0,0,0,14,0,0,0,14,0,0,14,11,3,0,0,10,0,0,0,10,0,0,10,0,0,0,0,0,0,0,0,0,0,0,0,0,0,0,0,0,0,0,0,0,0,0,0,22,3,0,0,28,0,0,0
LGA37550,0,0,0,0,3,0,0,0,3,0,0,3,3,0,0,0,3,0,0,0,3,0,0,4,0,0,0,0,0,0,0,0,0,0,0,0,0,0,0,0,0,0,0,0,0,0,0,0,0,0,0,0,3,0,0,0,3,5,0,8,0,0,0,0,0,0,0,0,0,4,0,4,0,0,0,0,0,0,0,0,0,0,0,0,0,0,0,0,0,0,0,0,0,4,0,4,0,0,0,0,3,0,0,0,3,5,0,7,15,3,0,4,15,3,0,3,18,12,0,30,0,0,0,0,0,0,0,0,0,0,0,0,13,0,0,4,22,3,0,3,23,22,0,46,3,3,0,0,7,0,0,0,7,3,0,10,0,0,0,0,0,0,0,0,0,0,0,0,0,0,0,0,0,0,0,0,0,0,0,0,0,0,0,0,0,0,0,0,0,0,0,0,9,3,0,0,9,0,0,0
LGA37570,3,0,0,0,3,0,0,0,3,0,0,3,0,0,0,0,0,0,0,0,0,0,0,0,0,0,0,0,0,0,0,0,0,0,0,0,0,0,0,0,0,0,0,0,0,0,0,0,3,0,0,0,3,0,0,0,3,0,0,3,0,0,0,0,0,0,0,0,0,0,0,0,0,0,0,0,0,0,0,0,0,0,0,0,0,0,0,0,0,0,0,0,0,0,0,0,6,0,0,0,6,0,0,0,6,0,0,6,3,0,0,0,3,0,0,0,4,4,0,13,0,0,0,0,0,0,0,0,0,0,0,0,8,0,0,0,8,0,0,0,7,4,0,12,3,0,0,0,3,0,0,0,3,0,0,3,0,0,0,0,0,0,0,0,3,0,0,3,0,0,0,0,0,0,0,0,0,0,0,0,0,0,0,0,0,0,0,0,0,0,0,0,3,0,0,0,3,0,0,0
LGA37600,9,3,0,0,11,0,0,0,11,5,0,19,0,0,0,3,3,0,0,0,3,0,0,3,0,0,0,0,0,0,0,0,0,0,0,0,0,0,0,0,0,0,0,0,0,0,0,0,9,4,0,3,17,0,0,0,20,5,0,20,0,0,0,0,0,8,0,8,14,0,0,12,0,0,0,0,0,0,0,0,0,0,0,0,0,0,0,0,0,8,0,9,12,0,0,11,11,4,0,3,17,8,0,11,28,3,0,34,8,0,0,0,7,11,0,11,23,62,0,82,0,0,0,0,0,0,0,0,0,0,0,0,19,7,0,3,28,22,0,27,49,67,0,120,21,3,0,0,26,3,0,3,27,5,0,35,3,4,0,4,5,0,0,0,6,9,0,18,0,0,0,0,0,0,0,0,0,0,0,0,0,0,0,0,0,0,0,0,0,0,0,5,26,8,0,3,37,7,0,4
LGA39499,0,0,0,0,0,0,0,0,0,0,0,0,0,0,0,0,0,0,0,0,0,0,0,0,0,0,0,0,0,0,0,0,0,0,0,0,0,0,0,0,0,0,0,0,0,0,0,0,0,0,0,0,0,0,0,0,0,0,0,0,0,0,0,0,0,0,0,0,0,0,0,0,0,0,0,0,0,0,0,0,0,0,0,0,0,0,0,0,0,0,0,0,0,0,0,0,0,0,0,0,0,0,0,0,0,0,0,0,0,0,0,0,0,0,0,0,0,0,0,0,0,0,0,0,0,0,0,0,0,0,0,0,0,0,0,0,0,0,0,0,0,0,0,0,0,0,0,0,0,0,0,0,0,0,0,0,0,0,0,0,0,0,0,0,0,0,0,0,0,0,0,0,0,0,0,0,0,0,0,0,0,0,0,0,0,0,0,0,0,0,0,0,0,0,0,0,0,0,0,0
LGA39799,0,0,0,0,0,0,0,0,0,0,0,0,0,0,0,0,0,0,0,0,0,0,0,0,0,0,0,0,0,0,0,0,0,0,0,0,0,0,0,0,0,0,0,0,0,0,0,0,0,0,0,0,0,0,0,0,0,0,0,0,0,0,0,0,0,0,0,0,0,0,0,0,0,0,0,0,0,0,0,0,0,0,0,0,0,0,0,0,0,0,0,0,0,0,0,0,0,0,0,0,0,0,0,0,0,0,0,0,0,0,0,0,0,0,0,0,0,0,0,0,0,0,0,0,0,0,0,0,0,0,0,0,0,0,0,0,0,0,0,0,0,0,0,0,0,0,0,0,0,0,0,0,0,0,0,0,0,0,0,0,0,0,0,0,0,0,0,0,0,0,0,0,0,0,0,0,0,0,0,0,0,0,0,0,0,0,0,0,0,0,0,0,0,0,0,0,0,0,0,0
