LGA_CODE_2016,F_Mauritius_0_4,F_Mauritius_5_14,F_Mauritius_15_24,F_Mauritius_25_44,F_Mauritius_45_54,F_Mauritius_55_64,F_Mauritius_65_74,F_Mauritius_75_84,F_Mauritius_85ov,F_Mauritius_Tot,F_Myanmar_0_4,F_Myanmar_5_14,F_Myanmar_15_24,F_Myanmar_25_44,F_Myanmar_45_54,F_Myanmar_55_64,F_Myanmar_65_74,F_Myanmar_75_84,F_Myanmar_85ov,F_Myanmar_Tot,F_Nepal_0_4,F_Nepal_5_14,F_Nepal_15_24,F_Nepal_25_44,F_Nepal_45_54,F_Nepal_55_64,F_Nepal_65_74,F_Nepal_75_84,F_Nepal_85ov,F_Nepal_Tot,F_Netherlands_0_4,F_Netherlands_5_14,F_Netherlands_15_24,F_Netherlands_25_44,F_Netherlands_45_54,F_Netherlands_55_64,F_Netherlands_65_74,F_Netherlands_75_84,F_Netherlands_85ov,F_Netherlands_Tot,F_New_Zealand_0_4,F_New_Zealand_5_14,F_New_Zealand_15_24,F_New_Zealand_25_44,F_New_Zealand_45_54,F_New_Zealand_55_64,F_New_Zealand_65_74,F_New_Zealand_75_84,F_New_Zealand_85ov,F_New_Zealand_Tot,F_Nthern_Ireland_0_4,F_Nthern_Ireland_5_14,F_Nthern_Ireland_15_24,F_Nthern_Ireland_25_44,F_Nthern_Ireland_45_54,F_Nthern_Ireland_55_64,F_Nthern_Ireland_65_74,F_Nthern_Ireland_75_84,F_Nthern_Ireland_85ov,F_Nthern_Ireland_Tot,F_Pakistan_0_4,F_Pakistan_5_14,F_Pakistan_15_24,F_Pakistan_25_44,F_Pakistan_45_54,F_Pakistan_55_64,F_Pakistan_65_74,F_Pakistan_75_84,F_Pakistan_85ov,F_Pakistan_Tot,F_PNG_0_4,F_PNG_5_14,F_PNG_15_24,F_PNG_25_44,F_PNG_45_54,F_PNG_55_64,F_PNG_65_74,F_PNG_75_84,F_PNG_85ov,F_PNG_Tot,F_Philippines_0_4,F_Philippines_5_14,F_Philippines_15_24,F_Philippines_25_44,F_Philippines_45_54,F_Philippines_55_64,F_Philippines_65_74,F_Philippines_75_84,F_Philippines_85ov,F_Philippines_Tot,F_Poland_0_4,F_Poland_5_14,F_Poland_15_24,F_Poland_25_44,F_Poland_45_54,F_Poland_55_64,F_Poland_65_74,F_Poland_75_84,F_Poland_85ov,F_Poland_Tot,F_Scotland_0_4,F_Scotland_5_14,F_Scotland_15_24,F_Scotland_25_44,F_Scotland_45_54,F_Scotland_55_64,F_Scotland_65_74,F_Scotland_75_84,F_Scotland_85ov,F_Scotland_Tot,F_Singapore_0_4,F_Singapore_5_14,F_Singapore_15_24,F_Singapore_25_44,F_Singapore_45_54,F_Singapore_55_64,F_Singapore_65_74,F_Singapore_75_84,F_Singapore_85ov,F_Singapore_Tot,F_South_Africa_0_4,F_South_Africa_5_14,F_South_Africa_15_24,F_South_Africa_25_44,F_South_Africa_45_54,F_South_Africa_55_64,F_South_Africa_65_74,F_South_Africa_75_84,F_South_Africa_85ov,F_South_Africa_Tot,F_SE_Europe_nfd_0_4,F_SE_Europe_nfd_5_14,F_SE_Europe_nfd_15_24,F_SE_Europe_nfd_25_44,F_SE_Europe_nfd_45_54,F_SE_Europe_nfd_55_64,F_SE_Europe_nfd_65_74,F_SE_Europe_nfd_75_84,F_SE_Europe_nfd_85ov,F_SE_Europe_nfd_Tot,F_Sri_Lanka_0_4,F_Sri_Lanka_5_14,F_Sri_Lanka_15_24,F_Sri_Lanka_25_44,F_Sri_Lanka_45_54,F_Sri_Lanka_55_64,F_Sri_Lanka_65_74,F_Sri_Lanka_75_84,F_Sri_Lanka_85ov,F_Sri_Lanka_Tot,F_Taiwan_0_4,F_Taiwan_5_14,F_Taiwan_15_24,F_Taiwan_25_44,F_Taiwan_45_54,F_Taiwan_55_64,F_Taiwan_65_74,F_Taiwan_75_84,F_Taiwan_85ov,F_Taiwan_Tot,F_Thailand_0_4,F_Thailand_5_14,F_Thailand_15_24,F_Thailand_25_44,F_Thailand_45_54,F_Thailand_55_64,F_Thailand_65_74,F_Thailand_75_84,F_Thailand_85ov,F_Thailand_Tot,F_FYROM_0_4,F_FYROM_5_14,F_FYROM_15_24,F_FYROM_25_44,F_FYROM_45_54,F_FYROM_55_64,F_FYROM_65_74,F_FYROM_75_84,F_FYROM_85ov,F_FYROM_Tot,F_Turkey_0_4,F_Turkey_5_14,F_Turkey_15_24,F_Turkey_25_44,F_Turkey_45_54,F_Turkey_55_64,F_Turkey_65_74,F_Turkey_75_84,F_Turkey_85ov,F_Turkey_Tot,F_USA_0_4,F_USA_5_14,F_USA_15_24,F_USA_25_44,F_USA_45_54,F_USA_55_64,F_USA_65_74,F_USA_75_84,F_USA_85ov,F_USA_Tot
LGA30250,0,0,0,0,0,0,0,0,0,0,0,0,0,0,0,0,0,0,0,0,0,0,0,0,0,0,0,0,0,0,0,0,0,0,0,0,0,0,0,0,0,0,0,0,0,0,0,0,0,0,0,0,0,0,0,0,0,0,0,0,0,0,0,0,0,0,0,0,0,0,0,0,0,0,0,0,0,0,0,0,0,0,0,3,0,0,0,0,0,3,0,0,0,0,0,0,0,0,0,0,0,0,0,0,0,0,0,0,0,0,0,0,0,0,0,0,0,0,0,0,0,0,0,0,0,0,0,0,0,0,0,0,0,0,0,0,0,0,0,0,0,0,0,0,0,0,0,0,0,0,0,0,0,0,0,0,0,0,0,0,0,0,0,0,0,0,0,0,0,3,0,0,0,0,0,0,0,0,0,0,0,0,0,0,0,0,0,0,0,0,0,0,0,0,0,0,0,0,0,0
LGA30300,0,0,0,0,0,0,0,0,0,0,0,0,0,0,0,0,0,0,0,0,0,0,0,0,0,0,0,0,0,0,0,0,0,0,0,0,0,0,0,0,0,3,0,11,3,5,6,0,0,23,0,0,0,0,0,0,0,0,0,0,0,0,0,0,0,0,0,0,0,0,0,0,0,3,0,0,0,0,0,4,0,0,0,5,3,7,0,0,0,18,0,0,0,0,0,0,0,0,0,0,0,0,0,0,0,0,4,0,0,3,0,0,0,0,0,0,0,0,0,0,0,3,0,7,3,7,3,0,0,19,0,0,0,0,0,0,0,0,0,0,0,0,0,0,0,0,0,0,0,0,0,0,0,0,0,0,0,0,0,0,0,0,0,0,0,0,0,0,0,0,0,0,0,0,0,0,0,0,0,0,0,0,0,0,0,0,0,0,0,0,0,0,0,0,0,0,0,0,0,5
LGA30370,0,0,0,0,0,0,0,0,0,0,0,0,0,3,0,0,0,0,0,3,0,0,0,0,0,0,0,0,0,0,0,0,0,0,0,3,3,3,0,10,0,7,6,36,19,23,9,4,0,100,0,0,0,0,0,0,0,0,0,0,0,0,0,0,0,0,0,0,0,0,0,0,0,6,3,0,0,0,0,13,0,16,4,31,12,13,5,0,0,82,0,0,0,0,0,0,0,0,0,0,0,0,0,0,0,3,0,0,0,4,0,0,0,0,0,0,0,0,0,0,0,3,0,11,7,3,0,0,0,28,0,0,0,0,0,0,0,0,0,0,0,3,0,9,0,0,0,0,0,10,0,0,0,3,0,0,0,0,0,3,0,0,0,3,3,4,0,0,0,6,0,0,0,0,0,0,0,0,0,0,0,0,0,0,0,0,0,0,0,0,0,0,0,0,3,0,0,0,0,10
LGA30410,0,0,0,0,0,0,0,0,0,0,0,0,0,0,0,0,0,0,0,0,0,0,0,0,0,0,0,0,0,0,0,0,0,0,0,0,0,0,0,0,0,0,0,8,5,7,3,0,0,26,0,0,0,0,0,0,0,0,0,0,0,0,0,3,0,0,0,0,0,4,0,0,0,0,0,0,0,0,0,0,0,0,0,0,0,0,0,0,0,3,0,0,0,0,0,0,0,0,0,0,0,0,0,0,0,0,3,0,0,0,0,0,0,0,0,0,0,0,0,0,0,0,0,0,0,0,0,0,0,3,0,0,0,0,0,0,0,0,0,0,0,0,0,0,0,0,0,0,0,0,0,0,0,0,0,0,0,0,0,0,0,0,0,0,0,0,0,0,0,3,0,0,0,0,0,0,0,0,0,0,0,0,0,0,0,0,0,0,0,0,0,0,0,0,0,0,0,0,0,0
LGA30450,0,0,0,0,0,0,0,0,0,0,0,0,0,0,0,0,0,0,0,0,0,0,0,0,0,0,0,0,0,0,0,0,0,0,0,0,0,0,0,0,0,0,0,0,0,0,0,0,0,0,0,0,0,0,0,0,0,0,0,0,0,0,0,0,0,0,0,0,0,0,0,0,0,0,0,0,0,0,0,0,0,0,0,0,0,0,0,0,0,0,0,0,0,0,0,0,0,0,0,0,0,0,0,0,0,0,0,0,0,0,0,0,0,0,0,0,0,0,0,0,0,0,0,0,0,0,0,0,0,0,0,0,0,0,0,0,0,0,0,0,0,0,0,0,0,0,0,0,0,0,0,0,0,0,0,0,0,0,0,0,0,0,0,0,0,0,0,0,0,0,0,0,0,0,0,0,0,0,0,0,0,0,0,0,0,0,0,0,0,0,0,0,0,0,0,0,0,0,0,0
LGA30760,0,0,0,0,0,0,0,0,0,0,0,0,0,0,0,0,0,0,0,0,0,0,0,0,0,0,0,0,0,0,0,0,0,0,0,0,0,0,0,3,0,0,0,0,4,5,0,0,0,6,0,0,0,0,0,0,0,0,0,0,0,0,0,0,0,0,0,0,0,0,0,0,0,0,0,0,0,0,0,0,0,0,0,3,3,3,0,0,0,13,0,0,0,0,0,0,0,0,0,0,0,0,0,0,0,0,0,0,0,0,0,0,0,0,0,0,0,0,0,0,0,0,0,0,0,0,0,0,0,0,0,0,0,0,0,0,0,0,0,0,0,0,0,0,0,0,0,0,0,0,0,0,0,0,0,0,0,0,0,0,0,0,0,0,0,0,0,0,0,0,0,0,0,0,0,0,0,0,0,0,0,0,0,0,0,0,0,0,0,0,0,0,0,0,0,3,0,0,0,3
LGA30900,0,0,0,0,0,0,0,0,0,0,0,0,0,0,0,0,0,0,0,0,0,0,0,0,0,0,0,0,0,0,0,0,0,0,0,0,0,0,0,0,0,0,0,0,0,0,0,0,0,5,0,0,0,0,0,0,0,0,0,0,0,0,0,0,0,0,0,0,0,0,0,0,0,0,0,0,0,0,0,0,0,0,0,0,0,0,0,0,0,0,0,0,0,0,0,0,0,0,0,0,0,0,0,0,0,0,0,0,0,0,0,0,0,0,0,0,0,0,0,0,0,0,0,0,0,0,0,0,0,0,0,0,0,0,0,0,0,0,0,0,0,0,0,0,0,0,0,0,0,0,0,0,0,0,0,0,0,0,0,0,0,0,0,0,0,0,0,0,0,0,0,0,0,0,0,0,0,0,0,0,0,0,0,0,0,0,0,0,0,0,0,0,0,0,0,0,0,0,0,0
LGA31000,0,9,28,57,33,30,16,8,8,198,0,18,58,212,71,68,34,8,8,482,8,39,318,845,42,22,4,3,0,1282,7,33,65,258,154,192,329,156,71,1265,171,1521,2641,7558,3590,2625,1273,450,161,19984,3,15,17,162,106,73,104,56,19,562,24,117,102,491,85,42,27,5,3,893,14,121,281,917,624,378,137,101,30,2607,48,341,738,2945,1363,1112,441,103,34,7131,0,9,29,389,112,188,127,80,112,1048,11,121,121,615,491,476,421,244,149,2644,38,168,552,706,234,210,103,26,9,2048,33,393,952,2229,1149,657,349,134,64,5954,0,3,4,91,96,103,83,49,18,450,22,209,257,1039,487,361,201,92,52,2722,74,170,759,3121,586,701,261,54,7,5733,25,155,325,1220,300,155,62,15,4,2252,0,3,15,66,56,43,38,27,3,246,3,6,23,96,48,16,9,4,4,217,72,371,449,1196,396,259,185,39,19,2978
LGA31750,0,0,0,0,0,0,0,0,0,0,0,0,0,0,0,0,0,0,0,0,0,0,0,0,0,0,0,0,0,0,0,0,0,0,0,0,0,0,0,0,0,0,0,0,0,0,0,0,0,0,0,0,0,0,0,0,0,0,0,0,0,0,0,0,0,0,0,0,0,0,0,0,0,0,0,0,0,0,0,0,0,0,0,0,0,0,0,0,0,0,0,0,0,0,0,0,0,0,0,0,0,0,0,0,0,0,0,0,0,0,0,0,0,0,0,0,0,0,0,0,0,0,0,0,0,0,0,0,0,0,0,0,0,0,0,0,0,0,0,0,0,0,0,0,0,0,0,0,0,0,0,0,0,0,0,0,0,0,0,0,0,0,0,0,0,0,0,0,0,0,0,0,0,0,0,0,0,0,0,0,0,0,0,0,0,0,0,0,0,0,0,0,0,0,0,0,0,0,0,0
LGA31820,0,0,0,0,0,0,0,0,0,5,0,0,0,3,0,0,0,0,0,5,0,0,8,22,3,0,0,0,0,32,0,0,3,5,16,33,60,32,4,170,10,55,55,203,191,192,173,54,18,947,0,0,0,10,3,6,8,7,0,28,3,0,0,7,0,0,0,0,0,11,0,0,0,22,32,13,10,0,0,78,4,16,20,138,104,119,65,9,0,478,0,0,0,6,0,0,4,5,0,18,0,3,3,15,19,30,64,35,10,186,0,0,0,7,3,0,0,0,0,16,0,20,20,64,22,28,22,11,6,194,0,0,0,0,0,6,3,0,0,8,3,6,0,18,0,3,3,0,0,37,0,0,38,126,0,0,0,0,0,164,0,11,4,36,18,5,0,0,0,79,0,0,0,0,0,0,0,0,0,3,0,0,0,8,7,3,0,0,0,24,0,11,6,22,10,18,8,5,0,84
LGA31900,0,0,0,0,0,0,0,0,0,0,0,0,0,0,0,0,0,0,0,0,0,0,0,0,0,0,0,0,0,0,0,0,0,3,0,0,3,0,0,9,0,0,0,14,24,17,10,5,0,73,0,0,0,0,0,0,3,0,0,3,0,0,0,0,0,0,0,0,0,0,0,0,0,8,3,4,3,0,0,17,3,0,3,17,13,16,4,0,0,56,0,0,0,0,0,0,0,0,0,0,0,0,3,0,0,3,3,0,0,16,0,0,0,0,0,0,0,0,0,3,0,3,4,6,3,0,0,0,0,27,0,0,0,0,0,0,0,0,0,0,0,0,0,0,0,0,0,0,0,0,0,0,0,9,0,0,0,0,0,6,0,0,0,0,3,3,0,0,0,5,0,0,0,0,0,0,0,0,0,0,0,0,0,0,0,0,0,0,0,0,0,3,3,0,0,0,0,0,0,11
LGA31950,0,0,0,0,0,0,0,0,0,0,0,0,0,0,0,0,0,0,0,0,0,0,0,0,0,0,0,0,0,0,0,0,0,0,0,0,0,0,0,0,0,0,0,0,0,0,0,0,0,0,0,0,0,0,0,0,0,0,0,0,0,0,0,0,0,0,0,0,0,0,0,0,0,0,0,0,0,0,0,3,0,0,0,0,0,0,0,0,0,0,0,0,0,0,0,0,0,0,0,0,0,0,0,0,0,0,0,0,0,0,0,0,0,0,0,0,0,0,0,0,0,0,0,0,0,0,0,0,0,0,0,0,0,0,0,0,0,0,0,0,0,0,0,0,0,0,0,0,0,0,0,0,0,0,0,0,0,0,0,0,0,0,0,0,0,0,0,0,0,0,0,0,0,0,0,0,0,0,0,0,0,0,0,0,0,0,0,0,0,0,0,0,0,0,0,0,0,0,0,0
LGA32080,0,0,0,8,7,13,8,9,3,48,0,0,4,29,5,4,0,0,0,43,10,59,85,34,3,0,0,0,0,192,0,3,3,61,35,55,54,24,7,249,13,159,197,752,526,461,208,86,21,2411,0,0,4,11,14,13,8,6,0,67,0,4,3,14,6,3,0,0,0,32,12,129,191,492,275,187,66,20,5,1388,9,87,111,489,285,257,81,16,0,1325,0,0,0,40,6,16,18,6,3,91,0,9,8,84,79,72,66,25,7,350,0,5,4,19,21,15,9,0,3,80,3,32,39,126,85,44,30,7,0,362,0,0,0,3,11,13,3,4,3,33,0,9,9,42,15,18,8,4,3,106,0,4,15,159,8,3,0,0,0,197,3,26,42,201,87,27,20,5,0,411,0,0,0,0,0,0,0,0,0,0,0,0,0,4,11,3,0,0,0,21,5,15,37,123,46,51,34,15,0,324
LGA32250,0,0,0,0,0,0,0,0,0,0,0,0,0,0,0,0,0,0,0,0,0,0,0,0,0,0,0,0,0,0,0,0,0,0,0,0,0,0,0,3,0,0,0,0,6,0,0,0,0,9,0,0,0,0,0,0,0,0,0,0,0,0,0,0,0,0,0,0,0,0,0,0,0,0,0,0,0,0,0,3,0,0,0,7,0,3,3,0,0,13,0,0,0,0,0,0,0,0,0,0,0,0,0,0,0,0,0,0,0,3,0,0,0,0,0,0,0,0,0,0,0,0,0,0,0,0,0,0,0,0,0,0,0,0,0,0,0,0,0,0,0,0,0,0,0,0,0,0,0,0,0,0,0,0,0,0,0,0,0,0,0,0,0,0,0,0,0,0,0,0,0,0,0,0,0,0,0,0,0,0,0,0,0,0,0,0,0,0,0,0,0,0,0,0,0,0,0,0,0,3
LGA32260,0,0,0,0,0,0,0,0,0,0,0,0,0,0,0,0,0,0,0,0,0,0,0,3,0,0,0,0,0,4,0,0,0,3,0,8,10,3,3,29,4,9,14,63,49,73,29,5,0,249,0,0,0,0,0,0,3,0,0,3,0,0,0,4,0,0,0,0,0,6,0,0,3,25,13,6,7,7,0,58,3,15,10,83,40,41,16,4,3,206,0,0,0,0,0,0,0,0,0,5,0,0,0,7,3,9,15,0,3,39,0,0,0,4,0,0,0,0,0,3,0,4,3,8,11,5,0,0,0,28,0,0,0,0,0,0,0,0,0,8,0,0,0,0,0,0,0,0,0,0,0,0,0,19,0,0,0,0,0,25,0,7,3,32,4,3,0,0,0,47,0,0,0,0,0,0,0,0,0,0,0,0,0,0,0,0,0,0,0,0,0,4,0,5,3,3,4,0,0,24
LGA32270,0,0,0,0,0,0,0,0,0,3,0,0,0,0,0,0,0,0,0,0,0,0,0,7,0,0,0,0,0,10,0,0,0,0,0,3,4,0,0,7,9,52,55,159,93,89,28,6,0,487,0,0,0,0,3,0,3,0,0,7,0,0,0,3,0,0,0,0,0,3,0,4,3,13,4,4,0,0,0,31,0,19,26,72,30,16,5,0,0,175,0,0,0,0,0,0,0,0,0,3,0,0,0,3,7,4,3,0,0,16,0,0,0,0,0,0,0,0,0,3,0,13,31,52,22,9,0,0,0,123,0,0,0,0,0,0,0,0,0,0,0,3,0,4,0,0,0,0,0,11,0,0,3,7,0,0,0,0,0,11,0,0,0,17,5,0,0,0,0,24,0,0,0,0,0,0,0,0,0,0,0,0,0,0,0,0,0,0,0,3,0,3,3,9,3,8,0,3,0,32
LGA32310,0,0,0,0,0,0,0,0,0,0,0,0,0,0,0,0,0,0,0,0,0,0,0,0,0,0,0,0,0,0,0,0,0,0,0,0,0,0,0,4,0,3,5,25,19,23,12,3,0,88,0,0,0,0,0,0,0,0,0,3,0,0,0,0,0,0,0,0,0,3,0,5,3,7,5,0,0,0,0,18,0,3,7,11,14,8,3,0,0,45,0,0,0,0,0,0,0,0,0,0,0,0,0,0,4,0,0,0,0,11,0,0,0,0,0,0,0,0,0,0,0,0,0,0,0,0,0,0,0,4,0,0,0,0,0,0,0,0,0,0,0,0,0,0,0,0,0,0,0,0,0,0,0,0,0,0,0,0,0,0,0,0,0,3,0,0,0,0,0,3,0,0,0,0,0,0,0,0,0,0,0,0,0,0,0,0,0,0,0,0,0,0,0,5,0,0,3,0,0,11
LGA32330,0,0,0,0,0,0,0,0,0,0,0,0,0,0,0,0,0,0,0,0,0,0,0,0,0,0,0,0,0,0,0,0,0,0,0,0,0,0,0,0,0,0,0,0,0,0,0,0,0,0,0,0,0,0,0,0,0,0,0,0,0,0,0,0,0,0,0,0,0,0,0,0,0,0,0,0,0,0,0,3,0,0,0,0,0,0,0,0,0,0,0,0,0,0,0,0,0,0,0,0,0,0,0,0,0,0,0,0,0,0,0,0,0,0,0,0,0,0,0,0,0,0,0,0,0,0,0,0,0,0,0,0,0,0,0,0,0,0,0,0,0,0,0,0,0,0,0,0,0,0,0,0,0,0,0,0,0,0,0,0,0,0,0,0,0,0,0,0,0,0,0,0,0,0,0,0,0,0,0,0,0,0,0,0,0,0,0,0,0,0,0,0,0,0,0,0,0,0,0,0
LGA32450,0,0,0,0,0,0,0,0,0,0,0,0,0,0,0,0,0,0,0,0,0,0,0,0,0,0,0,0,0,0,0,0,0,0,0,0,3,0,0,3,0,5,0,7,11,3,0,0,0,30,0,0,0,0,0,0,0,0,0,0,0,0,0,0,0,0,0,0,0,0,0,0,0,0,0,0,0,0,0,0,0,0,0,6,7,3,0,0,0,19,0,0,0,0,0,0,0,0,0,0,0,0,0,0,3,0,0,0,0,0,0,0,0,0,0,0,0,0,0,0,0,0,0,0,3,0,0,0,0,3,0,0,0,0,0,0,0,0,0,0,0,0,0,3,0,3,0,0,0,5,0,0,0,0,0,0,0,0,0,0,0,0,0,0,0,0,0,0,0,0,0,0,0,0,0,0,0,0,0,0,0,0,0,0,0,0,0,0,0,0,0,0,0,0,0,0,3,0,0,5
LGA32500,0,0,0,0,0,0,0,0,0,0,0,0,0,0,0,0,0,0,0,0,0,0,0,0,0,0,0,0,0,0,0,0,0,0,0,0,0,0,0,7,0,3,0,14,5,21,6,3,0,52,0,0,0,0,0,0,0,0,0,0,0,0,0,0,0,0,0,0,0,0,0,0,0,3,0,3,0,0,0,8,0,0,3,15,3,0,0,0,0,26,0,0,0,0,0,0,0,0,0,0,0,0,0,4,0,0,0,0,0,6,0,0,0,0,0,0,0,0,0,0,0,0,0,3,0,3,4,0,0,12,0,0,0,0,0,0,0,0,0,0,0,0,0,0,0,0,0,0,0,0,0,0,0,9,0,0,0,0,0,6,0,0,0,0,3,0,0,0,0,6,0,0,0,0,0,0,0,0,0,0,0,0,0,0,0,0,0,0,0,0,0,0,0,7,0,3,0,0,0,9
LGA32600,0,0,0,0,0,0,0,0,0,0,0,0,0,0,0,0,0,0,0,0,0,0,0,0,0,0,0,0,0,0,0,0,0,0,0,0,0,0,0,0,0,0,0,3,0,0,0,0,0,3,0,0,0,0,0,0,0,0,0,0,0,0,0,0,0,0,0,0,0,0,0,0,0,0,0,0,0,0,0,0,0,0,0,0,0,0,0,0,0,0,0,0,0,0,0,0,0,0,0,0,0,0,0,0,0,0,0,0,0,0,0,0,0,0,0,0,0,0,0,0,0,0,0,0,0,0,0,0,0,0,0,0,0,0,0,0,0,0,0,0,0,0,0,0,0,0,0,0,0,0,0,0,0,0,0,0,0,0,0,0,0,0,0,0,0,0,0,0,0,0,0,0,0,0,0,0,0,0,0,0,0,0,0,0,0,0,0,0,0,0,0,0,0,0,0,0,0,0,0,0
LGA32750,0,0,0,0,0,0,0,0,0,0,0,0,0,0,0,0,0,0,0,0,0,0,0,0,0,0,0,0,0,0,0,0,0,0,0,0,0,0,0,0,0,0,0,0,0,0,0,0,0,0,0,0,0,0,0,0,0,0,0,0,0,0,0,0,0,0,0,0,0,0,0,0,0,0,0,0,0,0,0,0,0,0,0,0,0,0,0,0,0,0,0,0,0,0,0,0,0,0,0,0,0,0,0,0,0,0,0,0,0,0,0,0,0,0,0,0,0,0,0,0,0,0,0,0,0,0,0,0,0,0,0,0,0,0,0,0,0,0,0,0,0,0,0,0,0,0,0,0,0,0,0,0,0,0,0,0,0,0,0,0,0,0,0,0,0,0,0,0,0,0,0,0,0,0,0,0,0,0,0,0,0,0,0,0,0,0,0,0,0,0,0,0,0,0,0,0,0,0,0,0
LGA32770,0,0,0,0,0,0,0,0,0,0,0,0,0,0,0,0,0,0,0,0,0,0,0,0,0,0,0,0,0,0,0,0,0,0,0,0,0,0,0,0,0,0,0,0,0,0,0,0,0,0,0,0,0,0,0,0,0,0,0,0,0,0,0,0,0,0,0,0,0,0,0,0,0,0,0,0,0,0,0,0,0,0,0,0,0,0,0,0,0,0,0,0,0,0,0,0,0,0,0,0,0,0,0,0,0,0,0,0,0,0,0,0,0,0,0,0,0,0,0,0,0,0,0,0,0,0,0,0,0,0,0,0,0,0,0,0,0,0,0,0,0,0,0,0,0,0,0,0,0,0,0,0,0,0,0,0,0,0,0,0,0,0,0,0,0,0,0,0,0,0,0,0,0,0,0,0,0,0,0,0,0,0,0,0,0,0,0,0,0,0,0,0,0,0,0,0,0,0,0,0
LGA32810,0,0,0,0,0,0,0,0,0,0,0,0,0,0,0,0,0,0,0,0,0,0,0,0,0,0,0,0,0,0,0,0,0,6,9,10,10,0,0,38,0,5,12,70,41,55,20,10,0,212,0,0,0,3,4,0,0,0,0,8,0,0,0,0,0,0,0,0,0,0,0,0,0,11,8,3,8,0,0,27,0,0,0,17,5,7,3,0,0,34,0,0,0,10,0,0,0,0,0,11,0,0,8,12,5,7,5,0,0,30,0,0,0,0,0,0,0,0,0,3,0,0,0,7,4,4,5,0,0,25,0,0,0,0,0,0,0,3,0,3,0,0,0,0,0,0,3,0,0,3,0,0,0,5,0,0,0,0,0,7,0,4,3,21,5,0,0,0,0,39,0,0,0,0,0,0,0,0,0,0,0,0,0,0,0,0,0,0,0,0,0,0,4,16,5,7,7,0,4,46
LGA33100,0,0,0,0,0,0,0,0,0,0,0,0,0,0,0,0,0,0,0,0,0,0,0,0,0,0,0,0,0,0,0,0,0,0,0,0,0,0,0,0,0,0,0,3,0,0,0,0,0,10,0,0,0,0,0,0,0,0,0,0,0,0,0,0,0,0,0,0,0,0,0,0,0,0,0,0,0,0,0,0,0,0,0,0,0,0,0,0,0,0,0,0,0,0,0,0,0,0,0,0,0,0,0,0,0,0,0,0,0,0,0,0,0,0,0,0,0,0,0,0,0,0,0,0,0,0,0,0,0,0,0,0,0,0,0,0,0,0,0,0,0,0,0,0,0,0,0,0,0,0,0,0,0,0,0,0,0,0,0,0,0,0,0,0,0,3,0,0,0,3,0,0,0,0,0,0,0,0,0,0,0,0,0,0,0,0,0,0,0,0,0,0,0,0,0,0,0,0,0,0
LGA33200,0,0,0,0,0,0,0,0,0,0,0,0,0,0,0,0,0,0,0,0,0,0,0,0,0,0,0,0,0,0,0,0,0,0,0,0,0,0,0,0,0,0,0,0,0,3,4,0,0,11,0,0,0,0,0,0,0,0,0,0,0,0,0,0,0,0,0,0,0,0,0,0,0,0,0,0,0,0,0,0,0,0,0,4,0,0,0,0,0,3,0,0,0,0,0,0,0,0,0,0,0,0,0,0,0,0,0,0,0,3,0,0,0,0,0,0,0,0,0,0,0,0,0,0,0,0,0,0,0,0,0,0,0,0,0,0,0,0,0,0,0,0,0,0,0,0,0,0,0,0,0,0,0,0,0,0,0,0,0,0,0,0,0,0,0,0,0,0,0,0,0,0,0,0,0,0,0,0,0,0,0,0,0,0,0,0,0,0,0,0,0,0,0,0,0,0,0,0,0,0
LGA33220,0,0,0,0,0,3,4,5,0,13,0,0,0,10,0,0,3,0,0,13,0,0,0,23,0,0,0,0,0,25,0,0,3,5,18,39,79,46,20,211,4,49,94,292,294,357,326,119,32,1568,0,0,0,0,0,11,17,7,0,32,0,3,0,12,0,0,0,0,0,20,0,0,7,17,28,17,7,4,0,86,3,30,19,144,100,121,64,16,3,498,0,0,0,4,5,9,3,6,0,38,0,0,0,18,37,47,81,62,18,265,0,0,0,6,7,11,5,0,0,26,0,17,21,56,36,30,21,10,9,198,0,0,0,0,4,0,6,4,0,11,0,3,3,18,3,3,10,3,0,38,0,0,3,14,0,0,0,0,0,21,4,3,6,30,36,12,4,0,0,100,0,0,0,0,0,0,0,0,0,3,0,0,0,0,0,0,0,0,0,3,0,6,8,31,15,24,24,7,3,117
LGA33360,3,0,0,3,0,0,0,0,0,8,0,0,0,0,0,0,0,0,0,0,0,0,0,8,0,0,0,0,0,9,0,5,0,6,9,19,17,3,3,59,14,90,92,387,237,175,81,15,3,1099,0,0,0,0,8,3,4,0,0,16,3,0,0,10,0,0,0,0,0,14,0,3,5,26,14,14,0,0,0,62,15,55,47,213,75,52,23,4,0,498,0,0,0,4,0,8,0,0,0,22,4,3,3,27,18,18,16,9,0,100,0,0,6,3,4,4,0,0,0,18,0,60,54,144,63,26,11,3,0,353,0,0,0,0,3,3,0,3,0,6,0,9,3,19,8,3,0,0,0,39,0,0,0,6,0,0,0,0,0,14,0,6,3,60,11,11,0,0,0,87,0,0,0,0,0,0,0,0,0,0,0,0,0,0,0,0,0,0,0,0,7,11,3,32,16,15,3,0,0,82
LGA33430,0,6,14,46,23,43,26,14,8,186,0,0,7,11,11,9,10,7,3,61,0,3,78,171,0,0,0,0,0,258,0,4,21,91,89,148,296,168,80,906,200,1719,2477,7328,4105,3318,2197,893,320,22564,0,4,11,59,47,49,74,41,11,301,0,19,21,80,22,16,3,0,0,158,3,20,55,175,175,98,39,16,5,583,32,103,249,1131,636,498,210,45,19,2919,0,9,16,160,56,124,94,51,51,580,0,62,68,262,259,302,391,211,97,1649,6,25,83,141,84,94,43,18,5,496,21,223,475,1202,674,460,272,118,39,3475,0,0,3,30,66,70,60,46,17,302,0,27,27,112,40,49,43,12,3,316,14,23,116,478,107,98,50,9,5,907,13,60,96,635,177,97,17,8,3,1113,0,0,3,28,34,21,13,12,3,112,3,0,7,39,47,21,35,11,0,158,41,139,165,415,183,163,110,26,15,1252
LGA33610,0,0,0,0,0,0,0,0,0,0,0,0,0,0,0,0,0,0,0,0,0,0,0,0,0,0,0,0,0,0,0,0,0,0,0,0,0,0,0,6,0,5,4,23,13,12,9,0,3,62,0,0,0,0,0,0,3,0,0,7,0,0,0,0,0,0,0,0,0,0,0,0,0,0,3,0,0,0,0,3,0,4,6,17,8,6,5,3,0,48,0,0,0,0,0,0,0,0,0,0,0,0,0,0,3,3,3,0,0,10,0,0,0,0,0,0,0,0,0,0,0,0,0,14,0,3,0,0,0,20,0,0,0,0,0,0,0,0,0,0,0,0,0,5,0,0,0,0,0,6,0,0,3,11,0,0,0,0,0,10,0,0,0,4,0,0,0,0,0,4,0,0,0,0,0,0,0,0,0,0,0,0,0,0,0,0,0,0,0,0,0,0,0,6,0,0,3,0,0,12
LGA33620,0,0,0,0,0,0,0,0,0,6,0,0,0,0,0,0,0,0,0,0,0,0,0,0,0,0,0,0,0,0,0,0,0,4,10,13,31,10,3,82,0,28,25,114,116,148,108,26,3,572,0,0,0,0,6,3,7,0,0,12,0,0,0,0,0,0,0,0,0,0,0,3,0,12,15,4,3,3,0,46,0,10,10,69,52,49,19,5,0,207,0,0,0,0,0,7,3,0,0,9,0,0,0,9,7,14,30,11,9,86,0,0,0,0,8,3,0,0,0,13,0,6,9,24,16,18,10,4,0,88,0,0,0,0,0,0,4,0,0,7,0,3,0,4,0,0,3,0,0,11,0,0,0,3,3,0,0,0,0,10,0,0,3,16,11,0,4,0,0,38,0,0,0,0,0,0,0,0,0,0,0,0,0,0,0,0,0,0,0,0,0,5,6,13,7,12,11,9,0,66
LGA33800,0,0,0,0,0,0,0,0,0,0,0,0,0,0,0,0,0,0,0,0,0,0,0,0,0,0,0,0,0,0,0,0,0,5,0,0,3,0,3,11,0,0,0,15,6,12,13,0,0,52,0,0,0,0,0,0,0,0,0,0,0,0,0,0,0,0,0,0,0,0,0,3,0,4,3,4,3,0,0,16,0,4,0,15,15,11,3,0,0,52,0,0,0,0,0,0,0,0,0,0,0,0,0,0,0,0,0,0,0,3,0,0,0,0,0,0,0,0,0,0,0,0,0,0,0,0,4,0,0,5,0,0,0,0,0,0,0,0,0,0,0,0,0,0,0,0,0,0,0,0,0,0,0,0,0,0,0,0,0,0,0,0,0,6,4,0,0,0,0,12,0,0,0,0,0,0,0,0,0,0,0,0,0,0,0,0,0,0,0,0,0,0,3,6,0,3,4,0,0,12
LGA33830,0,0,0,0,0,0,0,0,0,0,0,0,0,0,0,0,0,0,0,0,0,0,0,0,0,0,0,0,0,0,0,0,0,0,0,0,0,0,0,0,0,0,0,0,0,0,0,0,0,0,0,0,0,0,0,0,0,0,0,0,0,0,0,0,0,0,0,0,0,0,0,0,0,0,0,0,0,0,0,0,0,0,0,0,0,0,0,0,0,0,0,0,0,0,0,0,0,0,0,0,0,0,0,0,0,0,0,0,0,0,0,0,0,0,0,0,0,0,0,0,0,0,0,0,0,0,0,0,0,0,0,0,0,0,0,0,0,0,0,0,0,0,0,0,0,0,0,0,0,0,0,0,0,0,0,0,0,0,0,0,0,0,0,0,0,0,0,0,0,0,0,0,0,0,0,0,0,0,0,0,0,0,0,0,0,0,0,0,0,0,0,0,0,0,0,0,0,0,0,0
LGA33960,0,0,0,16,3,4,3,0,0,32,0,3,0,8,0,3,3,0,0,11,0,6,3,23,3,0,0,0,0,36,0,0,3,30,29,65,88,46,27,280,103,829,931,2133,786,451,180,58,13,5490,0,6,3,16,19,22,27,7,4,105,0,13,4,34,4,6,0,0,0,64,0,17,23,93,47,30,20,5,4,238,11,70,112,491,237,159,56,20,3,1158,0,3,0,34,16,24,14,3,11,99,0,8,6,70,81,95,78,48,16,408,0,9,13,31,14,15,5,0,0,85,3,24,68,195,93,40,28,15,0,464,0,0,0,3,11,7,3,3,0,28,0,12,7,70,13,16,12,5,0,131,0,0,13,46,7,9,3,0,0,72,0,14,15,113,31,18,7,0,0,198,0,0,0,0,0,0,0,0,0,7,0,0,0,3,7,3,0,0,0,19,5,24,30,85,33,34,19,3,0,231
LGA33980,0,0,0,0,0,0,0,0,0,0,0,0,0,0,0,0,0,0,0,0,0,0,0,0,0,0,0,0,0,0,0,0,0,0,4,0,0,0,0,9,7,27,26,137,72,49,9,0,0,326,0,0,0,0,0,0,0,0,0,5,0,0,0,0,0,0,0,0,0,6,0,4,6,13,7,4,0,0,0,34,4,14,17,76,31,24,3,0,0,170,0,0,0,0,0,0,0,0,0,0,0,3,0,0,3,6,0,0,0,17,0,0,0,0,0,0,0,0,0,4,0,12,11,40,10,3,3,0,0,79,0,0,0,0,0,0,0,0,0,0,0,0,0,3,0,0,0,0,0,6,0,0,0,0,0,0,0,0,0,4,0,3,3,16,13,0,0,0,0,35,0,0,0,0,0,0,0,0,0,0,0,0,0,0,0,0,0,0,0,0,0,3,0,9,6,0,0,0,0,20
LGA34420,0,0,0,0,0,0,0,0,0,0,0,0,0,0,0,0,0,0,0,0,0,0,0,0,0,0,0,0,0,0,0,0,0,0,0,0,0,0,0,0,0,0,0,0,0,0,0,0,0,0,0,0,0,0,0,0,0,0,0,0,0,0,0,0,0,0,0,0,0,0,0,0,3,0,0,0,0,0,0,3,0,0,0,0,0,0,0,0,0,0,0,0,0,0,0,0,0,0,0,0,0,0,0,0,0,0,0,0,0,0,0,0,0,0,0,0,0,0,0,0,0,0,0,0,0,0,0,0,0,0,0,0,0,0,0,0,0,0,0,0,0,0,0,0,0,0,0,0,0,0,0,0,0,0,0,0,0,0,0,0,0,0,0,0,0,0,0,0,0,0,0,0,0,0,0,0,0,0,0,0,0,0,0,0,0,0,0,0,0,0,0,0,0,0,0,0,0,0,0,0
LGA34530,0,0,0,0,0,0,0,0,0,0,0,0,0,0,0,0,0,0,0,0,0,0,0,0,0,0,0,0,0,0,0,0,0,3,0,6,12,4,3,29,0,27,31,125,101,96,37,10,3,433,0,0,0,0,0,6,0,0,0,17,0,0,0,0,0,0,0,0,0,0,0,0,0,10,15,10,0,0,0,31,0,3,3,41,22,23,8,0,0,115,0,0,0,5,0,0,0,0,3,10,0,0,3,8,11,9,16,12,3,58,0,0,0,0,4,0,0,0,0,5,0,6,15,37,22,11,8,7,0,109,0,0,0,0,0,0,0,0,0,4,0,0,0,3,0,0,0,0,0,6,4,0,0,0,0,0,0,0,0,5,0,3,7,16,8,4,0,0,0,35,0,0,0,0,0,0,0,0,0,0,0,0,0,0,0,0,0,0,0,0,0,3,0,14,9,13,8,0,0,52
LGA34570,0,0,0,0,0,0,0,0,0,0,0,0,0,0,0,0,0,0,0,0,0,0,0,0,0,0,0,0,0,0,0,0,0,0,0,0,0,0,0,0,0,0,0,0,0,0,0,0,0,3,0,0,0,0,0,0,0,0,0,0,0,0,0,0,0,0,0,0,0,0,0,0,0,0,0,0,0,0,0,0,0,0,0,0,0,0,0,0,0,0,0,0,0,0,0,0,0,0,0,0,0,0,0,0,0,0,0,0,0,0,0,0,0,0,0,0,0,0,0,0,0,0,0,0,0,0,0,0,0,0,0,0,0,0,0,0,0,0,0,0,0,0,0,0,0,0,0,0,0,0,0,0,0,0,0,0,0,0,0,0,0,0,0,0,0,0,0,0,0,0,0,0,0,0,0,0,0,0,0,0,0,0,0,0,0,0,0,0,0,0,0,0,0,0,0,0,0,0,0,0
LGA34580,0,0,0,0,0,0,0,0,0,0,0,0,0,6,0,0,0,0,0,7,0,0,0,3,0,0,0,0,0,9,0,0,4,3,9,20,27,11,0,74,3,11,19,102,105,72,48,10,3,374,0,0,0,3,4,3,3,0,0,6,0,0,0,0,0,0,0,0,0,3,0,7,9,37,18,6,3,0,0,70,0,0,5,51,36,24,15,0,0,131,0,0,0,0,0,0,3,0,3,9,0,0,4,6,15,12,13,4,0,54,0,0,14,8,0,0,0,0,0,25,0,5,10,20,16,9,7,3,0,67,0,0,0,0,0,4,0,0,0,8,0,4,0,3,0,0,0,0,0,10,0,0,49,166,0,0,0,0,0,216,0,0,0,9,6,3,0,0,0,18,0,0,0,0,0,0,0,0,0,0,0,0,0,0,6,0,0,0,0,10,0,7,12,13,10,6,9,0,0,54
LGA34590,0,0,4,3,13,16,11,9,4,62,4,39,129,300,78,37,26,8,3,630,0,3,4,11,0,0,0,0,0,22,0,4,9,34,51,97,186,92,31,498,161,1239,1775,4298,2013,1364,662,216,72,11805,0,0,3,28,22,31,44,19,3,144,19,82,61,206,30,25,5,0,0,426,3,23,50,230,165,114,63,31,12,702,21,94,155,751,416,383,128,41,11,1997,0,3,4,53,24,49,27,18,11,187,0,18,28,99,164,167,169,100,24,766,0,10,24,54,41,41,12,4,3,189,3,54,121,315,206,145,100,30,11,1001,0,0,0,21,36,47,43,31,8,187,0,16,16,88,36,33,29,9,5,240,8,26,58,261,61,77,28,9,3,533,15,118,112,316,57,34,9,0,0,661,0,0,5,22,16,12,4,0,0,52,0,4,6,43,14,6,3,0,0,81,5,36,33,82,42,50,41,9,5,303
LGA34710,0,0,0,0,0,0,0,0,0,0,0,0,0,0,0,0,0,0,0,0,0,0,0,0,0,0,0,0,0,0,0,0,0,0,0,0,0,0,0,7,0,0,8,13,12,4,3,0,0,44,0,0,0,0,0,0,0,0,0,0,0,0,0,0,0,0,0,0,0,0,0,0,0,3,0,0,0,0,0,5,0,0,0,6,0,3,3,0,0,11,0,0,0,0,0,0,0,0,0,0,0,0,0,0,0,0,0,0,0,0,0,0,0,0,0,0,0,0,0,0,0,0,0,0,0,0,0,0,0,3,0,0,0,0,0,0,0,0,0,0,0,0,0,3,0,0,0,0,0,5,0,0,0,0,0,0,0,0,0,0,0,0,0,0,0,0,0,0,0,0,0,0,0,0,0,0,0,0,0,0,0,0,0,0,0,0,0,0,0,0,0,0,0,0,0,0,0,0,0,0
LGA34770,0,0,0,3,0,3,0,3,0,9,0,0,0,5,3,0,0,0,0,6,0,0,7,23,3,0,0,0,0,33,0,0,0,11,19,21,39,16,3,119,8,87,120,465,300,255,110,24,11,1380,0,0,0,11,3,7,3,0,0,25,3,0,3,17,0,4,0,0,0,25,0,8,7,44,33,15,4,3,0,121,23,111,134,396,168,109,34,9,0,972,0,0,0,10,3,8,3,4,0,26,0,3,7,26,35,25,39,6,9,153,0,0,0,3,3,0,0,0,0,17,0,68,92,177,130,36,10,5,0,525,0,0,0,0,3,3,7,0,0,12,0,3,6,20,4,3,0,0,0,43,0,4,0,19,0,0,0,0,0,26,3,11,9,74,35,14,0,0,0,145,0,0,0,0,0,0,0,0,0,0,0,0,0,0,0,0,0,0,0,0,0,8,17,43,18,17,11,5,0,119
LGA34800,0,0,0,0,0,0,0,0,0,0,0,0,0,0,0,0,0,0,0,0,0,0,0,0,0,0,0,0,0,0,0,0,0,0,0,0,0,0,0,3,0,0,0,4,0,0,0,0,0,4,0,0,0,0,0,0,0,0,0,0,0,0,0,0,0,0,0,0,0,0,0,0,0,0,0,0,0,0,0,0,0,0,0,0,0,0,0,0,0,0,0,0,0,0,0,0,0,0,0,0,0,0,0,0,0,0,0,0,0,0,0,0,0,0,0,0,0,0,0,0,0,0,0,0,0,0,0,0,0,3,0,0,0,0,0,0,0,0,0,0,0,0,0,0,0,0,0,0,0,0,0,0,0,0,0,0,0,0,0,0,0,0,0,0,0,0,0,0,0,0,0,0,0,0,0,0,0,0,0,0,0,0,0,0,0,0,0,0,0,0,0,0,0,0,0,0,0,0,0,0
LGA34830,0,0,0,0,0,0,0,0,0,0,0,0,0,0,0,0,0,0,0,0,0,0,0,0,0,0,0,0,0,0,0,0,0,0,0,0,0,0,0,0,0,0,0,0,0,0,0,0,0,0,0,0,0,0,0,0,0,0,0,0,0,0,0,0,0,0,0,0,0,0,0,0,0,0,0,0,0,0,0,0,0,0,0,0,0,0,0,0,0,0,0,0,0,0,0,0,0,0,0,0,0,0,0,0,0,0,0,0,0,0,0,0,0,0,0,0,0,0,0,0,0,0,0,0,0,0,0,0,0,0,0,0,0,0,0,0,0,0,0,0,0,0,0,0,0,0,0,0,0,0,0,0,0,0,0,0,0,0,0,0,0,0,0,0,0,0,0,0,0,0,0,0,0,0,0,0,0,0,0,0,0,0,0,0,0,0,0,0,0,0,0,0,0,0,0,0,0,0,0,0
LGA34860,0,0,0,3,0,0,0,0,0,3,0,0,0,0,0,0,0,0,0,0,0,0,0,7,0,0,0,0,0,7,0,0,0,3,0,3,3,0,0,8,0,5,7,28,24,7,4,3,0,88,0,0,0,0,0,0,0,0,0,3,0,0,0,0,0,0,0,0,0,0,0,0,0,0,3,0,0,0,0,7,0,15,12,41,15,11,0,0,0,88,0,0,0,0,0,0,0,0,0,0,0,0,0,5,0,0,0,0,0,9,0,0,0,3,0,0,0,0,0,3,0,3,0,12,0,3,0,0,0,23,0,0,0,0,0,0,0,0,0,0,0,0,0,0,0,0,0,0,0,4,0,0,0,3,0,0,0,0,0,8,0,0,0,3,0,0,0,0,0,3,0,0,0,0,0,0,0,0,0,0,0,0,0,0,0,0,0,0,0,0,0,0,0,0,0,0,0,0,0,4
LGA34880,0,0,0,0,0,0,0,0,0,0,0,0,0,0,0,0,0,0,0,0,0,0,0,3,0,0,0,0,0,3,0,0,0,3,0,13,13,4,0,41,3,10,10,47,43,47,27,9,3,199,0,3,0,0,4,0,0,0,0,15,0,0,0,0,0,0,0,0,0,0,0,6,8,22,19,16,9,7,0,82,0,4,4,29,20,17,11,0,0,93,0,0,0,0,0,3,0,0,0,4,0,0,0,3,10,9,15,0,3,41,0,0,0,0,5,0,0,0,0,5,0,4,0,16,10,3,5,0,0,40,0,0,0,0,0,7,6,5,0,18,0,0,0,0,0,0,0,0,0,4,0,0,19,32,0,0,0,0,0,47,0,0,3,13,9,6,0,0,0,26,0,0,0,0,0,0,0,0,0,0,0,0,0,0,3,4,0,0,0,4,0,0,0,3,9,14,10,8,0,44
LGA35010,0,0,0,17,15,26,22,7,0,94,0,0,11,32,9,12,3,4,3,73,0,8,9,65,0,0,0,0,0,84,0,19,22,68,85,120,206,124,47,689,110,1044,1219,3668,1992,1495,923,316,107,10873,0,16,15,38,44,39,54,32,7,240,0,0,3,34,9,5,0,3,0,50,3,48,75,255,193,156,61,21,4,813,15,127,213,877,530,395,221,39,7,2421,0,4,3,54,27,52,38,17,13,211,0,53,57,177,201,229,286,147,48,1201,3,6,15,71,36,46,21,8,0,216,19,223,339,834,501,231,167,50,15,2379,0,0,0,4,13,22,22,8,4,70,3,12,16,84,49,49,46,10,6,271,3,5,90,283,13,15,5,0,0,416,10,33,32,226,93,32,15,0,0,449,0,0,0,6,4,6,3,0,0,23,0,4,0,8,0,0,7,0,0,20,7,47,49,181,123,87,83,20,3,605
LGA35250,0,0,0,0,0,0,0,0,0,0,0,0,0,0,0,0,0,0,0,0,0,0,0,0,0,0,0,0,0,0,0,0,0,0,0,0,0,0,0,0,0,0,0,4,0,0,0,0,0,3,0,0,0,0,0,0,0,0,0,0,0,0,0,0,0,0,0,0,0,0,0,0,0,0,0,0,0,0,0,0,0,0,0,3,0,0,0,0,0,3,0,0,0,0,0,0,0,0,0,0,0,0,0,0,0,0,0,0,0,0,0,0,0,0,0,0,0,0,0,0,0,0,0,0,0,0,0,0,0,0,0,0,0,0,0,0,0,0,0,0,0,0,0,0,0,0,0,0,0,0,0,0,0,0,0,0,0,0,0,0,0,0,0,0,0,0,0,0,0,0,0,0,0,0,0,0,0,0,0,0,0,0,0,0,0,0,0,0,0,0,0,0,0,0,0,0,0,0,0,0
LGA35300,0,0,0,0,0,0,0,0,0,3,0,0,0,3,0,0,0,0,0,3,0,0,3,0,0,0,0,0,0,3,0,0,0,0,4,0,3,0,0,5,6,58,57,157,76,50,10,5,0,423,0,0,0,0,0,0,0,0,0,0,0,0,0,6,0,0,0,0,0,7,0,5,3,21,4,4,0,0,0,38,5,25,22,107,62,51,16,0,0,290,0,0,0,3,0,3,3,0,0,8,0,0,0,0,3,3,9,0,0,16,0,0,0,0,0,0,0,0,0,0,0,18,12,40,7,0,0,0,0,79,0,0,0,0,0,0,0,0,0,3,0,0,0,10,3,0,0,0,0,21,0,0,0,4,0,0,0,0,0,4,0,4,0,12,5,3,0,0,0,23,0,0,0,0,0,0,0,0,0,0,0,0,0,4,0,0,0,0,0,4,0,0,0,10,3,4,0,0,0,20
LGA35600,0,0,0,0,0,0,0,0,0,0,0,0,0,0,0,0,0,0,0,0,0,0,0,0,0,0,0,0,0,0,0,0,0,0,0,0,0,0,0,0,0,0,0,12,13,3,0,0,0,25,0,0,0,0,0,0,0,0,0,0,0,0,0,0,0,0,0,0,0,0,0,0,0,3,0,0,0,0,0,3,0,0,0,5,8,6,0,0,0,22,0,0,0,0,0,0,0,0,0,0,0,0,0,0,0,0,0,0,0,0,0,0,0,0,0,0,0,0,0,0,0,0,0,0,0,0,0,0,0,7,0,0,0,0,0,0,0,0,0,0,0,0,0,0,0,0,0,0,0,0,0,0,0,0,0,0,0,0,0,0,0,0,0,3,0,0,0,0,0,3,0,0,0,0,0,0,0,0,0,0,0,0,0,0,0,0,0,0,0,0,0,0,0,4,0,0,0,0,0,3
LGA35670,0,0,0,0,0,0,0,0,0,0,0,0,0,0,0,0,0,0,0,0,0,0,0,0,0,0,0,0,0,0,0,0,0,0,0,0,0,0,0,0,0,0,0,0,0,0,0,0,0,0,0,0,0,0,0,0,0,0,0,0,0,0,0,0,0,0,0,0,0,0,0,0,0,0,0,0,0,0,0,0,0,0,0,0,0,0,0,0,0,3,0,0,0,0,0,0,0,0,0,0,0,0,0,0,0,0,0,0,0,0,0,0,0,0,0,0,0,0,0,0,0,0,0,0,0,0,0,0,0,0,0,0,0,0,0,0,0,0,0,0,0,0,0,0,0,0,0,0,0,0,0,0,0,0,0,0,0,0,0,0,0,0,0,0,0,0,0,0,0,0,0,0,0,0,0,0,0,0,0,0,0,0,0,0,0,0,0,0,0,0,0,0,0,0,0,0,0,0,0,0
LGA35740,0,0,0,0,0,0,5,3,0,8,0,0,0,0,0,0,3,0,0,4,0,0,0,0,0,0,0,0,0,3,0,4,0,25,13,31,49,26,7,162,0,59,57,246,251,277,187,77,28,1177,0,0,0,4,3,3,7,7,0,29,0,0,0,0,0,0,0,0,0,0,0,0,0,11,31,19,3,0,0,66,3,3,4,53,36,34,15,3,0,149,0,0,0,11,7,5,3,4,3,34,0,9,3,16,29,40,42,23,8,174,0,0,0,9,3,9,0,0,0,18,0,14,14,58,58,33,36,19,3,240,0,0,0,0,0,0,7,5,0,10,0,0,0,3,0,4,0,3,0,13,0,0,0,17,0,3,3,0,0,21,5,0,8,28,22,4,3,0,0,74,0,0,0,0,0,0,0,0,0,0,0,0,0,0,0,0,0,0,0,3,0,10,10,27,30,32,30,12,0,164
LGA35760,0,0,0,0,0,0,0,0,0,0,0,0,0,0,0,0,0,0,0,0,0,0,0,10,0,0,0,0,0,7,0,0,0,0,5,3,6,0,0,15,0,7,0,12,13,20,15,6,4,74,0,0,0,0,0,0,0,0,0,0,0,0,0,0,0,0,0,0,0,5,0,0,0,5,0,0,0,0,0,15,0,4,3,20,12,14,7,3,0,64,0,0,0,0,0,0,0,0,0,0,0,0,0,3,0,0,4,0,0,8,0,0,0,0,0,0,0,0,0,0,0,0,0,3,0,0,0,0,0,9,0,0,0,0,0,0,0,0,0,0,0,3,0,0,0,0,0,0,0,0,0,0,4,17,0,0,0,0,0,21,0,0,0,3,0,0,0,0,0,6,0,0,0,0,0,0,0,0,0,0,0,0,0,0,0,0,0,0,0,0,0,0,0,0,0,3,0,0,0,10
LGA35780,0,0,0,0,0,0,0,0,0,0,0,0,0,0,0,0,0,0,0,0,0,0,0,0,0,0,0,0,0,0,0,0,0,0,0,0,0,0,0,0,0,4,0,4,4,0,0,0,0,9,0,0,0,0,0,0,0,0,0,0,0,0,0,0,0,0,0,0,0,0,0,0,0,3,0,3,3,0,0,7,0,0,0,3,0,0,0,0,0,8,0,0,0,0,0,0,0,0,0,0,0,0,0,0,0,0,0,0,0,0,0,0,0,0,0,0,0,0,0,0,0,0,0,0,0,0,0,0,0,0,0,0,0,0,0,0,0,0,0,0,0,0,0,0,0,0,0,0,0,0,0,0,0,0,0,0,0,0,0,0,0,0,0,0,0,0,0,0,0,0,0,0,0,0,0,0,0,0,0,0,0,0,0,0,0,0,0,0,0,0,0,0,0,0,0,0,0,0,0,0
LGA35790,0,0,0,0,0,0,0,0,0,0,0,0,0,0,0,0,0,0,0,0,0,0,0,0,0,0,0,0,0,0,0,0,0,0,0,0,0,0,0,0,0,0,0,0,0,3,0,0,0,7,0,0,0,0,0,0,0,0,0,0,0,0,0,0,0,0,0,0,0,0,0,0,0,0,0,3,0,0,0,7,0,0,0,0,0,0,0,0,0,0,0,0,0,0,0,0,0,0,0,0,0,0,0,0,0,0,0,0,0,0,0,0,0,0,0,0,0,0,0,0,0,0,0,0,0,0,0,0,0,0,0,0,0,0,0,0,0,0,0,0,0,0,0,0,0,0,0,0,0,0,0,0,0,0,0,0,0,0,0,0,0,0,0,0,0,0,0,0,0,0,0,0,0,0,0,0,0,0,0,0,0,0,0,0,0,0,0,0,0,0,0,0,0,0,0,0,0,0,0,0
LGA35800,0,0,0,0,0,0,0,0,0,0,0,0,0,0,0,0,0,0,0,0,0,0,0,0,0,0,0,0,0,0,0,0,0,0,0,0,0,0,0,0,0,0,0,0,5,0,0,0,0,6,0,0,0,0,0,0,0,0,0,0,0,0,0,0,0,0,0,0,0,0,0,0,0,0,0,0,0,0,0,0,0,0,0,0,0,0,0,0,0,0,0,0,0,0,0,0,0,0,0,0,0,0,0,0,0,0,0,0,0,0,0,0,0,0,0,0,0,0,0,0,0,0,0,0,0,0,0,0,0,0,0,0,0,0,0,0,0,0,0,0,0,0,0,0,0,0,0,0,0,0,0,0,0,0,0,0,0,0,0,0,0,0,0,0,0,0,0,0,0,0,0,0,0,0,0,0,0,0,0,0,0,0,0,0,0,0,0,0,0,0,0,0,0,0,0,0,0,0,0,0
LGA36070,0,0,0,0,0,0,0,0,0,0,0,0,0,0,0,0,0,0,0,0,0,0,0,0,0,0,0,0,0,0,0,0,0,0,0,0,0,0,0,0,0,0,0,0,0,3,0,0,0,3,0,0,0,0,0,0,0,0,0,0,0,0,0,0,0,0,0,0,0,0,0,0,0,0,3,0,0,0,0,5,0,0,0,4,0,0,0,0,0,6,0,0,0,0,0,0,0,0,0,0,0,0,0,0,0,0,0,0,0,0,0,0,0,0,0,0,0,0,0,0,0,0,0,0,0,0,0,0,0,0,0,0,0,0,0,0,0,0,0,0,0,0,0,0,0,0,0,0,0,0,0,0,0,0,0,0,0,0,0,0,0,0,0,0,0,0,0,0,0,0,0,0,0,0,0,0,0,0,0,0,0,0,0,0,0,0,0,0,0,0,0,0,0,0,0,0,0,0,0,0
LGA36150,0,0,0,0,0,0,0,0,0,0,0,0,0,0,0,0,0,0,0,0,0,0,0,0,0,0,0,0,0,0,0,0,0,0,0,0,0,0,0,0,0,0,0,0,3,0,0,0,0,6,0,0,0,0,0,0,0,0,0,0,0,0,0,0,0,0,0,0,0,0,0,0,0,0,0,0,0,0,0,3,0,0,0,0,0,0,0,0,0,0,0,0,0,0,0,0,0,0,0,0,0,0,0,0,0,0,0,0,0,0,0,0,0,0,0,0,0,0,0,0,0,0,0,0,0,0,0,0,0,0,0,0,0,0,0,0,0,0,0,0,0,0,0,0,0,0,0,0,0,0,0,0,0,0,0,0,0,0,0,0,0,0,0,0,0,0,0,0,0,0,0,0,0,0,0,0,0,0,0,0,0,0,0,0,0,0,0,0,0,0,0,0,0,0,0,0,0,0,0,3
LGA36250,0,0,0,7,8,7,3,3,0,21,0,0,0,3,5,4,3,0,3,24,0,0,0,14,0,0,0,0,0,16,0,5,4,14,32,61,127,57,34,327,18,297,421,1192,807,680,355,145,54,3963,0,4,3,12,17,15,21,3,5,85,0,3,6,3,4,0,3,0,0,20,0,6,14,55,69,44,19,11,5,232,3,25,58,193,115,109,37,16,0,560,0,0,7,31,13,33,13,21,12,122,0,28,31,78,126,150,119,79,22,633,0,3,4,21,15,15,8,3,0,71,6,115,182,387,294,126,71,47,9,1240,0,0,0,3,4,14,8,3,0,33,0,10,10,23,17,14,8,4,0,89,4,3,11,38,22,18,7,0,0,105,0,15,9,87,26,16,5,0,0,154,0,0,0,3,9,0,0,0,0,7,0,0,5,3,5,0,0,0,0,10,8,32,27,58,48,39,32,9,5,250
LGA36300,0,0,0,0,0,0,0,0,0,0,0,0,0,0,0,0,0,0,0,0,0,0,0,0,0,0,0,0,0,0,0,0,0,0,0,0,0,0,0,0,0,0,0,3,3,3,0,0,0,6,0,0,0,0,0,0,0,0,0,0,0,0,0,0,0,0,0,0,0,0,0,0,0,0,0,0,0,0,0,3,0,0,0,0,0,0,0,0,0,0,0,0,0,0,0,0,0,0,0,0,0,0,0,0,0,0,0,0,0,3,0,0,0,0,0,0,0,0,0,0,0,0,0,0,0,0,0,0,0,0,0,0,0,0,0,0,0,0,0,0,0,0,0,0,0,0,0,0,0,0,0,0,0,0,0,0,0,0,0,0,0,0,0,0,0,0,0,0,0,0,0,0,0,0,0,0,0,0,0,0,0,0,0,0,0,0,0,0,0,0,0,0,0,0,0,0,0,0,0,0
LGA36370,0,0,0,0,0,0,0,0,0,3,0,0,3,6,7,3,0,0,0,22,0,9,8,40,3,0,0,0,0,54,0,0,3,4,4,11,14,10,7,49,3,41,53,166,132,120,35,19,3,562,0,0,0,0,0,0,3,0,0,10,0,3,3,12,0,0,0,0,0,23,0,9,4,26,26,8,0,0,0,73,8,46,53,214,88,64,27,4,3,509,0,0,0,3,0,0,0,0,0,5,0,0,9,11,18,22,21,8,0,83,0,0,0,9,4,0,0,0,0,19,4,24,26,59,34,16,8,3,0,174,0,0,0,0,0,0,0,0,0,0,3,16,7,35,11,0,3,0,0,79,0,0,3,12,0,0,0,0,0,21,0,6,8,31,12,8,5,0,0,65,0,0,0,0,0,0,0,0,0,0,0,0,0,0,0,0,0,0,0,3,0,8,8,18,12,7,10,3,0,65
LGA36510,0,0,0,0,0,0,0,0,0,3,0,0,0,0,0,0,0,0,0,0,0,0,0,0,0,0,0,0,0,3,0,0,0,11,13,15,34,8,10,83,0,36,33,187,182,131,93,36,12,707,0,0,0,3,6,0,5,3,0,19,0,0,0,0,0,0,0,0,0,3,0,0,0,15,15,10,0,0,0,45,0,3,11,37,19,17,5,0,0,91,0,0,0,4,4,3,4,0,0,18,0,0,0,8,20,18,16,13,8,86,0,0,0,3,4,3,5,0,0,13,0,3,8,18,19,20,3,7,0,78,0,0,0,0,0,3,0,0,0,5,0,0,0,0,3,4,0,0,3,10,0,0,0,3,0,0,0,0,0,4,0,6,0,13,8,0,0,0,0,32,0,0,0,0,0,0,0,0,0,3,0,0,0,0,0,0,0,0,0,0,0,3,6,16,15,24,19,0,0,78
LGA36580,0,0,0,0,0,0,0,0,0,3,0,0,0,0,0,0,0,0,0,3,0,0,0,0,0,0,0,0,0,0,0,0,0,0,3,12,24,6,0,47,0,16,15,85,63,72,40,11,0,307,0,0,0,0,4,3,3,3,0,10,0,0,0,0,0,0,0,0,0,3,0,0,0,6,4,0,0,0,0,16,8,24,23,93,20,15,7,0,0,194,0,0,0,0,0,0,0,3,0,3,0,0,0,7,9,19,10,4,3,49,0,0,0,3,3,0,0,0,0,7,0,3,6,8,6,7,7,0,0,34,0,0,0,0,0,0,0,0,0,3,0,0,0,0,0,0,0,0,0,0,0,0,3,11,0,0,0,0,0,18,0,0,0,12,7,0,0,0,0,16,0,0,0,0,0,0,0,0,0,0,0,0,0,0,0,0,0,0,0,0,0,0,3,6,3,8,0,0,0,20
LGA36630,0,0,0,0,0,0,0,0,0,6,0,0,0,0,0,0,0,0,0,4,0,0,0,5,0,0,0,0,0,4,0,0,4,4,4,11,20,9,0,43,0,7,12,73,65,76,53,18,6,309,0,0,0,0,0,3,0,0,0,6,0,0,0,0,0,0,0,0,0,0,0,0,0,8,13,0,0,0,0,26,0,11,14,64,40,45,18,0,0,199,0,0,0,3,0,6,0,0,0,9,0,0,0,0,3,12,17,11,0,47,0,0,0,0,5,0,0,0,0,9,0,0,3,13,8,7,9,0,0,32,0,0,0,0,0,0,0,0,0,3,0,0,0,10,0,0,0,0,0,11,0,0,0,0,0,0,0,0,0,3,0,0,3,8,0,3,0,0,0,17,0,0,0,0,0,0,0,0,0,3,0,0,0,0,0,0,0,0,0,0,0,0,3,4,6,5,6,3,0,32
LGA36660,0,0,0,0,0,0,0,0,0,3,0,0,0,0,0,0,0,0,0,0,0,0,0,6,0,0,0,0,0,4,0,0,0,5,8,13,23,14,4,68,0,6,17,75,71,65,57,11,3,305,0,0,0,3,3,0,7,4,0,12,0,3,0,0,0,0,0,0,0,4,0,0,0,8,6,9,0,0,0,19,0,11,15,53,28,19,12,3,0,153,0,0,0,3,0,4,0,3,4,21,0,0,0,3,5,14,12,5,0,42,0,0,0,0,0,0,0,0,0,3,0,12,5,20,9,7,7,5,0,59,0,0,0,0,0,0,3,3,0,9,0,0,0,0,3,0,0,0,0,3,0,0,5,36,0,0,0,0,0,43,0,0,3,7,5,3,0,0,0,24,0,0,0,0,0,0,3,0,0,0,0,0,0,0,0,0,0,0,0,3,0,3,0,13,10,7,13,5,0,48
LGA36720,0,0,7,14,10,10,5,6,0,49,0,0,0,11,0,4,3,3,3,26,0,3,20,62,0,4,0,0,0,90,4,21,16,77,70,96,216,111,54,661,28,440,570,1823,1398,1337,893,383,144,7017,0,5,5,33,29,37,40,26,7,177,3,3,3,21,0,0,3,0,0,34,3,9,24,101,107,77,37,13,4,377,9,56,60,369,180,144,57,15,0,895,0,0,3,47,17,33,19,21,12,156,5,32,33,126,149,161,222,134,55,917,0,10,11,35,29,25,11,6,0,134,8,129,184,478,295,178,136,64,18,1478,0,0,0,0,4,9,12,9,7,45,3,11,5,42,10,12,10,3,7,101,0,0,14,99,9,3,0,0,0,131,8,34,45,173,101,26,13,0,0,396,0,0,0,5,4,0,0,0,0,11,0,0,0,6,4,0,0,0,0,11,10,82,80,248,130,112,93,35,4,788
LGA36820,0,0,0,0,0,0,0,0,0,0,0,0,0,0,0,0,0,0,0,0,0,0,0,0,0,0,0,0,0,0,0,0,0,3,5,5,14,12,0,53,0,5,12,48,64,68,45,17,3,258,0,0,0,3,0,3,4,0,0,5,0,0,0,0,0,0,0,0,0,0,0,5,5,12,24,13,8,3,0,74,0,5,4,37,18,29,14,0,0,105,0,0,0,0,0,4,0,0,3,7,0,0,0,3,0,7,12,9,0,33,0,0,0,0,3,7,0,0,0,11,0,0,4,14,10,3,7,0,0,30,0,0,0,0,0,0,0,0,0,0,0,3,0,0,0,3,0,0,0,3,0,0,0,3,0,0,0,0,0,3,0,0,0,12,5,4,0,0,0,19,0,0,0,0,0,0,0,0,0,0,0,0,0,0,0,0,0,0,0,6,0,0,0,7,4,12,9,0,3,44
LGA36910,0,0,0,0,0,0,0,0,0,8,0,0,0,0,4,0,0,0,0,15,0,6,26,97,0,5,0,0,0,129,0,0,4,18,10,35,71,32,20,193,9,52,99,373,236,223,137,53,10,1184,0,0,3,6,11,15,16,3,0,53,3,21,17,21,4,7,0,0,0,65,8,11,36,64,45,25,4,6,3,201,7,79,82,307,128,87,41,8,0,744,0,0,0,8,3,12,3,4,5,30,0,11,3,25,28,32,69,33,19,215,5,5,7,18,18,12,4,3,0,74,0,36,57,140,95,60,30,11,9,439,0,0,0,0,3,3,0,3,0,15,4,17,16,76,18,8,9,4,0,154,0,4,12,61,7,9,0,0,0,96,0,5,12,46,19,8,7,0,0,91,0,0,0,0,3,0,0,0,0,3,0,0,0,3,0,0,3,0,0,10,5,28,28,55,31,31,32,15,3,227
LGA36950,0,0,0,0,0,0,0,0,0,0,0,0,0,0,0,0,0,0,0,0,0,0,0,0,0,0,0,0,0,0,0,0,0,0,0,0,0,0,0,0,0,0,3,9,3,0,0,0,0,17,0,0,0,0,0,0,0,0,0,0,0,0,0,0,0,0,0,0,0,0,0,3,0,9,8,4,0,0,0,27,0,0,0,3,0,0,0,0,0,6,0,0,0,0,0,0,0,0,0,0,0,0,0,0,0,0,0,0,0,3,0,0,0,0,0,0,0,0,0,0,0,0,0,0,0,0,0,0,0,3,0,0,0,0,0,0,0,0,0,0,0,0,0,0,0,0,0,0,0,0,0,0,0,0,0,0,0,0,0,3,0,0,0,3,0,0,0,0,0,3,0,0,0,0,0,0,0,0,0,0,0,0,0,0,0,0,0,0,0,0,0,0,0,0,0,0,0,0,0,3
LGA36960,0,0,0,0,0,0,0,0,0,0,0,0,0,0,0,0,0,0,0,0,0,0,0,0,0,0,0,0,0,0,0,0,0,0,0,0,0,0,0,0,0,0,0,0,0,0,3,0,0,5,0,0,0,0,0,0,0,0,0,0,0,0,0,0,0,0,0,0,0,0,0,4,7,18,13,18,6,0,0,72,0,0,0,0,0,0,0,0,0,0,0,0,0,0,0,0,0,0,0,0,0,0,0,0,0,0,0,0,0,0,0,0,0,0,0,0,0,0,0,0,0,0,0,0,0,0,0,0,0,0,0,0,0,0,0,0,0,0,0,0,0,0,0,0,0,0,0,0,0,0,0,0,0,0,0,0,0,0,0,0,0,0,0,0,0,0,0,0,0,0,0,0,0,0,0,0,0,0,0,0,0,0,0,0,0,0,0,0,0,0,0,0,0,0,0,0,0,0,0,0
LGA37010,0,3,3,12,0,0,0,0,0,16,0,0,3,33,8,6,6,0,0,58,0,10,20,40,3,0,0,0,0,66,0,3,6,31,20,48,39,21,9,182,17,138,222,709,474,371,181,54,17,2183,0,4,3,11,9,8,7,6,0,47,3,7,0,21,0,3,3,0,0,43,3,48,109,191,126,57,28,4,0,568,15,76,128,445,216,160,63,21,4,1116,0,0,0,17,5,9,13,0,3,50,0,10,23,73,69,68,52,39,6,346,0,0,6,19,20,7,0,0,0,62,0,44,101,180,95,52,26,11,3,516,0,0,0,0,0,7,0,4,0,21,0,15,25,44,19,15,11,5,0,142,0,3,3,27,3,3,0,0,0,36,3,30,24,97,58,25,3,0,0,240,0,0,0,0,3,0,3,0,0,8,0,0,0,3,0,0,0,0,0,7,8,27,50,152,43,26,19,4,0,336
LGA37300,0,0,0,0,0,0,0,0,0,0,0,0,0,0,0,0,0,0,0,0,0,0,0,0,0,0,0,0,0,0,0,0,0,0,0,0,0,0,0,0,0,0,3,19,13,7,3,0,0,47,0,0,0,0,0,0,0,0,0,0,0,0,0,0,0,0,0,0,0,0,0,5,0,4,0,0,0,0,0,7,0,9,0,12,3,6,3,0,0,31,0,0,0,3,0,0,0,0,0,3,0,0,0,0,0,0,0,0,0,3,0,0,0,0,0,0,0,0,0,0,0,0,0,3,4,0,0,0,0,6,0,0,0,0,0,0,0,0,0,0,0,0,0,0,0,0,0,0,0,0,0,0,0,0,0,0,0,0,0,0,0,0,4,6,4,3,0,0,0,21,0,0,0,0,0,0,0,0,0,0,0,0,0,0,0,0,0,0,0,0,0,0,0,0,0,0,0,0,0,0
LGA37310,0,0,0,0,0,0,0,0,0,0,0,0,0,3,0,0,0,0,0,3,0,0,0,0,0,0,0,0,0,0,0,3,0,4,4,4,5,0,0,23,0,16,8,68,44,49,23,5,0,210,0,0,0,3,0,0,0,0,0,8,0,0,0,3,0,0,0,0,0,4,0,0,3,10,3,4,0,0,0,29,3,37,32,100,40,17,7,0,0,242,0,0,0,3,0,0,0,0,0,6,0,3,0,6,0,3,6,0,0,27,0,0,0,4,3,0,0,0,0,9,0,13,11,26,16,10,3,0,0,75,0,0,0,0,0,0,0,0,0,0,0,0,0,7,0,0,0,0,0,7,0,0,0,0,0,0,0,0,0,0,0,0,3,5,4,0,0,0,0,13,0,0,0,0,0,0,0,0,0,0,0,0,0,0,0,0,0,0,0,0,0,3,0,4,4,7,3,0,0,24
LGA37340,0,0,0,0,0,0,3,0,0,9,0,0,0,0,0,0,0,0,0,0,0,0,6,6,0,0,0,0,0,10,0,0,4,8,6,10,6,0,0,35,3,12,77,188,115,107,54,15,6,574,0,0,0,3,0,0,3,0,0,6,0,0,0,0,0,0,0,0,0,3,0,5,0,13,9,5,3,0,0,31,4,10,30,87,38,31,23,3,0,241,0,0,0,8,3,0,3,0,0,15,0,0,3,13,7,21,19,3,3,58,0,0,0,0,0,0,0,0,0,6,0,4,6,49,18,14,0,0,0,95,0,0,0,0,0,0,0,0,0,0,0,3,0,11,4,0,0,0,0,17,0,0,19,84,0,0,0,0,0,105,4,3,11,33,21,3,0,0,0,79,0,0,0,0,0,0,0,0,0,0,0,0,0,3,0,0,0,0,0,3,0,8,8,25,4,13,3,0,0,63
LGA37400,0,0,0,0,0,0,0,0,0,0,0,0,0,0,0,0,0,0,0,0,0,0,0,0,0,0,0,0,0,0,0,0,0,0,0,0,0,0,0,0,0,0,0,0,0,0,0,0,0,3,0,0,0,0,0,0,0,0,0,0,0,0,0,0,0,0,0,0,0,0,0,0,0,0,0,0,0,0,0,0,0,0,0,0,0,0,0,0,0,0,0,0,0,0,0,0,0,0,0,0,0,0,0,0,0,0,0,0,0,0,0,0,0,0,0,0,0,0,0,0,0,0,0,0,0,0,0,0,0,0,0,0,0,0,0,0,0,0,0,0,0,0,0,0,0,0,0,0,0,0,0,0,0,0,0,0,0,0,0,0,0,0,0,0,0,0,0,0,0,0,0,0,0,0,0,0,0,0,0,0,0,0,0,0,0,0,0,0,0,0,0,0,0,0,0,0,0,0,0,0
LGA37550,0,0,0,0,0,0,0,0,0,0,0,0,0,0,0,0,0,0,0,0,0,0,0,0,0,0,0,0,0,0,0,0,0,0,0,0,0,0,0,0,0,0,0,0,0,0,0,0,0,0,0,0,0,0,0,0,0,0,0,0,0,0,0,0,0,0,0,0,0,0,0,0,0,0,0,0,0,0,0,0,0,0,0,0,0,0,0,0,0,0,0,0,0,0,0,0,0,0,0,0,0,0,0,0,0,0,0,0,0,0,0,0,0,0,0,0,0,0,0,0,0,0,0,0,0,0,0,0,0,0,0,0,0,0,0,0,0,0,0,0,0,0,0,0,0,0,0,0,0,0,0,0,0,0,0,0,0,0,0,0,0,0,0,0,0,0,0,0,0,0,0,0,0,0,0,0,0,0,0,0,0,0,0,0,0,0,0,0,0,0,0,0,0,0,0,0,0,0,0,0
LGA37570,0,0,0,0,0,0,0,0,0,0,0,0,0,0,0,0,0,0,0,0,0,0,0,0,0,0,0,0,0,0,0,0,0,0,0,0,0,0,0,0,0,0,0,0,0,0,0,0,0,0,0,0,0,0,0,0,0,0,0,0,0,0,0,0,0,0,0,0,0,0,0,0,0,0,0,0,0,0,0,0,0,0,0,0,0,0,0,0,0,0,0,0,0,0,0,0,0,0,0,0,0,0,0,0,0,0,0,0,0,0,0,0,0,0,0,0,0,0,0,0,0,0,0,0,0,0,0,0,0,0,0,0,0,0,0,0,0,0,0,0,0,0,0,0,0,0,0,0,0,0,0,0,0,0,0,0,0,0,0,0,0,0,0,0,0,0,0,0,0,0,0,0,0,0,0,0,0,0,0,0,0,0,0,0,0,0,0,0,0,0,0,0,0,0,0,0,0,0,0,0
LGA37600,0,0,0,0,0,0,0,0,0,0,0,0,0,0,0,0,0,0,0,0,0,0,0,0,0,0,0,0,0,0,0,0,0,0,0,0,0,0,0,0,0,0,0,0,0,0,0,0,0,0,0,0,0,0,0,0,0,0,0,0,0,0,0,0,0,0,0,0,0,0,0,0,0,0,0,0,0,0,0,0,0,0,0,0,0,0,0,0,0,0,0,0,0,0,0,0,0,0,0,0,0,0,0,0,0,0,0,0,0,0,0,0,0,0,0,0,0,0,0,0,0,0,0,0,0,0,0,0,0,0,0,0,0,0,0,0,0,0,0,0,0,0,0,0,0,0,0,0,0,0,0,0,0,0,0,0,0,0,0,0,0,0,0,0,0,0,0,0,0,0,0,0,0,0,0,0,0,0,0,0,0,0,0,0,0,0,0,0,0,0,0,0,0,0,0,0,0,0,0,0
LGA39499,0,0,0,0,0,0,0,0,0,0,0,0,0,0,0,0,0,0,0,0,0,0,0,0,0,0,0,0,0,0,0,0,10,11,0,8,8,3,0,38,0,5,13,65,40,76,64,4,0,270,0,0,3,9,0,0,0,0,0,13,0,0,0,0,0,0,0,0,0,0,0,0,3,7,11,0,0,0,0,25,0,5,4,11,9,7,5,3,0,41,0,0,0,0,0,0,0,0,0,5,0,0,11,10,6,7,10,3,0,45,0,0,7,7,0,0,0,0,0,8,0,0,0,8,4,3,3,0,0,23,0,0,0,0,0,0,0,0,0,0,0,0,0,8,0,0,0,0,0,9,0,4,17,57,0,0,0,0,0,75,0,0,3,4,0,0,0,0,0,15,0,0,0,0,0,0,0,0,0,0,0,0,0,0,0,0,0,0,0,0,0,3,7,13,0,6,4,0,0,31
LGA39799,0,0,0,0,0,0,0,0,0,0,0,0,0,0,0,0,0,0,0,0,0,0,0,0,0,0,0,0,0,0,0,0,0,0,0,0,0,0,0,0,0,0,0,0,0,0,0,0,0,3,0,0,0,0,0,0,0,0,0,0,0,0,0,0,0,0,0,0,0,0,0,0,0,0,0,0,0,0,0,0,0,0,0,0,0,0,0,0,0,3,0,0,0,0,0,0,0,0,0,0,0,0,0,0,0,0,0,0,0,0,0,0,0,0,0,0,0,0,0,0,0,0,0,0,0,0,0,0,0,0,0,0,0,0,0,0,0,0,0,0,0,0,0,0,0,0,0,0,0,0,0,0,0,0,0,0,0,0,0,0,0,0,0,0,0,0,0,0,0,0,0,0,0,0,0,0,0,0,0,0,0,0,0,0,0,0,0,0,0,0,0,0,0,0,0,0,0,0,0,0
