LGA_CODE_2016,One_method_Train_M,One_method_Train_F,One_method_Train_P,One_method_Bus_M,One_method_Bus_F,One_method_Bus_P,One_method_Ferry_M,One_method_Ferry_F,One_method_Ferry_P,One_met_Tram_incl_lt_rail_M,One_met_Tram_incl_lt_rail_F,One_met_Tram_incl_lt_rail_P,One_method_Taxi_M,One_method_Taxi_F,One_method_Taxi_P,One_method_Car_as_driver_M,One_method_Car_as_driver_F,One_method_Car_as_driver_P,One_method_Car_as_passenger_M,One_method_Car_as_passenger_F,One_method_Car_as_passenger_P,One_method_Truck_M,One_method_Truck_F,One_method_Truck_P,One_method_Motorbike_scootr_M,One_method_Motorbike_scootr_F,One_method_Motorbike_scootr_P,One_method_Bicycle_M,One_method_Bicycle_F,One_method_Bicycle_P,One_method_Other_M,One_method_Other_F,One_method_Other_P,One_method_Walked_only_M,One_method_Walked_only_F,One_method_Walked_only_P,One_method_Tot_one_method_M,One_method_Tot_one_method_F,One_method_Tot_one_method_P,Two_methods_Train_Bus_M,Two_methods_Train_Bus_F,Two_methods_Train_Bus_P,Two_methods_Train_Ferry_M,Two_methods_Train_Ferry_F,Two_methods_Train_Ferry_P,Two_mt_trn_Trm_incl_lt_rl_M,Two_mt_trn_Trm_incl_lt_rl_F,Two_mt_trn_Trm_incl_lt_rl_P,Two_methods_Trn_Car_as_drvr_M,Two_methods_Trn_Car_as_drvr_F,Two_methods_Trn_Car_as_drvr_P,Two_methods_Trn_Car_as_pass_M,Two_methods_Trn_Car_as_pass_F,Two_methods_Trn_Car_as_pass_P,Two_methods_Train_Other_M,Two_methods_Train_Other_F,Two_methods_Train_Other_P,Two_methods_Train_Tot_M,Two_methods_Train_Tot_F,Two_methods_Train_Tot_P,Two_methods_Bus_Ferry_M,Two_methods_Bus_Ferry_F,Two_methods_Bus_Ferry_P,Two_mth_Bu_Trm_inc_lt_rl_M,Two_mth_Bu_Trm_inc_lt_rl_F,Two_mth_Bu_Trm_inc_lt_rl_P,Two_methods_Bus_Car_as_drvr_M,Two_methods_Bus_Car_as_drvr_F,Two_methods_Bus_Car_as_drvr_P,Two_methods_Bus_Car_as_pass_M,Two_methods_Bus_Car_as_pass_F,Two_methods_Bus_Car_as_pass_P,Two_methods_Bus_Other_M,Two_methods_Bus_Other_F,Two_methods_Bus_Other_P,Two_methods_Bus_Tot_M,Two_methods_Bus_Tot_F,Two_methods_Bus_Tot_P,Two_methds_Othr_two_methds_M,Two_methds_Othr_two_methds_F,Two_methds_Othr_two_methds_P,Two_methods_Tot_two_methods_M,Two_methods_Tot_two_methods_F,Two_methods_Tot_two_methods_P,Three_meth_Trn_two_othr_met_M,Three_meth_Trn_two_othr_met_F,Three_meth_Trn_two_othr_met_P,Three_met_Bs_2_ot_met_ex_tr_M,Three_met_Bs_2_ot_met_ex_tr_F,Three_met_Bs_2_ot_met_ex_tr_P,Three_meth_Othr_three_meth_M,Three_meth_Othr_three_meth_F,Three_meth_Othr_three_meth_P,Three_meth_Tot_three_meth_M,Three_meth_Tot_three_meth_F,Three_meth_Tot_three_meth_P,Worked_home_M,Worked_home_F,Worked_home_P,Did_not_go_to_work_M,Did_not_go_to_work_F,Did_not_go_to_work_P,Method_travel_to_work_ns_M,Method_travel_to_work_ns_F,Method_travel_to_work_ns_P,Tot_M,Tot_F,Tot_P
LGA30250,0,0,0,0,0,0,0,0,0,0,0,0,0,0,0,34,10,41,7,10,13,0,0,0,0,0,0,0,3,5,0,0,0,79,74,151,122,90,212,0,0,0,0,0,0,0,0,0,0,0,0,0,0,0,0,0,0,0,0,0,0,0,0,0,0,0,0,0,0,0,0,0,0,0,0,0,0,0,0,0,0,0,0,0,0,0,0,0,0,0,0,0,0,0,0,0,0,0,5,3,0,4,8,3,5,138,97,231
LGA30300,0,0,0,3,0,3,0,0,0,0,0,0,0,0,0,693,557,1250,37,49,90,20,0,24,3,7,12,11,6,14,23,8,22,98,95,187,889,717,1609,0,0,0,0,0,0,0,0,0,0,0,0,0,0,0,0,0,0,0,0,0,0,0,0,0,0,0,0,0,0,0,0,0,0,0,0,0,0,0,10,3,18,10,3,18,0,0,0,0,0,0,3,0,3,3,0,3,160,139,304,72,112,183,18,15,34,1162,993,2149
LGA30370,0,0,0,72,18,89,3,0,0,0,0,3,0,3,4,2315,1794,4105,247,166,413,71,5,78,47,8,60,36,23,61,66,27,96,223,211,436,3082,2260,5346,0,0,0,0,0,0,0,0,0,0,0,0,0,0,0,0,0,0,0,0,0,0,0,0,0,0,0,3,0,7,0,3,3,0,0,0,3,3,9,38,10,43,38,16,56,0,0,0,0,0,0,3,0,3,3,0,5,458,422,884,410,368,775,72,50,123,4066,3115,7185
LGA30410,0,0,0,0,3,8,0,0,0,0,0,0,0,0,0,363,311,671,35,37,70,16,3,18,8,3,10,8,17,25,24,16,40,94,105,201,555,479,1036,0,0,0,0,0,0,0,0,0,0,0,0,0,0,0,0,0,0,0,0,0,0,0,0,0,0,0,0,0,0,0,0,0,0,0,0,0,0,0,4,0,3,5,0,3,0,0,0,0,0,0,0,0,0,0,0,0,149,131,273,40,68,104,16,7,24,766,682,1447
LGA30450,0,0,0,0,0,0,0,0,0,0,0,0,0,0,0,37,24,58,5,0,5,3,0,3,0,0,0,0,0,0,7,3,5,22,24,47,71,52,124,0,0,0,0,0,0,0,0,0,0,0,0,0,0,0,0,0,0,0,0,0,0,0,0,0,0,0,0,0,0,0,0,0,0,0,0,0,0,0,0,3,3,0,3,3,0,0,0,0,0,0,0,0,0,0,0,0,19,11,28,12,4,16,0,0,0,98,72,167
LGA30760,0,0,0,0,0,0,0,0,0,0,0,0,0,0,0,231,209,447,12,13,26,11,0,7,4,0,4,12,6,17,12,3,19,67,62,135,348,303,655,0,0,0,0,0,0,0,0,0,0,0,0,0,0,0,0,0,0,0,0,0,0,0,0,0,0,0,0,0,0,0,0,0,0,0,0,0,0,0,8,0,10,8,0,10,0,0,0,0,0,0,3,3,5,3,3,5,93,81,172,28,51,81,12,3,18,492,446,932
LGA30900,0,0,0,0,0,0,0,0,0,0,0,0,0,0,0,40,24,64,0,3,4,11,0,11,3,0,3,0,0,0,0,4,9,31,32,68,83,67,151,0,0,0,0,0,0,0,0,0,0,0,0,0,0,0,0,0,0,0,0,0,0,0,0,0,0,0,0,0,0,0,0,0,0,0,0,0,0,0,0,0,0,0,0,0,0,0,0,0,0,0,0,0,0,0,0,0,22,17,46,3,5,11,7,3,11,121,94,218
LGA31000,12959,13863,26823,18831,23718,42554,1070,1149,2219,55,36,94,834,557,1393,174422,142967,317388,10102,17074,27181,2621,68,2690,5308,653,5960,7981,2262,10245,2244,1085,3329,12072,11503,23573,248501,214936,463440,2263,2344,4605,28,33,57,3,7,7,2221,2334,4558,433,647,1086,372,132,508,5322,5495,10818,243,262,511,3,5,10,1076,1392,2468,486,1067,1553,348,275,620,2160,3002,5163,2541,1534,4075,10019,10035,20056,822,789,1615,263,270,531,162,68,231,1248,1124,2376,11785,15428,27211,20361,33406,53773,1955,1649,3603,293858,276593,570455
LGA31750,0,0,0,0,0,0,0,0,0,0,0,0,0,0,0,53,33,87,0,7,4,6,0,6,0,0,0,3,0,3,3,3,9,19,32,50,93,71,158,0,0,0,0,0,0,0,0,0,0,0,0,0,0,0,0,0,0,0,0,0,0,0,0,0,0,0,0,0,0,0,0,0,0,0,0,0,0,0,6,0,6,6,0,6,0,0,0,0,0,0,0,0,0,0,0,0,15,19,35,9,3,10,3,3,8,123,94,220
LGA31820,3,5,14,243,82,321,8,4,9,0,0,0,24,18,43,12154,11399,23551,1030,1305,2341,390,3,398,328,20,347,197,37,235,140,49,187,522,449,973,15041,13382,28416,0,0,0,0,0,0,0,0,0,7,9,17,0,0,0,0,0,0,9,9,16,3,0,3,0,0,0,28,8,34,0,3,8,5,3,7,30,13,47,116,69,183,156,87,246,0,0,0,6,0,6,6,7,7,7,6,14,728,964,1694,1287,1902,3190,214,199,412,17435,16534,33970
LGA31900,0,0,0,47,31,78,0,0,0,0,0,0,3,7,13,2859,2393,5255,243,195,440,216,9,217,37,8,40,38,9,48,62,21,82,217,157,378,3721,2831,6554,0,0,0,0,0,0,0,0,0,0,0,0,0,0,0,0,0,0,0,0,0,0,0,0,0,0,0,0,0,0,3,0,4,0,0,0,3,3,4,28,11,40,29,13,39,0,0,0,0,0,0,0,0,0,0,0,0,217,288,503,263,379,635,54,51,104,4283,3556,7841
LGA31950,0,0,0,0,0,0,0,0,0,0,0,0,0,0,0,35,14,48,3,5,5,0,0,0,0,0,0,0,0,0,0,0,0,34,25,58,68,45,117,0,0,0,0,0,0,0,0,0,0,0,0,0,0,0,0,0,0,0,0,0,0,0,0,0,0,0,0,0,0,0,0,0,0,0,0,0,0,0,0,0,0,0,0,0,0,0,0,0,0,0,0,0,0,0,0,0,5,8,14,7,9,14,3,0,3,85,64,147
LGA32080,11,13,23,613,629,1246,35,17,58,8,3,6,106,105,218,24970,24490,49455,1781,2644,4423,500,13,511,573,102,675,960,393,1357,648,187,840,1257,1144,2398,31470,29748,61209,0,0,0,0,0,0,0,0,0,8,14,18,0,3,3,0,0,0,14,11,28,6,3,5,0,0,0,19,12,31,40,74,111,36,24,59,105,111,213,360,206,568,474,333,810,5,0,5,26,19,48,30,14,47,63,34,94,1154,1650,2808,2856,3912,6771,388,326,713,36397,36009,72405
LGA32250,0,0,0,0,0,0,0,0,0,0,0,0,0,0,0,179,167,348,29,30,60,7,0,11,0,0,0,7,6,10,29,11,40,114,86,200,374,302,676,0,0,0,0,0,0,0,0,0,0,0,0,0,0,0,0,0,0,0,0,0,0,0,0,0,0,0,0,0,0,0,0,0,0,0,0,0,0,0,3,0,3,3,0,3,0,0,0,0,0,0,0,0,0,0,0,0,35,34,67,24,16,39,12,13,23,440,371,813
LGA32260,0,3,3,241,163,406,9,0,8,0,0,0,16,13,28,4075,3495,7565,513,451,968,127,9,133,52,5,56,55,33,84,114,39,159,333,255,584,5532,4471,9999,0,0,0,0,0,0,0,0,0,0,0,0,0,0,0,0,0,0,0,3,3,0,0,0,0,0,0,15,10,19,3,11,14,0,0,0,16,17,39,45,26,64,61,45,101,0,0,0,3,3,7,3,0,3,3,3,5,353,410,756,426,593,1014,112,81,194,6486,5595,12084
LGA32270,0,0,4,475,71,545,0,0,0,0,0,0,5,8,13,4444,3503,7946,459,363,824,118,4,126,55,11,71,60,14,73,94,47,146,414,337,751,6126,4369,10498,0,0,0,0,0,0,0,0,0,0,0,0,0,0,0,0,0,0,0,0,0,0,0,0,0,0,0,70,11,84,8,0,11,8,0,8,86,9,99,55,26,82,140,36,178,0,0,0,3,0,3,8,6,8,15,6,14,480,595,1079,819,694,1508,106,77,183,7689,5772,13460
LGA32310,0,0,0,100,18,110,0,0,0,0,0,0,0,4,4,1240,1414,2651,119,147,266,58,3,60,26,4,38,24,3,23,30,18,48,183,142,324,1776,1752,3529,0,0,0,0,0,0,0,0,0,0,0,0,0,0,0,0,0,0,0,0,0,0,0,0,0,0,0,26,3,36,6,0,6,3,0,3,32,3,41,20,13,27,53,16,69,0,0,0,0,0,0,3,0,3,3,0,3,212,214,422,240,254,494,35,26,64,2319,2264,4579
LGA32330,0,0,0,0,0,0,0,0,0,0,0,0,0,0,0,38,33,65,0,11,14,0,0,0,0,0,0,0,0,0,0,0,0,21,16,39,62,65,128,0,0,0,0,0,0,0,0,0,0,0,0,0,0,0,0,0,0,0,0,0,0,0,0,0,0,0,0,0,0,0,0,0,0,0,0,0,0,0,0,0,0,0,0,0,0,0,0,0,0,0,0,0,0,0,0,0,0,0,0,0,0,0,0,0,0,64,67,127
LGA32450,0,0,0,90,14,105,0,0,0,0,0,0,3,0,4,441,302,741,89,29,120,17,0,19,0,3,3,6,8,15,28,9,38,119,101,220,789,468,1265,0,0,0,0,0,0,0,0,0,0,0,0,0,0,0,0,0,0,0,0,0,0,0,0,0,0,0,5,0,5,0,0,0,3,0,3,5,0,5,10,5,10,17,3,16,0,0,0,0,0,0,4,0,6,7,0,9,47,51,100,56,46,101,19,11,28,936,584,1520
LGA32500,0,0,0,26,27,51,0,0,0,0,0,0,0,0,0,488,408,893,50,50,101,33,4,39,9,3,10,4,5,10,25,10,36,125,138,261,769,643,1407,0,0,0,0,0,0,0,0,0,0,0,0,0,0,0,0,0,0,0,0,0,0,0,0,0,0,0,0,0,3,0,0,0,0,0,0,0,0,3,9,3,13,9,3,18,0,0,0,0,0,0,0,0,0,0,0,0,54,63,120,70,65,133,14,14,26,917,790,1707
LGA32600,0,0,0,0,0,0,0,0,0,0,0,0,0,0,0,19,14,37,3,0,3,3,0,3,0,0,3,0,0,0,0,0,3,6,13,21,37,35,76,0,0,0,0,0,0,0,0,0,0,0,0,0,0,0,0,0,0,0,0,0,0,0,0,0,0,0,0,0,0,0,0,0,0,0,0,0,0,0,0,0,0,0,0,0,0,0,0,0,0,0,0,0,0,0,0,0,18,14,30,0,3,8,0,0,0,57,51,110
LGA32750,0,0,0,3,0,3,0,0,0,0,0,0,0,0,0,31,22,48,4,6,13,0,0,0,0,0,0,3,0,3,0,0,0,27,35,64,71,61,133,0,0,0,0,0,0,0,0,0,0,0,0,0,0,0,0,0,0,0,0,0,0,0,0,0,0,0,0,0,0,0,0,0,0,0,0,0,0,0,0,0,0,0,0,0,0,0,0,0,0,0,0,0,0,0,0,0,12,7,19,4,3,5,0,0,0,85,76,164
LGA32770,0,0,0,5,7,6,0,0,0,0,0,0,0,0,0,48,31,79,14,31,46,3,0,3,0,0,0,0,0,0,5,0,5,62,63,123,130,136,262,0,0,0,0,0,0,0,0,0,0,0,0,0,0,0,0,0,0,0,0,0,0,0,0,0,0,0,0,0,0,0,0,0,0,0,0,0,0,0,0,0,0,0,0,0,0,0,0,0,0,0,0,0,0,0,0,0,3,0,4,3,7,8,0,6,6,135,144,279
LGA32810,0,0,0,36,22,63,8,0,8,0,0,0,3,3,8,1624,1566,3198,137,166,307,46,4,42,41,11,58,113,100,210,65,13,79,234,205,436,2311,2098,4414,0,0,0,0,0,0,0,0,0,0,0,0,0,0,0,0,0,0,0,0,0,0,0,0,0,0,0,0,0,0,0,3,3,3,0,3,3,3,6,15,15,37,18,22,40,0,0,0,3,0,3,0,0,0,4,0,4,188,234,422,235,314,552,48,27,75,2806,2698,5509
LGA33100,0,0,0,0,0,3,0,0,0,0,0,0,0,0,0,67,46,107,0,5,9,8,6,19,8,0,8,0,4,5,13,6,16,36,37,74,135,106,238,0,0,0,0,0,0,0,0,0,0,0,0,0,0,0,0,0,0,0,0,0,0,0,0,0,0,0,0,0,0,0,0,0,0,0,0,0,0,0,0,0,3,0,0,3,0,0,0,0,0,0,0,0,0,0,0,0,47,43,89,14,12,23,0,0,4,204,158,360
LGA33200,0,0,0,0,0,0,0,0,0,0,0,0,0,0,0,217,164,383,15,12,27,17,0,13,3,3,12,4,0,3,11,9,17,62,41,103,316,241,556,0,0,0,0,0,0,0,0,0,0,0,0,0,0,0,0,0,0,0,0,0,0,0,0,0,0,0,0,0,0,0,0,0,0,0,0,0,0,0,5,0,3,5,0,3,0,0,0,0,0,0,0,0,0,0,0,0,89,82,167,19,25,48,4,6,11,434,353,795
LGA33220,12,8,20,190,56,249,11,9,26,0,0,0,23,24,46,10913,10976,21887,772,1049,1826,383,13,390,275,44,319,257,114,373,172,58,236,490,504,987,13495,12849,26351,0,3,3,0,0,0,0,0,0,8,3,4,0,0,0,0,0,0,10,7,9,0,4,5,0,0,0,8,5,17,11,5,12,7,4,7,26,21,45,157,90,249,193,111,302,0,0,3,7,5,11,6,0,6,18,10,25,653,954,1607,1521,2090,3615,196,179,382,16078,16192,32271
LGA33360,5,0,3,540,49,585,120,18,132,4,0,3,34,18,52,9632,8171,17803,680,689,1367,147,4,148,376,22,394,132,26,155,137,67,198,348,387,735,12145,9446,21590,0,0,0,0,0,0,0,0,0,5,0,6,0,0,0,0,0,0,8,3,6,125,23,143,0,0,0,15,3,19,5,3,5,3,0,5,145,29,171,460,104,562,614,135,745,0,0,3,548,98,643,12,3,18,559,105,664,307,641,951,1488,1403,2890,132,99,230,15253,11829,27074
LGA33430,1348,1101,2449,1456,1528,2981,52,16,68,710,932,1643,158,151,312,94734,84658,179393,5605,6924,12523,1908,52,1960,1820,226,2049,1538,632,2174,1304,652,1956,3196,3542,6740,113832,100422,214252,237,270,508,0,0,0,20,17,36,584,395,978,88,74,163,81,15,93,1007,764,1773,6,3,11,219,347,563,78,85,160,63,154,213,30,25,52,399,606,1008,1166,688,1854,2569,2064,4632,296,231,527,85,92,182,69,42,109,448,361,815,6351,9051,15407,9142,14127,23264,1133,1051,2179,133473,127077,260548
LGA33610,0,0,0,5,6,10,0,0,0,0,0,0,0,7,10,1715,1435,3150,103,112,216,65,3,67,21,4,26,22,14,33,33,19,49,148,140,286,2114,1737,3844,0,0,0,0,0,0,0,0,0,0,0,0,0,0,0,0,0,0,0,0,0,0,0,0,0,0,0,3,0,3,0,0,0,0,0,0,5,0,5,16,11,28,21,7,30,0,0,3,0,0,0,3,0,4,4,4,7,276,247,518,154,230,388,43,27,68,2606,2250,4855
LGA33620,3,3,5,105,43,148,3,0,4,0,0,0,6,8,16,5918,5431,11354,461,485,942,329,5,337,119,6,119,35,12,48,105,38,141,299,288,588,7383,6325,13709,0,0,0,0,0,0,0,0,0,5,0,5,0,0,0,0,0,0,5,3,10,3,0,3,0,0,0,7,0,11,5,5,5,7,0,6,16,3,23,82,28,102,102,37,138,0,0,0,6,4,8,5,0,4,16,3,19,661,799,1461,829,1092,1919,130,133,261,9115,8385,17499
LGA33800,0,0,0,34,4,38,0,0,0,0,0,0,0,3,7,1663,1369,3032,100,98,203,83,3,86,36,0,43,33,3,30,47,13,64,128,74,210,2132,1577,3704,0,0,0,0,0,0,0,0,0,0,0,0,0,0,0,0,0,0,0,0,0,0,0,0,0,0,0,0,0,0,0,0,0,0,0,0,0,0,0,16,11,26,16,11,23,0,0,0,0,0,0,0,0,0,0,0,0,151,155,310,175,260,440,39,36,81,2518,2037,4562
LGA33830,0,0,0,0,0,0,0,0,0,0,0,0,0,0,0,70,61,133,29,12,37,0,0,0,0,0,0,0,0,0,9,0,13,22,12,37,127,93,221,0,0,0,0,0,0,0,0,0,0,0,0,0,0,0,0,0,0,0,0,0,0,0,0,0,0,0,0,0,0,0,0,0,0,0,0,0,0,0,3,0,3,3,0,3,0,0,0,0,0,0,0,0,0,0,0,0,0,0,0,0,0,0,3,3,8,136,96,230
LGA33960,1274,1647,2914,246,209,454,6,0,8,0,3,3,53,36,93,32016,26112,58131,2207,2513,4727,878,22,902,776,63,831,235,37,268,271,148,417,550,606,1155,38511,31394,69907,178,230,414,0,0,3,0,0,0,564,601,1168,99,149,246,65,18,83,906,1003,1913,4,0,8,0,0,0,13,39,54,12,36,55,5,4,9,39,80,122,398,172,575,1349,1259,2612,142,175,320,13,4,10,21,8,27,176,188,363,868,1651,2519,3189,4951,8137,424,325,747,44507,39773,84285
LGA33980,0,3,3,330,63,390,0,0,3,0,0,0,0,3,3,3464,2340,5800,425,221,644,57,5,62,32,13,48,44,30,74,87,26,118,332,323,659,4774,3027,7799,0,3,3,0,0,0,0,0,0,3,0,5,0,0,0,0,0,0,7,3,5,0,0,0,0,0,0,37,0,38,8,4,8,4,0,4,48,8,56,52,14,69,104,25,129,0,0,0,5,0,12,3,0,3,9,0,17,325,373,695,727,511,1230,57,48,106,6000,3977,9972
LGA34420,0,0,0,0,7,8,0,0,0,0,0,0,0,0,0,52,20,77,9,10,14,3,0,3,0,0,0,0,0,0,3,0,6,46,73,116,113,106,220,0,0,0,0,0,0,0,0,0,0,0,0,0,0,0,0,0,0,0,0,0,0,0,0,0,0,0,0,0,0,0,0,0,0,0,0,0,0,0,0,0,0,0,0,0,0,0,0,0,0,0,0,0,0,0,0,0,0,3,3,0,3,5,0,0,0,118,113,227
LGA34530,0,3,7,252,72,324,3,0,6,0,0,0,0,5,12,5291,5160,10449,409,405,811,181,7,185,74,14,83,24,16,39,72,33,103,227,197,421,6536,5912,12448,0,0,0,0,0,0,0,0,0,0,0,0,0,0,0,0,0,0,0,0,0,0,0,0,0,0,0,28,0,31,7,10,15,3,0,3,37,12,49,42,24,65,76,41,120,0,0,0,5,4,6,3,3,7,7,6,18,351,534,884,873,907,1783,101,73,177,7950,7475,15425
LGA34570,0,0,0,0,0,3,0,0,0,0,0,0,0,0,0,37,23,63,15,7,21,0,0,0,0,0,0,0,0,0,0,0,0,39,46,84,91,79,175,0,0,0,0,0,0,0,0,0,0,0,0,0,0,0,0,0,0,0,0,0,0,0,0,0,0,0,0,0,0,0,0,0,0,0,0,0,0,0,0,0,0,0,0,0,0,0,0,0,0,0,0,0,0,0,0,0,0,3,0,3,0,3,4,5,6,99,86,189
LGA34580,9,9,18,43,25,65,3,0,3,3,0,3,0,5,5,5739,4877,10615,482,616,1097,301,5,305,113,13,122,14,4,15,61,28,92,221,181,403,6989,5758,12745,3,0,3,0,0,0,0,0,0,22,22,43,0,6,5,0,0,0,26,26,56,0,0,0,0,0,0,9,3,8,0,7,5,0,0,0,9,10,14,54,30,87,86,71,152,7,6,9,3,5,6,7,0,7,11,12,23,415,490,907,696,1033,1735,107,90,199,8312,7456,15762
LGA34590,698,798,1491,1486,2158,3639,10,3,13,7,0,6,104,61,163,51146,40856,91998,3606,3908,7514,2094,48,2137,1105,77,1183,266,50,313,473,240,712,700,755,1458,61691,48952,110647,156,179,332,0,0,0,0,0,0,250,297,550,57,81,140,44,9,51,499,571,1068,8,5,13,0,0,0,329,521,853,88,225,311,29,15,43,458,769,1221,597,249,843,1553,1582,3133,110,142,253,37,37,74,22,4,29,174,186,356,1766,3180,4949,4753,6835,11593,712,573,1287,70645,61309,131955
LGA34710,0,0,0,3,0,3,0,0,0,0,0,0,3,3,8,564,572,1136,33,73,102,15,0,15,7,0,9,22,14,36,18,3,24,95,97,188,760,764,1529,0,0,0,0,0,0,0,0,0,0,0,0,0,0,0,0,0,0,0,0,0,0,0,0,0,0,0,0,0,0,0,0,0,0,0,0,0,0,0,7,5,11,7,6,15,0,0,0,0,0,0,3,0,4,3,0,4,97,89,183,68,102,169,20,21,40,961,980,1938
LGA34770,14,3,13,853,181,1035,5,0,6,0,0,3,44,42,81,19787,17078,36868,1520,1385,2904,450,21,467,351,33,383,309,103,413,201,102,301,723,586,1306,24256,19529,43789,0,3,3,0,0,0,0,0,0,3,5,7,0,0,4,0,0,0,6,11,14,3,0,3,0,0,0,74,12,83,23,9,30,4,4,10,104,24,129,233,92,321,345,123,465,4,0,4,5,7,10,17,0,15,25,4,30,819,1405,2222,2762,2898,5662,312,251,566,28518,24213,52732
LGA34800,0,0,0,26,0,31,0,0,0,0,0,0,0,0,0,95,54,151,7,4,11,13,0,14,0,0,0,0,5,3,17,4,19,58,61,122,214,131,350,0,0,0,0,0,0,0,0,0,0,0,0,0,0,0,0,0,0,0,0,0,0,0,0,0,0,0,0,0,0,0,0,0,0,0,0,0,0,0,0,0,0,3,0,3,0,0,0,0,0,0,0,0,0,0,0,0,46,60,106,12,10,22,5,0,5,285,204,490
LGA34830,0,0,0,0,0,0,0,0,0,0,0,0,0,0,0,21,18,39,3,8,14,0,0,0,0,0,0,0,0,0,0,0,0,10,12,19,39,34,76,0,0,0,0,0,0,0,0,0,0,0,0,0,0,0,0,0,0,0,0,0,0,0,0,0,0,0,0,0,0,0,0,0,0,0,0,0,0,0,0,0,0,0,0,0,0,0,0,0,0,0,0,0,0,0,0,0,0,0,0,0,0,0,0,0,3,45,35,82
LGA34860,0,0,0,18,10,31,0,0,0,0,0,0,4,3,8,1993,1774,3772,180,158,336,125,3,130,33,12,47,39,11,51,54,33,87,221,216,437,2675,2230,4907,3,0,3,0,0,0,0,0,0,0,0,0,0,0,0,0,0,0,3,0,3,0,0,0,0,0,0,0,0,0,0,0,0,0,0,0,0,0,3,30,14,41,36,13,50,0,0,0,0,0,0,6,0,5,6,0,5,436,396,832,205,269,466,44,54,92,3398,2955,6356
LGA34880,0,0,0,84,45,129,0,0,5,0,0,0,3,3,12,2564,2490,5048,225,283,508,116,5,121,49,5,55,46,15,52,100,33,129,253,203,450,3438,3078,6513,0,0,0,0,0,0,0,0,0,0,0,0,0,0,0,0,0,0,0,0,3,0,0,0,0,0,0,4,6,9,0,0,0,0,0,0,3,6,8,40,15,54,47,16,67,0,0,0,3,0,4,0,0,0,5,0,8,407,392,800,319,442,762,78,57,138,4296,3988,8284
LGA35010,2937,3449,6383,1007,921,1925,15,3,20,14,3,17,102,81,188,66660,57785,124445,4393,5318,9717,2260,36,2295,1863,166,2033,631,158,794,813,318,1134,1400,1449,2856,82104,69692,151797,541,472,1013,0,0,0,0,0,0,1658,1760,3414,245,336,582,178,18,203,2621,2592,5214,3,3,4,0,0,0,101,142,249,48,120,169,28,14,40,178,278,458,826,393,1214,3627,3266,6885,338,372,714,40,23,60,32,16,51,409,414,820,3384,5355,8741,7961,11751,19703,848,682,1535,98334,91156,189495
LGA35250,0,0,0,0,12,12,0,0,0,0,0,0,0,0,0,34,18,60,37,40,80,0,0,0,0,0,0,0,3,3,3,0,8,66,66,139,145,148,290,0,0,0,0,0,0,0,0,0,0,0,0,0,0,0,0,0,0,0,0,0,0,0,0,0,0,0,0,0,0,0,0,0,0,0,0,0,0,0,4,0,6,4,0,6,0,0,0,0,0,0,0,0,0,0,0,0,0,0,0,5,7,9,0,3,4,155,157,314
LGA35300,3,0,3,12,4,15,0,0,3,0,0,0,30,47,72,3524,2882,6397,306,349,660,59,0,63,152,8,158,110,26,129,27,17,41,222,225,447,4446,3558,8006,0,0,0,0,0,0,0,0,0,0,0,0,0,0,0,0,0,0,0,0,3,0,0,0,0,0,0,0,0,0,0,0,0,0,0,0,0,0,0,42,29,66,47,27,70,0,0,0,0,0,0,3,3,8,3,3,8,40,101,138,399,364,763,66,54,115,5005,4104,9108
LGA35600,0,0,0,3,0,3,0,0,0,0,0,0,0,0,0,582,570,1159,66,85,152,32,0,32,23,11,25,23,8,33,21,6,31,70,81,151,821,770,1592,0,0,0,0,0,0,0,0,0,3,0,3,0,0,0,0,0,0,3,0,3,0,0,0,0,0,0,0,0,0,0,0,0,0,0,0,0,0,0,9,9,12,9,9,17,0,0,0,0,0,0,0,0,0,0,0,0,129,108,241,55,112,166,16,19,32,1035,1014,2046
LGA35670,0,0,0,0,0,0,0,0,0,0,0,0,0,0,0,58,30,85,13,11,22,0,0,0,0,0,0,0,0,0,0,0,0,19,7,24,88,43,137,0,0,0,0,0,0,0,0,0,0,0,0,0,0,0,0,0,0,0,0,0,0,0,0,0,0,0,0,0,0,0,0,0,0,0,0,0,0,0,0,3,3,0,3,3,0,0,0,0,0,0,0,0,0,0,0,0,3,3,5,3,3,9,0,0,0,98,55,153
LGA35740,23,15,40,179,164,340,3,4,4,0,0,3,18,5,21,7192,6832,14030,424,579,1003,196,3,202,201,33,238,134,51,184,162,79,243,336,336,670,8866,8114,16973,3,0,4,0,0,0,0,0,0,12,11,18,0,0,0,0,0,0,10,14,25,0,0,0,0,0,0,5,7,13,15,23,35,3,0,3,23,27,52,85,48,127,125,86,209,5,3,10,3,3,11,3,4,8,13,11,22,1003,1296,2293,944,1316,2258,130,113,249,11070,10935,22007
LGA35760,0,0,0,71,27,104,0,0,0,0,0,0,0,0,0,1255,1071,2321,100,157,251,60,3,65,19,3,20,17,4,25,47,20,65,204,185,390,1776,1472,3245,0,0,0,0,0,0,0,0,0,0,0,0,0,0,0,0,0,0,0,0,0,0,0,0,0,0,0,8,0,8,0,0,0,0,0,0,8,0,9,23,7,26,26,3,36,0,0,0,0,0,0,0,0,4,3,0,3,334,284,615,139,207,343,52,33,88,2335,1999,4334
LGA35780,0,0,0,9,13,22,0,0,0,0,0,0,0,0,0,166,166,328,53,73,127,0,0,0,0,0,0,0,0,0,0,0,0,82,125,205,318,374,691,0,0,0,0,0,0,0,0,0,0,0,0,0,0,0,0,0,0,0,0,0,0,0,0,0,0,0,0,0,0,3,3,3,0,0,0,3,3,3,17,14,22,19,14,31,0,0,0,0,3,3,0,0,0,0,3,3,8,14,22,24,20,41,6,10,23,371,424,804
LGA35790,0,0,0,7,11,16,0,0,0,0,0,0,0,0,0,76,59,142,44,54,95,0,0,0,0,0,0,0,0,0,0,0,3,86,108,200,223,231,457,0,0,0,0,0,0,0,0,0,0,0,0,0,0,0,0,0,0,0,0,0,0,0,0,0,0,0,0,0,0,0,0,0,0,0,0,0,0,0,0,0,0,0,0,0,0,0,0,0,0,0,0,0,0,0,0,0,0,0,0,3,9,14,3,8,8,237,252,487
LGA35800,0,0,0,0,0,3,0,0,0,0,0,0,0,0,0,190,189,377,12,18,30,3,0,5,5,3,15,0,3,4,9,10,20,41,51,88,268,264,532,0,0,0,0,0,0,0,0,0,0,0,0,0,0,0,0,0,0,0,0,0,0,0,0,0,0,0,0,0,0,0,0,0,0,0,0,0,0,0,3,0,6,3,0,6,0,0,0,0,0,0,0,0,4,0,0,4,64,52,123,20,31,50,5,3,9,366,358,720
LGA36070,0,0,0,0,0,0,0,0,0,0,0,0,0,0,0,15,15,34,9,4,13,3,0,4,0,0,0,3,0,3,4,0,3,70,64,137,99,91,195,0,0,0,0,0,0,0,0,0,0,0,0,0,0,0,0,0,0,0,0,0,0,0,0,0,0,0,0,0,0,0,0,0,0,0,0,0,0,0,0,0,0,0,0,0,0,0,0,0,0,0,0,0,0,0,0,0,3,0,4,3,0,7,5,0,4,115,95,212
LGA36150,0,0,0,0,0,0,0,0,0,0,0,0,0,0,0,115,99,213,5,5,17,11,0,15,0,0,0,5,0,3,11,8,15,32,42,76,181,155,335,0,0,0,0,0,0,0,0,0,0,0,0,0,0,0,0,0,0,0,0,0,0,0,0,0,0,0,0,0,0,0,0,0,0,0,0,0,0,0,4,0,3,4,0,3,0,0,0,0,0,0,0,0,0,0,0,0,37,31,64,19,20,31,10,3,12,248,204,452
LGA36250,697,756,1447,579,686,1265,41,45,87,3,3,8,40,34,74,25416,22288,47700,1366,1697,3063,763,16,770,535,35,572,192,55,251,310,119,433,507,563,1066,30443,26292,56736,71,63,132,3,7,9,0,0,0,213,252,465,30,45,76,25,4,34,338,371,713,16,33,52,0,0,0,127,200,328,28,72,98,12,10,19,186,305,491,618,390,1005,1143,1070,2217,83,71,157,42,56,94,58,33,91,186,156,342,1337,2165,3504,2724,4183,6909,239,215,455,36082,34082,70168
LGA36300,0,0,0,0,0,3,0,0,0,0,0,0,0,0,0,111,93,208,9,7,19,9,0,9,3,0,4,0,0,0,12,3,19,23,30,53,171,136,314,0,0,0,0,0,0,0,0,0,0,0,0,0,0,0,0,0,0,0,0,0,0,0,0,0,0,0,0,0,0,0,0,0,0,0,0,0,0,0,0,0,0,0,0,0,0,0,0,0,0,0,0,0,0,0,0,0,38,41,79,14,9,22,4,3,6,232,197,434
LGA36370,3,9,13,367,104,468,4,0,9,0,0,0,52,51,101,12272,11549,23821,1099,1266,2360,349,10,362,292,22,312,229,48,274,110,42,154,519,493,1018,15300,13596,28897,0,0,0,0,0,0,0,0,0,5,5,13,0,4,4,0,0,0,8,10,14,0,0,0,0,0,0,40,3,40,10,11,22,3,3,5,52,20,69,153,73,222,210,98,309,0,0,0,7,0,5,3,0,3,14,0,12,432,661,1093,1622,2094,3718,156,131,286,17735,16582,34314
LGA36510,11,9,22,37,11,55,3,0,3,0,0,0,4,7,3,5869,5164,11028,349,401,750,329,10,337,105,10,116,29,6,39,92,41,127,316,266,584,7130,5933,13060,0,0,0,0,0,0,0,0,0,40,36,72,0,5,10,0,0,0,40,47,90,0,0,0,0,0,0,16,16,27,0,3,9,0,0,0,14,20,34,62,25,92,120,91,217,9,4,11,0,0,0,0,3,5,16,6,21,728,866,1600,727,1092,1822,109,94,210,8838,8090,16926
LGA36580,6,7,14,28,12,33,0,0,0,0,0,0,5,0,5,3269,2712,5989,202,271,470,182,12,197,60,10,70,18,6,23,45,25,65,148,148,299,3969,3198,7162,3,0,5,0,0,0,0,0,0,35,33,70,0,3,5,0,0,0,36,40,77,0,0,0,0,0,0,0,0,0,4,4,3,0,3,3,3,5,8,40,11,53,81,60,140,5,6,12,0,0,0,0,0,0,7,6,16,386,377,767,470,567,1034,77,71,149,4987,4282,9270
LGA36630,0,3,4,95,15,105,0,0,0,0,0,0,3,3,9,3890,3589,7481,332,303,632,163,6,173,70,14,82,45,14,63,47,37,83,307,281,579,4949,4265,9217,0,0,0,0,0,0,0,0,0,0,3,3,0,0,0,0,0,0,0,3,3,0,0,0,0,0,0,9,4,7,0,0,4,3,0,3,7,5,14,35,10,51,47,18,68,0,0,0,0,0,0,6,0,6,7,0,7,485,472,963,532,695,1223,98,78,175,6123,5535,11656
LGA36660,3,0,8,18,13,34,0,0,0,0,0,0,15,14,26,4784,4279,9063,440,433,872,251,18,272,79,6,85,66,12,77,82,37,121,359,307,660,6106,5118,11229,0,0,0,0,0,0,0,0,0,3,0,3,0,0,0,0,0,0,3,0,3,0,0,0,0,0,0,3,0,3,0,0,0,0,0,0,3,3,6,66,25,85,74,24,92,0,0,0,0,0,3,4,0,4,10,0,8,602,602,1207,516,846,1360,114,82,200,7409,6684,14094
LGA36720,281,205,478,879,703,1586,21,4,27,6,9,16,56,50,107,45489,42691,88186,2694,3284,5982,1334,34,1366,790,52,846,698,280,973,804,304,1112,1576,1664,3242,54632,49282,103920,34,44,73,0,0,0,0,0,3,230,133,358,9,15,27,12,7,20,290,198,487,3,0,3,0,0,0,32,20,56,42,70,111,41,9,49,116,100,217,590,229,821,1001,529,1533,58,47,106,65,31,94,44,15,58,169,91,260,3789,5563,9352,5389,7989,13383,646,558,1202,65631,64007,129641
LGA36820,0,0,0,69,27,100,3,0,3,0,0,3,4,4,7,3047,3027,6077,269,268,535,126,8,137,54,11,67,26,16,39,84,35,117,266,199,467,3945,3597,7536,0,0,0,0,0,0,0,0,0,0,0,0,0,0,0,0,0,0,0,0,0,0,0,0,0,0,0,0,0,4,0,3,3,3,0,3,5,3,8,35,14,47,40,18,57,0,0,0,3,0,8,3,0,5,8,0,10,415,442,857,444,625,1075,58,57,117,4913,4738,9654
LGA36910,15,15,28,198,114,313,14,4,13,0,0,8,74,83,160,26231,23223,49452,1992,2270,4262,771,21,792,515,33,552,432,89,521,319,124,446,1315,1099,2413,31881,27072,58950,5,0,8,0,0,0,0,0,0,15,9,24,0,0,0,0,0,0,18,9,28,0,0,3,0,0,0,8,13,24,4,17,23,10,12,15,23,38,62,318,184,501,365,233,597,0,3,3,7,8,20,16,7,23,25,13,37,1849,2216,4059,2664,4232,6901,334,302,642,37117,34072,71188
LGA36950,0,0,0,3,3,3,13,8,23,0,0,0,9,11,24,277,207,487,60,110,175,4,0,4,0,4,8,11,10,18,50,33,80,137,197,340,572,587,1153,0,0,0,0,0,0,0,0,0,0,0,0,0,0,0,0,0,0,0,0,0,0,0,5,0,0,0,0,0,0,0,0,0,0,5,5,5,10,8,18,19,39,21,28,51,0,0,0,3,3,3,3,0,9,12,3,12,8,14,26,37,51,89,20,24,51,671,713,1379
LGA36960,0,0,0,0,3,6,0,0,3,0,0,0,0,0,0,166,61,225,43,42,87,6,0,6,0,0,0,5,3,13,37,20,53,222,286,511,489,416,900,0,0,0,0,0,0,0,0,0,0,0,0,0,0,0,0,0,0,0,0,0,0,0,0,0,0,0,0,0,0,0,0,0,0,0,0,0,0,0,10,7,13,7,7,17,0,0,0,0,0,0,0,0,0,0,0,0,3,4,6,11,5,14,18,9,29,528,438,974
LGA37010,14,8,18,656,377,1029,38,27,63,3,8,8,69,73,141,31285,30154,61439,2364,2746,5106,610,26,640,946,125,1072,979,314,1295,584,156,741,1407,960,2366,38950,34968,73915,3,7,4,0,0,0,0,0,0,4,6,11,3,3,3,0,3,3,13,13,25,7,3,9,0,0,0,30,15,49,28,46,72,26,12,37,92,78,167,447,274,726,549,363,918,3,0,3,32,19,50,43,30,73,79,50,127,847,1530,2376,3574,4897,8473,369,277,642,44362,42090,86449
LGA37300,0,0,0,11,3,8,4,0,4,0,0,0,3,0,3,870,597,1474,58,53,108,7,0,11,20,0,20,45,14,55,9,3,15,47,67,112,1064,734,1802,0,0,0,0,0,0,0,0,0,0,0,0,0,0,0,0,0,0,0,0,0,0,0,0,0,0,0,0,0,0,0,0,0,0,0,0,0,0,0,7,8,12,10,8,16,3,0,3,0,0,0,3,0,3,6,0,6,4,31,34,157,122,278,12,12,19,1248,901,2152
LGA37310,0,0,3,94,19,113,0,0,0,0,0,0,6,10,13,4865,3844,8709,445,375,815,237,4,243,80,9,96,89,26,116,127,35,163,506,382,884,6439,4712,11156,0,0,0,0,0,0,0,0,0,0,0,3,0,0,0,0,0,0,0,0,3,0,0,0,0,0,0,4,4,6,3,3,3,5,0,5,14,6,17,57,18,82,73,29,102,4,0,3,4,0,4,13,3,14,21,3,19,834,768,1603,553,816,1373,100,66,171,8027,6400,14418
LGA37340,6,5,10,232,124,355,66,21,86,0,0,3,25,15,43,4776,4080,8856,535,556,1092,126,5,130,109,18,133,88,35,122,228,143,368,803,738,1540,6997,5750,12744,0,0,0,0,0,0,0,0,0,3,0,0,0,0,0,0,0,0,3,0,5,10,4,15,0,0,0,27,9,31,7,6,20,3,6,4,50,23,69,137,47,182,184,70,253,0,0,3,12,5,20,4,8,13,19,11,31,336,500,837,781,836,1618,100,98,195,8425,7258,15681
LGA37400,0,0,0,0,0,0,0,0,0,0,0,0,0,0,0,143,131,280,7,7,14,0,0,0,0,3,3,7,7,11,11,7,23,37,32,75,213,194,404,0,0,0,0,0,0,0,0,0,0,0,0,0,0,0,0,0,0,0,0,0,0,0,0,0,0,0,0,0,0,0,0,0,0,0,0,0,0,0,4,0,4,4,0,4,0,0,0,0,0,0,0,0,0,0,0,0,53,49,96,23,24,50,4,3,10,299,271,572
LGA37550,0,0,0,5,0,5,0,0,0,0,0,0,0,0,0,34,28,61,4,4,8,3,0,3,0,0,0,0,0,0,0,0,0,47,60,103,92,88,182,0,0,0,0,0,0,0,0,0,0,0,0,0,0,0,0,0,0,0,0,0,0,0,0,0,0,0,0,0,0,0,0,0,0,0,0,0,0,0,0,0,0,0,0,0,0,0,0,0,0,0,0,0,0,0,0,0,0,0,0,3,0,0,0,0,0,100,95,193
LGA37570,0,0,0,0,0,0,0,0,0,0,0,0,0,0,0,6,3,11,3,3,5,0,0,0,0,0,0,0,0,0,0,0,0,15,18,39,35,33,64,0,0,0,0,0,0,0,0,0,0,0,0,0,0,0,0,0,0,0,0,0,0,0,0,0,0,0,0,0,0,0,0,0,0,0,0,0,0,0,0,0,0,0,0,0,0,0,0,0,0,0,0,0,0,0,0,0,0,0,0,0,0,0,0,0,0,35,28,64
LGA37600,0,0,0,0,3,4,0,0,0,0,0,0,0,0,0,97,91,188,19,29,49,0,0,0,0,0,0,0,0,0,3,0,3,21,40,57,138,165,310,0,0,0,0,0,0,0,0,0,0,0,0,0,0,0,0,0,0,0,0,0,0,0,0,0,0,0,0,0,0,0,0,0,0,0,0,0,0,0,0,0,3,0,0,3,0,0,0,0,0,0,0,0,0,0,0,0,0,0,0,3,7,9,8,7,21,161,184,343
LGA39499,13,26,36,83,86,172,3,5,10,3,0,3,8,4,10,811,453,1259,162,174,334,35,5,36,20,3,23,24,14,41,63,38,100,182,223,407,1398,1030,2428,11,6,17,0,0,0,0,0,0,3,5,8,0,3,3,4,0,4,19,11,29,0,0,0,0,0,0,7,0,3,0,0,0,0,3,3,5,5,9,25,10,28,46,25,72,3,6,8,3,0,3,4,0,3,12,5,20,35,56,93,208,197,404,46,25,64,1743,1336,3087
LGA39799,0,0,0,0,0,0,0,0,0,0,0,0,0,0,0,8,9,12,0,3,3,0,0,0,0,0,0,0,0,0,0,3,5,4,0,4,11,15,22,0,0,0,0,0,0,0,0,0,0,0,0,0,0,0,0,0,0,0,0,0,0,0,0,0,0,0,0,0,0,0,0,0,0,0,0,0,0,0,0,0,0,0,0,0,0,0,0,0,0,0,0,0,0,0,0,0,0,0,3,19,15,38,0,0,0,31,33,60
