LGA_CODE_2016,F_Mgnt_Com_35_44,F_Mgnt_Com_45_54,F_Mgnt_Com_55_64,F_Mgnt_Com_65_74,F_Mgnt_Com_75_84,F_Mgnt_Com_85ov,F_Mgnt_Com_Tot,F_Society_Cult_15_24,F_Society_Cult_25_34,F_Society_Cult_35_44,F_Society_Cult_45_54,F_Society_Cult_55_64,F_Society_Cult_65_74,F_Society_Cult_75_84,F_Society_Cult_85ov,F_Society_Cult_Tot,F_Creative_Arts_15_24,F_Creative_Arts_25_34,F_Creative_Arts_35_44,F_Creative_Arts_45_54,F_Creative_Arts_55_64,F_Creative_Arts_65_74,F_Creative_Arts_75_84,F_Creative_Arts_85ov,F_Creative_Arts_Tot,F_Fd_Hosp_Psnl_Svcs_15_24,F_Fd_Hosp_Psnl_Svcs_25_34,F_Fd_Hosp_Psnl_Svcs_35_44,F_Fd_Hosp_Psnl_Svcs_45_54,F_Fd_Hosp_Psnl_Svcs_55_64,F_Fd_Hosp_Psnl_Svcs_65_74,F_Fd_Hosp_Psnl_Svcs_75_84,F_Fd_Hosp_Psnl_Svcs_85ov,F_Fd_Hosp_Psnl_Svcs_Tot,F_MixFld_Prgm_15_24,F_MixFld_Prgm_25_34,F_MixFld_Prgm_35_44,F_MixFld_Prgm_45_54,F_MixFld_Prgm_55_64,F_MixFld_Prgm_65_74,F_MixFld_Prgm_75_84,F_MixFld_Prgm_85ov,F_MixFld_Prgm_Tot,F_FldStd_InadDes_15_24,F_FldStd_InadDes_25_34,F_FldStd_InadDes_35_44,F_FldStd_InadDes_45_54,F_FldStd_InadDes_55_64,F_FldStd_InadDes_65_74,F_FldStd_InadDes_75_84,F_FldStd_InadDes_85ov,F_FldStd_InadDes_Tot,F_FldStd_NS_15_24,F_FldStd_NS_25_34,F_FldStd_NS_35_44,F_FldStd_NS_45_54,F_FldStd_NS_55_64,F_FldStd_NS_65_74,F_FldStd_NS_75_84,F_FldStd_NS_85ov,F_FldStd_NS_Tot,F_Tot_15_24,F_Tot_25_34,F_Tot_35_44,F_Tot_45_54,F_Tot_55_64,F_Tot_65_74,F_Tot_75_84,F_Tot_85ov,F_Tot_Tot,P_NatPhyl_Scn_15_24,P_NatPhyl_Scn_25_34,P_NatPhyl_Scn_35_44,P_NatPhyl_Scn_45_54,P_NatPhyl_Scn_55_64,P_NatPhyl_Scn_65_74,P_NatPhyl_Scn_75_84,P_NatPhyl_Scn_85ov,P_NatPhyl_Scn_Tot,P_InfoTech_15_24,P_InfoTech_25_34,P_InfoTech_35_44,P_InfoTech_45_54,P_InfoTech_55_64,P_InfoTech_65_74,P_InfoTech_75_84,P_InfoTech_85ov,P_InfoTech_Tot,P_Eng_RelTec_15_24,P_Eng_RelTec_25_34,P_Eng_RelTec_35_44,P_Eng_RelTec_45_54,P_Eng_RelTec_55_64,P_Eng_RelTec_65_74,P_Eng_RelTec_75_84,P_Eng_RelTec_85ov,P_Eng_RelTec_Tot,P_ArchtBldng_15_24,P_ArchtBldng_25_34,P_ArchtBldng_35_44,P_ArchtBldng_45_54,P_ArchtBldng_55_64,P_ArchtBldng_65_74,P_ArchtBldng_75_84,P_ArchtBldng_85ov,P_ArchtBldng_Tot,P_Ag_Envir_Rltd_Sts_15_24,P_Ag_Envir_Rltd_Sts_25_34,P_Ag_Envir_Rltd_Sts_35_44,P_Ag_Envir_Rltd_Sts_45_54,P_Ag_Envir_Rltd_Sts_55_64,P_Ag_Envir_Rltd_Sts_65_74,P_Ag_Envir_Rltd_Sts_75_84,P_Ag_Envir_Rltd_Sts_85ov,P_Ag_Envir_Rltd_Sts_Tot,P_Health_15_24,P_Health_25_34,P_Health_35_44,P_Health_45_54,P_Health_55_64,P_Health_65_74,P_Health_75_84,P_Health_85ov,P_Health_Tot,P_Educ_15_24,P_Educ_25_34,P_Educ_35_44,P_Educ_45_54,P_Educ_55_64,P_Educ_65_74,P_Educ_75_84,P_Educ_85ov,P_Educ_Tot,P_Mgnt_Com_15_24,P_Mgnt_Com_25_34,P_Mgnt_Com_35_44,P_Mgnt_Com_45_54,P_Mgnt_Com_55_64,P_Mgnt_Com_65_74,P_Mgnt_Com_75_84,P_Mgnt_Com_85ov,P_Mgnt_Com_Tot,P_Society_Cult_15_24,P_Society_Cult_25_34,P_Society_Cult_35_44,P_Society_Cult_45_54,P_Society_Cult_55_64,P_Society_Cult_65_74,P_Society_Cult_75_84,P_Society_Cult_85ov,P_Society_Cult_Tot,P_Creative_Arts_15_24,P_Creative_Arts_25_34,P_Creative_Arts_35_44,P_Creative_Arts_45_54,P_Creative_Arts_55_64,P_Creative_Arts_65_74,P_Creative_Arts_75_84,P_Creative_Arts_85ov,P_Creative_Arts_Tot,P_Fd_Hosp_Psnl_Svcs_15_24,P_Fd_Hosp_Psnl_Svcs_25_34,P_Fd_Hosp_Psnl_Svcs_35_44,P_Fd_Hosp_Psnl_Svcs_45_54,P_Fd_Hosp_Psnl_Svcs_55_64,P_Fd_Hosp_Psnl_Svcs_65_74,P_Fd_Hosp_Psnl_Svcs_75_84,P_Fd_Hosp_Psnl_Svcs_85ov,P_Fd_Hosp_Psnl_Svcs_Tot,P_MixFld_Prgm_15_24,P_MixFld_Prgm_25_34,P_MixFld_Prgm_35_44,P_MixFld_Prgm_45_54,P_MixFld_Prgm_55_64,P_MixFld_Prgm_65_74,P_MixFld_Prgm_75_84,P_MixFld_Prgm_85ov,P_MixFld_Prgm_Tot,P_FldStd_InadDes_15_24,P_FldStd_InadDes_25_34,P_FldStd_InadDes_35_44,P_FldStd_InadDes_45_54,P_FldStd_InadDes_55_64,P_FldStd_InadDes_65_74,P_FldStd_InadDes_75_84,P_FldStd_InadDes_85ov,P_FldStd_InadDes_Tot,P_FldStd_NS_15_24,P_FldStd_NS_25_34,P_FldStd_NS_35_44,P_FldStd_NS_45_54,P_FldStd_NS_55_64,P_FldStd_NS_65_74,P_FldStd_NS_75_84,P_FldStd_NS_85ov,P_FldStd_NS_Tot,P_Tot_15_24,P_Tot_25_34,P_Tot_35_44,P_Tot_45_54
LGA30250,3,0,3,0,0,0,15,0,4,5,6,9,0,0,0,25,0,3,0,0,0,0,0,0,0,0,0,0,0,0,0,0,0,0,0,0,0,0,0,0,0,0,0,0,0,0,0,0,0,0,0,0,8,9,8,3,6,6,0,0,37,20,21,24,25,21,5,0,0,112,0,0,0,0,0,0,0,0,0,0,0,0,0,0,0,0,0,3,3,10,4,6,0,0,0,0,27,11,10,7,10,4,0,0,0,39,3,0,0,3,0,0,0,0,12,0,0,3,5,0,0,0,0,19,3,0,3,3,5,0,0,0,17,3,3,4,3,4,0,0,0,18,3,3,13,9,13,0,0,0,40,0,3,0,0,0,0,0,0,0,0,0,0,0,0,0,0,0,3,0,0,0,0,0,0,0,0,0,0,0,0,0,0,0,0,0,0,27,11,10,12,7,3,0,0,71,53,45,53,65
LGA30300,28,17,8,0,3,0,118,14,21,32,11,13,3,0,0,94,4,4,5,3,0,0,0,0,14,14,13,8,7,3,4,0,0,53,0,0,0,0,0,0,0,0,0,0,4,0,0,0,0,0,0,7,40,19,25,36,27,28,15,10,193,113,190,172,166,130,58,25,16,863,0,3,3,0,3,0,0,0,13,0,3,6,0,0,0,0,0,11,25,47,44,53,44,14,6,0,234,6,10,15,8,12,5,3,3,62,10,45,48,40,28,19,0,0,197,9,44,36,41,38,17,4,3,186,13,34,38,39,32,7,3,0,161,17,55,39,29,22,8,4,0,176,18,28,43,17,18,4,0,0,130,3,3,5,3,0,0,0,0,17,13,23,18,15,11,6,0,0,86,0,0,0,0,0,0,0,0,5,0,3,0,6,0,0,0,0,21,74,47,49,76,61,63,32,8,403,198,341,338,337
LGA30370,113,80,37,15,0,0,484,23,57,52,51,46,11,0,0,250,4,11,10,3,0,0,0,0,29,36,58,46,38,16,6,3,0,208,0,0,0,0,0,0,0,0,4,0,0,3,3,3,0,0,0,13,78,78,87,98,78,75,58,21,573,277,612,545,458,357,171,92,26,2535,0,19,13,14,12,4,0,0,64,5,4,3,8,0,0,0,0,26,144,347,299,232,199,76,46,7,1341,25,42,39,42,49,24,7,0,224,39,88,74,56,43,10,12,3,321,13,85,78,88,92,33,11,4,411,20,119,116,92,84,35,12,6,481,71,193,161,116,69,24,4,0,639,35,73,79,63,58,18,3,0,324,7,15,15,3,0,4,0,0,47,50,85,68,68,29,18,7,0,333,0,4,6,0,0,0,0,0,13,3,7,10,8,10,3,0,0,41,167,194,215,202,181,156,106,25,1245,591,1279,1177,990
LGA30410,18,10,11,7,0,0,79,10,10,18,14,10,9,0,0,76,0,3,3,3,0,3,0,0,16,10,11,5,5,3,0,0,0,26,0,0,0,0,0,0,0,0,0,0,3,0,3,0,0,0,0,3,13,19,22,15,13,20,9,4,113,71,128,105,95,75,48,21,5,550,0,0,3,0,0,0,0,0,3,0,0,3,0,3,0,0,0,9,25,39,37,33,32,17,14,0,200,9,16,12,17,11,5,3,0,78,22,12,15,18,16,4,3,0,84,9,22,16,33,31,14,3,0,120,14,31,25,13,15,4,3,0,108,9,33,18,16,21,3,0,0,109,10,19,20,19,11,14,3,0,85,0,3,3,4,0,3,0,0,14,11,11,9,4,4,0,0,0,42,0,0,0,0,0,0,0,0,0,0,4,0,3,0,0,0,0,3,27,33,37,35,28,46,31,4,237,140,220,194,192
LGA30450,0,0,0,0,0,0,7,0,0,0,0,0,0,0,0,3,0,0,0,0,0,0,0,0,3,3,0,0,0,0,0,0,0,3,0,0,0,0,0,0,0,0,0,0,0,0,0,0,0,0,0,0,0,0,3,0,6,0,0,0,9,11,6,7,9,10,0,0,0,43,0,0,0,0,0,0,0,0,0,0,0,0,0,0,0,0,0,0,0,0,3,0,0,3,0,0,17,0,4,0,0,0,0,0,0,7,3,0,4,8,0,0,0,0,18,0,0,0,0,3,0,0,0,5,0,0,0,3,0,0,0,0,8,0,0,0,3,0,0,0,0,11,0,0,0,0,0,0,0,0,8,0,0,0,0,0,0,0,0,4,3,0,0,0,0,0,0,0,5,0,0,0,0,0,0,0,0,0,0,0,0,0,0,0,0,0,0,4,3,3,0,8,0,0,0,20,22,12,16,24
LGA30760,20,14,10,4,0,0,70,3,6,15,8,8,6,0,0,48,0,3,0,0,0,4,0,0,6,3,3,4,4,4,0,0,0,21,0,0,0,0,0,0,0,0,0,0,0,0,0,0,0,0,0,0,4,3,8,15,11,15,10,3,70,26,64,77,67,71,34,19,3,361,0,0,0,0,0,0,0,0,3,0,0,0,0,0,0,0,0,10,13,27,12,13,17,15,3,0,98,8,9,4,4,5,8,0,0,27,7,14,14,18,18,4,0,3,75,4,8,10,23,16,7,4,0,73,3,21,18,8,13,7,0,0,60,9,20,27,15,16,4,4,0,89,7,6,15,11,15,5,0,0,62,0,3,0,3,0,4,0,0,7,3,5,8,4,3,0,0,0,29,0,0,0,0,0,0,0,0,0,0,0,3,0,0,0,0,0,3,15,13,17,22,25,27,23,3,147,57,129,132,109
LGA30900,4,0,3,0,0,0,22,4,0,0,0,0,0,0,0,8,0,0,0,0,0,0,0,0,0,0,0,0,0,0,0,0,0,3,0,0,0,0,0,0,0,0,0,0,0,0,0,0,0,0,0,0,3,14,4,3,6,0,0,0,31,11,31,5,8,18,0,0,0,82,0,0,0,0,0,0,0,0,0,0,0,0,0,0,0,0,0,0,0,6,3,3,4,0,0,0,17,3,3,0,0,0,0,0,0,4,9,6,3,0,0,0,0,0,23,0,0,0,0,0,0,0,0,10,0,5,0,0,4,0,0,0,13,3,13,4,0,4,0,0,0,21,4,0,0,0,0,0,0,0,8,0,0,0,0,0,0,0,0,0,0,0,0,0,0,0,0,0,3,0,0,0,0,0,0,0,0,0,0,0,0,0,0,0,0,0,0,10,21,12,10,15,0,0,0,74,26,58,20,18
LGA31000,18739,13486,7450,3029,984,478,73724,4919,12396,11191,8339,5970,2972,743,216,46743,3061,5520,3581,2278,1153,558,248,113,16501,2922,4337,3001,2262,1241,793,225,109,14893,304,93,73,64,88,107,115,62,902,334,850,1027,790,477,282,94,65,3913,5432,7154,4941,4409,3628,3088,2966,3306,34918,33184,80490,67375,52747,35918,19491,9087,5656,303949,2476,6447,5303,4108,2812,1710,587,172,23612,2351,7452,7368,3906,1637,437,59,7,23213,5127,17696,15561,14534,11584,7577,4065,1328,77475,2398,7774,6075,5074,3817,2396,1319,425,29286,625,1784,1921,1443,975,512,214,69,7546,5083,17616,13872,12081,8921,4872,2317,897,65654,1553,7432,8914,9302,8463,5340,2120,553,43674,13249,37214,32526,24744,14677,6903,2188,818,132315,7959,18977,16984,13068,9557,5211,1530,404,73691,5310,9392,5885,3657,1997,961,408,156,27767,4336,7374,5044,3697,2028,1268,412,161,24319,580,230,138,133,154,187,173,88,1678,635,1698,1933,1553,1028,610,249,135,7840,11591,15790,11449,9965,7696,6054,5139,4628,72314,63265,156874,132978,107260
LGA31750,0,3,6,0,0,0,22,0,0,4,3,0,0,0,0,7,0,0,0,0,0,0,0,0,0,0,0,0,0,0,0,0,0,3,0,0,0,0,0,0,0,0,0,0,0,0,0,0,0,0,0,0,4,0,3,0,6,0,0,0,12,14,19,10,10,10,3,0,0,70,0,0,0,0,0,0,0,0,3,0,0,0,0,0,0,0,0,0,3,3,10,9,7,0,0,0,32,0,5,0,0,3,0,0,0,7,6,3,0,3,3,0,0,0,16,0,0,0,0,0,0,0,0,8,0,0,3,0,0,0,0,0,3,3,14,6,7,6,0,0,0,24,0,0,4,3,0,0,0,0,14,0,0,0,0,0,0,0,0,0,0,0,0,0,4,0,0,0,4,0,0,0,0,0,0,0,0,0,0,0,0,0,0,0,0,0,0,9,5,6,4,11,6,0,0,37,20,28,34,23
LGA31820,738,692,608,314,108,31,3608,262,512,568,590,540,228,46,10,2767,35,72,56,54,52,36,19,8,327,282,320,291,242,184,138,32,9,1495,9,5,3,4,10,11,13,8,69,13,25,27,27,35,25,10,7,150,455,402,377,507,610,653,574,301,3883,1744,3061,3305,3496,3387,2198,1179,472,18834,32,86,111,96,106,89,39,10,563,93,125,130,88,71,33,3,0,540,432,875,962,1148,1457,1370,672,156,7071,136,382,377,464,592,465,216,36,2675,83,152,219,227,171,99,45,9,995,211,670,671,831,840,451,207,80,3962,81,381,674,721,676,459,213,49,3252,554,997,1024,998,887,523,176,51,5212,367,668,746,771,723,364,83,14,3743,53,103,91,76,85,67,32,8,513,394,489,434,367,328,240,65,21,2337,18,12,5,9,23,21,25,17,122,37,55,59,84,72,58,29,17,416,959,849,804,1117,1240,1363,1068,492,7903,3444,5836,6319,7004
LGA31900,127,93,59,25,9,4,513,45,63,64,78,67,37,8,0,360,4,15,12,16,6,3,3,0,58,47,47,49,43,29,9,0,3,229,0,0,0,0,0,3,4,0,10,3,4,4,7,0,0,0,0,20,78,54,78,94,100,128,95,65,686,348,499,526,539,473,307,161,87,2940,11,14,20,22,28,15,3,0,108,10,8,3,9,5,0,0,0,32,173,323,316,307,295,197,89,17,1711,27,51,62,62,81,70,31,3,395,12,46,56,45,38,14,6,3,222,42,89,81,89,102,61,24,3,507,24,86,113,108,117,50,20,9,526,90,157,155,143,98,42,12,4,703,56,85,83,99,91,46,8,0,467,13,16,16,16,14,5,4,0,80,56,71,69,82,45,31,3,3,366,7,0,0,3,7,6,3,3,26,3,6,16,20,3,8,8,4,64,182,134,167,208,213,262,177,98,1445,707,1094,1149,1217
LGA31950,0,3,6,0,0,0,17,0,0,4,3,5,0,0,0,6,0,0,0,0,0,0,0,0,0,0,3,0,0,0,0,0,0,3,0,0,0,0,0,0,0,0,0,0,0,0,0,0,0,0,0,0,4,6,4,10,5,3,0,0,32,14,23,9,15,17,3,0,0,75,0,0,0,0,0,0,0,0,0,0,0,0,0,0,0,0,0,0,3,0,8,3,3,3,0,0,22,4,0,0,0,0,0,0,0,10,4,3,3,0,0,0,0,0,8,0,0,0,0,0,0,0,0,3,0,4,3,0,3,0,0,0,4,0,4,3,3,6,0,0,0,17,0,0,4,0,5,0,0,0,8,0,0,0,0,0,0,0,0,0,0,4,0,0,0,0,0,0,8,0,0,0,0,0,0,0,0,0,0,0,0,0,0,0,0,0,4,11,14,11,10,16,7,0,0,73,28,38,26,25
LGA32080,2051,1700,992,431,106,29,7935,405,1275,1416,1227,880,370,64,19,5657,111,279,283,209,137,59,16,3,1106,530,778,716,513,277,148,39,5,3008,25,22,9,11,20,14,6,7,99,25,67,80,91,43,20,17,6,350,1076,1230,1232,1156,996,696,460,261,7099,3675,8187,8739,7659,5499,2687,1036,435,37917,93,353,428,336,239,128,45,13,1630,141,308,264,196,115,41,14,0,1077,751,2110,2324,2467,2265,1504,553,122,12090,252,931,921,957,868,500,227,38,4697,122,275,375,298,207,89,37,7,1410,556,1714,1718,1646,1340,606,216,65,7857,191,926,1348,1319,1165,627,170,47,5789,982,2716,2907,2616,1625,772,211,50,11880,595,1743,1973,1744,1244,558,108,30,7991,187,440,411,332,226,118,34,4,1751,758,1315,1233,917,514,270,70,14,5084,41,25,10,27,33,17,12,10,179,57,153,168,229,129,58,30,9,827,2250,2533,2460,2494,2067,1497,882,393,14582,6963,15520,16536,15572
LGA32250,9,13,4,4,0,0,49,5,6,4,8,3,0,0,0,30,0,0,0,0,0,0,0,0,4,6,4,3,4,0,0,0,0,19,0,0,0,0,0,0,0,0,0,0,0,0,3,3,0,0,0,7,19,17,15,20,13,10,4,0,106,49,79,61,67,47,23,8,0,331,0,0,0,0,0,0,0,0,3,0,0,0,0,0,0,0,0,5,4,32,24,24,26,27,11,0,153,3,10,6,9,8,3,3,0,42,8,8,5,3,5,4,0,0,33,3,13,13,15,14,5,0,0,60,8,16,8,6,14,3,0,0,59,5,15,15,16,12,8,0,0,70,12,10,6,5,4,5,0,0,45,0,0,0,0,0,0,0,0,4,4,5,11,7,4,4,0,0,34,0,0,0,0,0,0,0,0,0,0,0,0,3,3,3,0,0,13,46,39,36,39,36,29,13,0,238,91,151,135,134
LGA32260,222,191,164,67,17,3,1029,59,139,145,163,149,52,11,0,725,17,23,29,13,16,9,3,4,113,66,103,80,86,30,25,10,4,405,3,0,4,5,3,3,3,0,20,9,16,13,12,4,9,0,0,59,192,200,197,205,250,209,122,47,1423,554,1013,1001,1051,1022,592,257,88,5581,11,30,39,32,36,23,11,3,185,11,20,14,13,13,4,4,0,79,157,343,340,529,563,367,172,42,2505,38,111,126,154,250,122,61,6,864,27,131,94,98,79,25,11,3,468,41,121,137,170,228,120,50,18,886,38,137,165,192,231,131,55,11,954,145,297,278,256,231,117,33,9,1372,81,189,184,205,196,86,15,0,952,29,26,34,23,27,20,11,4,171,94,171,129,149,69,49,23,3,687,8,0,4,6,10,11,3,0,40,7,31,29,26,21,12,3,3,143,401,445,386,483,531,449,264,89,3044,1104,2049,1959,2343
LGA32270,254,156,100,25,3,0,985,64,154,145,84,74,11,3,0,540,13,31,21,12,6,0,0,0,88,71,127,91,71,31,8,3,0,401,0,0,3,3,3,4,0,0,15,3,18,13,14,8,0,0,0,59,245,276,246,253,169,77,55,20,1343,694,1536,1182,920,620,197,87,27,5277,12,61,50,25,16,5,0,3,177,11,25,24,4,0,0,3,0,71,254,829,687,583,368,146,38,6,2910,33,138,131,99,102,41,10,3,556,64,151,161,96,56,21,7,0,548,49,198,141,153,125,43,9,3,720,73,276,226,187,117,39,13,3,927,129,438,351,242,150,40,10,0,1368,84,202,181,108,89,18,3,0,691,13,40,26,16,16,3,0,0,115,84,183,150,104,56,21,4,0,611,4,3,6,8,3,5,3,0,28,10,29,34,30,22,0,0,0,127,542,652,635,631,416,199,111,26,3221,1374,3218,2794,2300
LGA32310,77,61,41,15,4,0,296,33,29,53,51,43,29,4,0,250,3,3,12,6,0,0,0,0,28,18,29,32,19,18,3,0,3,121,7,0,0,0,0,6,0,0,8,0,3,5,6,5,0,0,0,21,97,68,78,102,97,92,65,20,626,247,374,434,417,338,225,127,43,2192,3,9,13,16,12,7,0,0,65,10,8,10,7,10,3,0,0,44,83,132,150,139,146,101,53,5,807,11,42,32,39,48,47,12,5,234,25,39,36,23,29,5,4,0,169,21,73,74,75,82,64,33,5,421,32,86,98,101,82,43,18,8,468,35,88,98,81,59,25,15,0,399,46,43,70,66,56,40,6,0,319,4,4,12,6,0,7,0,0,37,31,46,43,27,33,12,3,3,209,6,0,4,3,0,4,0,0,17,4,4,12,9,9,3,0,0,42,199,148,180,194,189,181,116,37,1241,507,738,828,782
LGA32330,5,7,0,0,0,0,15,4,7,12,5,0,0,0,0,29,0,0,0,0,0,0,0,0,0,3,0,0,0,0,0,0,0,9,0,0,0,0,0,0,0,0,0,0,0,0,0,0,0,0,0,0,25,5,10,8,3,0,0,0,48,36,19,30,19,12,4,0,0,126,0,0,0,0,0,0,0,0,0,0,0,0,0,0,0,0,0,0,7,4,0,5,0,0,0,0,17,0,4,3,3,0,0,0,0,12,3,0,0,0,0,0,0,0,3,0,3,0,0,5,0,0,0,14,0,0,4,3,3,0,0,0,15,5,8,5,8,0,0,0,0,23,4,3,11,9,0,0,0,0,32,0,0,0,0,0,0,0,0,0,3,3,0,0,0,0,0,0,10,0,0,0,0,0,0,0,0,0,0,0,0,0,0,0,0,0,0,40,16,14,6,7,0,0,0,95,65,46,44,37
LGA32450,18,15,4,0,0,0,80,4,16,11,8,12,3,0,0,53,0,9,3,5,0,0,0,0,15,4,11,12,6,0,0,0,0,33,0,0,0,0,0,0,0,0,0,0,3,0,0,0,0,0,0,8,35,41,20,28,28,17,12,3,181,81,161,106,83,75,38,12,3,550,3,10,10,3,10,4,0,0,35,0,3,0,3,0,0,0,0,9,26,99,70,63,45,16,7,3,316,3,23,23,11,5,3,0,0,72,13,11,13,9,4,3,0,0,50,5,22,17,10,10,7,0,0,72,13,31,11,13,15,8,0,0,86,16,38,27,32,12,0,0,0,118,4,23,14,12,12,7,0,0,68,0,9,4,3,0,0,0,0,17,4,20,16,10,9,3,0,0,64,0,0,0,0,0,0,0,0,3,0,5,0,3,5,0,0,0,12,64,90,74,62,68,38,23,8,426,150,372,280,231
LGA32500,33,33,25,8,0,0,144,12,29,18,18,19,6,3,0,107,6,10,3,4,5,8,0,0,36,8,14,14,11,12,3,0,0,65,0,0,0,0,0,0,0,0,0,3,0,3,3,3,0,0,0,10,47,55,32,44,66,32,14,3,294,113,201,163,158,219,82,21,8,975,0,4,9,4,4,3,0,0,27,0,4,5,0,3,0,0,0,15,28,49,50,63,69,54,17,3,335,3,18,27,29,20,32,7,0,135,13,24,20,25,18,8,3,0,108,7,25,23,25,59,24,5,3,170,13,37,40,17,34,15,3,0,156,18,40,41,43,34,14,3,0,199,15,36,31,21,24,10,5,0,152,7,16,7,6,6,4,0,0,51,17,23,26,19,15,3,0,0,105,0,3,0,0,0,0,0,0,3,3,0,5,4,3,3,0,0,28,127,114,92,109,135,111,35,9,725,254,389,378,370
LGA32600,0,0,0,0,0,0,7,0,3,3,0,4,0,0,0,7,0,0,0,0,0,0,0,0,0,0,0,0,0,0,0,0,0,3,0,0,0,0,0,0,0,0,0,0,0,0,0,0,0,0,0,0,0,6,6,4,5,4,0,0,29,4,16,14,12,12,3,0,0,59,0,0,0,0,0,0,0,0,0,0,0,0,0,0,0,0,0,0,3,3,0,0,9,0,0,0,13,0,0,0,0,0,0,0,0,3,0,8,3,3,0,0,0,0,12,0,0,0,0,3,0,0,0,3,0,0,0,0,0,0,0,0,4,0,0,0,0,0,0,0,0,9,0,3,4,0,4,0,0,0,11,0,0,0,0,0,0,0,0,0,0,0,0,0,0,0,0,0,3,0,0,0,0,0,0,0,0,0,0,0,0,0,0,0,0,0,0,9,15,16,13,13,3,0,0,66,14,29,29,20
LGA32750,0,4,0,0,0,0,11,0,0,0,0,0,0,0,0,8,0,0,0,0,0,0,0,0,3,0,3,0,0,0,0,0,0,7,0,0,0,0,0,0,0,0,0,0,0,0,0,0,0,0,0,0,9,3,0,3,6,3,0,0,26,16,21,9,14,8,3,0,0,71,0,0,0,0,0,0,0,0,0,0,0,0,0,0,0,0,0,0,0,6,3,0,8,0,0,0,21,0,0,3,0,0,0,0,0,3,5,5,8,0,0,0,0,0,17,0,0,0,0,3,0,0,0,5,4,0,0,0,0,0,0,0,9,0,3,0,6,0,0,0,0,18,0,0,0,3,0,0,0,0,5,0,0,0,0,0,0,0,0,3,0,5,0,0,0,0,0,0,5,0,0,0,0,0,0,0,0,0,0,0,0,0,0,0,0,0,0,14,6,0,12,6,4,0,0,42,32,29,20,24
LGA32770,4,0,0,0,0,0,9,0,0,5,3,4,0,0,0,15,0,0,0,0,0,0,0,0,0,0,0,0,0,0,0,0,0,0,0,0,0,0,0,0,0,0,0,0,0,0,0,0,0,0,0,0,11,3,4,3,9,0,0,0,40,20,26,22,17,14,0,0,0,103,0,0,0,0,0,0,0,0,0,0,0,0,0,0,0,0,0,0,4,4,8,3,3,0,0,0,26,0,3,3,0,0,0,0,0,9,0,4,0,0,0,0,0,0,4,0,3,5,5,4,0,0,0,20,3,10,12,9,3,0,0,0,32,0,0,7,0,3,0,0,0,12,3,10,11,3,4,0,0,0,29,0,0,0,0,0,0,0,0,0,0,0,0,0,0,0,0,0,0,0,0,0,0,0,0,0,0,0,0,0,0,0,0,0,0,0,3,25,10,11,12,5,3,3,0,71,38,55,54,33
LGA32810,128,106,84,37,11,0,518,40,58,76,59,66,33,11,3,347,4,21,23,16,20,9,5,0,108,35,94,63,64,37,13,3,0,318,0,0,0,0,0,0,0,0,8,0,4,3,4,8,3,0,0,21,109,155,123,127,130,106,43,41,834,251,598,570,563,529,296,117,50,2980,9,30,24,17,24,22,9,0,136,0,4,10,3,8,10,0,0,39,31,133,141,202,204,137,53,7,923,21,58,77,95,104,47,21,5,425,13,38,45,47,34,16,5,0,207,17,57,77,98,80,60,34,0,422,7,63,63,82,99,56,20,4,397,34,175,175,160,136,76,27,7,789,49,91,101,85,96,54,13,3,490,9,38,37,30,38,13,5,0,163,60,183,127,119,69,25,12,5,600,4,3,3,0,4,0,0,0,14,3,7,6,12,16,5,4,0,52,188,260,251,254,299,200,114,71,1628,450,1142,1139,1212
LGA33100,6,0,3,0,0,0,27,0,7,0,0,5,0,0,0,11,0,0,0,0,0,0,0,0,0,0,0,0,0,0,0,0,0,3,0,0,0,0,0,0,0,0,0,0,0,0,0,0,0,0,0,0,0,6,7,5,3,4,0,0,31,8,38,20,22,23,9,4,0,129,0,3,0,3,0,0,0,0,4,0,0,0,0,0,0,0,0,0,3,15,9,9,11,14,0,0,60,0,0,3,5,4,0,0,0,18,5,4,0,3,3,0,0,0,18,0,5,0,0,3,3,0,0,19,0,3,3,6,3,3,0,0,15,5,6,5,3,8,0,4,0,41,0,7,0,0,9,0,0,0,17,0,0,0,0,0,0,0,0,3,0,3,3,3,3,3,0,0,12,0,0,0,0,0,0,0,0,0,3,0,0,0,0,0,0,0,3,6,17,15,14,14,19,4,0,91,29,67,36,42
LGA33200,5,10,3,3,0,0,36,4,3,3,5,5,3,0,0,26,0,0,0,0,3,0,0,0,3,0,4,0,0,0,0,0,0,9,0,0,0,0,0,0,0,0,0,0,0,0,3,0,0,0,0,7,9,15,5,8,8,18,4,4,74,38,54,33,47,33,30,12,6,259,0,0,0,3,0,0,0,0,3,0,0,0,0,0,0,0,0,4,13,20,20,12,18,8,4,0,97,7,8,4,3,9,3,0,0,33,4,9,0,8,7,0,0,0,36,4,14,8,6,12,8,3,4,55,3,18,9,8,6,4,0,0,45,12,13,11,8,3,6,0,0,51,4,3,6,10,9,3,0,0,33,0,0,0,0,3,0,0,0,3,3,9,5,7,3,3,0,0,27,0,0,0,0,0,0,0,0,0,0,0,0,3,0,0,0,0,7,29,30,11,19,16,23,9,4,145,86,121,71,89
LGA33220,784,811,769,488,135,40,4043,276,552,665,789,794,333,54,9,3475,48,59,82,76,68,61,20,3,415,311,343,386,280,265,196,48,14,1835,4,3,3,0,12,18,34,4,87,11,24,23,37,31,19,9,4,155,463,385,469,579,729,877,650,319,4460,1732,2929,3701,4066,4152,3071,1396,499,21549,9,54,84,84,98,89,31,6,459,57,75,90,85,93,48,8,0,462,361,756,1036,1261,1673,1852,887,181,8000,134,336,393,496,646,632,280,62,2980,63,121,201,212,181,109,52,19,958,165,580,707,892,1009,671,291,72,4386,108,427,699,772,720,595,222,38,3580,504,945,1091,1171,1142,814,254,62,5979,391,722,903,1009,1040,531,111,24,4719,78,118,116,107,119,120,37,18,720,441,518,596,453,441,349,103,25,2926,12,4,10,6,24,36,52,9,148,38,61,81,88,80,65,52,13,485,1100,976,1189,1254,1539,1784,1250,537,9627,3461,5698,7192,7881
LGA33360,686,541,317,89,18,3,2856,115,358,336,341,210,68,16,3,1448,21,66,58,31,20,11,0,0,204,190,286,234,173,44,32,5,5,978,3,0,3,4,3,3,9,0,31,4,24,23,28,15,4,0,0,102,373,382,365,359,270,211,130,52,2151,1356,2909,2710,2353,1449,675,261,91,11802,3,89,131,67,65,32,4,0,393,27,82,83,33,32,5,4,0,269,646,1695,1724,1759,1223,589,211,31,7880,124,374,411,368,348,194,62,17,1902,39,107,115,106,57,24,7,4,456,100,405,412,437,336,148,39,13,1888,116,445,506,460,317,145,43,16,2050,471,1014,940,809,503,142,26,3,3913,175,445,417,409,275,98,22,3,1840,25,84,72,51,39,18,6,0,301,245,368,339,258,104,53,18,6,1389,11,4,3,10,9,10,13,4,70,23,55,87,78,48,21,0,0,321,760,801,827,894,663,405,257,91,4696,2785,5965,6075,5745
LGA33430,7694,6165,4363,2485,852,293,32624,2375,4509,4693,4001,2825,1381,299,55,20133,896,1643,1266,790,476,310,134,47,5568,2054,3149,2663,2198,1344,1019,265,102,12796,92,43,40,51,58,85,46,53,461,71,211,332,238,180,94,51,21,1195,3182,3598,3107,3144,2845,2649,2212,1908,22659,14962,29706,29059,24892,19087,12085,5486,3023,138300,663,1056,926,821,665,493,183,52,4862,599,1350,1525,899,530,193,36,0,5130,2009,5834,6315,6907,6130,5360,2731,791,36075,1341,4381,4421,4046,3230,2277,1105,291,21086,310,798,1023,781,511,331,120,26,3901,2156,6073,5667,5283,4420,2424,1057,333,27418,670,3240,4114,3799,3506,2290,807,247,18675,5044,11769,12087,9998,7118,4642,1646,495,52808,3574,6452,6584,5621,4125,2298,638,113,29409,1720,2752,2097,1273,823,585,234,78,9560,2843,4668,4182,3488,2106,1578,494,144,19502,171,76,67,86,104,131,80,71,794,187,477,677,596,444,291,154,61,2896,6478,7315,6482,6374,5695,5190,3886,2885,44312,27763,56258,56171,49967
LGA33610,79,60,41,11,0,0,330,36,64,47,50,47,14,3,0,257,3,12,11,5,3,3,4,0,40,29,48,19,21,20,5,0,0,141,0,0,0,0,0,0,0,0,8,0,3,3,3,4,3,0,0,14,78,72,73,67,81,93,51,25,543,236,488,418,363,318,194,104,39,2155,0,5,11,6,3,3,0,0,32,0,3,6,7,0,0,0,0,16,59,144,125,120,92,60,17,9,626,17,44,33,30,41,14,20,0,197,30,80,98,91,52,24,14,0,392,21,81,80,92,80,43,29,3,418,25,74,87,77,54,30,18,3,367,49,149,111,94,56,25,0,0,495,36,80,57,53,52,20,8,0,308,3,17,13,6,11,3,4,0,52,36,58,35,34,31,11,4,0,205,0,3,3,0,4,3,0,0,12,3,4,4,15,9,3,0,0,40,153,157,145,150,182,174,106,47,1106,429,901,806,767
LGA33620,372,412,357,182,44,9,1928,110,241,318,337,313,140,21,3,1483,30,39,50,52,46,32,4,4,254,162,202,192,149,98,69,11,4,889,7,3,0,6,8,3,3,6,33,9,9,16,12,19,11,5,0,77,242,203,242,337,372,391,281,178,2240,893,1483,1774,2099,2020,1333,554,244,10407,3,21,38,58,69,45,17,0,252,21,38,39,23,38,18,0,0,183,248,466,575,703,806,733,288,60,3872,77,195,229,282,348,280,110,9,1527,60,119,177,171,143,92,30,0,790,80,180,266,426,468,300,117,27,1866,37,202,320,410,444,300,80,18,1814,271,465,494,540,517,293,85,14,2682,147,302,397,434,420,220,44,12,1974,59,59,63,63,67,62,7,4,384,213,301,259,249,167,125,35,11,1353,17,3,0,5,12,17,8,5,69,18,27,31,38,49,39,21,4,228,499,448,475,705,784,828,556,279,4579,1758,2824,3370,4113
LGA33800,63,66,37,23,8,0,311,27,32,46,65,77,20,0,0,272,0,4,3,4,3,4,3,0,21,24,35,28,38,18,11,4,0,151,3,0,0,0,0,0,0,0,3,0,0,0,4,3,6,0,0,14,51,42,49,69,85,83,88,44,501,183,281,307,383,374,217,133,58,1925,7,11,16,11,8,6,0,0,62,6,5,8,7,9,4,0,0,39,84,175,168,206,236,170,91,23,1151,20,35,23,39,85,47,29,5,286,6,24,20,29,13,15,7,0,114,17,50,58,70,85,31,16,4,337,13,42,72,88,95,46,23,3,377,54,85,76,84,73,38,10,5,412,33,33,59,77,79,31,3,0,324,3,6,7,5,6,10,0,0,41,35,49,36,62,35,22,5,7,254,3,0,0,0,0,0,4,3,9,0,3,0,7,5,10,5,0,35,129,77,97,153,182,183,153,72,1043,405,593,647,837
LGA33830,7,3,0,0,0,0,28,6,7,4,3,3,4,0,0,22,0,0,0,0,0,0,0,0,5,0,0,0,0,0,0,0,0,5,0,0,0,0,0,0,0,0,0,0,0,0,0,0,0,0,0,0,18,10,0,3,3,0,0,0,42,36,43,18,18,16,10,4,0,146,0,0,0,0,0,0,0,0,4,0,0,0,0,0,0,0,0,0,6,13,23,12,5,0,0,0,55,4,3,12,3,5,0,0,0,25,3,7,5,3,7,0,0,0,24,0,4,3,4,3,3,0,0,19,0,11,4,0,5,0,0,0,25,10,15,7,3,0,0,0,0,33,6,10,4,3,3,3,0,0,34,3,0,8,0,0,0,0,0,7,0,3,3,0,0,0,0,0,9,0,0,0,0,0,0,0,0,0,0,0,0,0,0,0,0,0,3,52,18,8,11,6,5,6,0,95,80,79,68,45
LGA33960,2192,1644,871,323,94,24,9181,897,1987,1713,1353,926,331,65,13,7273,197,360,237,124,62,38,18,6,1041,826,1057,653,387,216,102,30,16,3278,42,14,15,20,21,14,29,7,167,31,103,102,66,49,16,4,0,374,1197,1171,951,1003,791,653,512,228,6509,5401,10610,8724,6924,4668,2351,1076,382,40132,88,384,377,248,143,86,15,8,1345,257,601,552,273,125,28,4,0,1837,1026,3073,2764,2750,2256,1399,702,173,14141,446,1156,847,709,597,444,185,43,4421,142,295,285,234,146,63,14,8,1184,618,1626,1520,1346,1030,570,228,62,7002,284,1234,1278,1133,924,482,171,35,5543,1855,4095,3508,2670,1483,565,177,41,14389,1303,2661,2376,1794,1306,510,106,29,10078,367,606,374,218,129,78,33,8,1819,1082,1452,1043,614,367,194,52,24,4826,94,37,30,31,34,27,40,6,300,81,239,268,219,144,75,28,10,1058,2539,2526,2130,2106,1658,1266,899,358,13484,10176,19972,17343,14349
LGA33980,195,113,59,15,5,4,819,37,129,95,69,27,10,0,0,365,9,29,20,11,3,3,0,0,66,35,119,101,41,13,7,0,0,328,0,0,0,3,0,0,0,0,10,7,10,5,4,0,0,0,0,25,195,266,199,179,93,50,22,7,1015,513,1329,916,617,303,115,43,15,3853,9,54,45,24,14,3,0,0,140,5,23,18,12,3,0,0,0,61,237,843,682,450,289,70,8,5,2581,20,101,81,63,55,36,3,0,355,43,76,73,39,29,10,3,0,269,35,144,88,102,74,18,4,3,467,56,214,166,92,47,16,4,0,599,106,401,266,162,87,28,7,4,1055,47,144,119,79,34,6,3,0,435,6,35,28,12,7,5,0,0,80,51,167,159,74,39,16,0,0,508,6,0,0,3,9,0,0,0,19,7,15,24,17,3,3,0,0,74,421,791,606,508,339,135,50,12,2868,1059,3003,2349,1636
LGA34420,3,3,4,0,0,0,15,3,3,3,3,3,0,0,0,8,0,0,0,0,0,0,0,0,0,3,3,0,0,0,0,0,0,6,0,0,0,0,0,0,0,0,0,0,0,0,0,0,0,0,0,0,13,13,4,11,3,3,0,0,40,21,36,23,24,14,3,0,0,110,0,0,0,0,0,0,0,0,0,0,0,0,0,0,0,0,0,3,8,11,0,6,0,0,0,0,20,0,3,9,8,7,0,0,0,22,0,6,0,3,5,0,0,0,13,0,0,0,3,0,0,0,0,8,3,7,3,0,3,0,0,0,22,0,3,8,3,8,0,0,0,23,3,3,3,5,0,0,0,0,26,0,0,0,0,0,0,0,0,0,3,3,0,3,0,0,0,0,10,0,0,0,0,0,0,0,0,0,0,0,0,0,0,0,0,0,0,19,33,8,12,5,3,0,0,78,41,68,36,42
LGA34530,324,310,236,86,27,5,1406,113,176,209,204,196,78,26,5,1012,4,30,34,25,14,19,6,0,145,109,133,134,131,69,35,5,3,614,3,0,3,0,3,0,4,0,17,0,9,14,15,8,6,8,0,58,188,138,172,249,220,208,141,110,1422,645,1220,1450,1573,1332,741,347,171,7476,8,32,56,61,66,35,10,0,278,19,21,32,31,31,7,0,0,144,200,489,622,711,666,466,192,58,3413,84,213,201,231,263,158,58,13,1225,12,79,96,100,79,37,11,4,430,78,219,248,354,329,199,92,27,1547,29,194,304,349,338,178,59,17,1473,143,371,442,449,359,161,48,12,1989,161,219,266,257,261,113,39,6,1323,10,42,53,40,33,29,12,0,220,137,186,191,198,105,74,18,8,917,6,3,3,5,7,4,4,0,30,3,16,29,36,27,27,12,3,159,516,524,618,647,558,453,279,182,3773,1406,2626,3175,3476
LGA34570,0,0,0,0,0,0,10,0,0,4,0,0,3,0,0,7,0,0,0,0,0,0,0,0,0,0,0,0,0,0,0,0,0,3,0,0,0,0,0,0,0,0,0,0,0,0,0,0,0,0,0,0,17,16,8,11,4,4,0,0,67,21,33,18,12,11,4,0,0,103,0,0,0,0,0,0,0,0,0,0,0,0,0,0,0,0,0,0,0,5,5,7,3,0,0,0,18,0,0,7,0,0,0,0,0,6,0,0,0,3,0,0,0,0,11,0,0,0,0,3,0,0,0,3,0,11,0,7,4,0,0,0,22,0,8,0,3,0,0,0,0,12,0,0,3,0,0,3,0,0,9,0,0,0,0,0,0,0,0,0,0,4,0,0,0,0,0,0,4,0,0,0,0,0,0,0,0,0,0,0,0,0,0,0,0,0,0,41,28,21,16,10,10,0,0,136,45,58,43,38
LGA34580,316,290,190,90,17,3,1465,121,232,253,262,167,82,17,3,1139,32,55,24,24,17,7,4,0,159,120,152,140,90,53,33,6,0,594,10,5,0,0,3,7,5,0,33,3,11,21,16,7,8,0,0,69,309,208,225,282,248,251,153,104,1781,1047,1526,1477,1513,1125,713,291,133,7831,42,66,53,61,33,14,7,0,277,33,42,35,42,19,13,0,0,178,197,453,490,538,496,350,115,30,2662,85,157,134,178,157,137,41,7,902,115,139,150,123,92,47,14,3,690,96,232,232,259,272,137,70,14,1315,38,174,230,246,207,134,41,9,1086,297,484,453,433,297,138,35,5,2149,159,302,332,351,234,117,28,3,1536,37,79,37,38,31,24,7,0,252,170,224,211,144,97,68,18,0,935,15,19,3,3,7,13,7,0,71,10,43,40,45,41,30,3,5,217,653,561,532,605,523,523,301,136,3833,1960,2977,2934,3065
LGA34590,3480,2739,1737,792,208,55,14916,1367,2671,2605,2020,1430,527,79,18,10726,391,537,384,209,146,81,28,11,1782,1141,1402,980,721,381,262,69,15,4972,41,18,25,21,28,37,33,8,213,51,142,153,115,84,45,7,8,602,1791,1716,1556,1594,1392,1081,694,330,10146,8018,14657,13471,10973,8082,4315,1604,577,61696,164,480,470,369,268,164,39,9,1962,440,921,934,479,214,76,14,0,3078,1452,3798,4045,4125,3810,2745,1002,249,21230,797,2090,1800,1571,1342,860,321,70,8849,199,377,447,366,242,134,39,7,1814,783,2135,1982,1813,1544,810,275,96,9430,425,1629,2117,1742,1512,888,246,47,8597,2890,6017,5374,4207,2753,1375,345,98,23070,1994,3588,3472,2686,1935,797,171,35,14671,743,888,630,368,282,139,55,13,3123,1525,1949,1515,1134,652,466,125,28,7397,95,40,47,39,49,55,51,11,394,116,328,362,353,247,134,43,15,1596,3717,3508,3305,3253,2724,2156,1287,534,20481,15331,27744,26495,22506
LGA34710,32,32,23,0,0,0,142,14,21,19,26,19,3,0,0,102,0,3,3,0,0,0,0,0,15,15,10,14,15,4,4,0,0,58,3,0,0,0,0,0,0,0,3,0,0,7,4,0,0,0,0,14,30,26,29,25,32,28,20,11,195,117,176,166,163,143,54,30,15,871,0,7,12,3,3,0,0,0,22,0,3,8,3,3,0,0,0,19,24,35,31,35,35,25,6,0,190,12,18,12,12,18,3,0,0,82,24,20,27,23,19,6,8,0,126,16,40,36,37,26,11,11,3,183,12,34,35,26,30,6,4,3,144,23,49,41,45,38,5,0,0,199,14,28,26,33,28,8,3,0,141,3,4,5,0,3,0,0,0,17,15,22,18,20,12,13,0,0,101,3,3,0,0,0,0,0,0,6,4,8,5,7,4,0,0,0,23,58,48,53,55,71,59,42,27,403,209,313,301,298
LGA34770,1164,973,501,186,59,17,4828,343,640,667,607,471,131,27,4,2899,61,156,123,79,47,22,5,0,503,305,550,445,349,192,79,14,13,1947,13,0,3,11,4,18,9,3,62,9,27,53,39,35,12,3,0,178,630,610,585,686,554,490,413,215,4188,2464,5129,4766,4471,3108,1495,769,321,22525,35,158,171,151,126,54,22,6,729,73,110,116,62,43,25,0,0,435,1048,2923,2865,2757,2109,1118,411,103,13338,232,671,578,531,619,357,137,22,3151,65,166,177,195,118,42,23,3,792,328,954,791,883,795,328,122,41,4235,163,656,847,896,679,303,120,39,3710,653,1757,1587,1459,830,307,92,31,6717,428,802,799,746,590,197,45,4,3615,86,205,167,119,75,44,16,0,716,407,731,646,529,309,163,43,16,2844,31,10,11,11,14,25,21,8,121,34,68,120,143,90,37,22,3,506,1360,1526,1603,1850,1497,1040,780,347,10006,4934,10750,10481,10339
LGA34800,3,4,0,3,0,0,19,0,3,0,5,0,0,0,0,10,0,3,0,0,0,0,0,0,5,3,0,0,0,0,0,0,0,12,0,0,0,0,0,0,0,0,0,0,0,0,0,0,0,0,0,0,3,0,6,7,10,0,4,0,33,18,36,26,22,24,12,4,0,146,0,5,0,3,0,0,0,0,8,0,0,0,0,0,0,0,0,4,3,17,20,15,14,0,0,0,75,3,15,3,0,3,0,0,0,24,3,12,17,3,3,0,3,0,45,0,7,4,3,10,0,0,0,29,0,3,4,3,0,3,0,0,19,4,9,6,3,0,5,0,0,27,4,5,0,3,3,0,0,0,18,0,3,0,0,0,0,0,0,5,3,5,0,3,5,0,0,0,13,0,0,0,0,0,0,0,0,0,0,3,0,0,0,0,0,0,7,8,6,16,16,12,8,5,3,77,35,94,73,56
LGA34830,3,0,3,0,0,0,11,0,0,0,0,0,0,0,0,5,0,0,0,0,0,0,0,0,0,0,0,0,0,0,0,0,0,0,0,0,0,0,0,0,0,0,0,0,0,0,0,0,0,0,0,0,3,0,3,0,0,0,0,0,11,7,3,12,12,8,4,0,0,45,0,0,0,0,0,0,0,0,0,0,0,0,0,0,0,0,0,0,0,4,3,4,3,0,0,0,14,4,0,7,3,3,0,0,0,21,6,0,4,0,3,0,0,0,15,0,0,0,5,3,0,0,0,10,0,3,0,0,0,0,0,0,9,5,0,3,0,3,0,0,0,16,0,3,0,0,0,0,0,0,9,0,0,0,0,0,0,0,0,0,0,0,0,3,0,0,0,0,3,0,0,0,0,0,0,0,0,0,0,0,0,0,0,0,0,0,0,3,3,3,3,3,0,3,0,21,21,17,23,18
LGA34860,118,98,52,11,5,0,514,31,80,76,55,46,19,3,0,312,5,16,15,4,0,3,0,0,44,39,48,41,24,19,7,0,0,175,0,0,0,0,3,0,0,0,7,5,13,7,5,0,0,0,0,28,79,108,89,84,77,55,58,28,580,319,707,558,461,338,150,94,41,2667,0,14,19,9,7,0,0,0,48,4,15,9,7,0,4,0,0,46,89,263,180,158,120,55,21,3,898,31,74,46,40,47,20,7,0,278,51,81,98,74,56,26,4,3,387,28,123,99,123,83,37,11,12,512,30,133,83,69,63,35,8,0,425,84,227,167,143,81,22,4,0,728,40,112,87,79,48,22,3,0,383,12,16,17,4,3,4,0,0,58,58,81,59,45,31,6,0,0,282,3,3,0,0,3,0,0,0,12,7,19,14,14,7,3,0,0,60,163,252,195,191,174,126,103,47,1246,598,1407,1079,930
LGA34880,171,159,105,67,15,5,728,36,128,110,123,141,67,11,0,612,9,15,17,29,24,12,0,4,114,33,62,63,59,38,22,9,0,286,3,0,0,3,0,3,0,3,12,0,0,7,11,6,3,3,0,39,173,128,154,193,185,184,95,25,1135,378,700,837,916,788,529,193,53,4385,3,33,48,51,22,25,13,0,190,9,8,14,13,6,9,0,0,68,84,192,256,342,308,234,105,18,1532,30,80,108,99,120,98,36,12,593,12,73,86,84,75,31,8,8,380,26,98,135,175,182,108,29,13,766,13,104,142,148,142,91,32,6,676,92,191,227,214,155,101,23,10,1020,54,159,156,178,192,104,20,0,862,15,30,34,41,39,21,3,4,181,52,95,103,93,62,43,14,0,463,8,0,0,3,5,3,4,3,29,7,7,21,29,16,17,6,0,94,575,584,509,485,453,397,206,56,3265,979,1647,1840,1963
LGA35010,5431,4483,2794,1478,406,118,21805,1888,3581,3782,3200,2310,1059,181,40,16032,508,763,689,474,260,165,67,23,2960,1429,2003,1568,1137,684,470,134,26,7448,58,34,21,33,34,48,42,16,273,67,146,224,206,121,57,34,10,872,1740,1777,1805,1768,1701,1800,1570,1400,13562,9803,18892,20860,18008,13189,8309,3578,1944,94577,256,631,848,740,524,347,112,28,3479,578,1003,1354,862,440,158,15,4,4417,1731,4903,5980,6505,5779,4557,2020,466,31944,1075,2810,2742,2413,1911,1511,662,162,13282,267,597,886,674,432,253,94,25,3232,1179,3175,3854,3920,3211,1900,705,180,18128,522,2245,3374,3054,2708,1871,598,152,14530,3196,7012,8417,7250,4805,2724,746,193,34349,2776,4858,5080,4366,3135,1622,378,84,22295,977,1263,1110,769,446,331,133,39,5059,2002,2818,2425,1791,1106,794,240,54,11237,116,66,38,46,47,85,69,29,500,145,374,536,489,363,218,96,39,2256,3892,4019,4052,3940,3517,3646,2755,2108,27922,18721,35772,40690,36828
LGA35250,4,6,0,0,0,0,17,3,3,0,0,4,0,0,0,5,0,0,0,0,0,0,0,0,4,4,3,0,3,0,0,0,0,12,0,0,0,0,0,0,0,0,0,0,0,0,0,0,0,0,0,6,26,33,19,17,9,3,0,0,108,45,52,37,22,21,7,0,0,190,0,0,0,0,0,0,0,0,3,0,0,0,0,0,0,0,0,0,8,4,6,6,3,0,0,0,32,0,6,5,7,0,0,0,0,16,0,3,3,0,3,0,0,0,8,0,11,3,0,3,0,0,0,19,4,13,8,0,9,0,0,0,35,0,6,5,6,3,0,0,0,20,3,4,0,4,9,0,0,0,22,0,0,0,0,0,0,0,0,6,4,3,3,3,0,3,0,0,16,0,0,0,0,0,0,0,0,0,0,0,0,0,0,0,0,0,7,54,55,32,32,21,13,3,0,207,73,110,70,60
LGA35300,163,130,56,13,0,0,709,36,145,94,105,42,12,0,0,443,11,27,19,5,4,0,0,0,68,37,83,52,27,8,6,0,0,218,3,5,0,3,0,0,3,0,18,3,7,11,3,0,0,0,0,29,172,210,154,179,111,59,27,12,923,534,1153,771,703,338,137,49,20,3718,10,60,30,14,7,3,0,0,121,23,30,17,6,0,4,0,0,76,215,671,523,439,294,102,28,3,2272,30,114,84,62,45,23,13,0,357,17,37,25,23,6,7,0,0,121,69,182,149,142,77,23,13,0,647,78,193,133,129,51,24,7,0,618,109,316,219,183,90,26,4,0,955,58,190,115,138,59,21,8,0,584,12,31,25,7,3,0,5,0,93,48,125,82,54,27,16,3,0,361,4,10,0,4,3,3,6,0,30,12,20,16,25,10,3,0,0,88,378,483,316,375,265,146,52,18,2018,1057,2459,1727,1599
LGA35600,29,20,16,3,0,0,122,9,26,16,13,11,3,0,0,84,0,0,0,0,0,0,0,0,4,9,8,9,13,8,0,0,0,52,0,0,0,3,0,0,0,0,5,0,0,0,0,3,0,0,0,3,18,28,28,29,25,19,24,20,194,92,187,153,168,143,50,38,23,853,0,8,5,0,0,3,0,0,24,0,0,0,0,0,0,0,0,4,12,57,32,40,40,8,10,0,202,3,20,27,10,14,5,8,0,92,14,26,22,26,16,7,0,0,108,19,40,31,35,56,16,4,3,200,19,43,33,36,23,4,3,0,155,19,43,46,30,31,4,3,0,175,16,27,24,26,18,3,0,0,121,3,3,0,0,3,0,0,0,16,21,12,22,21,8,3,0,0,97,0,0,0,3,5,0,0,0,6,0,5,3,4,3,0,0,0,18,62,60,49,56,54,48,43,26,386,183,337,293,300
LGA35670,0,5,0,0,0,0,12,3,3,0,3,3,0,0,0,10,0,0,0,0,0,0,0,0,0,3,0,0,0,0,0,0,0,3,0,0,0,0,0,0,0,0,0,0,0,0,0,0,0,0,0,0,4,6,3,3,0,0,0,0,16,16,16,10,20,9,0,0,0,72,0,0,0,0,0,0,0,0,0,0,0,0,0,0,0,0,0,0,0,6,8,8,0,4,0,0,33,0,6,9,8,3,0,0,0,23,3,0,3,0,0,0,0,0,5,0,0,6,0,0,0,0,0,13,0,0,6,4,0,0,0,0,17,3,9,0,3,0,0,0,0,18,3,7,0,3,3,0,0,0,17,0,0,0,0,0,0,0,0,0,3,0,0,0,0,0,0,0,4,0,0,0,0,0,0,0,0,0,0,0,0,0,0,0,0,0,0,15,11,3,3,8,0,0,0,39,36,36,30,36
LGA35740,532,607,549,373,140,39,2711,126,225,368,504,434,238,72,15,1978,49,101,124,159,109,89,32,14,682,137,207,229,257,166,120,18,11,1144,0,0,3,4,0,3,5,4,28,8,11,29,28,32,17,8,0,128,196,132,228,289,314,288,241,234,1927,769,1501,2396,2982,2710,1960,812,400,13537,11,39,93,95,128,108,41,12,529,34,43,62,54,61,37,3,0,295,122,321,473,720,824,837,397,116,3807,84,286,376,470,474,335,163,33,2213,33,74,176,186,154,76,38,9,734,79,306,516,664,670,482,189,57,2951,34,173,390,556,626,486,168,45,2493,201,478,795,953,887,758,263,69,4404,194,281,505,658,570,426,141,26,2799,92,147,199,226,190,153,59,15,1070,190,337,414,412,255,177,42,22,1852,3,0,8,4,5,11,7,9,49,15,23,53,61,66,48,26,9,296,379,295,520,603,643,641,446,339,3864,1464,2802,4575,5666
LGA35760,63,60,35,14,7,0,285,18,41,40,59,72,15,4,0,250,0,11,3,3,3,4,0,0,27,29,33,35,33,19,12,0,0,152,0,0,0,0,0,3,0,0,3,0,3,4,4,3,3,0,0,17,62,66,80,88,93,117,83,40,630,193,345,353,379,354,257,129,46,2062,3,10,10,11,5,3,0,0,40,4,6,5,3,0,0,0,0,17,56,88,89,119,115,82,45,6,598,17,35,29,38,39,40,10,4,206,35,56,48,57,35,17,13,0,263,16,44,71,66,91,53,28,3,363,7,52,57,74,63,55,13,4,324,47,97,80,76,43,20,10,3,377,19,58,52,65,81,24,4,0,312,3,13,3,0,6,8,0,0,33,38,51,51,47,26,15,3,0,232,0,4,0,0,0,3,0,0,14,0,3,5,9,6,12,0,0,49,143,165,156,217,205,234,182,67,1366,394,685,655,776
LGA35780,27,21,11,0,0,0,98,22,41,23,25,9,0,0,0,122,3,3,0,0,0,0,0,0,5,10,5,4,0,3,0,0,0,24,0,0,0,0,0,0,0,0,3,0,0,0,0,0,0,0,0,0,33,18,24,11,10,0,0,0,97,113,122,105,89,52,10,0,0,487,0,3,0,0,0,0,0,0,4,0,0,0,0,0,0,0,0,3,4,26,22,23,8,7,0,0,87,18,29,15,11,12,0,0,0,84,0,3,6,8,5,0,0,0,32,7,7,11,24,18,7,0,0,73,14,28,13,18,12,4,0,0,86,25,36,31,35,17,0,0,0,137,25,46,26,27,12,4,0,0,148,3,3,4,0,0,0,0,0,14,13,9,10,0,3,0,0,0,35,0,0,0,0,0,0,0,0,3,0,0,3,0,0,0,0,0,4,58,39,45,26,19,6,5,0,202,181,225,188,171
LGA35790,9,13,3,0,0,0,38,5,4,6,8,8,0,0,0,34,0,0,0,0,0,0,0,0,0,3,4,3,0,0,0,0,0,17,3,0,0,0,0,0,0,0,3,0,0,3,0,0,0,0,0,3,14,10,10,7,3,0,0,0,49,39,55,51,59,40,5,0,0,248,0,0,0,0,0,0,0,0,0,0,0,0,0,0,0,0,0,0,0,15,11,13,6,0,0,0,49,10,14,7,8,6,0,0,0,48,7,0,3,4,3,0,0,0,14,4,10,10,22,16,3,0,0,64,0,20,11,22,14,4,0,0,67,6,6,12,16,3,0,0,0,48,16,9,15,14,7,0,0,0,58,0,0,0,3,0,0,0,0,3,3,4,10,0,0,0,0,0,19,3,0,0,0,0,0,0,0,3,0,0,3,0,3,0,0,0,4,40,24,18,23,5,0,0,0,114,84,109,98,131
LGA35800,13,7,10,0,0,0,49,3,13,4,19,9,0,0,0,44,0,0,0,0,0,0,0,0,6,3,4,7,0,3,4,0,0,21,0,0,0,0,0,0,0,0,0,0,0,0,0,0,0,0,0,0,13,6,8,10,17,13,0,3,73,38,60,44,62,64,27,7,3,304,0,0,0,0,0,0,0,0,3,0,0,0,0,0,0,0,0,3,8,16,10,8,25,12,5,0,83,0,7,8,3,7,3,5,0,30,9,11,7,16,12,5,3,0,65,3,6,6,8,18,4,5,0,55,3,8,6,7,14,3,0,0,46,3,18,17,13,10,0,0,0,66,4,14,6,23,10,0,0,0,60,0,0,3,0,0,0,3,0,11,3,3,11,4,5,6,0,0,31,0,0,0,0,0,0,0,0,0,0,3,0,0,0,0,0,0,5,21,7,23,17,32,28,13,6,155,52,104,94,109
LGA36070,8,5,0,0,0,0,17,0,3,3,3,5,0,0,0,15,0,0,0,0,0,0,0,0,3,0,0,0,0,0,0,0,0,0,0,0,0,0,0,0,0,0,0,0,0,0,0,0,0,0,0,0,8,4,3,0,3,0,0,0,22,17,21,16,14,9,0,0,0,80,0,0,0,0,0,0,0,0,3,0,0,0,0,0,0,0,0,0,3,3,6,4,4,0,0,0,22,0,0,3,7,0,3,0,0,13,5,4,0,3,0,0,0,0,10,0,6,3,6,3,0,0,0,14,3,5,0,0,0,0,0,0,10,3,3,8,10,3,0,0,0,24,0,3,6,4,4,0,0,0,22,0,0,0,0,0,0,0,0,3,0,3,0,0,0,0,0,0,6,0,0,0,0,0,0,0,0,0,0,0,0,0,0,0,0,0,3,14,7,7,7,5,4,0,0,44,34,40,37,42
LGA36150,5,5,0,0,0,0,26,3,4,0,3,3,0,0,0,17,0,0,0,0,0,0,0,0,0,4,4,0,3,3,0,0,0,15,0,0,0,0,0,0,0,0,0,0,0,0,3,0,0,0,0,3,0,5,3,3,11,0,0,0,23,11,38,20,37,23,6,6,3,149,0,0,0,0,0,0,0,0,0,0,0,0,0,0,0,0,0,0,3,11,3,6,5,3,0,0,42,0,10,6,0,0,3,0,0,19,7,6,5,7,3,0,0,0,29,5,6,4,3,4,6,3,0,38,0,4,3,15,3,3,0,0,32,3,14,6,10,3,0,0,0,36,3,4,0,7,3,0,0,0,17,0,0,0,0,0,0,0,0,0,3,8,3,3,3,0,0,0,22,0,0,0,0,0,0,0,0,0,0,0,0,3,0,0,0,0,3,3,11,5,12,17,9,0,0,54,30,76,41,62
LGA36250,1851,1894,1288,642,206,85,8199,597,1057,1124,1116,942,498,92,26,5453,190,276,262,202,119,87,49,22,1201,465,676,570,490,302,202,50,28,2782,18,13,9,6,12,17,27,10,110,27,34,75,60,64,22,6,3,291,378,403,442,505,543,596,564,553,3980,3035,5860,6733,6910,5529,3416,1546,891,33925,70,214,288,294,252,207,57,20,1401,167,274,361,350,198,65,9,3,1428,669,1782,2118,2697,2596,2009,923,285,13081,384,1109,979,965,905,628,302,81,5363,83,184,251,244,194,110,45,10,1123,420,1008,1191,1506,1280,744,348,108,6602,206,744,1115,1157,1195,776,291,59,5537,1056,2227,2877,3005,2255,1161,384,138,13099,898,1382,1504,1470,1241,762,183,55,7488,402,432,395,303,197,133,79,40,1988,634,893,860,730,471,320,89,36,4041,33,17,12,16,23,26,33,13,172,49,99,171,160,139,86,35,14,761,816,856,990,1114,1168,1131,967,818,7863,5898,11231,13106,14014
LGA36300,0,4,3,0,0,0,24,3,5,4,9,6,0,0,0,24,0,3,0,0,0,0,0,0,3,3,3,3,3,0,0,0,0,15,0,0,0,0,0,0,0,0,0,0,0,0,0,0,0,0,0,0,5,0,3,11,3,4,3,0,36,21,41,25,30,19,13,4,0,163,0,0,0,0,0,0,0,0,7,0,0,0,0,0,0,0,0,0,10,14,11,7,11,3,0,0,55,4,5,0,0,3,0,0,0,17,3,10,5,4,0,3,0,0,30,3,0,6,5,4,4,0,0,22,0,5,5,6,6,0,0,0,27,6,9,4,5,7,0,0,0,33,3,8,4,6,4,0,0,0,31,0,3,0,0,0,0,0,0,3,4,5,3,5,0,3,0,0,21,0,0,0,0,0,0,0,0,0,0,0,0,3,0,0,0,0,3,15,10,15,16,10,8,8,0,74,49,80,53,56
LGA36370,684,554,360,135,52,4,3160,314,577,490,447,361,119,29,6,2337,43,78,79,59,24,13,7,3,304,254,336,239,164,77,36,12,4,1125,18,5,8,9,5,7,6,4,57,10,16,37,27,17,8,3,0,129,538,392,405,406,405,387,391,340,3260,2059,3603,3066,2732,2134,1098,685,417,15795,43,121,108,87,62,45,14,0,477,66,147,144,87,42,20,0,0,512,575,1493,1113,1153,1054,578,318,72,6348,158,391,320,328,350,182,87,18,1829,86,143,158,126,87,38,11,0,656,268,814,608,674,573,261,111,35,3352,107,479,601,543,482,259,86,23,2574,554,1261,996,852,601,239,75,20,4602,458,736,645,599,492,184,51,6,3178,71,135,113,93,39,38,9,3,493,360,517,396,273,159,96,39,12,1852,29,16,13,12,11,17,15,8,118,35,67,90,80,57,32,12,0,380,1041,970,904,1018,940,747,688,505,6814,3850,7284,6211,5927
LGA36510,378,393,260,135,55,12,1641,99,188,295,309,239,157,23,3,1312,32,55,53,71,47,34,23,3,313,114,151,139,133,81,59,12,3,693,7,3,0,4,0,6,7,4,27,5,13,18,18,21,12,3,0,89,244,182,211,281,289,255,184,77,1725,772,1248,1720,1898,1620,1119,466,136,8981,6,23,70,75,71,57,20,4,331,22,28,54,45,26,17,0,0,198,125,364,501,608,575,481,191,44,2885,72,169,233,292,255,181,69,6,1278,55,98,138,139,100,49,28,5,609,71,191,287,358,361,244,111,21,1642,37,158,299,328,400,271,93,21,1608,199,358,535,571,420,249,105,21,2462,142,246,375,408,342,239,53,12,1811,50,84,85,102,70,57,30,4,485,153,216,212,211,134,103,21,3,1057,11,11,3,8,7,8,7,7,50,13,26,44,52,45,29,10,3,223,527,429,486,587,604,548,351,138,3666,1475,2399,3331,3787
LGA36580,196,182,147,74,14,5,901,80,127,150,169,142,71,8,0,749,11,17,21,20,18,11,5,0,104,73,86,84,60,53,28,9,0,391,3,4,5,0,5,0,0,0,13,7,9,10,11,12,0,0,0,48,161,120,147,162,193,156,96,34,1059,535,793,935,940,902,546,199,51,4896,11,26,25,32,26,20,5,0,137,20,28,23,23,16,3,0,0,109,95,300,296,370,382,331,97,24,1885,32,102,101,124,146,102,38,8,647,54,76,84,82,51,28,18,3,390,48,122,144,148,199,124,37,5,829,20,87,151,158,165,96,31,3,719,143,226,269,279,216,129,35,5,1302,104,173,190,216,185,111,20,0,1012,20,23,25,29,30,20,10,0,163,97,124,133,95,95,54,15,0,616,5,3,3,3,9,0,0,0,27,5,7,25,22,27,22,8,0,117,343,226,317,371,420,340,193,54,2263,990,1519,1795,1936
LGA36630,226,226,193,85,12,6,1077,81,163,263,239,213,90,13,0,1066,19,27,19,16,14,20,6,4,119,86,96,98,71,59,36,5,0,451,3,0,0,0,9,7,6,0,25,6,4,9,7,11,3,0,0,42,167,123,160,188,249,237,196,108,1418,612,993,1164,1203,1259,802,351,146,6530,4,21,23,37,31,27,6,0,150,28,33,29,22,25,8,3,0,153,143,283,387,375,447,411,164,27,2244,41,90,98,133,171,158,73,9,766,52,94,131,118,68,46,24,5,532,55,189,171,215,294,190,75,15,1206,39,183,199,241,285,170,48,20,1184,170,263,311,306,280,143,28,11,1513,106,220,315,293,268,145,32,0,1381,23,31,32,25,30,26,10,4,174,118,142,141,123,97,82,21,8,734,6,0,0,6,8,18,9,0,48,11,18,24,25,24,12,10,3,131,402,291,375,451,483,516,400,168,3086,1204,1858,2235,2372
LGA36660,310,253,213,104,36,13,1304,76,167,166,227,225,119,22,3,1008,17,25,29,26,23,21,4,4,151,95,134,122,95,66,41,8,0,558,3,0,3,3,3,13,4,3,32,3,8,15,8,14,10,0,0,56,155,106,152,166,215,252,230,137,1414,608,1019,1221,1358,1323,960,468,204,7159,13,23,37,44,48,43,14,3,227,10,22,25,29,25,13,0,0,126,181,316,324,376,429,378,168,36,2202,65,129,122,126,180,153,54,9,851,70,87,133,134,102,74,30,12,629,60,171,193,301,324,240,113,25,1417,36,153,215,306,316,221,85,20,1356,186,351,436,394,322,191,67,16,1963,114,207,230,279,287,187,44,5,1352,16,38,45,40,49,41,9,7,239,149,196,180,153,126,84,17,3,906,8,0,3,3,11,16,11,12,70,11,21,36,30,31,30,13,4,171,395,267,303,368,430,515,379,215,2874,1305,1981,2277,2582
LGA36720,3280,3319,2359,1487,508,178,15085,1063,1937,2264,2280,1991,1048,245,49,10880,370,690,704,517,347,231,87,40,2985,962,1309,1303,1095,663,532,137,47,6053,50,20,19,13,25,42,53,23,233,29,103,157,135,107,79,28,11,655,1229,1074,1160,1378,1353,1454,1288,1103,10025,6225,12000,14356,14554,12032,8199,3845,1925,73128,145,413,565,504,460,423,153,43,2709,294,432,550,379,267,158,22,3,2107,1025,2743,3432,4126,3895,3716,2002,598,21538,633,2193,2553,2358,2082,1353,702,198,12072,215,572,779,675,528,344,158,52,3332,902,2794,3219,3743,3203,1912,922,307,17003,293,1542,2554,2829,2893,2036,843,211,13196,1789,3884,4947,5002,3895,2715,1002,300,23535,1561,2604,3070,3092,2767,1664,505,118,15370,651,1047,1044,765,574,407,163,61,4719,1344,1932,2024,1721,1049,824,243,79,9206,87,24,33,24,46,68,70,29,374,85,224,336,333,267,197,114,39,1590,2541,2349,2611,2883,2741,2816,2212,1646,19796,11569,22754,27718,28432
LGA36820,186,198,156,96,34,0,898,59,93,140,159,182,87,15,0,732,9,13,30,28,28,17,7,4,126,63,87,79,74,40,26,9,0,382,3,4,0,0,5,3,0,4,19,3,3,10,12,8,6,5,0,45,132,94,146,198,205,220,158,75,1230,425,710,912,1111,1119,776,363,129,5552,0,18,41,52,53,47,14,0,237,7,10,9,15,19,4,4,0,69,103,225,279,366,430,390,183,38,2017,53,100,125,118,181,127,46,9,761,26,69,85,96,90,60,29,0,463,43,153,155,234,269,188,85,36,1157,23,110,181,226,287,197,59,14,1101,102,188,238,251,213,156,50,10,1215,74,113,176,219,230,128,32,0,979,9,20,34,40,37,25,15,5,187,88,125,119,111,81,60,13,0,605,5,4,3,0,5,8,6,4,40,7,5,19,35,25,12,7,0,123,309,208,278,394,435,435,302,129,2485,863,1353,1739,2162
LGA36910,1600,1362,929,413,149,58,7222,664,1136,1076,1047,837,380,79,21,5225,151,269,190,170,121,64,34,9,1006,641,701,466,384,238,128,35,10,2599,21,18,13,11,11,16,20,8,110,22,53,63,73,51,30,16,0,305,878,687,695,764,773,888,827,761,6284,4171,7267,6783,6599,5497,3398,1803,1043,36559,82,274,323,263,218,119,43,8,1332,202,350,255,146,94,40,3,0,1096,1040,2454,2108,2092,1840,1258,595,160,11539,446,883,740,669,676,442,203,48,4106,261,405,549,509,417,215,99,21,2472,468,1619,1406,1610,1566,908,420,120,8114,198,989,1302,1461,1405,887,371,84,6700,1321,2581,2485,2204,1570,778,260,83,11287,907,1543,1491,1409,1155,630,179,42,7357,241,417,292,249,201,111,54,11,1579,899,1039,738,589,398,218,62,25,3961,47,33,15,28,22,32,34,13,227,47,132,155,173,135,79,27,11,768,1904,1518,1494,1613,1618,1683,1460,1084,12370,8059,14240,13349,13007
LGA36950,45,30,19,0,0,0,153,15,25,32,12,10,3,0,0,98,0,0,0,3,0,0,0,0,9,5,11,9,3,3,0,0,0,32,0,0,0,3,0,3,0,0,5,0,3,4,0,0,0,0,0,11,79,100,52,41,25,12,3,0,315,138,251,201,133,108,34,3,0,871,0,4,10,3,0,0,0,0,21,3,0,0,0,0,0,0,0,5,15,35,26,36,31,12,0,0,160,16,27,22,14,20,7,0,0,111,5,8,9,7,4,0,0,0,24,5,38,43,38,40,7,0,0,167,7,31,32,24,24,5,0,0,129,18,64,54,33,27,0,0,0,193,17,35,44,21,12,4,0,0,137,0,4,3,9,3,0,0,0,22,12,21,8,3,3,0,0,0,53,0,0,0,3,0,3,0,0,8,0,6,3,0,0,0,0,0,18,165,203,104,85,59,27,6,4,648,278,476,363,281
LGA36960,38,33,11,3,0,0,160,21,19,14,18,3,0,0,0,85,3,6,0,4,0,0,0,0,11,7,14,12,6,7,0,0,0,49,0,0,0,3,0,0,0,0,3,0,3,6,0,3,0,0,0,8,106,52,25,20,27,14,0,0,255,206,186,147,124,94,28,10,0,799,0,0,0,0,0,0,0,0,4,4,0,0,0,0,0,0,0,6,27,41,28,26,14,8,0,0,137,33,41,46,31,17,3,0,0,169,4,5,14,9,3,0,0,0,33,10,18,19,30,22,5,3,0,110,13,32,33,31,28,5,0,0,149,35,55,55,43,16,3,0,0,212,31,31,29,33,20,3,0,0,141,5,13,5,4,0,0,0,0,34,16,19,12,6,6,0,0,0,61,0,0,0,3,0,0,0,0,3,3,11,3,4,5,0,0,0,29,212,154,62,44,52,25,8,0,560,392,419,312,265
LGA37010,2024,1609,983,323,93,39,8246,797,1649,1484,1300,943,379,98,12,6650,135,314,254,163,110,44,28,3,1051,647,885,608,469,223,135,45,6,3017,24,9,5,7,10,21,14,6,106,31,81,103,87,45,25,5,3,383,1228,1114,970,1007,838,723,501,267,6649,5177,10060,8790,7577,5416,2724,1172,444,41358,236,713,572,416,296,209,49,12,2505,242,387,310,212,108,38,3,0,1297,1283,3345,2901,2889,2434,1574,626,189,15236,396,1139,1020,954,908,574,224,52,5272,152,315,361,255,179,79,28,9,1383,908,2457,2004,1817,1460,617,236,53,9562,278,1223,1386,1358,1168,624,234,46,6315,1374,3043,3014,2590,1710,620,172,65,12590,1223,2311,2016,1788,1288,613,162,18,9420,231,476,367,270,178,101,51,13,1694,904,1266,999,772,442,280,85,16,4754,49,33,13,19,25,27,18,14,199,112,252,249,255,144,69,25,6,1125,2976,2850,2289,2280,1873,1483,933,421,15111,10371,19809,17498,15876
LGA37300,49,30,8,0,0,0,152,4,41,28,18,8,0,0,0,102,0,8,4,3,0,0,0,0,14,7,16,10,14,0,0,0,0,49,0,0,0,0,0,0,0,0,0,0,0,4,0,0,0,0,0,9,36,36,35,40,14,5,0,0,170,91,249,216,172,55,14,0,0,800,0,9,8,8,0,0,0,0,30,0,3,0,0,0,0,0,0,4,59,162,141,128,58,10,3,0,554,13,36,46,19,26,8,0,0,147,0,16,16,4,7,0,0,0,46,12,44,37,33,20,0,0,0,149,6,54,61,37,13,0,0,0,177,14,58,70,43,18,3,0,0,206,10,45,31,24,12,0,0,0,120,0,9,7,3,0,0,0,0,19,12,28,22,16,4,0,0,0,78,0,0,0,0,0,0,0,0,4,0,3,11,3,0,0,0,0,19,74,72,88,77,41,16,0,0,368,197,540,529,410
LGA37310,331,232,126,40,9,7,1200,92,168,177,158,126,56,10,0,787,14,24,22,7,8,3,3,0,86,86,138,89,80,37,19,8,0,457,4,0,0,3,0,4,3,0,20,0,14,13,12,10,3,0,0,55,260,212,243,296,273,227,163,98,1766,779,1394,1364,1224,915,535,265,119,6590,12,32,29,17,22,6,10,0,118,17,21,21,18,6,4,0,0,95,250,586,572,469,354,195,66,12,2509,60,195,131,112,86,56,27,5,676,93,217,210,177,102,37,18,3,852,59,216,197,216,164,104,40,12,1009,74,229,247,226,180,101,34,4,1091,179,427,458,320,198,61,13,10,1672,132,210,212,201,159,72,16,0,1000,22,31,26,19,14,11,8,0,121,126,207,146,119,62,36,15,0,707,9,4,4,3,0,8,5,0,39,9,24,35,34,25,9,3,0,143,574,515,560,651,566,496,312,154,3822,1619,2910,2848,2582
LGA37340,321,234,161,77,18,0,1375,115,194,201,163,158,67,11,0,910,22,62,44,24,16,10,3,0,184,152,231,168,111,73,37,4,4,779,3,3,7,7,0,3,3,0,25,3,10,7,20,6,3,3,0,58,337,440,283,282,289,209,115,73,2025,925,1789,1459,1199,1092,601,236,100,7401,13,51,45,34,28,27,10,0,204,25,27,36,14,16,7,0,0,125,212,640,596,618,597,388,147,33,3234,71,239,216,200,223,134,41,4,1115,35,115,90,76,38,27,6,0,392,62,193,180,189,236,103,39,8,1009,46,200,206,178,184,114,45,3,988,210,559,419,344,265,136,30,3,1966,158,262,266,210,197,92,13,4,1207,31,88,57,43,32,18,3,0,277,213,392,276,189,123,69,14,3,1273,7,7,9,9,3,12,6,4,54,8,23,27,41,17,14,9,3,153,725,980,664,648,606,480,237,115,4459,1826,3780,3085,2799
LGA37400,8,12,0,0,0,0,35,7,7,0,6,3,3,0,0,28,0,0,3,0,0,0,0,0,3,3,4,0,3,0,3,0,0,16,0,0,0,0,0,0,0,0,0,0,0,0,0,0,0,0,0,0,5,5,7,7,12,14,3,3,54,33,48,32,43,29,27,7,3,227,0,3,3,0,0,0,0,0,12,0,0,0,0,0,0,0,0,5,3,13,14,16,11,9,6,0,72,0,7,0,4,4,5,4,0,24,5,9,4,8,5,0,0,0,43,3,9,7,11,17,8,4,0,43,7,10,5,3,5,3,0,0,28,7,11,9,8,0,3,0,0,42,7,7,5,7,3,3,0,0,39,0,0,3,0,0,0,0,0,7,3,3,3,6,0,3,0,0,30,0,0,0,0,0,0,0,0,0,0,0,0,0,0,0,0,0,4,8,19,10,13,20,33,12,9,117,53,87,65,75
LGA37550,0,3,3,0,0,0,16,3,4,0,3,3,0,0,0,15,0,0,0,0,0,0,0,0,3,0,0,0,0,0,0,0,0,4,0,0,0,0,0,0,0,0,0,0,0,0,0,3,0,0,0,3,21,9,8,7,6,5,0,0,56,27,24,20,21,18,9,0,0,120,0,0,0,0,0,0,0,0,0,0,0,0,0,0,0,0,0,0,0,0,0,5,0,0,0,0,6,0,5,4,3,0,0,0,0,12,0,3,0,0,0,0,0,0,4,0,6,0,9,4,3,0,0,26,0,3,4,3,3,0,0,0,22,0,4,0,4,3,0,0,0,15,3,6,0,3,7,0,0,0,21,0,0,0,0,0,0,0,0,3,0,0,0,0,0,0,0,0,4,0,0,0,0,0,0,0,0,0,0,0,3,0,5,0,0,0,4,59,10,20,16,15,9,0,0,126,70,42,44,40
LGA37570,3,4,0,0,0,0,11,0,0,7,0,0,0,0,0,7,0,0,0,0,0,0,0,0,3,0,0,3,0,0,0,0,0,7,0,0,0,0,0,0,0,0,0,0,0,0,0,0,0,0,0,0,3,0,3,3,5,0,0,0,17,5,12,13,11,6,0,0,0,52,0,0,0,0,0,0,0,0,0,0,0,0,0,0,0,0,0,0,0,0,0,3,0,0,0,0,8,0,0,0,0,0,0,0,0,4,0,4,0,0,0,0,0,0,8,0,3,0,3,0,0,0,0,7,0,0,4,0,0,0,0,0,4,3,3,3,4,5,0,0,0,11,0,0,8,0,0,0,0,0,5,0,0,0,0,0,0,0,0,3,0,0,3,0,0,0,0,0,3,0,0,0,0,0,0,0,0,0,0,0,0,0,0,0,0,0,0,10,3,4,7,5,0,0,0,25,15,22,21,19
LGA37600,14,14,4,0,0,0,49,7,7,13,9,7,0,0,0,41,0,0,0,0,0,0,0,0,0,8,7,7,0,0,0,0,0,20,0,0,0,0,0,0,0,0,3,0,3,0,0,0,0,0,0,7,38,26,15,14,10,6,0,0,116,73,70,57,68,32,16,0,0,317,0,0,0,0,0,0,0,0,0,0,3,0,0,0,0,0,0,3,11,16,3,12,5,0,0,0,55,0,10,11,16,4,0,0,0,41,3,6,7,3,0,0,0,0,22,6,9,3,15,8,0,0,0,40,9,17,7,11,3,3,0,0,50,12,18,13,20,7,0,0,0,64,12,11,15,17,9,0,3,0,68,0,0,0,0,0,0,0,0,3,10,7,10,0,0,0,0,0,26,0,0,0,0,0,0,0,0,3,4,0,0,0,0,0,0,0,10,80,49,31,29,26,10,3,0,229,135,148,110,128
LGA39499,75,70,102,54,11,0,520,62,123,50,62,94,29,6,0,419,37,58,14,13,4,16,0,0,143,40,38,21,23,34,29,0,0,193,3,0,0,0,0,0,0,0,7,4,3,6,3,8,3,0,0,25,151,225,135,153,201,119,40,9,1035,452,785,391,435,655,377,77,11,3183,20,48,13,12,17,16,0,3,130,11,18,13,17,15,4,0,0,87,47,185,114,148,224,223,52,7,989,28,89,54,52,81,87,18,3,415,19,41,27,29,20,18,3,0,156,50,133,53,81,141,86,10,0,542,12,46,25,40,81,66,13,0,281,120,214,114,117,166,105,21,0,854,95,180,71,78,123,64,5,0,616,51,91,26,14,15,19,3,0,218,57,76,52,43,60,47,0,0,340,5,3,3,0,3,0,0,0,16,13,9,15,9,19,10,3,0,71,318,579,474,447,461,311,94,18,2696,839,1709,1058,1085
LGA39799,0,0,0,0,0,0,6,0,0,0,0,3,0,0,0,4,0,0,0,0,0,0,0,0,0,0,0,0,0,0,0,0,0,8,0,0,0,0,0,0,0,0,0,0,0,0,0,0,0,0,0,0,0,0,0,0,4,3,0,3,16,5,6,3,8,9,3,4,3,41,0,0,0,0,0,0,0,0,0,0,0,0,0,0,0,0,0,0,0,0,3,0,0,0,3,0,9,0,0,0,0,0,0,0,0,3,0,0,0,0,0,0,0,0,0,0,0,0,0,3,0,0,0,4,0,0,0,0,0,0,0,0,3,0,7,0,0,0,0,0,0,8,0,0,0,0,3,0,0,0,9,0,0,0,0,0,0,0,0,0,0,0,4,0,0,0,0,0,5,0,0,0,0,0,0,0,0,0,0,0,0,0,0,0,0,0,0,4,0,0,0,4,9,0,3,23,10,11,12,8
