LGA_CODE_2016,M_15_19_Prvided_unpaid_assist,M_15_19_No_unpad_asst_prvided,M_15_19_Unpaid_assist_ns,M_15_19_Tot,M_20_24_Prvided_unpaid_assist,M_20_24_No_unpad_asst_prvided,M_20_24_Unpaid_assist_ns,M_20_24_Tot,M_25_34_Prvided_unpaid_assist,M_25_34_No_unpad_asst_prvided,M_25_34_Unpaid_assist_ns,M_25_34_Tot,M_35_44_Prvided_unpaid_assist,M_35_44_No_unpad_asst_prvided,M_35_44_Unpaid_assist_ns,M_35_44_Tot,M_45_54_Prvided_unpaid_assist,M_45_54_No_unpad_asst_prvided,M_45_54_Unpaid_assist_ns,M_45_54_Tot,M_55_64_Prvided_unpaid_assist,M_55_64_No_unpad_asst_prvided,M_55_64_Unpaid_assist_ns,M_55_64_Tot,M_65_74_Prvided_unpaid_assist,M_65_74_No_unpad_asst_prvided,M_65_74_Unpaid_assist_ns,M_65_74_Tot,M_75_84_Prvided_unpaid_assist,M_75_84_No_unpad_asst_prvided,M_75_84_Unpaid_assist_ns,M_75_84_Tot,M_85_ov_Prvided_unpaid_assist,M_85_ov_No_unpad_asst_prvided,M_85_ov_Unpaid_assist_ns,M_85_ov_Tot,M_Tot_prvided_unpaid_assist,M_Tot_No_unpaid_asst_prvided,M_Tot_Unpaid_assist_ns,M_Tot_Tot,F_15_19_Prvided_unpaid_assist,F_15_19_No_unpad_asst_prvided,F_15_19_Unpaid_assist_ns,F_15_19_Tot,F_20_24_Prvided_unpaid_assist,F_20_24_No_unpad_asst_prvided,F_20_24_Unpaid_assist_ns,F_20_24_Tot,F_25_34_Prvided_unpaid_assist,F_25_34_No_unpad_asst_prvided,F_25_34_Unpaid_assist_ns,F_25_34_Tot,F_35_44_Prvided_unpaid_assist,F_35_44_No_unpad_asst_prvided,F_35_44_Unpaid_assist_ns,F_35_44_Tot,F_45_54_Prvided_unpaid_assist,F_45_54_No_unpad_asst_prvided,F_45_54_Unpaid_assist_ns,F_45_54_Tot,F_55_64_Prvided_unpaid_assist,F_55_64_No_unpad_asst_prvided,F_55_64_Unpaid_assist_ns,F_55_64_Tot,F_65_74_Prvided_unpaid_assist,F_65_74_No_unpad_asst_prvided,F_65_74_Unpaid_assist_ns,F_65_74_Tot,F_75_84_Prvided_unpaid_assist,F_75_84_No_unpad_asst_prvided,F_75_84_Unpaid_assist_ns,F_75_84_Tot,F_85_ov_Prvided_unpaid_assist,F_85_ov_No_unpad_asst_prvided,F_85_ov_Unpaid_assist_ns,F_85_ov_Tot,F_Tot_prvided_unpaid_assist,F_Tot_No_unpaid_asst_prvided,F_Tot_Unpaid_assist_ns,F_Tot_Tot,P_15_19_Prvided_unpaid_assist,P_15_19_No_unpad_asst_prvided,P_15_19_Unpaid_assist_ns,P_15_19_Tot,P_20_24_Prvided_unpaid_assist,P_20_24_No_unpad_asst_prvided,P_20_24_Unpaid_assist_ns,P_20_24_Tot,P_25_34_Prvided_unpaid_assist,P_25_34_No_unpad_asst_prvided,P_25_34_Unpaid_assist_ns,P_25_34_Tot,P_35_44_Prvided_unpaid_assist,P_35_44_No_unpad_asst_prvided,P_35_44_Unpaid_assist_ns,P_35_44_Tot,P_45_54_Prvided_unpaid_assist,P_45_54_No_unpad_asst_prvided,P_45_54_Unpaid_assist_ns,P_45_54_Tot,P_55_64_Prvided_unpaid_assist,P_55_64_No_unpad_asst_prvided,P_55_64_Unpaid_assist_ns,P_55_64_Tot,P_65_74_Prvided_unpaid_assist,P_65_74_No_unpad_asst_prvided,P_65_74_Unpaid_assist_ns,P_65_74_Tot,P_75_84_Prvided_unpaid_assist,P_75_84_No_unpad_asst_prvided,P_75_84_Unpaid_assist_ns,P_75_84_Tot,P_85_ov_Prvided_unpaid_assist,P_85_ov_No_unpad_asst_prvided,P_85_ov_Unpaid_assist_ns,P_85_ov_Tot,P_Tot_prvided_unpaid_assist,P_Tot_No_unpaid_asst_prvided,P_Tot_Unpaid_assist_ns,P_Tot_Tot
LGA30250,6,31,0,36,11,35,0,55,20,69,5,95,22,73,3,91,11,71,11,85,7,34,0,46,5,21,0,23,0,3,0,3,0,3,0,3,82,335,22,449,12,31,3,47,15,48,7,64,21,80,3,107,22,55,0,81,20,61,3,82,11,39,0,50,4,17,0,23,0,5,0,7,0,0,0,0,100,333,21,459,19,59,3,84,26,82,6,114,42,146,8,201,41,123,5,174,33,125,15,169,20,71,3,101,5,39,0,44,0,9,0,9,0,0,0,0,185,668,46,901
LGA30300,9,107,21,136,0,93,6,98,15,201,18,238,22,221,30,271,37,260,38,337,27,240,27,301,17,194,34,236,6,85,16,110,3,17,3,16,144,1413,198,1748,7,89,34,130,10,87,8,105,24,232,24,278,38,204,29,274,40,224,35,304,46,210,27,288,26,128,22,182,8,74,15,95,4,28,13,46,209,1279,200,1692,12,197,58,266,10,179,21,205,45,432,40,517,65,426,55,545,80,486,76,639,72,454,53,582,40,321,58,415,15,152,27,202,8,41,10,64,348,2692,400,3437
LGA30370,9,331,50,397,20,368,38,423,61,831,112,999,88,797,119,1000,102,798,104,1002,95,751,100,942,51,458,82,593,21,248,46,324,5,67,13,87,446,4655,676,5769,12,306,62,378,23,301,26,349,85,759,83,925,114,739,83,931,142,723,101,971,147,581,78,808,84,379,75,541,29,248,60,338,3,103,21,131,642,4140,600,5383,20,636,114,776,40,671,63,779,145,1588,193,1926,201,1533,200,1935,242,1528,210,1976,235,1331,179,1749,133,838,161,1133,50,494,113,661,7,165,35,211,1085,8789,1269,11152
LGA30410,3,43,12,59,0,76,8,89,11,127,18,152,10,122,16,152,27,174,13,222,11,167,17,201,4,130,22,158,3,73,13,96,3,11,10,18,82,931,132,1141,4,54,11,62,3,60,4,69,26,145,12,185,30,131,15,174,27,171,11,210,30,143,7,183,10,120,18,151,12,58,17,82,0,21,10,28,133,893,112,1143,4,100,20,122,9,136,13,158,32,274,30,337,34,252,37,327,60,344,32,431,41,307,32,382,19,248,44,304,14,131,29,172,3,33,17,51,218,1820,246,2279
LGA30450,0,6,0,11,0,7,0,5,0,15,4,20,0,10,0,13,0,36,0,32,0,24,3,27,3,18,0,16,0,4,0,4,0,0,0,0,4,114,10,129,0,3,0,3,0,9,0,12,0,12,0,11,0,11,3,15,0,22,0,22,3,12,0,21,0,12,3,16,0,0,0,5,0,3,0,3,6,88,12,104,0,8,0,16,0,17,3,19,0,25,3,26,0,20,4,23,0,57,3,56,3,35,0,40,3,30,3,33,0,7,0,5,0,3,0,3,12,203,20,232
LGA30760,3,37,6,43,6,30,3,37,9,84,7,104,16,77,5,101,6,103,9,121,11,149,11,171,9,107,14,137,4,43,8,58,5,6,3,14,64,643,69,778,3,27,3,36,0,33,0,33,12,81,3,96,18,97,12,123,22,106,9,136,29,112,10,156,15,89,14,115,3,46,11,61,3,25,3,25,108,610,72,788,3,66,7,83,6,59,3,67,25,166,12,200,32,177,18,220,32,206,22,257,41,257,27,321,20,202,31,258,10,94,24,126,4,27,3,42,174,1252,147,1572
LGA30900,0,10,3,11,0,15,0,16,0,30,6,36,0,27,8,32,0,28,3,31,0,28,7,37,0,10,3,18,0,4,0,8,0,0,0,0,4,150,38,189,0,6,0,6,0,16,3,22,0,37,9,44,0,16,3,19,3,13,3,18,3,19,6,29,3,3,0,5,0,3,0,3,0,0,0,0,10,121,30,156,0,17,3,22,0,33,8,37,0,64,17,81,3,40,7,50,3,45,5,55,3,51,17,70,3,19,3,25,0,9,0,9,0,0,0,0,15,272,69,351
LGA31000,1406,31273,2431,35109,1847,43162,3923,48925,4583,84622,8406,97604,6455,69399,6223,82075,8069,58773,5282,72118,7650,43779,3869,55295,4526,29844,3017,37384,2091,14291,2179,18558,661,5147,1259,7071,37282,380284,36580,454147,1489,31186,2168,34840,2295,43616,3447,49360,6510,84431,7148,98089,9798,69171,4912,83882,12884,57437,4342,74664,12474,42654,3565,58700,6713,31038,3186,40939,2487,17856,3088,23437,476,10351,3010,13833,55136,387738,34863,477739,2890,62458,4594,69948,4139,86775,7368,98289,11092,169055,15555,195695,16257,138572,11137,165961,20948,116204,9622,146777,20129,86430,7436,113996,11235,60888,6201,78318,4579,32141,5267,41994,1142,15498,4272,20904,92415,768023,71446,931879
LGA31750,0,4,0,4,0,8,0,9,0,23,3,26,0,27,4,29,3,22,3,29,0,36,7,42,0,12,5,17,0,3,3,5,0,3,0,3,6,130,25,160,0,10,0,8,0,9,0,10,6,16,0,22,3,20,0,23,0,19,0,19,3,25,0,30,0,8,0,8,0,3,0,3,0,0,0,0,16,105,8,128,0,17,3,18,3,17,3,19,7,40,0,48,3,46,3,46,0,39,5,49,0,54,13,69,0,19,6,29,0,5,3,12,0,3,0,7,19,236,33,289
LGA31820,157,2450,307,2918,146,2019,213,2375,339,3679,416,4434,496,3821,404,4718,684,4642,570,5896,888,4935,601,6419,687,4876,739,6310,346,2366,508,3226,70,663,210,941,3821,29437,3974,37236,151,2289,263,2705,181,1900,200,2285,613,3839,370,4822,907,3861,374,5147,1308,4545,485,6334,1467,4857,596,6915,960,4544,695,6198,356,2489,604,3440,56,1065,287,1408,5995,29383,3874,39255,312,4743,567,5624,329,3920,417,4663,950,7515,788,9253,1405,7686,772,9864,1995,9183,1058,12237,2351,9791,1194,13336,1647,9424,1435,12504,699,4853,1108,6662,131,1723,495,2348,9816,58824,7845,76488
LGA31900,18,450,61,530,27,409,48,482,48,716,77,846,92,805,90,990,140,965,99,1203,154,995,115,1268,93,783,165,1043,49,391,103,546,16,118,41,173,644,5636,801,7079,28,417,57,501,25,375,31,428,85,691,49,824,139,751,69,958,215,840,94,1149,277,834,109,1220,152,679,146,979,60,429,120,603,5,206,81,293,989,5214,760,6960,47,864,117,1031,47,782,84,915,135,1411,128,1673,229,1552,163,1946,348,1812,187,2349,433,1828,225,2493,247,1461,310,2023,115,814,221,1153,19,320,121,463,1628,10852,1563,14039
LGA31950,0,10,3,12,0,11,7,14,0,21,3,26,3,23,9,33,0,23,0,22,0,22,11,32,0,15,0,15,0,0,0,0,0,0,0,0,3,116,35,149,0,4,3,7,0,11,3,12,3,19,10,24,0,15,6,19,0,14,8,20,3,19,6,27,3,5,3,11,0,0,0,0,0,0,0,0,9,86,28,120,0,10,7,15,0,17,6,29,3,33,15,52,3,33,13,46,0,38,5,47,3,37,14,60,3,18,3,22,0,3,0,3,0,0,0,0,15,200,66,274
LGA32080,198,4201,643,5045,237,3758,542,4531,574,8311,1235,10123,855,8605,1143,10599,1040,8816,1324,11183,1026,7424,1037,9482,611,5175,813,6599,229,1956,448,2629,50,510,135,698,4813,48764,7324,60893,244,3935,582,4762,274,3808,541,4618,944,9015,1245,11202,1562,9379,1152,12096,1721,8850,1125,11700,1576,6988,979,9542,817,4479,728,6026,281,1891,512,2682,42,954,285,1284,7453,49295,7150,63897,444,8139,1224,9803,509,7562,1077,9148,1516,17331,2478,21325,2411,17985,2291,22691,2758,17666,2452,22880,2599,14407,2012,19022,1424,9653,1546,12624,508,3846,963,5312,98,1460,426,1981,12260,98055,14477,124795
LGA32250,3,36,13,48,3,52,9,68,6,95,21,121,3,90,21,112,16,112,21,143,5,107,16,139,3,91,25,116,0,26,15,41,0,5,3,9,40,616,139,803,3,37,6,46,3,50,12,68,6,103,29,132,5,100,18,120,16,108,25,151,12,95,15,120,5,68,5,81,0,19,3,23,0,0,0,0,52,573,119,743,3,76,20,97,4,105,21,135,9,197,50,259,14,185,38,240,32,221,44,295,16,207,36,260,6,156,30,193,0,50,19,64,0,9,3,10,92,1193,256,1548
LGA32260,41,638,125,809,41,648,84,769,108,1245,239,1594,146,1189,181,1518,223,1602,249,2083,297,1756,277,2328,141,1328,271,1735,78,688,140,909,18,186,48,256,1092,9290,1617,11994,31,597,120,752,54,525,85,666,169,1199,208,1571,246,1213,177,1630,370,1414,192,1971,406,1513,226,2149,198,1126,211,1530,81,589,128,799,14,316,58,392,1574,8497,1399,11469,71,1243,247,1562,94,1168,166,1435,269,2450,448,3164,388,2406,352,3148,599,3012,440,4050,705,3269,503,4483,336,2453,477,3266,155,1281,270,1712,36,505,107,647,2658,17781,3020,23462
LGA32270,37,651,147,843,30,724,128,873,116,1835,383,2342,162,1676,380,2214,182,1593,380,2154,113,1261,240,1613,63,613,130,804,29,208,64,303,3,48,12,65,731,8600,1864,11196,33,566,130,726,39,678,125,842,179,1829,287,2297,211,1480,236,1924,213,1362,245,1815,181,973,176,1328,67,462,91,620,24,173,55,256,3,48,19,67,954,7573,1352,9878,72,1222,281,1571,68,1401,246,1720,295,3664,672,4634,369,3152,613,4135,392,2950,621,3964,291,2235,412,2939,135,1071,216,1424,53,388,123,558,4,98,33,133,1681,16173,3225,21073
LGA32310,20,381,54,455,23,216,50,279,33,450,69,557,66,522,96,689,85,514,92,694,80,628,96,796,70,502,101,674,32,233,75,341,9,52,16,76,417,3494,653,4562,21,351,62,433,17,221,31,273,71,490,69,629,117,543,80,736,140,581,103,820,155,519,91,764,86,453,105,638,10,243,82,335,0,100,25,133,611,3504,648,4761,41,733,116,893,36,436,78,553,103,938,142,1187,180,1063,171,1420,227,1090,192,1513,230,1146,185,1563,154,957,204,1313,43,478,157,675,9,156,42,211,1027,6997,1299,9327
LGA32330,3,63,0,73,0,42,13,51,7,54,6,66,6,57,3,67,3,57,4,64,9,37,3,42,0,8,0,8,0,3,0,3,0,0,0,0,28,320,32,374,3,55,3,60,4,46,15,65,5,76,3,83,4,69,5,80,11,50,3,66,5,36,0,44,3,25,0,27,0,5,0,5,0,5,0,5,39,360,25,433,5,116,5,134,10,94,20,122,16,124,11,148,10,122,8,146,14,109,8,121,8,72,3,82,3,32,0,37,0,10,0,10,0,5,0,5,65,683,57,807
LGA32450,4,67,17,88,4,88,14,103,11,233,59,308,19,192,47,262,12,192,37,243,13,180,39,229,5,100,29,129,0,23,8,28,3,3,7,11,69,1072,261,1397,3,47,15,64,3,75,20,100,13,193,39,245,15,129,26,167,13,137,19,168,15,119,31,159,7,58,16,77,3,19,11,30,0,3,3,7,69,769,183,1016,3,114,30,145,5,158,33,202,27,425,99,551,33,317,72,422,27,329,55,416,20,296,73,385,6,153,44,206,4,40,20,64,3,7,11,20,140,1838,435,2416
LGA32500,9,72,29,111,15,102,50,159,28,168,67,264,31,191,54,275,19,234,59,317,26,252,59,335,15,240,79,341,7,67,23,91,0,3,6,18,146,1336,421,1901,10,50,27,84,17,82,28,127,33,190,47,270,39,169,20,232,34,178,39,249,56,226,69,348,24,109,31,166,6,29,9,50,0,10,3,18,210,1048,278,1534,16,122,51,194,28,182,76,291,59,360,114,528,67,356,80,507,51,420,95,563,76,480,126,686,40,349,110,506,11,94,35,136,0,18,14,31,357,2381,698,3439
LGA32600,0,3,0,4,0,8,5,11,0,12,4,21,3,8,6,22,0,16,6,20,3,18,8,32,0,5,0,8,0,3,0,3,0,3,0,4,6,75,40,126,0,0,0,0,0,5,0,8,3,12,7,18,0,13,4,23,3,13,11,26,3,10,5,20,0,7,3,10,0,3,0,3,0,0,0,0,9,73,29,108,0,3,0,4,0,14,4,24,3,22,15,37,3,27,15,45,3,29,14,49,3,27,13,49,0,16,5,20,0,5,0,4,0,3,0,4,15,145,66,229
LGA32750,0,17,0,17,0,14,0,20,0,17,0,22,0,18,0,18,0,13,7,18,0,16,0,18,0,12,0,9,0,0,0,0,0,0,0,0,4,105,14,118,0,10,8,14,0,11,8,13,0,25,3,26,0,17,0,17,0,20,3,23,3,13,3,14,0,3,3,5,0,0,0,0,0,0,0,0,3,90,24,114,0,23,6,32,0,29,9,38,0,42,6,43,0,30,0,33,0,32,9,42,4,23,5,36,0,14,3,17,0,0,0,0,0,0,0,0,10,188,43,239
LGA32770,0,46,3,47,5,61,3,69,3,85,5,96,8,78,3,87,0,41,0,39,3,37,0,39,0,9,0,13,0,0,3,5,0,0,0,0,25,352,20,399,0,56,10,75,7,45,6,54,13,106,3,127,16,74,0,85,3,52,3,59,3,37,6,39,0,15,0,15,0,4,0,3,0,0,0,0,43,389,34,466,0,103,16,119,10,105,8,126,21,193,11,222,22,150,3,177,3,89,3,102,5,66,3,80,0,24,0,24,0,9,3,12,0,0,0,0,71,736,51,862
LGA32810,4,228,40,274,8,199,43,247,34,561,107,707,41,607,121,776,75,704,116,896,79,761,153,989,50,511,101,665,19,203,70,298,0,39,35,72,322,3804,789,4911,10,195,50,257,9,212,45,268,50,617,149,810,92,590,115,800,115,669,127,915,126,645,130,904,80,407,107,595,18,168,57,237,3,39,47,86,511,3530,830,4867,17,419,94,529,19,407,89,511,80,1177,259,1520,139,1195,239,1573,189,1378,237,1810,206,1398,283,1893,133,918,212,1259,37,366,127,535,3,78,77,159,828,7340,1618,9783
LGA33100,0,12,6,18,0,16,0,19,0,40,12,53,0,31,8,37,4,54,5,66,3,61,8,74,0,55,10,71,0,17,5,26,0,0,0,0,16,294,57,362,0,9,0,13,0,8,0,10,3,48,8,56,0,30,4,40,0,48,10,56,12,37,3,54,3,32,8,42,0,11,3,15,0,0,0,4,27,224,36,288,0,21,4,32,0,26,0,27,3,85,18,112,3,63,13,74,6,102,18,126,16,97,13,127,11,87,16,108,0,26,6,41,0,3,0,3,44,516,98,651
LGA33200,0,32,11,45,3,40,13,59,5,74,14,92,3,64,9,80,9,92,7,112,7,97,14,121,6,77,13,95,3,32,3,36,0,8,0,12,43,519,82,643,0,32,3,29,0,39,6,46,10,62,14,93,9,65,6,79,13,85,7,112,21,66,12,98,5,87,20,110,7,27,8,41,0,16,0,21,71,482,77,625,0,63,14,70,3,80,18,103,18,136,21,179,13,127,12,156,29,181,16,223,28,160,25,215,12,163,31,206,5,56,10,78,0,22,0,28,112,1000,158,1269
LGA33220,153,2349,333,2834,133,1772,304,2204,343,3317,568,4221,574,3885,661,5121,736,4721,632,6086,1068,5569,771,7402,950,6250,903,8103,434,2943,634,4007,76,743,224,1046,4455,31541,5027,41025,189,2267,279,2734,178,1708,177,2069,649,3455,360,4469,1031,4103,445,5584,1371,4935,548,6851,1812,5656,705,8170,1259,5862,910,8031,411,2889,706,4009,68,1129,310,1513,6979,32008,4445,43429,341,4608,611,5564,312,3483,485,4275,991,6768,926,8687,1598,7991,1105,10698,2107,9648,1178,12938,2881,11217,1476,15576,2211,12112,1811,16133,841,5836,1340,8018,145,1878,539,2553,11434,63551,9477,84458
LGA33360,73,1735,230,2038,73,1650,177,1893,226,3528,381,4141,343,3731,403,4470,398,3937,490,4831,416,3211,372,3994,198,1761,215,2175,92,633,127,849,13,138,35,186,1828,20330,2428,24583,80,1474,205,1760,76,1504,160,1739,384,3679,355,4414,518,3505,355,4376,615,3400,367,4380,520,2490,265,3275,251,1500,226,1980,70,654,146,873,11,256,54,325,2524,18464,2130,23119,153,3208,441,3803,147,3150,334,3638,613,7209,732,8552,861,7233,752,8849,1012,7346,856,9209,933,5701,637,7270,445,3264,439,4150,159,1289,270,1721,28,394,86,509,4349,38792,4559,47696
LGA33430,555,14965,1725,17242,733,15908,1692,18332,1998,31558,3533,37081,2838,31031,3111,36974,3530,29380,3090,36004,3469,24032,2730,30231,2508,20550,2544,25601,1251,9603,1809,12661,379,2894,1079,4345,17263,179912,21307,218486,765,14636,1505,16903,928,16299,1701,18929,3050,32800,3488,39337,4927,31643,3024,39593,5981,29903,3079,38965,6385,24643,2832,33851,3884,20685,2748,27312,1351,10369,2459,14181,290,5039,1972,7302,27561,186014,22815,236378,1320,29598,3230,34146,1660,32209,3394,37264,5045,64354,7024,76418,7764,62670,6139,76569,9516,59288,6170,74972,9851,48671,5560,64086,6392,41233,5289,52921,2603,19972,4268,26838,668,7929,3050,11643,44822,365925,44117,454866
LGA33610,10,247,40,296,3,241,22,273,38,484,79,597,46,485,65,596,74,565,90,726,77,588,89,758,42,397,87,529,22,218,56,300,6,55,18,85,327,3282,553,4156,8,235,54,296,13,227,28,271,59,568,76,697,93,482,69,644,112,499,65,676,109,459,87,656,65,384,94,540,29,207,59,288,6,99,27,129,497,3153,544,4201,20,487,90,595,20,470,50,547,93,1047,156,1292,139,966,136,1240,186,1058,160,1403,187,1046,175,1412,108,783,179,1069,49,427,117,591,16,157,39,216,823,6436,1096,8356
LGA33620,83,1200,167,1454,65,935,105,1105,164,1742,217,2127,277,1944,232,2453,427,2566,351,3347,524,2892,389,3812,405,2746,432,3587,161,1133,293,1579,36,276,113,427,2150,15434,2301,19878,79,1128,157,1367,81,892,89,1062,333,1810,195,2334,493,2047,214,2758,752,2555,322,3630,863,2692,348,3912,536,2487,397,3420,181,1040,317,1533,33,388,195,616,3342,15052,2240,20624,159,2326,325,2817,147,1830,193,2171,494,3555,413,4459,770,3994,453,5210,1178,5125,673,6976,1385,5589,741,7719,943,5235,831,7007,333,2170,604,3108,65,663,305,1037,5492,30485,4533,40504
LGA33800,14,298,49,365,19,217,29,256,34,369,41,443,57,415,44,514,96,583,73,747,124,690,85,899,88,622,100,806,28,372,71,477,11,115,34,161,472,3682,524,4669,13,238,34,283,17,157,27,192,41,324,40,403,93,406,44,539,157,554,59,773,201,560,74,826,113,504,93,707,46,381,93,520,13,197,46,253,693,3311,508,4506,33,532,81,647,32,373,47,449,71,692,75,842,148,816,85,1053,254,1132,137,1521,319,1251,157,1728,197,1126,191,1518,80,751,168,994,22,312,80,414,1159,6995,1027,9178
LGA33830,9,20,17,47,3,21,11,38,18,44,3,70,19,51,5,75,12,37,3,53,8,29,0,40,3,5,3,10,0,11,0,11,0,3,0,7,76,231,49,352,10,24,14,50,8,26,3,40,28,45,0,72,13,39,0,56,11,32,0,45,9,17,0,27,3,15,0,16,0,6,0,8,0,0,0,0,86,205,21,313,14,50,31,89,12,52,14,81,43,91,7,139,38,92,4,130,22,70,5,101,22,42,0,69,4,18,3,28,0,10,0,17,0,3,0,7,160,438,65,658
LGA33960,336,5861,700,6896,328,5966,649,6944,995,12155,1258,14403,1295,10525,1083,12896,1389,9614,998,12008,1311,7292,827,9436,709,4702,624,6041,291,2082,401,2776,70,627,143,835,6722,58831,6682,72237,389,5559,617,6562,530,5904,550,6989,1748,12701,1160,15608,2153,10244,919,13318,2256,9174,943,12371,2049,6786,785,9629,939,4664,685,6298,325,2554,518,3395,44,1145,224,1409,10433,58724,6414,75578,721,11421,1318,13460,862,11866,1202,13931,2743,24851,2422,30018,3450,20767,2006,26216,3647,18789,1944,24379,3364,14080,1613,19058,1656,9370,1310,12336,610,4639,921,6165,108,1767,368,2246,17158,117554,13096,147814
LGA33980,15,415,77,511,22,487,141,647,89,1517,508,2119,125,1471,386,1990,87,1199,317,1609,93,866,244,1202,28,355,83,473,9,98,25,130,0,21,3,26,470,6444,1788,8699,25,395,88,509,26,484,112,631,124,1507,258,1895,135,1148,196,1479,134,871,175,1177,105,549,89,751,31,241,50,325,9,99,21,128,0,36,7,49,586,5343,1010,6937,37,809,167,1020,46,973,256,1273,220,3027,766,4014,267,2625,583,3470,220,2075,494,2783,194,1415,339,1948,60,599,139,797,17,198,43,255,3,59,11,72,1061,11785,2801,15641
LGA34420,0,37,0,42,0,35,0,33,3,52,15,70,3,58,0,62,6,45,0,54,3,40,0,45,0,15,0,21,0,0,0,0,0,0,0,0,21,286,12,321,3,25,6,33,0,48,0,43,4,78,3,88,4,63,0,69,8,54,0,64,7,46,0,49,0,14,0,14,0,0,0,0,0,3,0,3,24,332,11,371,3,59,7,69,0,77,0,82,9,130,14,154,8,122,0,133,15,105,0,119,7,83,0,95,0,32,0,35,0,5,0,5,0,7,0,7,44,622,27,694
LGA34530,57,1007,146,1213,49,777,188,1017,113,1414,386,1908,174,1699,425,2293,291,2007,393,2690,333,2061,318,2713,179,1536,258,1969,80,649,161,888,20,175,95,289,1293,11320,2372,14985,46,965,121,1137,65,687,65,813,212,1457,135,1806,327,1702,159,2184,463,1967,238,2668,542,1820,225,2584,271,1366,221,1856,103,701,176,980,16,279,116,404,2043,10949,1446,14434,103,1973,267,2345,111,1463,254,1833,327,2874,524,3717,492,3396,587,4481,755,3982,623,5354,878,3882,541,5298,450,2904,472,3828,183,1351,341,1868,33,455,211,694,3330,22274,3812,29418
LGA34570,0,23,8,29,0,18,11,33,3,39,6,48,7,33,6,48,5,29,6,36,3,18,5,27,0,5,7,13,0,3,0,4,0,0,0,0,22,173,47,242,3,16,9,27,9,18,7,35,4,44,14,66,8,20,5,31,12,30,4,45,5,18,0,25,6,9,0,13,0,4,0,3,0,0,0,0,49,165,43,252,3,42,10,62,9,40,13,62,6,86,19,110,15,56,16,87,17,56,11,85,10,44,4,54,6,13,5,26,0,3,0,10,0,0,0,0,66,338,87,493
LGA34580,58,1124,178,1358,57,1000,160,1220,134,1831,359,2321,234,1733,290,2262,288,2076,291,2655,282,1874,279,2434,220,1525,274,2020,73,649,148,872,19,155,42,216,1360,11973,2016,15355,66,1120,175,1362,96,1148,130,1379,257,1884,192,2335,402,1711,225,2337,565,1952,267,2781,506,1639,229,2374,304,1368,260,1931,92,591,162,849,14,283,77,365,2300,11698,1706,15710,128,2239,362,2721,156,2155,287,2599,392,3715,543,4650,637,3442,519,4595,847,4024,558,5435,788,3517,510,4809,525,2897,529,3945,164,1242,313,1717,31,438,115,587,3666,23670,3729,31063
LGA34590,542,9426,1060,11036,593,9255,871,10720,1429,17612,1735,20778,1919,16778,1588,20280,1923,15427,1539,18890,1950,12725,1246,15930,1313,9118,1114,11543,481,3335,632,4447,91,957,213,1267,10237,94638,10009,114881,635,8779,1007,10416,740,8734,833,10312,2500,17727,1709,21942,3225,16315,1531,21072,3386,15216,1491,20095,3255,12420,1364,17038,1821,8949,1144,11915,441,3900,759,5103,59,1715,317,2089,16061,93754,10157,119965,1177,18205,2070,21444,1335,17991,1705,21029,3930,35343,3440,42713,5144,33088,3122,41352,5302,30647,3034,38980,5210,25142,2607,32961,3130,18063,2259,23460,916,7243,1390,9550,151,2671,536,3357,26295,188388,20166,234848
LGA34710,4,99,21,117,0,95,10,108,12,156,17,192,7,162,23,191,32,185,25,239,27,226,33,291,11,137,23,170,6,65,16,91,0,25,9,32,102,1154,175,1432,8,108,22,128,9,98,11,113,32,197,19,248,28,180,24,228,40,219,28,285,30,185,24,240,12,98,33,145,11,68,12,97,3,38,5,47,165,1194,178,1538,5,204,38,247,5,195,22,223,45,354,44,445,36,339,45,420,68,402,52,520,60,414,56,527,27,233,55,317,15,133,35,182,4,61,16,76,266,2347,352,2964
LGA34770,150,3190,394,3733,141,2882,352,3375,409,6336,918,7664,556,6176,969,7701,796,6817,1078,8692,807,5854,886,7547,442,3566,584,4591,196,1613,348,2158,39,472,101,618,3532,36904,5647,46089,142,3048,338,3531,176,2885,260,3323,741,6481,596,7821,921,6082,569,7576,1279,6310,670,8256,1275,5023,559,6863,635,3212,507,4356,260,1729,375,2364,41,853,133,1027,5475,35626,4015,45114,292,6242,732,7264,311,5773,615,6700,1156,12814,1515,15483,1479,12265,1539,15281,2071,13122,1753,16946,2089,10876,1450,14415,1075,6781,1093,8952,449,3336,725,4517,82,1326,239,1645,9004,72533,9666,91204
LGA34800,0,3,0,9,0,21,3,23,0,62,8,75,6,67,9,78,4,54,11,66,13,52,3,69,0,30,4,37,0,11,6,15,0,0,0,0,21,303,45,372,0,13,0,14,0,18,3,23,5,45,4,53,3,44,3,52,7,36,9,49,11,37,8,52,0,26,0,29,0,10,3,8,0,5,0,4,24,237,28,290,0,20,3,21,0,38,5,50,3,109,8,124,10,111,14,130,9,88,19,118,18,93,8,123,0,58,4,72,0,19,7,25,0,5,3,9,46,539,78,665
LGA34830,0,8,3,13,3,7,0,11,3,19,0,22,3,14,0,16,0,14,0,14,0,22,3,20,0,7,0,7,0,3,0,7,0,0,0,0,18,90,5,111,6,11,0,9,8,13,0,19,3,14,0,17,5,11,0,14,4,17,0,22,5,16,0,17,0,8,0,7,0,0,0,0,0,0,0,0,22,79,5,112,7,18,3,22,10,19,3,33,7,37,0,43,5,23,0,28,4,26,0,33,5,33,3,44,0,14,0,12,0,3,0,5,0,0,0,0,38,170,11,224
LGA34860,14,321,51,387,13,314,31,357,44,767,128,938,48,635,95,782,87,673,103,860,75,626,100,797,41,430,92,559,29,204,44,278,11,57,20,82,352,4033,657,5039,10,260,35,305,18,316,40,373,94,726,105,920,98,649,82,827,114,624,79,821,120,490,81,692,56,360,54,471,33,229,54,316,5,112,27,141,544,3770,554,4872,24,582,86,693,30,631,70,729,134,1497,227,1858,147,1284,183,1614,203,1298,180,1683,194,1122,178,1492,94,794,142,1027,56,434,97,589,14,167,48,225,893,7803,1211,9908
LGA34880,24,447,157,628,28,383,265,668,65,790,444,1301,116,903,363,1376,156,1137,291,1584,172,1181,250,1609,115,960,221,1297,40,486,150,678,14,124,40,179,731,6420,2175,9321,36,447,114,593,34,346,69,454,112,807,116,1037,198,912,146,1257,268,1056,194,1515,301,1028,182,1507,162,848,189,1197,58,425,108,595,4,167,28,202,1174,6034,1145,8358,59,895,267,1228,62,733,333,1128,180,1595,565,2339,319,1816,504,2635,424,2190,487,3100,472,2207,437,3117,274,1811,401,2489,102,912,260,1267,19,295,65,379,1907,12452,3319,17681
LGA35010,608,12406,1089,14105,626,11259,1071,12953,1649,21340,2095,25082,2498,23193,2060,27744,3127,23017,1912,28053,3164,18708,1663,23530,2313,15416,1763,19491,971,6466,1248,8676,226,1791,763,2783,15175,133586,13658,162425,712,11831,962,13497,853,11092,806,12746,2912,22313,1701,26921,4549,23659,1670,29875,5489,22612,1671,29770,5370,18525,1661,25551,3419,15670,1855,20933,988,7235,1643,9865,166,3001,1409,4580,24443,135932,13376,173755,1321,24239,2042,27602,1472,22351,1878,25704,4558,43653,3800,52002,7042,46850,3729,57623,8616,45625,3575,57823,8532,37231,3321,49090,5729,31082,3616,40430,1957,13695,2895,18548,389,4794,2180,7364,39620,269517,27033,336175
LGA35250,9,36,9,54,0,29,3,36,10,66,8,84,10,49,8,67,9,57,7,64,0,36,4,41,0,22,4,21,0,8,3,12,0,0,0,0,36,292,44,378,3,36,12,54,6,35,7,45,15,67,18,95,13,56,9,79,11,54,9,70,3,27,10,45,4,20,6,28,0,8,0,8,0,0,0,0,53,296,65,418,11,71,20,105,6,63,8,83,23,136,29,182,25,102,17,146,13,104,14,134,4,63,15,77,4,41,7,47,0,10,3,17,0,0,0,0,92,591,107,793
LGA35300,26,467,96,581,25,573,109,703,82,1434,276,1798,108,1055,167,1326,91,1018,196,1305,80,731,145,950,33,390,84,508,19,121,36,175,0,22,7,30,459,5807,1112,7372,34,413,88,536,36,583,79,699,124,1388,217,1732,119,987,156,1268,155,890,179,1229,87,558,106,750,50,277,65,397,10,122,31,160,0,40,12,53,612,5257,946,6820,58,880,179,1118,58,1157,187,1398,209,2822,492,3526,230,2045,326,2596,247,1913,374,2532,165,1281,254,1708,84,668,155,902,31,239,60,335,0,58,24,80,1075,11064,2052,14193
LGA35600,5,116,14,133,3,107,16,131,25,200,19,245,22,205,23,240,23,228,30,276,26,258,21,304,15,145,24,193,6,73,24,105,3,29,5,35,118,1357,183,1659,3,73,17,91,11,124,12,139,37,226,31,289,30,205,18,252,42,252,22,319,47,216,28,295,19,134,22,175,4,82,26,117,0,49,15,65,197,1354,195,1744,9,191,30,224,15,229,26,267,57,425,55,533,50,406,37,496,60,475,54,598,70,475,55,601,40,277,47,364,10,153,52,221,3,75,21,102,312,2713,377,3411
LGA35670,3,43,3,43,0,35,6,39,8,58,4,68,3,60,0,63,8,58,3,67,4,33,0,36,0,13,0,13,0,3,0,3,0,0,0,0,22,307,16,343,0,36,0,39,7,50,0,54,8,52,3,69,5,52,0,57,13,43,4,55,3,32,0,30,0,14,0,14,0,4,0,4,0,0,0,0,33,280,9,324,3,76,3,84,8,83,7,99,10,115,3,136,10,112,0,120,16,108,3,124,3,60,3,70,0,28,0,28,0,10,0,10,0,0,0,0,53,588,21,665
LGA35740,40,1319,113,1470,46,838,67,959,120,1606,142,1870,216,2460,261,2939,375,2917,303,3602,514,3168,324,4007,386,3118,349,3851,188,1326,231,1751,54,387,101,539,1931,17144,1902,20978,53,1186,126,1371,60,740,83,886,191,1703,127,2015,365,2620,221,3210,725,3360,274,4359,855,3258,320,4439,565,2920,306,3797,183,1338,290,1810,46,549,246,837,3044,17681,1994,22723,97,2504,239,2838,111,1584,153,1846,303,3310,266,3887,579,5086,477,6144,1102,6276,580,7959,1368,6427,653,8442,950,6040,662,7647,374,2665,521,3565,96,938,346,1373,4981,34826,3896,43702
LGA35760,8,223,46,277,12,171,33,218,41,411,98,549,47,393,81,520,73,579,115,766,94,591,99,785,73,570,119,762,49,262,106,416,10,90,29,124,401,3287,725,4408,8,218,33,261,26,169,40,228,58,393,58,508,95,409,73,574,107,505,91,700,150,509,82,740,108,457,121,685,45,213,106,359,3,105,50,162,607,2963,643,4213,18,435,88,538,36,339,70,444,103,799,155,1051,148,802,146,1091,179,1081,206,1467,243,1100,180,1525,179,1026,237,1442,88,475,209,772,9,197,86,292,1005,6249,1369,8625
LGA35780,18,93,17,129,14,91,8,112,15,154,13,180,13,107,13,138,11,110,13,134,10,86,4,96,3,40,3,42,0,5,0,8,0,6,0,6,85,682,75,844,7,99,15,122,23,107,6,136,30,180,13,223,29,130,12,170,17,117,7,145,8,76,7,96,0,32,0,38,0,8,0,10,0,0,0,0,120,748,66,926,22,190,31,246,40,197,7,241,46,332,22,401,38,238,28,307,28,224,23,277,22,161,14,190,5,71,5,82,3,15,0,13,0,6,0,6,204,1433,138,1768
LGA35790,9,96,11,114,9,94,7,116,20,133,7,163,17,119,7,142,20,139,7,171,6,70,3,82,5,29,0,38,0,3,0,5,0,0,0,0,100,690,45,825,11,93,9,108,11,94,6,111,23,157,4,188,23,106,3,131,21,120,7,150,20,93,4,115,3,29,0,31,0,4,0,4,0,0,0,0,111,690,32,833,15,186,12,223,25,194,15,232,41,284,18,347,39,217,7,268,45,265,15,325,28,163,4,199,9,60,0,69,0,10,0,8,0,0,0,0,206,1383,74,1662
LGA35800,3,22,8,30,0,30,0,32,9,69,8,84,9,68,14,88,10,80,10,103,17,126,16,160,12,80,15,105,3,38,15,61,0,4,9,11,63,519,83,668,0,26,3,33,0,46,10,54,8,81,4,97,10,63,7,79,17,108,10,129,21,98,19,134,13,69,7,89,0,22,5,28,0,6,9,18,68,518,77,661,5,50,14,67,3,72,8,83,13,150,15,176,16,130,16,164,25,186,15,234,40,223,31,294,23,146,27,198,7,63,21,89,0,11,12,29,133,1041,156,1325
LGA36070,0,25,3,28,3,14,0,20,3,29,3,36,4,58,7,60,10,56,3,63,0,30,0,33,3,12,0,16,3,3,0,7,0,0,0,0,28,234,12,273,0,17,6,22,7,29,0,39,11,43,4,63,3,52,0,56,9,34,0,45,3,29,0,27,11,12,0,19,4,0,0,8,0,0,0,0,46,215,11,275,4,44,7,50,8,47,0,53,18,75,3,100,7,109,7,122,17,89,3,109,6,58,0,64,12,27,0,41,7,4,0,9,0,0,0,0,75,450,22,553
LGA36150,0,20,3,20,0,24,0,23,4,51,6,58,4,34,3,37,0,69,6,71,11,46,9,62,3,35,12,46,0,4,0,9,0,3,0,3,24,276,31,340,0,4,3,4,4,18,0,20,8,53,3,65,9,32,0,45,11,52,5,76,5,30,6,51,3,20,0,25,3,12,3,17,0,9,0,9,48,235,29,307,0,25,3,33,4,44,0,48,13,98,9,122,11,64,0,78,16,124,10,143,19,78,16,112,9,53,9,73,3,14,3,26,0,9,0,9,72,514,58,648
LGA36250,192,4602,284,5083,188,3853,186,4228,482,6835,434,7745,802,7567,487,8854,1103,8402,562,10070,1321,7718,556,9594,885,5988,527,7403,359,2683,430,3477,101,843,289,1233,5440,48488,3759,57691,209,4210,225,4648,264,3524,175,3965,793,6836,391,8020,1398,7776,429,9606,1951,8693,475,11122,2219,7532,525,10278,1320,6043,592,7954,415,3074,588,4079,70,1483,493,2044,8658,49163,3896,61715,404,8814,510,9730,459,7381,356,8191,1272,13671,828,15769,2201,15344,917,18459,3058,17089,1039,21188,3543,15252,1077,19872,2211,12028,1121,15357,781,5762,1022,7557,172,2327,786,3279,14097,97654,7654,119405
LGA36300,0,22,6,23,0,24,7,33,3,60,8,73,4,33,6,38,4,40,8,48,0,54,5,61,3,27,3,35,3,6,3,14,0,4,0,8,14,278,45,336,0,6,5,14,0,28,0,32,4,60,0,70,3,30,5,40,10,40,8,55,10,35,3,44,0,22,7,22,0,17,8,20,0,4,0,4,29,243,36,302,0,28,12,34,0,50,6,63,8,118,12,140,7,62,13,81,10,84,12,110,11,88,9,107,5,48,12,63,3,29,8,36,0,8,0,8,46,518,75,638
LGA36370,134,2364,252,2745,148,2280,246,2672,334,4657,564,5555,410,3806,471,4686,584,3927,581,5093,637,3563,485,4686,347,2473,358,3182,171,1227,325,1727,37,389,151,582,2810,24684,3433,30920,172,2335,299,2805,180,2311,246,2737,557,4583,396,5538,757,3734,362,4859,997,3861,391,5253,986,3231,383,4597,448,2409,394,3249,209,1555,397,2161,38,740,258,1032,4342,24751,3131,32228,302,4693,549,5548,325,4594,493,5408,895,9237,962,11087,1168,7536,835,9543,1584,7790,974,10348,1624,6793,868,9284,797,4884,754,6434,382,2778,728,3889,75,1131,404,1609,7150,49432,6562,63147
LGA36510,54,1019,189,1264,46,737,99,883,108,1357,238,1700,229,1841,245,2318,372,2221,294,2886,366,2213,279,2856,257,1921,303,2483,101,900,171,1175,25,250,68,342,1559,12466,1896,15914,57,969,162,1184,55,727,92,879,211,1435,160,1802,448,1930,205,2590,605,2217,260,3079,617,2027,290,2936,347,1842,262,2451,119,867,199,1187,26,360,80,463,2485,12370,1721,16577,109,1988,352,2446,107,1466,190,1760,321,2787,400,3505,678,3774,454,4909,979,4433,560,5967,981,4241,574,5791,609,3762,563,4940,221,1765,376,2359,49,611,145,804,4035,24842,3612,32494
LGA36580,39,630,125,794,34,455,57,551,104,959,112,1173,157,1057,152,1365,200,1304,176,1685,261,1396,208,1869,189,1189,201,1578,53,498,109,664,8,112,29,149,1058,7609,1165,9833,53,523,102,677,52,485,71,607,172,979,111,1264,276,1062,139,1476,339,1196,155,1692,435,1226,180,1841,225,1024,180,1432,52,410,96,558,8,147,42,197,1612,7057,1071,9739,90,1152,231,1472,90,939,130,1153,277,1939,225,2439,436,2116,288,2836,539,2504,327,3375,699,2620,391,3711,418,2216,382,3015,107,912,204,1221,15,259,65,346,2665,14664,2235,19567
LGA36630,45,772,151,960,47,645,85,784,107,1178,151,1433,210,1242,204,1650,272,1572,233,2081,304,1729,210,2236,296,1762,301,2364,117,823,187,1130,19,228,61,307,1414,9940,1586,12944,46,705,98,854,56,626,62,737,214,1195,126,1529,382,1280,141,1800,468,1526,175,2170,558,1646,224,2421,357,1586,242,2187,120,689,194,995,15,329,60,407,2213,9577,1317,13109,90,1479,251,1816,103,1271,144,1523,318,2372,273,2962,591,2520,341,3454,740,3093,415,4249,857,3370,434,4663,655,3345,548,4548,229,1513,382,2129,34,559,124,715,3627,19519,2904,26054
LGA36660,55,949,159,1168,53,751,71,881,109,1299,158,1563,181,1385,129,1697,294,1720,179,2192,331,1942,220,2494,280,1861,255,2397,112,868,168,1149,31,233,61,336,1455,11011,1402,13866,65,822,100,993,70,671,59,807,229,1284,105,1617,347,1485,134,1962,493,1718,158,2374,538,1932,212,2688,366,1701,273,2339,125,965,200,1292,23,454,88,574,2266,11039,1334,14637,122,1773,261,2156,129,1426,130,1685,334,2579,262,3175,530,2867,259,3657,786,3435,338,4560,874,3879,435,5186,648,3562,531,4735,235,1833,376,2441,61,695,153,902,3722,22047,2740,28501
LGA36720,313,7839,763,8919,351,6652,626,7636,819,12977,1207,15006,1455,14928,1369,17752,1983,15878,1405,19269,2289,14629,1281,18202,1690,13229,1310,16222,959,6687,988,8634,268,2166,530,2964,10132,94987,9491,114603,401,7733,646,8786,432,6651,599,7683,1446,13651,1094,16190,2634,15582,1108,19329,3745,16798,1312,21851,4164,15033,1269,20471,2655,13530,1455,17643,1022,7263,1400,9692,201,3627,918,4749,16709,99875,9808,126390,712,15577,1410,17698,781,13301,1229,15316,2270,26627,2301,31195,4090,30509,2481,37079,5731,32676,2714,41119,6460,29669,2549,38678,4345,26757,2768,33866,1985,13957,2390,18330,469,5788,1450,7706,26839,194858,19295,240989
LGA36820,44,571,121,735,31,411,79,525,70,798,114,974,124,916,128,1165,185,1235,202,1613,225,1507,223,1947,172,1370,243,1791,76,649,150,872,18,179,52,259,945,7633,1302,9881,32,547,102,682,39,407,55,501,127,885,94,1100,217,1006,124,1345,348,1287,178,1807,393,1437,206,2033,252,1217,246,1715,82,633,159,876,21,275,70,366,1511,7696,1232,10442,78,1115,221,1413,71,823,131,1025,189,1679,205,2076,339,1916,251,2513,528,2515,377,3422,619,2943,428,3989,427,2591,489,3505,157,1285,307,1755,43,457,126,622,2458,15326,2536,20319
LGA36910,219,4655,568,5445,238,4534,463,5232,645,8327,780,9752,903,7533,746,9185,1128,7914,819,9859,1281,7256,831,9373,807,5901,782,7493,406,2984,675,4069,120,907,330,1351,5743,50019,5990,61751,243,4449,529,5225,356,4242,356,4947,1086,8278,684,10046,1506,7673,665,9848,2103,7783,729,10611,2230,7133,747,10111,1219,6200,898,8313,519,3501,860,4876,75,1664,716,2456,9339,50925,6173,66435,462,9107,1102,10668,590,8771,816,10175,1730,16608,1460,19795,2409,15207,1413,19030,3232,15696,1548,20471,3516,14395,1578,19490,2023,12107,1677,15810,927,6489,1536,8947,191,2566,1046,3802,15078,100946,12166,128188
LGA36950,5,115,36,158,13,105,34,147,13,197,83,295,22,145,37,208,6,151,41,198,6,143,30,178,0,50,15,71,0,21,4,24,0,3,0,8,68,931,281,1280,11,88,35,135,10,100,32,142,18,213,88,322,17,211,42,281,19,131,40,200,17,137,25,174,8,44,13,63,0,16,0,23,0,12,0,12,95,958,290,1348,14,201,67,289,21,205,69,289,34,413,175,621,38,361,80,485,32,286,82,396,23,276,52,356,8,101,30,132,0,34,8,46,0,16,3,14,172,1891,569,2627
LGA36960,9,110,73,198,13,153,18,187,27,268,63,360,26,192,31,246,16,202,17,230,10,149,17,177,9,63,8,78,4,26,0,24,0,4,0,5,111,1164,225,1503,12,93,50,153,20,154,49,226,29,266,41,340,29,193,20,245,24,148,18,191,22,149,14,184,4,74,6,83,4,23,0,26,0,7,0,7,143,1113,198,1450,20,210,123,350,30,312,63,406,55,538,103,699,57,377,52,492,37,353,36,422,28,301,28,353,14,134,11,165,7,49,0,51,0,10,0,6,253,2273,422,2954
LGA37010,288,5819,738,6847,311,6802,1088,8199,767,11385,1655,13808,995,9853,1294,12141,1301,9511,1212,12021,1254,7973,982,10207,701,5460,783,6950,277,2268,397,2940,77,658,158,890,5968,59723,8315,74006,324,5491,600,6414,415,6457,667,7538,1298,11537,1085,13920,1732,10027,937,12698,2145,9340,969,12460,2111,7372,821,10302,1109,4966,745,6814,366,2592,517,3474,55,1156,201,1417,9559,58937,6541,75042,612,11314,1338,13258,733,13257,1754,15741,2062,22923,2742,27731,2724,19880,2235,24836,3446,18855,2176,24477,3359,15347,1799,20507,1812,10425,1528,13761,647,4858,915,6417,129,1811,362,2305,15533,118667,14850,149046
LGA37300,8,84,13,104,9,98,18,127,11,309,33,355,18,314,43,380,19,276,38,332,4,171,28,201,0,36,7,50,0,7,0,7,0,0,0,0,67,1288,190,1550,10,89,25,118,0,86,14,93,12,305,30,355,20,265,35,318,17,220,37,274,7,89,15,111,3,27,5,38,0,5,0,5,0,0,0,0,78,1081,157,1317,10,172,40,221,5,181,29,221,27,611,67,710,42,574,76,695,37,491,71,608,17,254,44,316,8,67,18,84,0,9,0,9,0,0,0,3,146,2372,349,2866
LGA37310,56,877,168,1101,55,784,124,962,145,1683,294,2125,174,1667,282,2120,232,1771,308,2314,222,1518,285,2029,162,1181,274,1621,66,554,155,770,12,171,58,242,1121,10213,1958,13292,49,805,153,1005,61,762,105,938,219,1594,203,2018,301,1595,234,2123,387,1547,270,2198,375,1269,255,1896,199,992,245,1438,70,560,173,808,17,259,74,352,1678,9381,1714,12767,108,1683,323,2112,118,1545,236,1898,364,3278,493,4137,470,3262,519,4249,617,3319,576,4507,597,2789,541,3923,359,2168,519,3055,139,1118,326,1577,30,429,134,599,2799,19593,3667,26057
LGA37340,35,673,183,889,28,833,199,1064,111,2041,510,2663,146,1779,364,2286,173,1845,365,2382,221,1847,323,2395,122,1362,278,1762,58,474,131,665,14,117,43,176,903,10979,2406,14283,34,606,133,778,48,824,200,1076,179,1953,409,2544,245,1693,276,2221,281,1689,265,2231,339,1588,284,2203,183,1020,217,1418,49,451,135,636,8,179,78,263,1370,10004,2005,13380,70,1281,322,1666,77,1662,405,2143,288,3998,924,5211,394,3470,638,4505,454,3533,627,4619,555,3431,608,4598,302,2388,492,3178,106,931,266,1304,23,292,118,440,2269,20986,4406,27657
LGA37400,0,22,4,24,0,18,3,20,3,55,6,67,12,45,6,56,8,64,3,75,3,87,16,98,9,60,23,84,3,37,5,46,0,13,6,20,34,388,67,494,0,20,0,27,0,34,0,38,3,61,5,65,8,40,3,57,6,72,9,88,11,54,6,75,3,50,11,67,3,25,0,27,0,4,3,15,41,365,54,455,0,43,3,50,0,51,7,55,3,113,13,130,22,87,10,112,14,137,12,160,17,145,20,175,11,109,32,155,4,57,10,73,0,19,10,32,75,755,115,949
LGA37550,0,35,4,45,3,32,17,51,8,48,7,59,3,44,3,55,4,36,8,48,4,31,3,36,0,9,0,9,0,4,0,4,0,0,0,0,21,239,46,300,3,29,9,46,8,42,10,55,9,47,0,61,7,44,3,52,10,46,6,64,4,22,5,35,0,21,0,21,0,0,0,0,0,0,0,0,41,258,37,339,10,62,15,88,7,71,25,113,18,95,11,120,9,89,12,104,10,83,11,105,9,54,8,72,0,28,0,29,0,4,0,4,0,0,0,0,60,493,85,637
LGA37570,0,9,0,10,0,13,3,14,5,14,0,23,0,15,0,17,0,14,0,16,3,11,0,13,0,8,0,4,0,0,0,0,0,0,0,0,12,81,3,100,0,10,0,6,3,13,0,13,7,24,0,29,0,17,0,24,0,20,0,18,0,14,0,15,0,3,0,5,0,0,0,0,0,0,0,0,14,102,3,118,0,11,0,18,6,20,3,28,11,36,0,52,0,36,0,33,4,38,0,39,3,29,0,35,3,14,0,10,0,0,0,0,0,0,0,0,28,181,8,217
LGA37600,8,105,17,128,12,108,0,119,14,174,5,192,11,119,10,139,11,123,3,133,9,79,4,89,0,24,0,25,0,9,0,7,0,0,0,0,66,731,36,835,8,110,16,130,13,99,0,113,15,154,3,174,11,110,4,126,25,128,5,163,6,79,0,84,3,33,7,43,0,13,0,14,0,4,0,4,84,734,37,851,14,210,35,257,16,209,0,224,31,329,11,368,27,232,15,270,32,255,11,296,17,153,6,176,3,60,7,67,3,15,0,23,0,5,0,5,152,1461,76,1687
LGA39499,10,155,42,212,31,404,122,559,49,887,349,1288,40,587,339,964,68,617,290,975,89,797,269,1147,74,847,202,1120,9,164,50,225,0,14,3,19,373,4473,1660,6509,11,160,35,203,23,427,121,576,40,741,221,1005,50,324,139,514,79,461,154,688,135,896,196,1224,86,593,116,798,8,101,41,153,0,16,6,18,440,3701,1044,5179,17,308,80,408,57,830,241,1133,91,1627,570,2293,87,914,477,1485,147,1078,440,1663,221,1686,466,2373,155,1437,321,1916,23,258,95,381,0,24,16,44,807,8179,2705,11693
LGA39799,0,0,3,3,0,3,0,3,0,4,0,4,0,9,0,7,0,11,3,10,3,7,0,7,0,13,4,13,0,5,3,7,0,0,0,0,4,46,12,65,0,4,0,5,0,5,0,4,0,4,0,6,0,4,3,3,0,7,0,7,4,13,4,19,0,9,7,16,0,5,0,7,0,0,3,0,10,52,18,81,0,7,3,11,0,3,3,11,0,10,0,11,0,8,3,14,0,17,3,24,9,19,4,30,0,21,10,33,0,12,3,16,0,0,3,4,14,99,30,144
