LGA_CODE_2016,F_Health_Occ_Mng,F_Health_Occ_Pro,F_Health_Occ_TTW,F_Health_Occ_CPS,F_Health_Occ_CA,F_Health_Occ_Sal,F_Health_Occ_MOD,F_Health_Occ_Lab,F_Health_Occ_IDNS,F_Health_Total,F_Educat_Occ_Mng,F_Educat_Occ_Pro,F_Educat_Occ_TTW,F_Educat_Occ_CPS,F_Educat_Occ_CA,F_Educat_Occ_Sal,F_Educat_Occ_MOD,F_Educat_Occ_Lab,F_Educat_Occ_IDNS,F_Educat_Total,F_ManagCom_Occ_Mng,F_ManagCom_Occ_Pro,F_ManagCom_Occ_TTW,F_ManagCom_Occ_CPS,F_ManagCom_Occ_CA,F_ManagCom_Occ_Sal,F_ManagCom_Occ_MOD,F_ManagCom_Occ_Lab,F_ManagCom_Occ_IDNS,F_ManagCom_Total,F_SocietCultu_Occ_Mng,F_SocietCultu_Occ_Pro,F_SocietCultu_Occ_TTW,F_SocietCultu_Occ_CPS,F_SocietCultu_Occ_CA,F_SocietCultu_Occ_Sal,F_SocietCultu_Occ_MOD,F_SocietCultu_Occ_Lab,F_SocietCultu_Occ_IDNS,F_SocietCultu_Total,F_CreatArt_Occ_Mng,F_CreatArt_Occ_Pro,F_CreatArt_Occ_TTW,F_CreatArt_Occ_CPS,F_CreatArt_Occ_CA,F_CreatArt_Occ_Sal,F_CreatArt_Occ_MOD,F_CreatArt_Occ_Lab,F_CreatArt_Occ_IDNS,F_CreatArt_Total,F_FoodHospPersServ_Occ_Mng,F_FoodHospPersServ_Occ_Pro,F_FoodHospPersServ_Occ_TTW,F_FoodHospPersServ_Occ_CPS,F_FoodHospPersServ_Occ_CA,F_FoodHospPersServ_Occ_Sal,F_FoodHospPersServ_Occ_MOD,F_FoodHospPersServ_Occ_Lab,F_FoodHospPersServ_Occ_IDNS,F_FoodHospPersServ_Total,F_MixFieldProg_Occ_Mng,F_MixFieldProg_Occ_Pro,F_MixFieldProg_Occ_TTW,F_MixFieldProg_Occ_CPS,F_MixFieldProg_Occ_CA,F_MixFieldProg_Occ_Sal,F_MixFieldProg_Occ_MOD,F_MixFieldProg_Occ_Lab,F_MixFieldProg_Occ_IDNS,F_MixFieldProg_Total,F_FS_ID_Occ_Mng,F_FS_ID_Occ_Pro,F_FS_ID_Occ_TTW,F_FS_ID_Occ_CPS,F_FS_ID_Occ_CA,F_FS_ID_Occ_Sal,F_FS_ID_Occ_MOD,F_FS_ID_Occ_Lab,F_FS_ID_Occ_IDNS,F_FS_ID_Total,F_FS_NS_Occ_Mng,F_FS_NS_Occ_Pro,F_FS_NS_Occ_TTW,F_FS_NS_Occ_CPS,F_FS_NS_Occ_CA,F_FS_NS_Occ_Sal,F_FS_NS_Occ_MOD,F_FS_NS_Occ_Lab,F_FS_NS_Occ_IDNS,F_FS_NS_Total,F_Tot_Occ_Mng,F_Tot_Occ_Pro,F_Tot_Occ_TTW,F_Tot_Occ_CPS,F_Tot_Occ_CA,F_Tot_Occ_Sal,F_Tot_Occ_MOD,F_Tot_Occ_Lab,F_Tot_Occ_IDNS,F_Total_Total,P_NatPhySci_Occ_Mng,P_NatPhySci_Occ_Pro,P_NatPhySci_Occ_TTW,P_NatPhySci_Occ_CPS,P_NatPhySci_Occ_CA,P_NatPhySci_Occ_Sal,P_NatPhySci_Occ_MOD,P_NatPhySci_Occ_Lab,P_NatPhySci_Occ_IDNS,P_NatPhySci_Total,P_InfoTechn_Occ_Mng,P_InfoTechn_Occ_Pro,P_InfoTechn_Occ_TTW,P_InfoTechn_Occ_CPS,P_InfoTechn_Occ_CA,P_InfoTechn_Occ_Sal,P_InfoTechn_Occ_MOD,P_InfoTechn_Occ_Lab,P_InfoTechn_Occ_IDNS,P_InfoTechn_Total,P_EngRelTech_Occ_Mng,P_EngRelTech_Occ_Pro,P_EngRelTech_Occ_TTW,P_EngRelTech_Occ_CPS,P_EngRelTech_Occ_CA,P_EngRelTech_Occ_Sal,P_EngRelTech_Occ_MOD,P_EngRelTech_Occ_Lab,P_EngRelTech_Occ_IDNS,P_EngRelTech_Total,P_ArchitBuild_Occ_Mng,P_ArchitBuild_Occ_Pro,P_ArchitBuild_Occ_TTW,P_ArchitBuild_Occ_CPS,P_ArchitBuild_Occ_CA,P_ArchitBuild_Occ_Sal,P_ArchitBuild_Occ_MOD,P_ArchitBuild_Occ_Lab,P_ArchitBuild_Occ_IDNS,P_ArchitBuild_Total,P_AgriEnviRelStu_Occ_Mng,P_AgriEnviRelStu_Occ_Pro,P_AgriEnviRelStu_Occ_TTW,P_AgriEnviRelStu_Occ_CPS,P_AgriEnviRelStu_Occ_CA,P_AgriEnviRelStu_Occ_Sal,P_AgriEnviRelStu_Occ_MOD,P_AgriEnviRelStu_Occ_Lab,P_AgriEnviRelStu_Occ_IDNS,P_AgriEnviRelStu_Total,P_Health_Occ_Mng,P_Health_Occ_Pro,P_Health_Occ_TTW,P_Health_Occ_CPS,P_Health_Occ_CA,P_Health_Occ_Sal,P_Health_Occ_MOD,P_Health_Occ_Lab,P_Health_Occ_IDNS,P_Health_Total,P_Educat_Occ_Mng,P_Educat_Occ_Pro,P_Educat_Occ_TTW,P_Educat_Occ_CPS,P_Educat_Occ_CA,P_Educat_Occ_Sal,P_Educat_Occ_MOD,P_Educat_Occ_Lab,P_Educat_Occ_IDNS,P_Educat_Total,P_ManagCom_Occ_Mng,P_ManagCom_Occ_Pro,P_ManagCom_Occ_TTW,P_ManagCom_Occ_CPS,P_ManagCom_Occ_CA,P_ManagCom_Occ_Sal,P_ManagCom_Occ_MOD,P_ManagCom_Occ_Lab,P_ManagCom_Occ_IDNS,P_ManagCom_Total,P_SocietCultu_Occ_Mng,P_SocietCultu_Occ_Pro,P_SocietCultu_Occ_TTW,P_SocietCultu_Occ_CPS,P_SocietCultu_Occ_CA,P_SocietCultu_Occ_Sal,P_SocietCultu_Occ_MOD,P_SocietCultu_Occ_Lab,P_SocietCultu_Occ_IDNS,P_SocietCultu_Total,P_CreatArt_Occ_Mng,P_CreatArt_Occ_Pro,P_CreatArt_Occ_TTW,P_CreatArt_Occ_CPS,P_CreatArt_Occ_CA,P_CreatArt_Occ_Sal,P_CreatArt_Occ_MOD,P_CreatArt_Occ_Lab,P_CreatArt_Occ_IDNS,P_CreatArt_Total
LGA30250,0,6,0,3,3,0,0,0,0,10,0,5,0,3,0,0,0,0,0,13,0,0,3,0,3,0,0,0,0,9,0,0,0,6,0,0,0,4,0,16,0,0,0,0,0,0,0,0,0,3,0,0,0,0,0,0,0,0,0,3,0,0,0,0,0,0,0,0,0,0,0,0,0,0,0,0,0,0,0,0,0,0,0,3,0,0,0,0,0,6,3,18,3,16,10,3,0,3,0,58,0,0,0,0,0,0,0,0,0,0,0,0,0,0,0,0,0,0,0,0,0,0,6,0,0,0,0,0,0,15,4,0,8,0,0,0,0,0,0,21,0,0,3,0,0,0,0,0,0,8,0,6,0,3,3,0,0,0,0,15,4,9,0,3,3,0,0,0,0,15,3,0,3,0,4,3,0,0,0,14,0,3,0,20,6,0,0,4,0,33,0,0,0,0,0,0,0,0,0,3
LGA30300,21,71,0,17,16,0,0,3,0,124,23,66,0,22,10,0,0,3,0,126,17,7,3,3,38,15,0,10,0,94,12,17,0,21,8,7,0,4,0,72,0,3,0,0,3,0,0,3,0,10,7,0,7,12,9,3,0,3,0,40,0,0,0,0,0,0,0,0,0,0,0,0,0,0,4,0,0,0,0,4,3,0,0,0,0,11,0,8,0,25,109,174,15,87,97,37,5,33,5,562,4,0,0,3,3,0,0,3,0,13,0,0,0,0,0,0,0,0,0,4,40,11,91,0,3,12,21,27,3,209,14,3,16,0,0,0,3,13,0,50,87,20,12,4,12,7,8,22,0,176,23,81,0,26,16,0,0,6,0,157,27,78,0,22,10,0,0,3,0,133,47,11,3,7,44,14,3,14,0,151,13,26,0,37,8,8,8,7,0,109,0,3,0,0,3,0,0,3,0,12
LGA30370,49,123,3,48,21,5,3,15,0,272,56,208,3,42,25,5,7,7,3,344,54,53,13,22,163,24,16,30,7,382,18,36,3,81,37,9,3,19,0,195,3,8,0,0,5,0,0,0,0,18,22,6,37,28,24,21,3,14,0,159,0,0,0,0,0,0,0,0,0,3,4,0,0,0,0,0,0,0,0,9,11,0,7,10,9,6,5,12,11,72,253,467,91,235,307,81,41,121,18,1615,8,16,8,7,4,0,0,3,3,48,3,4,4,0,3,0,0,3,0,20,144,81,661,7,26,9,166,76,12,1184,27,0,65,3,5,4,37,38,0,186,120,25,17,5,13,19,27,44,0,275,56,150,12,58,21,5,11,17,0,332,65,235,3,42,26,5,14,3,3,400,104,77,24,34,171,34,37,40,4,518,21,47,17,93,37,9,14,27,0,258,6,12,7,3,5,0,3,3,0,33
LGA30410,12,31,0,20,9,4,0,0,0,71,12,39,0,16,3,0,0,0,0,73,14,7,3,3,29,5,0,3,0,66,3,10,0,25,7,0,0,9,0,60,0,0,0,3,0,0,0,0,0,3,4,0,3,4,3,0,0,4,0,23,0,0,0,0,0,0,0,0,0,0,3,0,0,0,0,0,0,0,0,3,3,0,0,3,3,3,0,5,0,13,63,86,13,71,60,19,8,31,4,359,0,0,0,0,0,0,0,3,0,3,0,0,0,0,5,0,0,0,0,4,30,24,46,3,5,3,15,18,3,159,7,3,31,0,0,0,6,11,0,59,34,3,3,0,3,0,8,20,0,71,18,36,4,24,4,4,0,0,0,91,15,52,0,16,7,0,0,0,0,87,22,6,4,6,36,11,0,8,0,92,5,14,0,30,10,0,0,9,0,73,3,0,0,3,0,0,0,0,0,7
LGA30450,0,0,0,0,0,0,0,0,0,4,0,3,0,0,0,0,0,0,0,6,0,0,0,0,0,0,0,0,0,7,3,0,0,0,0,0,0,0,0,5,0,0,0,0,0,0,0,0,0,3,0,0,0,0,0,0,0,0,0,3,0,0,0,0,0,0,0,0,0,0,0,0,0,0,0,0,0,0,0,0,0,0,0,0,3,0,0,0,0,3,5,3,0,0,11,0,0,4,0,32,0,0,0,0,0,0,0,0,0,0,0,0,0,0,0,0,0,0,0,0,0,4,3,0,0,0,0,0,0,11,0,0,3,0,0,0,3,0,0,8,3,0,5,0,0,0,0,8,0,11,0,0,0,0,0,0,0,0,0,5,0,0,0,0,0,0,0,0,0,9,3,0,0,0,0,0,0,0,0,11,3,0,0,0,0,0,0,0,0,6,0,0,0,0,0,0,0,0,0,4
LGA30760,10,24,0,12,3,0,0,3,0,57,8,21,0,11,6,0,0,0,0,48,13,3,3,0,19,5,0,4,3,54,5,3,0,18,3,3,0,0,0,40,0,0,0,0,0,0,0,0,0,3,3,0,0,0,0,3,0,0,0,15,0,0,0,0,0,0,0,0,0,0,0,0,0,0,0,0,0,0,0,0,0,0,0,0,3,3,0,0,0,11,56,59,10,47,44,19,4,11,4,250,0,0,0,3,0,0,0,0,0,4,0,0,0,0,0,0,0,3,0,4,16,4,30,4,3,6,6,8,4,74,3,0,10,0,0,0,3,4,0,23,31,3,5,0,3,7,8,9,0,65,10,28,0,16,3,0,0,3,0,65,9,25,0,13,6,0,0,0,0,56,25,6,6,3,21,12,0,4,3,77,5,4,0,25,3,3,0,4,0,49,0,0,0,0,0,0,0,0,0,3
LGA30900,4,0,0,0,0,0,0,0,0,6,0,3,0,0,0,0,0,0,0,4,4,0,3,0,4,0,0,4,0,14,0,0,0,0,0,0,0,0,0,8,0,0,0,0,0,0,0,0,0,0,0,0,0,0,0,0,0,0,0,3,0,0,0,0,0,0,0,0,0,0,0,0,0,0,0,0,0,0,0,0,0,0,0,0,0,0,0,0,0,0,6,8,3,4,6,0,0,11,0,49,0,0,0,0,0,0,0,0,0,0,0,0,0,0,0,0,0,0,0,0,3,0,3,0,0,0,3,4,0,17,0,0,0,0,0,0,3,0,0,4,3,0,0,0,0,0,0,16,0,17,4,0,0,0,0,0,0,0,0,6,3,7,0,0,0,0,0,0,0,13,3,0,3,4,4,0,0,4,0,22,0,0,0,0,0,0,0,0,0,8,0,0,0,0,0,0,0,0,0,0
LGA31000,1507,25057,875,4737,2520,964,90,518,210,36485,1829,15303,201,3223,2017,522,41,319,135,23594,9757,14620,860,4118,18014,4992,323,1710,617,55010,3211,12809,544,7990,5887,1585,149,1032,345,33551,1498,4963,546,1232,1977,1375,70,350,125,12144,1092,435,2562,2333,1919,1251,88,713,102,10502,17,27,9,57,74,59,4,39,7,292,349,743,134,306,607,206,33,112,69,2550,234,433,121,462,546,310,42,259,498,2903,21858,84532,7720,25886,36334,12482,1081,6076,2330,198312,2219,8772,1393,932,1396,681,240,534,184,16350,2922,9709,1902,616,1410,752,469,800,295,18879,8084,16120,18177,1557,2854,1982,3261,3798,652,56491,3832,4472,9322,555,1213,752,740,1689,255,22823,825,1466,1078,300,585,294,258,662,76,5539,2505,35560,1288,6316,2860,1225,297,848,343,51238,2848,19933,460,3668,2325,697,234,520,209,30906,22884,28880,2939,6149,24152,9252,2549,4098,1246,102153,6068,21334,1356,11627,7912,2606,834,2022,624,54388,2542,8575,1673,1886,2672,2157,410,935,214,21071
LGA31750,3,0,0,0,0,0,0,0,0,5,0,6,0,0,0,0,0,0,0,3,5,3,0,3,11,0,0,0,0,24,3,0,0,0,0,0,0,0,0,7,0,0,0,0,0,0,0,0,0,0,0,0,0,0,3,0,0,0,0,3,0,0,0,0,0,0,0,0,0,0,0,0,0,0,0,0,0,0,0,0,0,0,0,0,0,0,0,0,0,3,14,6,3,3,12,4,3,8,3,56,0,0,0,0,0,0,0,0,0,3,0,0,0,0,0,0,0,0,0,0,3,0,13,0,3,0,3,5,0,30,3,0,0,0,0,0,0,3,0,10,7,0,0,0,3,0,3,9,0,16,3,0,0,0,0,0,0,0,0,8,0,6,0,0,0,0,0,0,0,3,5,3,0,3,7,0,0,0,0,27,3,0,0,0,3,0,0,0,0,14,0,0,0,0,0,0,0,0,0,0
LGA31820,94,1232,63,439,138,44,10,50,12,2084,114,1008,10,359,103,25,3,35,5,1658,322,274,48,184,899,329,22,160,19,2259,107,270,15,891,197,85,7,140,14,1721,19,57,16,19,18,19,3,24,0,171,80,20,236,182,97,91,16,99,8,833,0,3,0,3,3,3,0,0,3,14,12,13,11,6,15,11,3,18,3,84,16,25,8,52,47,39,3,45,39,278,813,3026,503,2169,1621,704,73,651,104,9660,44,114,70,29,28,15,6,26,0,327,34,92,57,15,34,45,18,36,3,344,439,241,1851,68,112,135,547,449,50,3889,240,46,762,32,49,40,117,239,22,1550,142,105,102,17,40,34,73,145,9,671,135,1682,81,544,149,58,13,66,19,2747,179,1395,28,392,114,23,24,50,10,2212,621,456,115,239,1017,452,103,264,36,3306,155,415,48,1128,225,124,34,199,14,2350,25,90,29,22,20,27,8,35,0,264
LGA31900,14,151,12,76,26,6,0,6,0,291,32,207,0,51,32,4,0,7,0,335,57,64,3,39,165,50,4,35,4,420,25,38,7,133,37,11,8,20,0,263,3,15,0,6,3,3,0,4,0,37,13,5,45,31,15,23,4,21,3,162,0,0,0,0,0,0,0,0,0,3,5,3,0,0,3,0,0,0,0,9,5,4,3,8,8,14,0,14,7,73,160,521,104,353,306,112,27,136,22,1747,16,14,23,6,8,0,3,5,4,80,5,3,3,3,3,3,0,0,0,17,223,63,577,20,21,28,234,130,18,1326,50,6,113,3,0,0,40,45,3,266,56,32,25,8,9,0,16,30,3,171,17,191,12,93,21,6,6,15,0,360,49,257,5,56,32,3,3,14,0,406,109,94,9,45,175,61,10,61,4,570,32,50,6,162,38,15,12,28,4,337,3,16,3,8,3,3,3,8,0,52
LGA31950,3,0,0,0,0,0,0,0,0,3,0,0,0,0,0,0,0,0,0,4,4,0,0,0,3,0,0,0,0,10,3,4,0,0,0,0,0,0,0,9,0,0,0,0,0,0,0,0,0,0,0,0,0,0,0,0,0,0,0,3,0,0,0,0,0,0,0,0,0,0,0,0,0,0,0,0,0,0,0,0,0,0,0,0,0,0,0,0,0,0,12,7,0,3,4,0,3,3,0,41,0,0,0,0,0,0,0,0,0,0,0,0,0,0,0,0,0,0,0,0,0,0,6,0,3,0,3,0,0,20,0,0,0,0,0,0,0,0,0,3,0,3,0,0,0,0,0,4,0,8,3,0,0,0,0,0,0,0,0,3,0,0,0,0,3,0,0,0,0,3,9,0,0,3,3,0,0,0,0,18,3,4,0,3,0,0,0,0,0,10,0,0,0,0,0,0,0,0,0,0
LGA32080,136,2825,139,913,310,152,11,90,30,4615,248,2053,23,611,217,83,10,44,21,3321,886,919,110,540,2363,804,36,238,58,5950,314,1035,65,1613,605,266,24,184,33,4134,97,261,40,120,123,95,7,34,7,782,202,47,516,471,344,288,30,187,14,2100,4,4,0,6,6,5,3,5,0,35,20,55,20,46,55,21,0,15,4,236,34,69,25,119,88,92,5,92,95,622,2100,7752,1170,4627,4405,1951,178,1017,288,23488,145,489,156,136,128,50,19,55,7,1203,100,221,140,59,85,67,37,55,17,780,959,1243,3958,370,351,336,786,688,138,8827,530,178,1812,99,103,107,227,380,49,3486,126,169,263,70,91,72,80,157,26,1062,240,3903,197,1163,350,187,54,121,59,6268,386,2721,79,707,254,104,52,79,31,4411,1731,1569,316,819,2717,1146,230,393,98,9025,525,1548,148,2209,733,331,101,283,53,5925,147,409,108,166,143,138,21,75,14,1222
LGA32250,7,18,3,11,4,0,0,4,0,47,4,19,0,11,0,0,0,0,0,35,8,3,3,4,17,0,0,3,0,40,0,3,0,14,9,0,0,0,0,28,0,0,0,0,0,0,0,0,0,4,0,0,3,0,5,3,0,0,0,12,0,0,0,0,0,0,0,0,0,0,0,0,0,0,0,0,0,0,0,3,0,3,0,0,3,0,0,3,0,10,26,51,9,47,38,4,0,19,3,199,0,0,0,0,0,0,0,0,0,0,0,0,0,3,0,0,0,0,0,6,15,14,35,3,4,0,13,18,0,106,7,0,17,0,0,0,3,3,0,26,10,3,7,0,3,0,0,10,0,29,7,18,3,15,4,0,0,4,0,49,8,30,0,12,3,0,0,0,0,51,10,7,4,10,21,4,0,5,3,60,0,7,0,23,13,0,0,0,0,42,0,0,0,0,0,0,0,0,0,5
LGA32260,31,221,16,119,29,19,8,20,4,466,38,311,6,108,31,12,0,13,0,531,83,74,16,58,289,104,10,75,5,716,42,101,10,214,70,30,8,42,3,514,9,19,10,9,6,6,0,15,0,76,30,3,74,46,25,34,0,49,3,261,4,0,0,0,0,0,0,3,0,12,4,9,0,3,4,0,3,7,0,36,11,13,7,27,19,20,0,34,12,144,293,797,163,615,521,243,34,311,30,3013,28,35,22,8,15,3,3,12,6,126,10,11,13,4,9,4,0,13,0,58,282,92,719,33,39,59,250,211,21,1698,113,7,235,8,11,16,56,91,16,552,101,63,41,10,30,10,24,87,3,373,42,289,21,151,30,23,14,31,7,609,62,397,11,122,42,20,7,16,0,677,151,122,32,74,309,126,27,108,4,960,63,138,9,268,71,37,15,73,6,679,17,23,13,13,7,8,3,20,0,104
LGA32270,63,214,20,85,55,20,3,20,5,474,83,392,6,91,43,12,3,17,0,645,92,104,20,52,306,81,19,58,3,730,43,64,15,137,78,32,9,35,0,395,7,16,3,5,17,5,0,0,0,56,24,3,69,55,48,34,10,26,3,283,3,0,0,0,0,0,0,0,0,4,7,7,4,4,11,0,3,3,0,35,10,9,9,24,18,26,0,21,3,118,372,891,182,466,626,215,91,238,26,3113,22,64,17,12,13,4,9,8,0,145,5,7,17,3,6,3,3,5,0,54,254,199,1366,13,39,33,484,116,36,2550,65,14,150,4,13,4,152,42,9,460,171,67,30,14,35,14,72,78,3,486,75,266,25,101,55,17,16,20,5,584,110,466,17,96,40,12,28,22,8,793,192,162,68,73,333,100,67,77,7,1076,48,86,17,176,82,31,29,43,4,520,8,20,7,5,22,6,7,5,0,83
LGA32310,14,114,14,67,14,5,0,5,0,241,24,184,0,35,15,5,0,3,0,275,43,29,12,17,81,22,0,8,0,215,12,35,7,67,18,8,3,9,0,162,3,6,0,0,0,0,0,0,0,14,8,4,24,22,8,6,0,7,0,74,0,0,0,0,0,0,0,0,0,3,3,3,0,3,3,0,0,3,0,9,7,7,3,13,3,5,0,6,0,49,132,405,78,242,166,68,6,63,8,1156,6,24,9,4,0,4,0,0,0,50,4,8,6,3,0,7,0,0,0,28,76,23,261,11,11,18,94,58,7,562,26,0,78,3,4,0,15,27,3,157,27,17,17,8,10,12,11,33,3,128,20,153,17,80,17,5,4,4,0,304,45,236,0,46,20,5,5,6,6,365,70,38,15,20,91,31,10,8,0,288,15,51,6,85,18,12,3,18,0,215,3,11,0,3,0,0,0,0,0,16
LGA32330,0,0,0,3,0,0,0,0,0,5,0,3,0,3,0,0,0,0,0,4,3,0,0,0,3,0,0,0,0,5,0,0,4,4,0,0,0,0,0,13,0,0,0,0,0,0,0,0,0,0,0,0,0,0,0,0,0,0,0,0,0,0,0,0,0,0,0,0,0,0,0,0,0,0,0,0,0,0,0,0,0,0,0,0,0,0,0,0,0,0,5,8,4,18,3,0,0,0,0,33,0,0,0,0,0,0,0,0,0,0,0,0,0,0,0,0,0,0,0,0,0,0,0,0,0,0,0,3,0,4,0,0,7,0,0,0,0,3,0,14,0,0,0,0,0,0,0,0,0,0,0,0,0,3,0,0,0,0,0,5,0,4,0,9,0,0,0,0,0,11,3,0,0,3,3,0,0,0,0,5,0,0,4,7,0,0,0,0,0,11,0,0,0,0,0,0,0,0,0,0
LGA32450,3,21,3,11,5,4,5,4,0,48,3,39,0,7,5,0,0,0,0,65,11,10,0,3,24,8,7,3,0,69,3,6,0,13,9,0,3,7,0,37,0,0,0,4,3,0,0,0,0,13,3,0,0,7,8,0,3,0,0,24,0,0,0,0,0,0,0,0,0,0,0,3,0,0,3,0,0,0,0,8,3,0,0,3,8,0,0,0,0,14,27,102,20,47,63,17,15,24,0,319,3,13,3,6,0,0,0,3,0,31,0,0,0,3,0,0,0,0,0,5,28,47,123,0,3,0,66,19,0,291,3,3,22,0,0,3,10,12,0,61,11,10,0,3,5,3,0,12,0,46,3,26,3,7,5,4,6,3,0,61,5,50,0,7,5,0,4,0,0,73,20,19,6,3,32,8,9,6,0,109,4,12,0,17,10,0,3,7,0,50,0,4,0,3,3,0,0,0,0,17
LGA32500,7,56,3,14,4,0,0,6,0,104,3,54,3,15,6,6,0,3,0,89,22,9,3,16,41,10,0,9,3,101,10,16,0,34,8,3,0,5,3,78,3,6,0,5,3,0,0,6,0,23,4,0,5,10,3,3,0,7,0,43,0,0,0,0,0,0,0,0,0,0,0,0,0,0,3,0,0,0,0,10,4,9,3,3,7,3,0,8,3,34,58,159,24,102,84,32,6,62,13,531,5,8,0,3,3,0,0,0,0,25,0,3,0,0,0,6,0,0,0,6,35,19,74,3,12,3,33,28,4,215,18,4,43,0,5,4,5,9,0,91,12,25,6,3,7,0,7,21,3,81,9,79,3,21,5,0,0,6,0,131,10,75,3,15,6,6,0,3,0,120,31,14,6,22,37,8,0,22,3,147,6,23,0,38,14,5,0,13,3,104,5,8,0,5,7,3,0,6,0,36
LGA32600,0,0,0,0,0,0,0,0,0,5,0,0,0,0,0,0,0,0,0,0,0,0,0,0,0,0,0,3,0,5,0,0,0,3,3,0,0,0,0,4,0,0,0,0,0,0,0,0,0,0,0,0,0,0,0,0,0,0,0,3,0,0,0,0,0,0,0,0,0,0,0,0,0,0,0,0,0,0,0,0,0,0,0,0,0,0,0,0,0,0,7,0,3,8,3,0,0,7,0,23,0,0,0,0,0,0,0,0,0,0,0,0,0,0,0,0,0,0,0,0,3,0,3,0,0,0,3,0,0,12,0,0,0,0,0,0,0,0,0,3,9,0,0,0,0,0,3,0,0,10,0,0,0,0,0,0,0,0,0,3,0,4,0,0,0,0,0,0,0,7,0,0,0,0,0,0,0,3,0,7,0,0,0,3,3,0,0,0,0,7,0,0,0,0,0,0,0,0,0,0
LGA32750,0,0,0,0,0,0,0,0,0,4,0,3,0,0,0,0,0,0,0,3,0,0,0,0,4,0,0,0,0,12,0,0,0,0,4,0,0,0,0,4,0,0,0,0,0,0,0,0,0,3,0,0,0,4,0,0,0,0,0,7,0,0,0,0,0,0,0,0,0,0,0,0,0,0,0,0,0,0,0,0,0,0,0,0,0,0,0,0,0,0,4,3,3,8,9,0,0,11,0,41,0,0,0,0,0,0,0,0,0,0,0,0,0,0,0,0,0,0,0,0,7,0,6,0,0,0,0,0,0,19,0,0,0,0,0,0,3,3,0,3,3,3,3,0,3,0,0,3,0,14,3,0,0,0,0,0,0,0,0,5,0,3,0,0,0,0,0,0,0,9,3,0,0,3,6,0,0,0,0,11,0,0,0,0,4,0,0,0,0,4,0,0,0,0,0,0,0,0,0,3
LGA32770,0,3,0,10,0,0,0,0,0,11,3,16,0,0,0,0,0,0,0,25,0,0,0,0,4,0,0,0,3,7,3,0,0,7,3,0,0,0,0,15,0,0,0,0,0,0,0,0,0,0,0,0,0,0,0,0,0,0,0,0,0,0,0,0,0,0,0,0,0,0,0,0,0,0,0,0,0,0,0,0,0,0,0,3,0,0,0,0,0,5,7,23,0,20,12,0,0,0,4,62,0,0,0,0,0,0,0,0,0,0,0,0,0,0,0,0,0,0,0,0,0,0,3,0,0,0,0,4,0,12,0,0,0,0,0,0,0,0,0,4,0,0,0,0,0,0,0,0,0,3,0,3,0,5,0,0,0,0,0,14,3,26,0,0,0,0,0,0,0,32,0,0,0,0,4,0,0,0,3,11,3,3,0,14,3,0,0,0,0,24,0,0,0,0,0,0,0,0,0,0
LGA32810,17,109,14,55,24,17,0,17,0,253,23,111,3,50,15,16,0,9,0,223,87,24,9,57,109,65,3,29,0,385,23,38,7,106,33,20,0,22,0,250,16,19,6,14,6,19,0,3,0,78,35,3,52,61,26,26,0,32,3,233,0,0,0,0,0,0,0,0,0,0,0,3,3,3,8,0,0,0,0,19,13,9,4,16,8,13,0,7,4,77,232,361,109,373,247,184,8,141,14,1670,18,32,9,19,11,4,0,8,4,108,6,4,7,0,0,0,0,3,0,24,87,82,228,23,25,13,65,84,12,613,53,12,137,9,5,8,16,47,0,298,23,24,41,8,10,4,8,25,0,148,27,130,16,64,25,19,3,24,0,312,43,142,7,60,17,13,3,9,3,301,146,49,26,85,126,84,16,46,3,585,39,61,12,137,35,23,7,38,4,359,20,27,10,23,8,25,0,9,0,123
LGA33100,0,3,0,0,3,0,0,3,0,9,3,6,0,0,3,0,0,0,0,11,3,3,0,0,13,0,0,0,0,25,0,0,0,5,0,0,0,0,0,8,0,0,0,0,0,0,0,0,0,0,0,0,0,0,0,0,0,0,0,4,0,0,0,0,0,0,0,0,0,0,0,0,0,0,0,0,0,0,0,0,0,0,0,0,0,0,0,0,0,3,20,17,0,6,19,0,0,11,0,74,0,0,0,0,0,0,0,0,0,0,0,0,0,0,0,0,0,0,0,0,12,6,10,0,0,0,3,3,0,35,6,0,0,0,0,0,0,3,0,11,6,0,0,0,0,0,0,3,0,18,0,0,0,0,3,0,0,3,0,12,3,6,0,3,3,0,0,3,0,15,10,3,0,0,13,0,0,0,0,30,3,0,0,5,0,0,0,0,0,10,0,0,0,0,0,0,0,0,0,0
LGA33200,8,10,0,6,3,3,0,3,0,31,4,11,0,0,7,0,0,0,0,28,4,0,0,4,12,0,3,0,0,33,0,0,0,9,0,0,0,3,0,14,0,0,0,0,0,0,0,0,0,0,3,0,4,0,0,0,0,0,0,12,0,0,0,0,0,0,0,0,0,0,3,0,0,0,0,0,0,0,0,7,3,0,0,0,0,0,3,4,0,7,37,31,3,16,31,7,3,16,0,145,0,0,0,0,0,0,0,0,0,3,0,0,0,0,0,0,0,0,0,0,14,4,25,3,3,0,10,18,0,81,8,0,14,0,0,0,4,7,0,26,16,4,3,0,0,0,0,8,0,32,12,10,0,4,3,3,0,3,0,40,6,21,0,0,7,0,0,0,0,37,7,5,0,4,20,0,4,0,0,47,5,6,0,10,0,0,0,3,0,24,0,0,0,0,0,0,0,0,0,0
LGA33220,69,1208,79,428,135,62,6,35,6,2035,89,1070,11,340,120,37,3,15,11,1696,254,254,53,217,977,361,12,120,9,2260,107,334,20,1148,215,104,4,106,17,2062,12,56,12,39,35,24,5,16,5,202,95,29,249,213,113,133,10,108,4,947,0,0,0,4,3,0,0,4,0,16,12,23,3,18,17,5,0,10,6,77,13,34,14,70,44,36,5,41,34,296,703,3117,525,2538,1733,803,54,530,100,10104,29,88,53,28,27,12,3,10,4,250,37,58,48,14,24,14,6,22,4,223,379,268,1701,157,120,149,451,412,40,3679,188,40,810,53,32,61,108,210,15,1513,84,63,103,43,41,33,59,148,5,576,103,1681,106,547,147,69,23,57,18,2742,166,1429,38,378,135,45,20,19,10,2246,540,454,135,305,1093,521,77,214,21,3375,158,478,46,1516,252,132,29,164,27,2804,18,102,42,52,44,39,14,29,5,342
LGA33360,41,517,40,244,86,33,9,25,10,1009,65,847,15,232,55,24,13,9,7,1263,239,278,58,185,744,241,28,109,12,1897,74,195,19,428,109,57,17,72,4,980,16,40,7,15,27,7,7,10,0,125,52,11,186,115,86,81,15,60,3,608,0,3,0,0,0,4,0,3,0,9,3,12,0,14,10,9,0,6,0,61,11,12,11,30,28,24,6,32,23,174,566,2076,479,1306,1224,523,145,371,67,6747,38,99,59,17,23,4,22,11,6,279,16,62,44,18,18,8,14,21,0,196,517,672,3375,65,167,82,697,332,83,6001,142,26,525,17,34,20,227,286,14,1285,55,48,54,15,11,11,50,76,8,329,76,688,67,289,94,37,29,48,10,1332,104,1021,42,244,64,31,50,24,8,1600,463,391,181,225,843,304,131,191,35,2772,91,249,36,533,127,72,43,98,14,1265,20,64,24,19,27,8,14,18,0,189
LGA33430,637,8531,480,3137,1178,595,62,292,93,15004,739,6118,80,1792,848,340,29,151,54,10165,3814,3825,450,2124,8231,3323,195,967,244,23179,1098,3075,223,5418,2126,1181,100,626,124,13973,443,1293,223,430,607,552,44,140,45,3779,802,319,1923,1856,1390,1227,72,677,102,8361,9,19,9,28,32,25,3,22,6,147,116,166,33,107,181,88,15,40,17,759,152,195,91,336,338,301,35,207,285,1941,8379,25058,4226,15703,15796,8197,646,3460,1032,82489,452,1240,399,248,305,270,53,167,43,3181,627,1528,498,162,369,289,126,227,68,3898,3368,2983,10595,700,1015,1275,2000,2133,360,24436,2379,1053,8174,322,622,542,657,1887,207,15845,359,315,944,149,228,209,184,522,43,2950,1017,12122,719,3959,1281,752,175,460,153,20639,1139,8070,232,2010,939,425,130,254,88,13293,8105,7367,1425,3022,9761,5359,987,1890,494,38399,1932,4868,660,7289,2540,1698,399,1144,230,20757,769,2306,667,654,774,900,182,379,89,6716
LGA33610,41,113,3,55,30,3,5,9,3,270,22,165,3,41,15,3,3,0,0,260,48,30,3,22,120,16,0,12,0,268,19,34,3,92,31,9,0,16,0,202,7,6,0,0,3,0,0,7,0,26,18,0,32,23,8,17,3,14,0,105,0,0,0,0,0,0,0,0,0,4,0,4,0,0,3,0,0,3,0,15,6,0,0,10,3,7,0,12,0,43,182,373,59,265,238,73,13,92,10,1305,3,13,4,0,3,0,0,0,0,22,3,3,3,0,0,0,0,0,0,14,74,18,235,7,9,22,72,56,3,500,33,3,82,4,0,3,11,20,0,153,138,46,26,6,22,19,27,53,0,342,46,139,8,70,30,3,5,12,9,316,41,188,3,45,15,3,9,4,0,307,108,50,17,26,125,34,13,31,0,406,23,38,6,106,32,7,3,18,0,242,8,3,4,0,3,0,3,8,0,37
LGA33620,49,412,39,249,54,30,3,25,3,860,71,500,7,203,69,12,4,8,4,880,153,130,24,80,496,202,10,68,10,1166,54,126,14,426,110,53,9,49,7,851,14,46,10,3,35,9,3,9,0,132,38,6,157,100,49,62,5,60,3,491,0,3,0,0,0,3,0,0,0,11,3,9,3,6,7,0,0,7,3,43,25,8,7,24,12,32,3,26,23,164,473,1305,304,1127,898,431,48,306,68,4965,30,51,16,7,18,3,4,13,3,143,18,27,22,4,7,10,3,7,0,93,247,117,1063,46,69,83,297,244,36,2201,148,17,443,26,21,28,83,125,18,908,122,85,60,22,35,30,49,117,5,531,62,533,50,303,60,34,13,32,3,1094,110,671,22,222,72,12,19,22,4,1155,276,201,52,100,547,271,44,120,15,1628,82,187,32,546,120,59,32,82,13,1148,21,58,19,12,42,15,3,27,3,196
LGA33800,7,100,7,45,14,6,0,0,0,188,13,140,0,27,15,4,3,3,0,211,26,30,3,22,98,27,5,10,3,227,13,28,3,118,12,11,3,8,0,198,0,6,0,3,0,0,0,0,0,13,12,3,32,16,20,13,3,9,0,108,0,0,0,0,0,0,0,0,0,0,0,4,0,0,0,0,0,0,0,8,3,3,4,19,8,6,0,7,3,52,90,328,76,264,180,67,18,48,10,1081,5,10,21,4,5,0,0,6,0,52,3,10,7,0,3,0,0,0,0,24,138,37,354,20,5,12,137,84,9,797,20,3,82,9,0,0,36,21,7,177,21,14,12,0,3,3,11,14,0,88,19,130,7,65,20,6,5,5,0,255,23,180,0,31,17,4,4,5,0,277,41,54,9,26,104,35,7,16,3,299,17,41,3,130,17,14,8,12,0,232,0,8,4,4,0,0,0,0,0,20
LGA33830,0,5,0,3,0,0,0,0,0,12,0,9,0,5,0,0,0,0,0,14,4,0,0,3,12,0,0,0,0,16,0,0,0,5,0,0,0,0,0,12,0,0,0,0,0,0,0,0,0,0,0,0,0,0,0,0,0,0,0,0,0,0,0,0,0,0,0,0,0,0,0,0,0,0,0,0,0,0,0,0,0,0,0,0,0,0,0,3,3,6,3,14,0,22,11,3,0,6,3,63,0,0,0,0,0,0,0,0,0,0,0,0,0,0,0,0,0,0,0,0,0,0,8,0,0,0,17,5,6,36,0,3,3,0,0,0,0,3,0,17,0,0,0,0,0,0,3,0,0,8,0,5,0,7,0,0,0,0,0,14,3,14,0,5,0,0,0,0,0,19,4,0,0,3,15,0,0,0,0,21,0,0,0,8,0,0,0,0,0,18,0,0,0,0,0,0,3,0,0,9
LGA33960,126,2229,152,972,302,113,21,84,31,4022,189,1862,24,769,235,65,11,47,21,3213,844,938,116,527,2902,789,137,315,69,6639,357,916,81,2389,724,269,40,185,53,5012,78,203,39,83,149,112,12,30,7,706,214,60,531,438,323,290,46,170,12,2090,3,11,0,8,8,13,3,9,0,58,22,52,11,41,56,18,12,18,8,248,29,54,22,126,117,72,19,101,86,626,2033,6789,1252,5510,5088,1879,352,1172,303,24372,141,402,155,79,99,53,31,49,11,1018,168,526,219,69,135,98,63,82,36,1404,983,971,5048,350,443,307,1155,984,141,10391,323,135,1885,79,104,68,270,432,36,3333,79,99,231,54,74,54,90,192,15,905,212,2874,196,1224,328,133,60,132,44,5200,312,2423,68,856,282,82,59,92,25,4206,1730,1657,385,734,3540,1189,712,672,136,10750,543,1307,221,3201,874,341,207,384,82,7158,109,363,144,142,203,162,55,82,12,1273
LGA33980,28,117,8,38,36,4,17,19,0,273,45,255,8,52,27,3,6,19,0,428,93,63,29,39,209,54,37,48,8,577,25,33,7,95,42,11,17,20,4,251,5,7,4,8,0,5,5,4,0,42,18,10,70,26,48,14,18,24,0,221,0,0,0,0,0,0,0,3,0,4,4,4,0,0,0,5,3,0,0,17,14,5,3,9,9,11,6,13,8,82,269,591,159,293,398,129,157,186,27,2213,28,48,13,4,8,3,11,0,3,122,3,6,15,5,0,7,7,4,0,51,208,251,1280,13,34,11,487,93,18,2396,25,9,91,3,5,4,119,42,5,296,64,27,22,3,16,13,47,48,3,236,41,150,17,60,36,3,28,22,4,364,56,315,16,63,27,3,31,24,3,539,163,100,59,47,228,63,80,56,11,797,32,47,8,108,42,11,33,20,4,313,12,11,3,8,0,5,6,9,0,54
LGA34420,0,0,0,3,0,0,0,0,0,0,3,10,0,3,0,0,0,0,0,19,0,3,0,4,3,5,0,0,0,16,0,0,0,3,3,0,0,0,0,6,0,0,0,0,0,0,0,0,0,0,0,0,0,3,4,0,0,0,0,8,0,0,0,0,0,0,0,0,0,0,0,0,0,0,0,0,0,0,0,0,0,0,0,3,0,0,0,0,0,7,3,14,0,18,6,5,0,3,0,61,0,0,0,0,0,0,0,0,0,0,0,0,0,0,0,0,0,0,0,0,0,0,3,0,0,0,0,3,0,12,3,0,18,0,0,0,0,0,0,25,0,4,0,0,0,0,0,0,0,7,0,0,0,3,0,0,0,0,0,0,3,11,0,3,0,0,0,0,0,18,3,3,0,3,3,5,0,0,0,16,0,0,0,4,3,0,0,0,3,16,0,0,0,0,0,0,0,0,0,0
LGA34530,37,480,24,179,63,25,5,17,4,847,73,532,7,119,45,20,3,11,3,805,165,158,22,81,422,111,14,26,7,1007,55,135,10,323,95,50,3,28,9,701,22,26,3,15,13,7,0,4,0,89,35,14,134,74,63,45,11,34,4,407,0,0,0,0,0,0,0,0,0,5,4,8,3,7,9,3,0,3,0,29,12,16,4,20,21,14,6,20,17,130,438,1463,275,832,781,300,52,158,45,4349,31,92,29,13,21,4,6,4,0,195,15,29,15,7,10,7,5,4,3,96,242,165,1247,51,66,45,332,123,33,2316,128,35,453,24,13,12,86,76,10,842,53,61,65,15,31,11,32,49,3,314,65,615,38,232,71,30,12,23,4,1090,99,679,25,136,53,17,35,13,3,1057,289,252,57,110,465,151,42,49,9,1430,71,202,23,406,109,56,8,37,7,916,30,37,12,12,14,10,3,12,0,135
LGA34570,0,0,0,3,0,0,0,0,0,3,0,10,0,6,0,0,0,0,0,12,0,3,0,0,0,0,0,0,0,7,0,3,0,0,3,0,0,0,0,9,0,0,0,0,0,0,0,0,0,0,0,0,0,0,0,0,0,0,0,0,0,0,0,0,0,0,0,0,0,0,0,0,0,0,0,0,0,0,0,0,0,4,0,5,0,0,0,0,0,16,4,17,0,16,10,0,4,0,3,52,0,0,0,0,0,0,0,0,0,0,0,0,0,0,0,0,0,0,0,0,0,0,3,0,0,0,0,0,0,9,0,0,3,0,0,0,0,3,0,6,0,0,0,0,0,0,0,0,0,3,0,0,0,3,0,0,0,0,0,5,0,11,0,6,0,0,0,0,0,19,8,3,0,0,0,0,0,0,0,14,4,3,0,3,3,0,0,0,0,7,0,0,0,0,0,0,0,0,0,0
LGA34580,40,375,46,152,48,26,6,25,4,717,58,360,8,141,37,11,3,15,3,637,134,126,21,77,412,127,8,121,6,1024,44,114,14,375,101,27,10,67,6,745,3,35,7,11,17,12,3,12,0,104,37,6,109,79,40,37,11,52,3,384,0,0,0,0,0,4,0,4,0,9,11,6,8,3,12,3,4,9,0,50,17,15,11,33,29,22,3,29,19,179,395,1113,288,907,751,288,53,422,47,4259,32,62,32,15,16,6,6,19,0,181,13,29,13,6,10,7,5,29,4,112,207,108,872,51,50,51,266,252,22,1891,86,17,335,7,21,18,50,90,8,646,108,58,79,22,31,25,26,94,0,452,54,460,48,184,52,24,7,38,7,875,73,454,12,155,40,19,12,26,6,794,253,212,51,99,468,189,61,195,14,1542,76,179,36,462,116,33,24,97,7,1026,5,51,22,19,24,14,10,21,3,162
LGA34590,185,2835,244,1318,491,219,33,144,32,5500,309,2722,40,1269,402,122,20,98,40,5029,1280,1466,213,771,4541,1294,225,522,125,10441,492,1211,125,3361,1132,386,83,357,69,7211,106,388,60,145,227,164,24,57,13,1180,270,100,752,636,534,448,72,283,32,3130,7,5,5,8,16,11,0,11,5,71,38,74,26,66,93,17,15,28,18,376,66,82,45,181,200,129,42,147,158,1043,2976,9549,1895,7954,8075,3008,575,1977,504,36518,161,545,210,105,140,93,46,89,14,1391,282,896,385,98,232,142,132,146,36,2356,1478,1343,7378,303,695,537,1832,1521,163,15253,697,199,3807,98,230,159,510,1073,66,6837,160,110,374,60,120,81,139,273,18,1330,316,3535,337,1546,551,265,95,225,48,6922,452,3471,104,1368,465,150,108,157,46,6321,2665,2530,669,1024,5406,1946,1291,1069,209,16797,726,1750,355,4303,1311,534,371,627,104,10081,211,650,224,189,303,262,122,160,21,2141
LGA34710,18,82,0,13,10,4,0,0,0,125,11,64,0,14,7,0,0,3,0,104,30,15,3,14,42,11,0,6,0,117,15,20,3,31,15,5,0,6,0,95,4,3,0,0,0,0,0,0,0,10,11,0,6,11,12,3,0,5,0,52,0,0,0,0,0,0,0,0,0,0,3,0,0,0,3,0,0,0,0,9,7,3,0,3,4,4,0,3,3,28,106,193,12,99,107,30,6,33,7,588,7,9,0,3,0,0,0,0,0,20,3,5,3,0,0,0,0,0,0,15,21,5,82,0,4,4,21,15,0,157,19,0,31,0,4,3,5,8,0,72,40,11,7,3,13,9,3,19,0,103,20,95,0,21,10,4,0,3,0,148,15,78,3,15,6,0,0,3,0,121,46,24,4,20,48,12,3,4,0,169,17,27,3,43,15,6,0,12,0,124,4,5,0,3,3,0,0,0,0,17
LGA34770,110,1531,97,515,193,77,19,46,10,2597,149,1441,18,422,170,34,32,36,10,2302,413,637,97,246,1447,404,65,179,19,3517,127,429,32,891,271,131,36,108,13,2038,42,138,19,43,65,37,16,15,3,371,125,44,334,226,179,178,49,105,13,1261,0,3,0,0,0,5,0,10,0,18,11,29,4,15,27,11,6,10,0,118,32,31,29,66,53,63,21,67,49,414,1117,4540,846,2524,2548,1013,315,710,126,13733,72,176,108,46,50,21,31,45,4,553,38,89,71,19,23,26,15,20,0,301,1090,821,5911,130,278,220,1429,579,161,10618,311,74,1000,32,67,50,416,320,27,2302,110,107,99,31,43,22,107,83,13,615,158,1997,133,596,198,87,57,67,11,3300,224,1771,44,436,179,50,83,49,18,2852,867,959,254,296,1598,518,238,261,49,5039,177,579,71,1090,292,151,92,145,27,2620,60,180,45,51,69,50,30,29,3,517
LGA34800,7,9,0,0,0,0,0,0,0,19,3,4,3,0,3,0,0,3,0,12,8,4,3,0,4,0,0,6,0,18,3,0,0,4,0,0,0,0,0,11,3,3,0,0,0,0,0,3,0,5,3,0,3,3,3,0,0,0,0,5,0,0,0,0,0,0,0,0,0,0,0,0,0,0,0,0,0,0,0,0,0,0,0,0,0,0,0,0,0,4,33,21,15,11,12,0,0,14,0,102,0,4,0,0,0,0,0,0,0,6,0,0,0,0,0,0,0,0,0,0,19,9,21,0,0,3,7,4,0,64,6,0,6,0,0,0,7,3,0,23,20,0,0,0,4,0,0,5,0,37,13,7,0,3,0,0,0,0,0,25,3,4,3,0,3,0,0,3,0,12,5,4,3,0,7,0,0,4,0,29,3,3,0,7,0,0,0,0,0,14,3,3,0,0,0,0,0,3,0,5
LGA34830,0,0,0,0,3,0,0,0,0,9,0,3,0,0,0,0,0,0,0,4,0,0,0,3,3,3,0,0,0,5,0,0,0,0,0,0,0,0,0,0,0,0,0,0,0,0,0,0,0,0,0,0,0,0,0,0,0,0,0,0,0,0,0,0,0,0,0,0,0,0,0,0,0,0,0,0,0,0,0,0,0,0,0,0,0,0,0,0,0,0,5,9,0,9,3,4,0,0,0,30,0,0,0,0,0,0,0,0,0,0,0,0,0,0,0,0,0,0,0,0,0,3,0,0,0,0,0,0,0,9,0,0,3,0,3,0,0,0,0,14,0,3,0,0,0,0,0,0,0,11,0,0,0,0,3,0,0,0,0,11,0,3,0,0,0,0,0,0,0,7,0,0,0,3,3,3,0,0,0,7,0,0,0,0,0,0,0,0,0,3,0,0,0,0,0,0,0,0,0,0
LGA34860,64,191,5,60,34,9,0,15,0,376,43,192,4,31,30,4,0,3,0,305,70,46,9,32,188,53,3,19,3,429,33,48,3,95,33,13,3,13,0,244,3,12,3,5,6,0,0,0,0,30,19,3,36,19,26,17,0,14,4,126,0,0,0,0,0,0,0,3,0,3,3,4,0,6,4,0,0,0,0,25,10,5,0,26,13,3,0,10,3,74,291,522,82,290,358,115,14,108,12,1783,14,16,4,0,7,0,0,0,0,46,3,3,9,3,3,8,0,7,0,41,123,60,353,7,17,16,105,70,12,761,72,7,96,3,10,0,32,16,3,238,130,28,19,14,20,19,24,76,3,335,71,218,5,74,33,9,3,22,0,437,59,225,7,33,29,6,0,3,3,365,136,80,25,50,203,76,25,33,4,623,39,66,5,115,37,15,8,21,0,310,3,20,3,5,6,0,0,3,0,37
LGA34880,27,228,16,102,37,13,0,20,4,442,43,204,4,66,22,7,0,9,0,365,83,46,11,50,223,64,9,33,0,519,37,76,11,160,45,17,0,27,3,380,4,19,4,14,13,4,0,9,0,68,29,3,45,46,21,24,3,18,4,194,0,0,0,0,0,0,0,0,0,0,0,9,0,4,6,3,0,0,0,25,15,13,3,23,15,16,3,15,10,114,270,655,114,502,413,163,17,174,25,2330,20,49,12,8,18,4,0,10,0,129,7,4,8,4,3,4,0,4,0,43,164,86,437,48,24,17,111,107,11,1006,75,11,172,12,6,9,20,51,8,361,62,36,45,8,20,17,19,53,3,275,38,287,14,134,36,15,0,20,4,550,62,265,6,80,27,13,3,12,5,480,137,80,24,69,252,83,23,62,5,729,58,117,18,231,59,20,15,45,3,556,10,32,16,22,15,7,3,18,0,121
LGA35010,385,5603,380,2411,827,356,52,184,76,10268,538,4658,72,1809,690,171,19,110,42,8106,2182,2392,283,1173,6332,1853,172,640,167,15197,814,2072,194,4817,1746,671,81,461,103,10958,190,634,103,226,395,259,17,103,18,1950,471,146,1223,958,801,604,60,404,44,4718,6,12,0,9,25,17,0,17,5,101,72,116,30,97,163,39,11,44,23,603,81,116,67,230,264,189,35,156,189,1326,5157,16852,2944,12036,11860,4455,531,2491,701,57034,340,1022,392,167,250,99,46,119,29,2470,553,1443,458,118,348,185,124,182,53,3458,2573,2760,10140,627,1065,839,2059,1820,263,22145,1175,407,5489,166,343,279,618,1266,116,9862,288,272,649,110,216,143,205,473,27,2363,647,7135,520,2955,920,414,130,278,103,13110,832,5913,178,1973,767,225,125,169,67,10251,4906,4295,840,1606,7775,2826,997,1227,293,24757,1262,3059,456,6416,2130,925,348,814,158,15570,356,1081,354,335,530,407,112,234,31,3430
LGA35250,0,4,0,0,0,0,0,0,0,7,3,16,0,3,0,0,0,0,0,23,3,0,0,3,4,0,0,0,0,15,0,0,3,4,0,0,0,0,0,7,0,0,0,0,0,0,0,0,0,0,0,0,0,0,0,0,0,0,0,4,0,0,0,0,0,0,0,0,0,0,0,0,0,0,0,0,0,0,0,6,0,3,0,10,3,3,0,3,0,19,3,30,3,30,13,3,0,3,0,92,0,0,0,0,0,0,0,0,0,3,0,0,0,0,0,0,0,0,0,0,0,0,10,8,0,0,0,5,0,21,0,0,8,0,0,0,0,0,0,14,0,0,0,0,0,0,0,0,0,0,0,5,0,8,0,0,0,0,0,12,4,22,0,3,3,0,0,0,0,32,5,0,0,3,4,0,0,0,0,20,0,6,3,8,0,0,0,0,0,20,0,0,0,0,0,0,0,0,0,3
LGA35300,24,280,12,70,28,12,7,14,8,452,30,288,11,73,14,7,3,3,0,432,67,79,16,50,218,64,26,35,5,570,36,92,6,144,48,14,4,14,3,364,8,21,7,4,3,7,3,3,0,50,18,0,52,28,29,21,8,7,0,165,0,0,0,0,0,0,0,0,0,7,0,3,0,6,7,0,0,0,4,21,3,7,10,16,15,9,0,7,12,73,189,846,163,420,396,153,71,101,33,2363,8,61,18,8,7,3,6,3,0,109,3,13,22,9,6,11,3,5,3,68,125,199,1199,33,43,38,269,69,26,1995,29,9,126,0,3,4,100,29,5,311,3,18,17,3,12,3,23,22,0,96,32,358,15,84,32,12,16,12,8,573,44,345,27,78,17,7,19,10,3,548,117,123,38,69,234,84,55,50,17,781,40,117,19,195,55,12,18,14,3,478,8,18,11,7,3,13,4,3,0,71
LGA35600,18,83,0,26,14,0,0,7,0,144,21,73,0,10,12,0,0,0,0,120,17,7,4,6,32,6,0,14,0,95,15,13,0,29,10,3,0,0,0,70,0,0,0,0,0,0,0,0,0,3,6,3,10,6,10,4,0,6,0,44,0,0,0,0,0,0,0,0,0,3,0,0,0,0,0,0,0,0,0,0,0,0,0,8,7,3,0,6,4,23,93,182,23,97,88,29,4,42,10,562,0,8,3,0,0,4,0,0,0,19,0,0,0,0,0,0,0,0,0,4,25,4,67,8,0,3,13,31,0,166,14,0,36,3,0,4,0,9,0,72,38,12,6,3,5,0,4,13,3,98,19,88,0,36,15,0,0,7,0,162,20,83,3,10,12,0,0,3,0,138,43,13,6,10,42,5,3,18,3,145,21,24,0,34,10,3,3,8,0,100,0,3,0,3,0,0,0,0,0,9
LGA35670,0,0,0,3,0,0,0,0,0,4,0,0,0,0,3,0,0,0,0,12,0,0,0,0,0,0,0,0,0,3,0,0,0,0,0,0,0,0,0,4,0,0,0,0,0,0,0,0,0,0,0,0,0,0,0,0,0,0,0,0,0,0,0,0,0,0,0,0,0,0,0,0,0,0,0,0,0,0,0,0,0,0,0,0,0,0,0,0,0,4,0,9,3,8,3,0,0,0,0,30,0,0,0,0,0,0,0,0,0,0,0,0,0,0,0,0,0,0,0,0,0,0,8,0,0,0,3,3,0,20,0,0,8,0,0,0,0,5,0,11,0,0,3,0,3,0,0,0,0,3,0,0,0,3,0,0,0,0,0,3,0,0,0,0,3,0,0,0,0,12,0,4,0,0,0,0,0,0,0,10,0,3,0,0,0,0,0,0,0,4,0,0,0,0,0,0,0,0,0,0
LGA35740,72,749,46,314,121,46,8,30,21,1407,87,624,17,176,89,50,3,21,9,1066,288,284,33,142,573,242,3,73,14,1655,109,285,24,460,167,92,12,52,12,1208,58,112,21,55,51,44,0,26,5,376,83,22,210,178,100,84,10,58,7,746,0,0,0,0,0,0,0,0,0,5,3,14,4,17,10,9,0,7,3,67,13,19,7,22,32,33,3,15,20,157,780,2249,423,1413,1216,631,45,323,95,7173,49,117,36,28,37,16,6,12,3,286,32,67,26,3,16,12,6,12,0,176,294,258,855,58,76,91,202,210,40,2086,296,118,710,30,36,51,56,158,16,1463,89,68,128,34,26,28,21,76,11,481,108,1082,56,404,133,54,15,48,25,1922,127,871,32,205,96,59,13,30,15,1449,597,526,89,208,642,405,52,123,31,2673,176,416,56,610,193,115,34,91,17,1717,82,185,60,73,58,63,14,55,3,601
LGA35760,29,85,3,52,12,3,3,15,3,202,28,107,0,42,10,0,0,10,0,194,34,20,5,14,76,28,0,27,3,203,26,21,3,75,15,12,4,24,0,174,3,0,0,3,3,0,0,5,0,13,27,0,18,24,13,14,7,19,0,118,0,0,0,0,0,0,0,0,0,0,4,0,0,0,3,0,0,0,0,12,11,4,0,4,7,10,0,11,9,53,182,252,42,227,157,71,10,130,15,1087,6,13,3,3,0,4,0,8,0,34,5,7,3,0,0,0,0,4,0,15,85,10,151,9,8,6,71,69,4,409,38,3,40,3,3,6,19,33,0,141,94,15,19,12,18,5,9,38,3,216,31,107,5,66,16,11,5,18,3,255,39,139,3,42,10,0,3,13,0,242,58,21,11,17,87,28,3,41,3,270,31,22,3,87,17,12,6,32,0,219,3,5,0,3,3,0,0,6,0,22
LGA35780,0,14,0,8,6,0,0,0,0,29,6,28,0,14,3,0,0,0,0,52,6,3,0,8,34,8,0,3,3,69,9,7,0,40,9,3,0,4,0,74,0,4,0,0,0,0,0,0,0,5,4,0,0,3,0,0,0,3,0,15,0,0,0,0,0,0,0,0,0,0,0,0,0,0,0,0,0,0,0,0,0,3,0,4,4,3,0,3,0,24,31,67,5,84,61,17,3,16,3,285,0,3,0,0,0,0,0,0,0,4,0,0,0,0,0,0,0,0,0,3,0,5,23,0,0,3,16,8,0,63,7,0,29,3,0,0,4,4,0,50,3,0,7,0,0,0,0,3,0,15,3,20,0,20,6,0,0,0,0,53,10,45,0,10,3,0,0,0,0,66,16,7,0,7,41,8,3,10,7,94,17,11,4,41,13,3,5,6,0,92,0,4,0,0,0,0,0,3,0,8
LGA35790,0,15,0,19,0,0,0,0,0,41,0,26,0,6,3,0,0,0,0,45,3,3,0,3,11,3,0,0,0,30,0,0,0,16,0,0,0,0,0,24,0,0,0,0,0,0,0,0,0,0,0,0,0,0,0,0,0,0,0,6,0,0,0,0,0,0,0,0,0,0,0,0,0,0,0,0,0,0,0,0,0,0,0,4,0,0,0,0,0,5,5,51,3,56,20,4,0,8,0,151,0,0,0,0,0,0,0,0,0,0,0,0,0,0,0,0,0,0,0,0,0,3,10,4,0,0,7,0,0,24,3,0,18,0,0,0,0,4,0,25,0,0,0,3,0,0,0,0,0,4,3,23,0,21,3,0,0,0,0,56,5,36,0,14,3,0,0,0,0,57,3,3,0,4,16,3,0,3,3,36,0,0,0,32,4,0,0,0,0,37,0,0,0,0,0,0,0,0,0,0
LGA35800,6,15,0,7,6,3,0,0,0,37,9,23,0,8,0,0,0,0,0,38,14,3,3,0,8,4,0,0,0,38,4,3,0,16,3,4,0,7,0,38,0,3,0,0,0,0,0,0,0,3,5,0,3,4,0,3,0,0,0,14,0,0,0,0,0,0,0,0,0,0,0,0,0,0,0,0,0,0,0,0,0,5,0,0,0,0,0,3,0,8,54,61,6,28,28,12,0,12,0,201,0,0,0,0,0,0,0,0,0,0,0,0,0,0,0,0,0,0,0,0,14,3,25,0,4,0,13,7,0,62,3,0,8,0,0,3,3,0,0,19,30,7,5,0,5,3,0,6,0,54,5,18,0,8,8,3,0,0,0,41,12,23,0,8,0,0,0,0,0,46,24,7,3,0,8,3,0,0,0,51,8,3,4,23,3,4,0,4,0,43,3,3,0,0,0,0,0,0,0,7
LGA36070,0,0,0,0,0,0,0,0,0,3,0,3,0,0,0,0,0,0,0,10,4,0,0,0,3,0,0,0,0,8,0,0,0,4,3,0,0,0,0,6,0,0,0,0,0,0,0,0,0,0,0,0,0,0,0,0,0,0,0,0,0,0,0,0,0,0,0,0,0,0,0,0,0,0,0,0,0,0,0,0,0,0,0,3,0,0,0,0,0,4,11,10,0,16,5,0,0,0,0,44,0,0,0,0,0,0,0,0,0,3,0,0,0,0,0,0,0,0,0,0,0,0,4,0,0,0,3,7,0,16,0,0,0,0,3,0,0,0,0,8,0,0,0,0,0,0,0,3,0,6,0,4,0,0,0,0,0,0,0,10,3,6,0,0,0,0,0,0,0,13,7,0,3,3,3,0,0,0,0,14,0,5,0,7,3,0,0,0,0,15,0,0,0,0,0,0,0,0,0,0
LGA36150,9,7,0,3,0,0,0,4,0,23,3,10,0,4,3,0,0,0,0,22,3,0,3,3,8,3,0,0,0,21,3,0,0,4,0,0,0,0,0,14,0,0,0,0,0,0,0,0,0,0,0,0,5,4,0,0,0,7,0,15,0,0,0,0,0,0,0,0,0,0,0,0,0,0,0,0,0,0,0,3,0,0,0,0,3,0,0,0,0,3,24,27,9,27,18,3,0,14,0,120,0,0,0,0,0,0,0,0,0,3,0,0,0,0,0,0,0,0,0,0,3,0,24,0,0,0,5,0,0,36,0,0,8,0,4,0,5,0,0,16,18,0,0,0,0,0,0,7,0,27,9,10,0,3,0,0,0,4,0,29,3,11,0,8,3,0,0,0,0,27,10,5,3,3,8,3,0,0,0,31,8,0,0,4,0,0,0,0,0,18,0,0,0,0,0,0,0,0,0,0
LGA36250,181,2083,167,807,346,113,19,59,30,3805,220,1828,26,599,250,69,0,38,13,3053,875,904,105,419,2593,649,40,209,58,5859,272,746,78,1648,680,234,13,158,22,3857,82,250,53,90,173,127,4,35,10,835,176,66,467,356,353,246,9,159,17,1844,3,7,0,11,7,6,0,0,0,28,32,54,9,31,46,15,3,8,3,201,31,49,13,66,90,53,4,43,68,415,2047,6463,1111,4132,4782,1617,132,827,234,21346,165,436,112,59,72,45,19,46,10,965,207,486,141,35,87,52,32,37,14,1093,1274,1173,4048,189,417,347,686,695,102,8930,590,190,2207,57,133,112,218,422,50,3980,103,138,206,40,67,39,49,165,13,809,279,2590,218,972,372,136,53,102,32,4757,341,2324,62,667,287,84,29,56,15,3867,2104,1751,322,599,3038,1023,320,392,98,9649,465,1076,163,2072,790,306,101,274,52,5292,135,421,143,129,219,196,44,82,16,1386
LGA36300,3,8,0,0,0,0,0,3,0,14,7,10,0,5,0,0,0,0,0,15,0,0,0,0,7,0,0,3,0,22,3,5,0,10,4,0,0,3,0,21,3,0,0,0,0,0,0,0,0,3,0,0,3,0,0,0,0,3,0,7,0,0,0,0,0,0,0,0,0,0,0,0,0,0,0,0,0,0,0,0,0,0,0,0,0,0,0,0,0,8,23,25,9,17,22,5,3,14,3,112,0,0,0,0,0,0,0,0,0,7,0,0,0,0,0,0,0,0,0,0,13,0,14,0,0,0,6,4,0,46,0,0,3,0,0,0,0,4,0,14,11,0,0,0,0,3,0,4,4,27,3,11,0,4,0,0,0,3,0,19,7,8,0,5,3,0,0,0,0,19,3,6,0,0,7,3,0,4,0,26,3,3,0,11,4,3,0,3,0,23,3,0,0,0,0,0,0,0,0,3
LGA36370,73,1153,52,448,120,48,5,30,4,1932,96,992,15,256,117,18,3,27,9,1538,295,392,41,199,1017,246,24,92,17,2326,91,350,27,801,229,87,14,61,19,1679,15,78,13,26,43,24,3,4,0,207,65,20,208,164,114,103,15,78,7,765,0,0,0,10,3,3,0,4,0,26,9,16,4,9,28,0,5,3,5,82,14,19,12,59,37,30,3,43,32,255,718,3188,463,2024,1821,611,99,401,100,9418,35,136,76,30,39,9,9,13,4,345,55,122,88,21,23,25,23,29,5,394,349,377,2606,100,160,125,528,342,47,4632,178,46,682,46,38,27,131,145,15,1305,72,71,83,27,49,27,50,71,5,455,115,1602,66,550,133,54,29,43,8,2593,163,1250,44,286,136,29,39,38,17,1993,551,662,130,276,1157,352,151,173,31,3472,136,516,46,1056,248,114,48,113,24,2298,21,124,51,35,50,33,11,16,0,340
LGA36510,62,435,45,181,72,31,0,26,6,867,78,466,9,135,69,9,3,20,10,801,189,153,29,80,427,126,5,71,15,1100,89,157,24,364,146,45,5,30,3,863,30,71,14,21,26,9,0,20,0,191,54,7,118,93,63,41,8,46,3,435,0,0,0,4,4,0,0,0,0,9,6,12,8,7,16,3,0,3,0,53,19,22,14,32,43,24,3,18,18,194,597,1410,330,949,934,323,40,315,61,4959,37,72,24,17,30,7,6,18,0,205,18,49,27,4,16,13,4,7,3,146,279,137,869,48,64,60,249,227,23,1946,161,39,434,16,26,21,69,131,13,905,119,50,106,12,40,28,30,82,4,478,93,566,61,222,82,39,3,34,6,1104,111,627,24,164,76,18,8,29,12,1069,344,254,72,120,483,194,58,119,22,1679,144,249,45,464,167,55,18,52,11,1201,40,119,28,25,28,18,3,29,3,294
LGA36580,26,225,30,87,37,19,4,17,0,444,29,213,6,97,24,5,0,11,0,394,70,73,16,43,218,77,10,56,13,568,24,62,12,250,62,17,4,35,10,467,8,14,5,11,9,4,3,5,0,57,24,4,52,43,32,26,7,30,0,213,0,0,0,0,0,0,0,3,0,3,0,9,0,3,8,4,0,4,0,27,11,7,14,15,23,10,0,17,10,111,226,643,159,553,442,173,34,234,38,2500,15,29,20,5,7,3,3,5,0,86,14,17,6,3,9,4,3,8,0,64,158,59,538,30,35,43,167,162,23,1215,67,13,181,8,7,11,45,69,5,407,72,28,34,18,20,10,22,58,3,267,33,277,29,111,41,19,9,25,0,543,44,270,15,108,28,7,6,21,4,501,150,92,38,61,239,101,52,82,18,834,32,90,19,311,69,23,10,49,10,628,6,24,10,8,9,8,3,10,0,80
LGA36630,41,302,25,158,45,15,0,15,3,610,61,420,3,116,52,13,0,7,3,680,100,85,15,66,275,100,12,46,0,700,57,108,14,349,66,33,3,28,11,666,10,17,4,4,18,3,0,3,0,62,36,7,70,60,36,40,4,33,0,270,0,0,0,0,0,0,0,0,0,4,0,3,3,3,8,4,0,0,0,21,13,13,3,18,17,12,7,23,14,114,366,990,189,802,539,240,32,198,37,3395,21,38,12,3,6,0,0,8,4,96,5,15,16,5,3,10,3,14,0,66,179,68,670,27,29,44,179,179,16,1387,49,9,185,9,11,13,60,85,13,432,115,38,39,11,24,19,45,94,0,390,52,385,33,190,47,22,10,23,3,758,98,521,12,127,57,12,13,19,4,862,190,128,53,85,304,128,35,82,7,1006,82,158,22,433,75,43,22,40,9,879,16,23,12,11,18,6,3,5,0,94
LGA36660,67,338,34,182,53,21,3,13,0,712,59,419,8,129,44,9,3,18,4,692,127,90,21,76,312,114,24,77,6,851,48,103,8,295,70,30,3,65,8,630,9,34,5,9,13,8,0,7,0,87,32,9,107,72,37,45,3,48,4,350,0,0,0,3,0,0,0,0,0,8,4,6,3,3,9,3,0,8,0,35,13,12,4,31,23,20,0,21,15,142,406,1053,239,820,607,266,46,312,37,3782,26,51,22,5,12,0,3,15,0,133,10,10,14,3,11,3,3,14,3,74,218,68,618,27,35,51,187,182,18,1409,123,5,267,6,14,12,48,91,6,572,132,54,49,16,35,27,43,87,0,436,83,440,37,228,64,20,6,27,3,908,107,558,18,139,51,16,9,23,3,921,252,162,52,87,351,175,93,135,10,1325,81,158,24,361,84,36,14,91,5,846,15,49,18,8,13,8,4,14,0,133
LGA36720,394,5025,328,1861,785,341,32,161,41,8970,432,3710,80,1146,595,180,15,101,29,6295,1497,1662,221,802,3945,1355,64,414,88,10042,539,1513,159,2965,1046,517,33,324,66,7174,203,669,111,244,298,249,12,92,22,1899,386,110,1042,852,589,532,41,308,36,3889,9,4,3,7,15,25,3,8,0,72,41,82,26,53,95,38,3,29,7,388,57,93,38,151,131,150,8,87,122,839,3871,13632,2405,8312,7925,3662,275,1744,443,42270,253,713,221,123,166,109,28,89,22,1720,256,545,220,68,135,104,48,93,22,1488,1640,1662,5967,356,530,619,1206,1116,164,13256,1390,438,4727,129,274,270,420,991,132,8776,326,321,703,108,158,131,148,392,27,2311,609,6984,432,2376,847,406,86,262,69,12078,690,5080,173,1287,648,244,92,155,48,8414,3128,3164,609,1075,4523,2117,339,781,178,15916,908,2300,350,3838,1228,716,165,562,99,10163,330,1102,327,320,353,359,53,201,32,3077
LGA36820,36,298,28,134,43,20,3,17,3,586,46,349,3,82,52,10,0,5,3,560,107,67,20,56,248,75,4,33,5,609,47,89,11,209,57,35,0,31,5,483,11,14,9,8,20,7,0,9,0,72,28,3,61,39,43,27,0,23,0,237,0,3,0,0,0,0,0,0,0,3,0,12,0,7,8,0,0,0,0,24,15,18,8,23,15,14,0,16,10,113,340,897,164,584,515,201,16,170,30,2914,30,66,10,10,13,5,3,11,0,145,9,15,9,3,3,0,3,3,0,47,179,72,524,39,31,49,161,143,16,1219,104,19,234,20,5,13,34,53,0,495,96,73,25,21,18,13,22,41,8,316,44,402,29,164,49,24,4,21,3,752,82,451,10,93,58,13,3,10,3,734,170,95,29,73,264,92,20,58,5,807,67,118,16,276,64,34,11,51,7,635,22,17,14,8,21,7,0,12,0,100
LGA36910,202,2745,156,885,346,90,10,90,22,4533,311,2293,39,568,282,62,5,56,10,3635,706,867,113,374,2294,576,34,238,25,5234,240,862,73,1569,459,181,25,176,25,3624,74,229,36,65,121,86,7,33,3,654,174,53,475,366,300,222,9,161,8,1774,3,3,3,6,5,0,0,12,0,35,23,44,6,30,51,16,3,15,4,189,42,46,26,111,93,70,8,71,47,517,1970,7550,1148,4119,4240,1412,130,1054,168,21788,120,402,114,71,123,31,7,38,13,920,104,246,144,43,63,62,34,86,18,798,944,934,4001,193,287,323,909,827,86,8516,491,125,1727,49,86,85,188,350,28,3127,457,344,284,78,159,106,151,287,25,1890,298,3709,195,1092,378,92,38,124,28,5962,483,3005,85,668,324,81,43,93,19,4791,1540,1671,329,526,2712,854,265,458,53,8402,425,1325,148,2038,536,240,89,308,47,5156,125,367,104,94,143,111,36,58,3,1052
LGA36950,9,74,0,17,4,0,0,0,0,108,8,55,0,9,10,0,0,0,0,77,17,10,3,17,51,12,0,3,0,119,4,26,0,35,9,3,0,3,0,79,0,3,0,3,0,0,0,0,0,11,0,0,0,9,7,3,0,3,0,22,0,0,0,0,0,0,0,0,0,4,0,0,0,4,4,0,0,0,0,11,3,6,3,12,10,3,0,5,7,45,51,172,7,109,97,18,9,19,13,500,9,8,0,3,6,3,0,0,0,22,0,3,3,0,0,0,0,0,0,5,13,28,50,3,3,0,3,15,6,128,25,5,45,3,0,0,0,11,3,90,4,4,0,0,5,0,0,0,0,19,11,93,4,31,4,0,0,0,0,146,14,72,0,9,9,0,0,0,0,114,25,13,3,30,65,10,6,5,0,158,8,28,3,55,13,3,0,5,6,114,0,3,4,3,0,0,0,0,0,17
LGA36960,0,15,0,16,3,3,0,0,0,40,11,56,0,18,3,4,0,3,0,86,10,4,0,12,47,12,0,3,0,92,3,6,0,22,6,4,0,3,3,45,0,0,0,0,0,3,0,0,0,5,0,0,0,3,0,0,0,3,0,11,0,0,0,0,0,0,0,0,0,0,0,0,0,0,3,0,0,0,0,4,0,3,0,5,3,3,0,9,0,28,25,87,0,83,67,29,0,32,6,329,0,0,0,0,0,0,0,0,0,0,0,0,0,0,0,0,0,0,0,0,3,22,21,7,7,0,7,20,3,91,4,11,48,0,0,0,0,21,3,92,0,4,3,0,6,0,0,0,0,18,0,22,0,25,11,4,0,0,3,61,16,63,0,24,5,4,0,3,0,105,15,18,3,12,57,9,0,5,3,120,8,9,0,26,8,6,0,8,0,71,3,4,0,0,0,3,0,0,0,12
LGA37010,189,3874,155,1062,308,135,20,73,28,5852,236,2364,26,653,274,61,8,50,20,3696,850,976,122,530,2674,663,62,225,41,6143,349,1193,76,1961,664,248,37,193,38,4761,66,290,32,81,145,80,3,36,4,741,192,51,575,500,304,246,20,162,22,2064,0,0,0,3,7,15,3,7,0,36,25,58,11,38,69,27,7,11,7,248,17,67,22,84,97,66,12,71,60,504,2142,9590,1324,5124,4845,1670,243,984,246,26152,214,869,206,146,146,71,25,71,18,1756,139,275,214,63,111,65,49,63,15,987,1073,1223,5418,535,395,365,1213,759,119,11100,490,176,1963,189,123,88,297,436,43,3807,109,199,218,68,91,56,93,127,6,981,294,5129,219,1366,354,153,74,110,45,7743,386,2998,85,750,306,79,76,83,27,4793,1778,1680,371,817,3099,938,349,429,79,9540,588,1726,175,2739,796,339,138,297,63,6864,123,428,124,134,168,115,35,76,7,1211
LGA37300,7,59,0,9,4,0,7,0,0,94,5,83,0,13,3,3,4,3,0,112,20,16,6,17,38,9,15,13,0,128,7,20,3,21,17,3,5,3,0,92,0,0,0,3,0,0,3,3,0,12,0,0,6,6,7,3,7,0,3,33,0,0,0,0,0,0,0,0,0,0,0,0,0,0,6,0,0,0,0,5,0,3,3,7,0,0,4,3,3,24,47,195,39,75,88,22,54,30,3,558,4,6,8,0,3,0,3,0,0,23,0,0,3,0,0,0,0,0,0,4,30,37,319,12,6,0,103,12,4,519,11,0,62,4,3,0,43,3,0,127,7,10,6,3,0,0,15,0,0,43,9,80,4,17,4,0,8,0,0,129,10,99,3,11,7,3,21,3,0,162,32,22,25,13,46,9,25,15,3,181,3,19,3,33,23,3,12,3,0,102,0,0,0,3,0,0,4,3,0,12
LGA37310,79,295,21,132,56,19,3,30,0,636,91,447,6,81,51,5,12,11,0,708,129,119,26,64,401,82,15,58,8,901,46,66,16,253,82,20,5,36,7,529,13,16,5,8,9,10,0,0,0,55,42,14,85,50,50,34,8,27,0,308,3,0,0,0,0,0,0,0,0,8,10,4,3,6,12,3,5,4,0,41,20,8,6,18,24,22,3,30,13,151,479,1025,219,646,743,225,64,252,32,3672,19,34,9,10,5,3,0,3,0,86,11,4,14,7,13,7,3,9,0,68,274,119,1078,23,45,51,296,153,46,2077,123,16,229,8,10,5,71,73,9,539,270,77,73,27,40,35,62,136,0,722,94,353,28,153,60,18,15,31,5,761,117,560,11,89,51,8,21,21,3,879,268,192,59,83,421,136,45,80,13,1302,56,102,33,319,87,22,20,52,3,701,14,19,9,8,15,13,4,0,0,77
LGA37340,46,247,26,157,44,29,9,25,5,594,49,355,3,98,55,19,0,15,5,598,197,107,22,115,368,141,22,84,4,1069,51,105,14,282,91,52,12,66,3,672,20,35,7,22,16,13,0,19,0,130,75,15,169,132,67,52,8,72,3,590,3,0,0,3,0,0,0,3,0,15,6,5,3,8,12,3,0,11,0,46,19,7,8,23,19,30,0,56,17,185,504,947,306,867,717,376,68,398,51,4226,21,42,21,10,12,9,4,14,4,136,14,22,19,7,9,9,3,10,3,91,258,269,1074,66,56,59,363,222,32,2397,151,34,370,18,8,14,102,120,9,826,60,41,79,10,17,13,24,72,3,320,66,327,34,204,43,34,14,33,6,749,70,445,16,101,52,19,15,21,5,746,352,166,65,178,407,178,61,133,10,1547,82,141,25,369,96,66,33,93,9,915,26,49,22,30,18,18,0,33,0,192
LGA37400,6,16,0,4,0,0,0,3,0,25,4,9,0,7,0,0,0,0,0,24,4,0,0,5,16,4,0,0,0,25,6,5,0,10,0,0,0,0,0,24,3,0,0,0,0,0,0,0,0,3,6,0,4,0,3,0,0,0,0,8,0,0,0,0,0,0,0,0,0,0,0,0,0,0,0,0,0,0,0,0,0,0,0,0,0,0,0,0,0,7,32,29,11,29,15,9,0,11,0,143,0,0,0,5,0,0,0,0,0,7,0,0,0,0,0,0,0,0,0,3,13,3,27,0,0,0,8,3,0,58,3,0,7,0,0,0,3,5,0,17,18,0,3,0,0,3,0,6,0,36,6,19,0,5,0,0,0,3,0,35,4,12,0,7,0,0,0,0,0,22,9,0,4,5,16,4,0,0,0,35,5,5,0,15,0,0,0,0,0,24,3,0,0,0,0,0,0,0,0,3
LGA37550,3,0,0,3,0,3,0,0,0,12,0,3,0,0,0,0,0,0,0,10,0,0,0,0,3,0,0,0,0,14,0,0,0,4,0,0,0,0,0,10,0,0,0,0,0,0,0,0,0,0,0,0,0,0,0,0,0,0,0,3,0,0,0,0,0,0,0,0,0,0,0,0,0,0,0,0,0,0,0,0,0,0,3,3,0,0,0,0,0,3,9,8,3,16,7,4,0,0,0,49,0,0,0,0,0,0,0,0,0,0,0,0,0,0,0,0,0,0,0,0,0,0,0,0,0,0,0,0,0,3,3,0,7,0,0,0,0,0,0,7,0,0,0,0,0,0,0,0,0,4,4,0,0,3,0,3,0,0,0,10,0,9,0,5,0,0,0,0,0,17,0,0,0,0,3,3,0,0,0,15,0,0,0,8,0,0,0,0,0,16,0,0,0,0,0,0,0,0,0,0
LGA37570,0,3,0,0,0,0,0,0,0,4,0,0,0,0,0,0,0,0,0,0,0,0,0,3,0,0,0,0,0,7,0,0,0,0,0,0,0,0,0,3,0,0,0,0,0,0,0,0,0,0,0,0,0,0,0,0,0,0,0,0,0,0,0,0,0,0,0,0,0,0,0,0,0,0,0,0,0,0,0,0,0,0,0,0,0,0,0,0,0,0,3,3,0,8,5,0,0,0,0,18,0,0,0,0,0,0,0,0,0,0,0,0,0,0,0,0,0,0,0,0,0,0,0,0,0,0,0,0,0,4,0,0,0,0,0,0,0,0,0,0,0,0,0,0,0,0,0,0,0,0,0,7,0,0,0,0,0,0,0,7,0,0,0,0,0,0,0,0,0,0,0,0,0,3,3,0,0,0,0,7,0,0,0,0,3,0,0,0,0,6,0,0,0,0,0,0,0,0,0,0
LGA37600,0,3,0,8,0,0,0,0,0,14,0,17,0,12,0,0,0,0,0,32,4,3,0,0,22,0,0,3,0,32,3,7,0,6,4,0,0,3,0,24,0,0,0,0,0,0,0,0,0,0,0,0,0,0,0,0,0,0,0,6,0,0,0,0,0,0,0,0,0,0,0,0,0,0,0,0,0,0,0,3,0,0,0,8,4,0,0,3,0,11,11,32,0,43,30,3,0,7,3,128,0,0,0,0,0,0,0,0,0,0,0,0,0,0,0,0,0,0,0,0,0,4,12,0,0,0,3,6,3,23,3,0,10,0,0,0,0,3,3,18,0,3,0,0,0,0,0,0,0,6,4,3,0,20,0,0,0,0,3,32,4,21,0,12,0,0,0,0,0,41,3,4,0,3,22,0,0,3,0,38,3,9,0,15,4,0,0,3,0,35,0,0,0,0,0,0,0,0,0,0
LGA39499,12,99,7,34,7,3,0,23,0,181,8,31,0,9,4,8,0,10,0,62,21,31,6,36,37,18,3,51,3,199,14,16,0,44,20,7,0,62,3,165,3,16,0,14,6,7,0,21,0,67,4,5,14,17,10,11,0,20,0,84,0,0,0,0,0,0,0,0,0,0,0,0,0,0,0,0,0,0,0,4,0,5,0,3,0,0,0,6,7,28,74,226,44,162,96,58,12,209,21,894,4,15,8,11,0,0,3,13,0,54,3,7,0,4,3,0,3,11,0,38,28,45,116,15,7,7,41,62,6,330,8,11,67,4,0,4,11,45,4,156,4,8,18,3,0,3,15,20,3,68,9,144,8,41,7,3,3,26,3,243,8,48,3,15,3,8,4,5,0,94,49,51,11,44,53,28,17,85,3,336,26,24,7,62,22,11,7,88,9,257,12,33,10,19,6,7,0,29,0,113
LGA39799,0,0,0,0,0,0,0,0,0,0,0,0,0,0,0,0,0,0,0,0,0,0,0,0,3,0,0,0,0,6,0,0,0,0,0,0,0,0,0,3,0,0,0,0,0,0,0,0,0,0,0,0,0,0,0,0,0,0,0,3,0,0,0,0,0,0,0,0,0,0,0,0,0,0,0,0,0,0,0,0,0,0,0,0,0,0,0,0,0,0,0,7,0,0,3,0,0,0,0,17,0,0,0,0,0,0,0,0,0,0,0,0,0,0,0,0,0,0,0,0,0,0,0,0,0,0,0,4,0,5,0,0,0,0,0,0,0,0,0,3,0,0,0,0,0,0,0,0,0,0,0,0,0,0,0,0,0,0,0,4,0,0,0,0,0,0,0,0,0,0,0,0,0,0,3,0,0,0,0,6,0,0,3,0,0,0,0,0,0,5,0,0,0,0,0,0,0,0,0,0
