LGA_CODE_2016,C0_4F_EO_M_EO,C0_4F_EO_M_O_EVWW,C0_4F_EO_M_O_ENWNA,C0_4F_EO_M_O_PENS,C0_4F_EO_M_O_E_T,C0_4F_EO_M_LPENS,C0_4F_EO_M_T,C0_4F_O_EVWW_M_EO,C0_4F_O_EVWW_M_O_EVWW,C0_4F_O_EVWW_M_O_ENWNA,C0_4F_O_EVWW_M_O_PENS,C0_4F_O_EVWW_M_O_E_T,C0_4F_O_EVWW_M_LPENS,C0_4F_O_EVWW_M_T,C0_4F_O_ENWNA_M_EO,C0_4F_O_ENWNA_M_O_EVWW,C0_4F_O_ENWNA_M_O_ENWNA,C0_4F_O_ENWNA_M_O_PENS,C0_4F_O_ENWNA_M_O_E_T,C0_4F_O_ENWNA_M_LPENS,C0_4F_O_ENWNA_M_T,C0_4F_O_PENS_M_EO,C0_4F_O_PENS_M_O_EVWW,C0_4F_O_PENS_M_O_ENWNA,C0_4F_O_PENS_M_O_PENS,C0_4F_O_PENS_M_O_E_T,C0_4F_O_PENS_M_LPENS,C0_4F_O_PENS_M_T,C0_4F_O_E_T_M_EO,C0_4F_O_E_T_M_O_EVWW,C0_4F_O_E_T_M_O_ENWNA,C0_4F_O_E_T_M_O_PENS,C0_4F_O_E_T_M_O_E_T,C0_4F_O_E_T_M_LPENS,C0_4F_O_E_T_M_T,C0_4F_LPENS_M_EO,C0_4F_LPENS_M_O_EVWW,C0_4F_LPENS_M_O_ENWNA,C0_4F_LPENS_M_O_PENS,C0_4F_LPENS_M_O_E_T,C0_4F_LPENS_M_LPENS,C0_4F_LPENS_M_T,C0_4F_T_M_EO,C0_4F_T_M_O_EVWW,C0_4F_T_M_O_ENWNA,C0_4F_T_M_O_PENS,C0_4F_T_M_O_E_T,C0_4F_T_M_LPENS,C0_4F_T_M_T,C5_9F_EO_M_EO,C5_9F_EO_M_O_EVWW,C5_9F_EO_M_O_ENWNA,C5_9F_EO_M_O_PENS,C5_9F_EO_M_O_E_T,C5_9F_EO_M_LPENS,C5_9F_EO_M_T,C5_9F_O_EVWW_M_EO,C5_9F_O_EVWW_M_O_EVWW,C5_9F_O_EVWW_M_O_ENWNA,C5_9F_O_EVWW_M_O_PENS,C5_9F_O_EVWW_M_O_E_T,C5_9F_O_EVWW_M_LPENS,C5_9F_O_EVWW_M_T,C5_9F_O_ENWNA_M_EO,C5_9F_O_ENWNA_M_O_EVWW,C5_9F_O_ENWNA_M_O_ENWNA,C5_9F_O_ENWNA_M_O_PENS,C5_9F_O_ENWNA_M_O_E_T,C5_9F_O_ENWNA_M_LPENS,C5_9F_O_ENWNA_M_T,C5_9F_O_PENS_M_EO,C5_9F_O_PENS_M_O_EVWW,C5_9F_O_PENS_M_O_ENWNA,C5_9F_O_PENS_M_O_PENS,C5_9F_O_PENS_M_O_E_T,C5_9F_O_PENS_M_LPENS,C5_9F_O_PENS_M_T,C5_9F_O_E_T_M_EO,C5_9F_O_E_T_M_O_EVWW,C5_9F_O_E_T_M_O_ENWNA,C5_9F_O_E_T_M_O_PENS,C5_9F_O_E_T_M_O_E_T,C5_9F_O_E_T_M_LPENS,C5_9F_O_E_T_M_T,C5_9F_LPENS_M_EO,C5_9F_LPENS_M_O_EVWW,C5_9F_LPENS_M_O_ENWNA,C5_9F_LPENS_M_O_PENS,C5_9F_LPENS_M_O_E_T,C5_9F_LPENS_M_LPENS,C5_9F_LPENS_M_T,C5_9F_T_M_EO,C5_9F_T_M_O_EVWW,C5_9F_T_M_O_ENWNA,C5_9F_T_M_O_PENS,C5_9F_T_M_O_E_T,C5_9F_T_M_LPENS,C5_9F_T_M_T,C10_12F_EO_M_EO,C10_12F_EO_M_O_EVWW,C10_12F_EO_M_O_ENWNA,C10_12F_EO_M_O_PENS,C10_12F_EO_M_O_E_T,C10_12F_EO_M_LPENS,C10_12F_EO_M_T,C10_12F_O_EVWW_M_EO,C10_12F_O_EVWW_M_O_EVWW,C10_12F_O_EVWW_M_O_ENWNA,C10_12F_O_EVWW_M_O_PENS,C10_12F_O_EVWW_M_O_E_T,C10_12F_O_EVWW_M_LPENS,C10_12F_O_EVWW_M_T,C10_12F_O_ENWNA_M_EO,C10_12F_O_ENWNA_M_O_EVWW,C10_12F_O_ENWNA_M_O_ENWNA,C10_12F_O_ENWNA_M_O_PENS,C10_12F_O_ENWNA_M_O_E_T,C10_12F_O_ENWNA_M_LPENS,C10_12F_O_ENWNA_M_T,C10_12F_O_PENS_M_EO,C10_12F_O_PENS_M_O_EVWW,C10_12F_O_PENS_M_O_ENWNA,C10_12F_O_PENS_M_O_PENS,C10_12F_O_PENS_M_O_E_T,C10_12F_O_PENS_M_LPENS,C10_12F_O_PENS_M_T,C10_12F_O_E_T_M_EO,C10_12F_O_E_T_M_O_EVWW,C10_12F_O_E_T_M_O_ENWNA,C10_12F_O_E_T_M_O_PENS,C10_12F_O_E_T_M_O_E_T,C10_12F_O_E_T_M_LPENS,C10_12F_O_E_T_M_T,C10_12F_LPENS_M_EO,C10_12F_LPENS_M_O_EVWW,C10_12F_LPENS_M_O_ENWNA,C10_12F_LPENS_M_O_PENS,C10_12F_LPENS_M_O_E_T,C10_12F_LPENS_M_LPENS,C10_12F_LPENS_M_T,C10_12F_T_M_EO,C10_12F_T_M_O_EVWW,C10_12F_T_M_O_ENWNA,C10_12F_T_M_O_PENS,C10_12F_T_M_O_E_T,C10_12F_T_M_LPENS,C10_12F_T_M_T,C13_14F_EO_M_EO,C13_14F_EO_M_O_EVWW,C13_14F_EO_M_O_ENWNA,C13_14F_EO_M_O_PENS,C13_14F_EO_M_O_E_T,C13_14F_EO_M_LPENS,C13_14F_EO_M_T,C13_14F_O_EVWW_M_EO,C13_14F_O_EVWW_M_O_EVWW,C13_14F_O_EVWW_M_O_ENWNA,C13_14F_O_EVWW_M_O_PENS,C13_14F_O_EVWW_M_O_E_T,C13_14F_O_EVWW_M_LPENS,C13_14F_O_EVWW_M_T,C13_14F_O_ENWNA_M_EO,C13_14F_O_ENWNA_M_O_EVWW,C13_14F_O_ENWNA_M_O_ENWNA,C13_14F_O_ENWNA_M_O_PENS,C13_14F_O_ENWNA_M_O_E_T,C13_14F_O_ENWNA_M_LPENS,C13_14F_O_ENWNA_M_T,C13_14F_O_PENS_M_EO,C13_14F_O_PENS_M_O_EVWW,C13_14F_O_PENS_M_O_ENWNA,C13_14F_O_PENS_M_O_PENS,C13_14F_O_PENS_M_O_E_T,C13_14F_O_PENS_M_LPENS,C13_14F_O_PENS_M_T,C13_14F_O_E_T_M_EO,C13_14F_O_E_T_M_O_EVWW,C13_14F_O_E_T_M_O_ENWNA,C13_14F_O_E_T_M_O_PENS,C13_14F_O_E_T_M_O_E_T,C13_14F_O_E_T_M_LPENS,C13_14F_O_E_T_M_T,C13_14F_LPENS_M_EO,C13_14F_LPENS_M_O_EVWW,C13_14F_LPENS_M_O_ENWNA,C13_14F_LPENS_M_O_PENS,C13_14F_LPENS_M_O_E_T,C13_14F_LPENS_M_LPENS,C13_14F_LPENS_M_T,C13_14F_TM_EO,C13_14F_TM_O_EVWW,C13_14F_TM_O_ENWNA,C13_14F_TM_O_PENS,C13_14F_TM_O_E_T,C13_14F_TM_LPENS,C13_14F_TM_T,C15_17F_EO_M_EO,C15_17F_EO_M_O_EVWW,C15_17F_EO_M_O_ENWNA,C15_17F_EO_M_O_PENS
LGA30250,3,0,0,0,0,0,3,4,49,0,0,49,0,56,0,0,0,0,0,0,0,0,0,0,0,0,0,0,4,49,0,0,49,0,56,0,0,0,0,0,0,0,5,49,0,0,49,0,53,0,0,0,0,0,0,0,4,83,0,0,83,0,84,0,0,0,0,0,0,0,0,0,0,0,0,0,0,4,83,0,0,83,0,84,0,0,0,0,0,0,0,3,83,0,0,83,0,84,0,0,0,0,0,0,0,0,38,0,0,38,0,38,0,0,0,0,0,0,0,0,0,0,0,0,0,0,0,38,0,0,38,0,38,0,0,0,0,0,0,0,0,38,0,0,38,0,37,0,0,0,0,0,0,0,0,16,0,0,16,0,16,0,0,0,0,0,0,0,0,0,0,0,0,0,0,0,16,0,0,16,0,16,0,0,0,0,0,0,0,0,16,0,0,16,0,13,0,0,0,0
LGA30300,191,0,0,0,0,0,193,0,11,0,0,11,0,7,0,0,0,0,0,0,0,0,0,0,0,0,0,0,0,11,0,0,11,0,7,0,0,0,0,0,0,0,194,11,0,0,11,0,205,228,0,0,0,0,0,230,3,6,0,0,6,0,12,0,0,0,0,0,0,0,0,0,0,0,0,0,0,3,6,0,0,6,0,12,0,0,0,0,0,0,0,233,8,0,0,8,0,243,117,0,0,0,0,0,122,4,0,0,0,0,0,3,0,0,0,0,0,0,0,0,0,0,0,0,0,0,4,0,0,0,0,0,3,0,0,0,0,0,0,0,123,0,0,0,0,0,127,49,0,0,0,0,0,49,0,5,0,0,5,0,5,0,0,0,0,0,0,0,0,0,0,0,0,0,0,0,5,0,0,5,0,5,0,0,0,0,0,0,0,51,5,0,0,5,0,52,67,0,0,0
LGA30370,740,4,0,0,4,0,746,18,35,0,0,31,0,52,4,3,10,0,13,0,15,0,0,0,0,0,0,0,19,37,10,0,52,0,75,0,0,0,0,0,0,3,765,43,10,0,54,3,824,811,0,0,0,0,5,814,11,19,0,0,26,0,34,0,0,7,0,5,0,5,0,0,0,0,0,0,0,11,24,8,0,31,0,44,5,0,0,0,0,0,3,825,26,8,0,29,3,859,436,0,0,0,0,0,437,3,12,0,0,15,0,17,0,0,3,0,7,0,9,0,0,0,0,0,0,0,8,17,3,0,22,0,25,0,0,0,0,0,0,0,440,17,3,0,22,0,464,237,0,0,0,0,0,237,0,3,0,0,5,0,6,0,0,4,0,10,0,10,0,0,0,0,0,0,0,0,8,11,0,13,0,19,0,0,0,0,0,0,0,238,8,11,0,13,0,251,240,0,0,0
LGA30410,130,0,0,0,0,0,131,3,3,0,0,3,0,9,0,0,0,0,0,0,0,0,0,0,0,0,0,0,4,3,0,0,3,0,7,0,0,0,0,0,0,0,136,3,0,0,3,0,137,120,0,0,0,0,3,118,0,10,0,0,10,0,14,0,0,0,0,0,0,0,0,0,0,0,0,0,0,3,10,0,0,10,0,17,0,0,0,0,0,0,0,122,10,0,0,10,3,134,59,0,0,0,0,0,59,0,0,0,0,0,0,0,0,0,0,0,0,0,0,0,0,0,0,0,0,0,0,0,0,0,0,0,0,0,0,0,0,0,0,0,59,0,0,0,0,0,62,29,0,0,0,0,0,29,0,0,0,0,0,0,0,0,0,0,0,0,0,0,0,0,0,0,0,0,0,0,0,0,0,0,0,0,0,0,0,0,0,0,0,29,0,0,0,0,0,29,35,0,0,0
LGA30450,7,0,0,0,0,0,7,0,0,0,0,0,0,0,0,0,0,0,0,0,0,0,0,0,0,0,0,0,0,0,0,0,0,0,0,0,0,0,0,0,0,0,7,0,0,0,0,0,7,4,0,0,0,0,0,4,0,0,0,0,0,0,0,0,0,0,0,0,0,0,0,0,0,0,0,0,0,0,0,0,0,0,0,0,0,0,0,0,0,0,0,4,0,0,0,0,0,4,9,0,0,0,0,0,9,0,0,0,0,0,0,0,0,0,0,0,0,0,0,0,0,0,0,0,0,0,0,0,0,0,0,0,0,0,0,0,0,0,0,0,9,0,0,0,0,0,9,0,0,0,0,0,0,0,0,0,0,0,0,0,0,0,0,0,0,0,0,0,0,0,0,0,0,0,0,0,0,0,0,0,0,0,0,0,0,0,0,0,0,0,0,0,0,0,0,0,0,0,0,0
LGA30760,84,0,0,0,0,0,86,0,0,0,0,0,0,0,0,0,0,0,0,0,0,0,0,0,0,0,0,0,0,0,0,0,0,0,0,0,0,0,0,0,0,0,84,3,0,0,3,0,89,76,0,0,0,0,0,76,3,0,0,0,0,0,3,0,0,0,0,0,0,0,0,0,0,0,0,0,0,3,0,0,0,0,0,3,0,0,0,0,0,0,0,81,0,0,0,0,0,81,37,0,0,0,0,0,37,0,0,0,0,0,0,3,0,0,0,0,0,0,0,0,0,0,0,0,0,0,0,0,0,0,0,0,3,0,0,0,0,0,0,0,34,0,0,0,0,0,35,16,0,0,0,0,0,16,0,0,0,0,0,0,0,0,0,0,0,0,0,0,0,0,0,0,0,0,0,0,0,0,0,0,0,0,0,0,0,0,0,0,0,13,0,0,0,0,0,13,19,0,0,0
LGA30900,10,0,0,0,0,0,10,0,0,0,0,0,0,0,0,0,0,0,0,0,0,0,0,0,0,0,0,0,0,0,0,0,0,0,0,0,0,0,0,0,0,0,10,0,0,0,0,0,10,12,0,0,0,0,0,12,0,0,0,0,0,0,0,0,0,0,0,0,0,0,0,0,0,0,0,0,0,0,0,0,0,0,0,0,0,0,0,0,0,0,0,12,0,0,0,0,0,12,3,0,0,0,0,0,3,0,0,0,0,0,0,0,0,0,0,0,0,0,0,0,0,0,0,0,0,0,0,0,0,0,0,0,0,0,0,0,0,0,0,0,3,0,0,0,0,0,3,0,0,0,0,0,0,0,0,0,0,0,0,0,0,0,0,0,0,0,0,0,0,0,0,0,0,0,0,0,0,0,0,0,0,0,0,0,0,0,0,0,0,0,0,0,0,0,0,0,0,0,0,0
LGA31000,34764,1676,12,11,1700,30,36499,3012,12580,609,55,13242,9,16266,52,1377,742,11,2126,4,2185,19,50,0,23,77,3,100,3087,14010,1352,90,15450,15,18547,39,23,3,0,26,47,109,37885,15708,1368,106,17174,92,55153,35773,1323,12,13,1348,27,37142,2476,9879,509,53,10437,9,12921,39,1113,828,13,1953,0,1988,14,39,3,22,60,3,79,2527,11028,1342,79,12451,14,14992,33,17,0,0,17,62,109,38333,12377,1350,97,13820,101,52249,20294,605,7,4,613,16,20922,1081,4624,272,19,4918,5,6003,34,586,563,3,1157,3,1189,11,13,3,6,28,0,33,1122,5220,841,34,6100,8,7227,23,10,0,0,10,32,67,21433,5834,850,39,6723,52,28213,12369,328,4,9,341,16,12719,648,2739,190,12,2943,0,3588,18,366,399,5,772,0,788,4,9,0,3,11,0,17,672,3116,589,18,3719,0,4394,9,0,0,0,4,18,27,13049,3446,590,25,4064,32,17150,16328,444,5,4
LGA31750,14,0,0,0,0,0,14,0,0,0,0,0,0,0,0,0,0,0,0,0,0,0,0,0,0,0,0,0,0,0,0,0,0,0,0,0,0,0,0,0,0,0,14,0,0,0,0,0,14,17,0,0,0,0,0,17,0,0,0,0,0,0,0,0,0,0,0,0,0,0,0,0,0,0,0,0,0,0,0,0,0,0,0,0,0,0,0,0,0,0,0,17,0,0,0,0,0,17,10,0,0,0,0,0,10,0,0,0,0,0,0,0,0,0,0,0,0,0,0,0,0,0,0,0,0,0,0,0,0,0,0,0,0,0,0,0,0,0,0,0,10,0,0,0,0,0,10,0,0,0,0,0,0,0,0,0,0,0,0,0,0,0,0,0,0,0,0,0,0,0,0,0,0,0,0,0,0,0,0,0,0,0,0,0,0,0,0,0,0,0,0,0,0,0,0,0,0,0,0,0
LGA31820,2789,47,0,0,47,6,2835,76,145,0,0,149,0,223,0,12,3,0,20,0,20,0,5,0,0,5,0,5,79,166,6,0,172,0,251,4,0,0,0,0,11,12,2868,211,6,0,222,18,3102,3291,40,0,0,40,6,3336,74,123,7,0,134,0,206,0,13,4,0,21,0,16,0,0,0,0,0,0,0,77,138,14,0,152,0,224,5,0,0,0,0,13,18,3366,181,14,0,192,16,3579,1977,17,0,0,17,8,1996,44,82,0,0,89,0,131,0,7,0,0,6,0,6,0,0,0,0,0,0,0,49,91,3,0,89,0,141,3,3,0,0,3,10,11,2021,109,3,0,112,11,2147,1344,8,0,0,8,5,1357,30,35,4,0,35,0,64,3,3,0,0,3,0,7,0,0,0,0,0,0,0,36,38,4,0,43,0,78,3,0,0,0,0,6,7,1376,51,4,0,51,7,1443,1701,17,0,0
LGA31900,610,7,0,0,7,0,621,16,16,0,0,21,0,37,0,3,0,0,3,0,3,0,0,0,0,0,0,0,16,24,3,0,28,0,44,0,0,0,0,0,0,0,626,30,3,0,35,0,660,673,6,0,0,6,3,681,21,16,0,0,14,0,36,0,0,3,0,3,0,3,0,0,0,0,0,0,0,21,14,0,0,17,0,42,3,3,0,0,3,3,3,696,28,0,0,28,5,724,423,5,0,0,5,0,428,11,14,3,0,15,0,29,0,0,0,0,0,0,0,0,0,0,0,0,0,0,11,14,3,0,15,0,29,3,0,0,0,0,0,4,434,20,3,0,22,3,458,287,4,0,0,4,0,291,9,3,0,0,9,0,12,0,0,0,0,0,0,0,0,0,0,0,0,0,0,9,3,0,0,9,0,12,3,0,0,0,0,0,3,292,14,0,0,13,0,309,359,5,0,0
LGA31950,5,0,0,0,0,0,5,0,0,0,0,0,0,0,0,0,0,0,0,0,0,0,0,0,0,0,0,0,0,0,0,0,0,0,0,3,0,0,0,0,0,3,10,0,0,0,0,0,10,12,0,0,0,0,0,12,0,0,0,0,0,0,0,0,0,0,0,0,0,0,0,0,0,0,0,0,0,0,0,0,0,0,0,0,0,0,0,0,0,0,0,12,0,0,0,0,0,12,3,0,0,0,0,0,3,0,0,0,0,0,0,0,0,0,0,0,0,0,0,0,0,0,0,0,0,0,0,0,0,0,0,0,0,0,0,0,0,0,0,0,3,0,0,0,0,0,3,3,0,0,0,0,0,3,0,0,0,0,0,0,0,0,0,0,0,0,0,0,0,0,0,0,0,0,0,0,0,0,0,0,0,0,0,0,0,0,0,0,0,3,0,0,0,0,0,3,0,0,0,0
LGA32080,4815,161,3,3,164,9,4992,440,895,52,4,955,0,1393,15,122,125,4,256,0,268,3,0,0,0,4,0,12,458,1022,184,10,1214,0,1671,13,0,0,0,3,14,30,5286,1182,184,14,1380,29,6693,5208,162,4,3,176,13,5396,402,731,42,3,784,0,1188,6,69,94,0,167,0,177,3,6,0,11,17,0,21,416,812,137,11,966,0,1377,10,0,0,0,0,3,16,5637,980,141,16,1142,16,6795,3060,92,3,3,94,8,3156,206,396,22,3,422,3,627,0,35,62,0,102,0,102,4,3,0,5,8,0,8,210,439,87,11,526,3,737,8,0,0,0,0,4,14,3271,527,90,7,623,13,3911,1871,51,3,3,54,3,1930,137,223,18,0,236,0,375,4,21,41,0,59,0,62,0,0,0,0,0,0,3,142,244,54,3,302,0,446,5,0,0,0,0,8,7,2019,287,59,4,354,12,2384,2329,69,0,0
LGA32250,70,0,0,0,0,0,70,0,0,0,0,0,0,3,0,0,0,0,0,0,0,0,0,0,0,0,0,0,0,0,0,0,0,0,3,0,0,0,0,0,0,0,70,0,0,0,0,0,71,65,0,0,0,0,0,65,3,3,0,0,3,0,6,0,0,0,0,0,0,0,0,0,0,0,0,0,0,3,3,0,0,3,0,6,0,0,0,0,0,0,0,69,3,0,0,3,0,74,31,0,0,0,0,0,31,4,3,0,0,3,0,3,0,0,0,0,0,0,0,0,0,0,0,0,0,0,4,3,0,0,3,0,3,0,0,0,0,0,0,0,36,3,0,0,3,0,37,15,0,0,0,0,0,15,0,0,0,0,0,0,0,0,0,0,0,0,0,0,0,0,0,0,0,0,0,0,0,0,0,0,0,0,0,0,0,0,0,0,0,15,0,0,0,0,0,15,3,0,0,0
LGA32260,867,20,0,0,27,4,897,50,122,10,0,131,0,178,3,10,6,0,18,0,20,0,0,0,0,0,0,0,53,130,17,3,152,0,200,0,0,0,0,0,0,0,918,153,17,9,174,6,1105,967,26,0,0,30,5,1005,39,107,10,0,113,0,153,0,6,7,0,16,0,16,0,0,0,0,0,0,0,39,116,19,0,128,0,171,5,0,0,0,0,3,11,1017,141,20,0,157,12,1184,541,14,0,3,12,0,552,26,34,3,0,38,0,64,0,6,3,0,9,0,11,0,3,0,0,3,0,4,29,38,11,0,49,0,75,0,0,0,0,0,3,3,569,50,11,3,61,4,630,350,7,0,0,9,0,363,19,24,3,0,25,0,41,0,4,4,0,10,0,9,0,0,0,0,0,0,0,22,29,5,0,34,0,55,0,0,0,0,0,0,4,376,33,8,0,44,3,422,450,9,0,0
LGA32270,1678,8,0,0,8,3,1689,50,80,0,0,81,0,129,3,9,0,0,10,0,8,0,0,0,0,0,0,0,50,87,3,0,92,0,141,11,0,0,0,0,4,14,1736,102,3,0,100,7,1849,1632,16,0,0,16,4,1651,28,71,0,0,74,0,100,0,9,10,0,14,0,17,0,0,0,0,0,0,0,27,83,9,0,93,0,117,9,0,0,0,0,3,11,1671,99,9,0,110,5,1784,789,9,0,0,9,0,793,7,34,0,0,34,0,40,0,0,3,0,3,0,3,0,0,0,0,0,0,0,7,36,3,0,42,0,47,3,0,0,0,0,7,7,798,43,3,0,48,6,847,418,3,0,0,3,4,420,4,24,0,0,24,0,31,0,0,0,0,0,0,0,0,0,0,0,0,0,0,4,24,0,0,24,0,31,0,0,0,0,0,0,0,424,24,0,0,24,3,452,453,3,0,0
LGA32310,371,0,0,0,0,0,374,9,10,0,0,10,0,20,0,0,0,0,0,0,0,0,0,0,0,0,0,0,9,10,0,0,10,0,20,0,0,0,0,0,0,0,385,10,0,0,10,0,393,447,3,0,0,4,3,450,11,15,0,0,15,0,22,3,0,0,0,0,0,3,0,0,0,0,0,0,0,9,18,0,0,18,0,25,3,0,0,0,0,0,3,463,19,0,0,19,3,484,280,0,0,0,0,0,281,4,11,0,0,11,0,15,0,3,0,0,3,0,3,0,0,0,0,0,0,0,4,13,0,0,13,0,17,0,0,0,0,0,0,0,288,8,0,0,8,0,299,170,0,0,0,0,0,170,4,7,0,0,7,0,13,0,0,0,0,0,0,0,0,0,0,0,0,0,0,4,7,0,0,7,0,13,0,0,0,0,0,0,0,173,7,0,0,7,0,179,169,0,0,0
LGA32330,73,0,0,0,0,0,73,0,3,0,0,3,0,3,0,0,0,0,0,0,0,0,0,0,0,0,0,0,0,3,0,0,3,0,3,0,0,0,0,0,3,3,73,3,0,0,3,3,78,51,0,0,0,0,0,51,0,0,0,0,0,0,0,0,0,0,0,0,0,0,0,0,0,0,0,0,0,0,0,0,0,0,0,0,0,0,0,0,0,3,3,51,0,0,0,0,3,55,17,0,0,0,0,0,17,0,3,0,0,3,0,3,0,0,0,0,0,0,0,0,0,0,0,0,0,0,0,3,0,0,3,0,3,0,0,0,0,0,0,0,17,3,0,0,3,0,23,26,0,0,0,0,0,26,0,0,0,0,0,0,0,0,0,0,0,0,0,0,0,0,0,0,0,0,0,0,0,0,0,0,0,0,0,0,0,0,0,0,0,26,0,0,0,0,0,22,19,0,0,0
LGA32450,139,0,0,0,0,0,139,6,7,0,0,7,0,19,0,0,0,0,0,0,0,0,0,0,0,0,0,0,6,7,0,0,7,0,19,0,0,0,0,0,0,0,148,7,0,0,7,0,162,116,0,0,0,0,0,117,9,11,0,0,11,0,20,0,0,0,0,0,0,0,0,0,0,0,0,0,0,9,11,0,0,11,0,20,0,0,0,0,0,0,0,120,11,0,0,11,0,131,53,0,0,0,0,0,53,0,0,0,0,0,0,4,0,0,0,0,0,0,0,0,0,0,0,0,0,0,0,0,0,0,0,0,4,0,0,0,0,0,0,0,54,0,0,0,0,0,56,39,0,0,0,0,0,39,0,0,0,0,0,0,0,0,0,0,0,0,0,0,0,0,0,0,0,0,0,0,0,0,0,0,0,0,0,0,0,0,0,0,0,40,0,0,0,0,0,40,27,0,0,0
LGA32500,101,3,0,0,3,0,105,13,4,0,0,4,0,21,0,0,0,0,0,0,0,0,0,0,0,0,0,0,13,4,0,0,4,0,21,0,0,0,0,0,0,3,112,5,0,0,5,3,124,132,3,0,0,3,0,135,5,10,0,0,10,0,17,0,0,0,0,0,0,0,0,0,0,0,0,0,0,5,10,0,0,10,0,17,0,0,0,0,0,0,5,144,16,0,0,16,3,156,72,0,0,0,0,0,72,0,8,0,0,8,0,8,0,0,0,0,0,0,0,0,0,0,0,0,0,0,0,8,0,0,8,0,8,0,0,0,0,0,0,0,71,8,0,0,8,0,82,32,0,0,0,0,0,32,3,3,0,0,3,0,7,0,0,0,0,0,0,0,0,0,0,0,0,0,0,3,3,0,0,3,0,7,0,0,0,0,0,0,0,41,3,0,0,3,0,38,35,0,0,0
LGA32600,8,0,0,0,0,0,8,0,0,0,0,0,0,0,0,0,0,0,0,0,0,0,0,0,0,0,0,0,0,0,0,0,0,0,0,0,0,0,0,0,0,0,8,0,0,0,0,0,8,22,0,0,0,0,0,22,0,0,0,0,0,0,0,0,0,0,0,0,0,0,0,0,0,0,0,0,0,0,0,0,0,0,0,0,0,0,0,0,0,0,0,19,0,0,0,0,0,19,0,0,0,0,0,0,0,0,0,0,0,0,0,0,0,0,0,0,0,0,0,0,0,0,0,0,0,0,0,0,0,0,0,0,0,0,0,0,0,0,0,0,0,0,0,0,0,0,0,0,0,0,0,0,0,0,0,0,0,0,0,0,0,0,0,0,0,0,0,0,0,0,0,0,0,0,0,0,0,0,0,0,0,0,0,0,0,0,0,0,0,0,0,0,0,0,0,0,0,0,0,0
LGA32750,16,0,0,0,0,0,16,0,0,0,0,0,0,0,0,0,0,0,0,0,0,0,0,0,0,0,0,0,0,0,0,0,0,0,0,0,0,0,0,0,0,0,16,0,0,0,0,0,16,15,0,0,0,0,0,15,0,0,0,0,0,0,0,0,0,0,0,0,0,0,0,0,0,0,0,0,0,0,0,0,0,0,0,0,0,0,0,0,0,0,0,15,0,0,0,0,0,15,0,0,0,0,0,0,0,0,0,0,0,0,0,0,0,0,0,0,0,0,0,0,0,0,0,0,0,0,0,0,0,0,0,0,0,0,0,0,0,0,0,0,0,0,0,0,0,0,0,0,0,0,0,0,0,0,0,0,0,0,0,0,0,0,0,0,0,0,0,0,0,0,0,0,0,0,0,0,0,0,0,0,0,0,0,0,0,0,0,0,0,0,0,0,0,0,0,0,0,0,0,0
LGA32770,112,0,0,0,0,0,113,0,3,0,0,3,0,3,0,0,0,0,0,0,0,0,0,0,0,0,0,0,0,3,0,0,3,0,3,0,0,0,0,0,0,0,112,3,0,0,3,0,115,138,0,0,0,0,0,143,0,0,0,0,0,0,0,0,0,0,0,0,0,0,0,0,0,0,0,0,0,0,0,0,0,0,0,0,0,0,0,0,0,0,0,138,3,0,0,3,0,144,75,0,0,0,0,0,71,0,0,0,0,0,0,0,0,0,0,0,0,0,0,0,0,0,0,0,0,0,0,0,0,0,0,0,0,0,0,0,0,0,0,0,72,0,0,0,0,0,72,34,0,0,0,0,0,31,0,0,0,0,0,0,0,0,0,0,0,0,0,0,0,0,0,0,0,0,0,0,0,0,0,0,0,0,0,0,0,0,0,0,0,34,0,0,0,0,0,31,14,0,0,0
LGA32810,325,4,0,0,4,0,331,14,21,0,0,21,0,37,0,0,0,0,0,0,0,0,0,0,0,0,0,0,14,19,0,0,19,0,35,0,0,0,0,0,0,0,342,26,0,0,26,0,370,372,13,0,0,14,0,380,21,23,0,0,23,0,45,0,0,0,0,0,0,0,0,0,0,0,0,0,0,21,27,0,0,26,0,46,0,0,0,0,0,0,0,395,35,0,0,38,0,427,208,0,0,0,0,0,212,3,8,0,0,12,0,11,0,0,0,0,0,0,0,0,0,0,0,0,0,0,3,8,0,0,12,0,11,0,0,0,0,0,0,0,208,8,0,0,12,0,226,114,0,0,0,0,0,113,0,3,0,0,3,0,6,0,0,0,0,0,0,0,0,0,0,0,0,0,0,3,3,0,0,3,0,6,0,0,0,0,0,0,0,117,7,0,0,7,0,123,142,0,0,0
LGA33100,37,0,0,0,0,0,37,0,0,0,0,0,0,0,0,0,0,0,0,0,0,0,0,0,0,0,0,0,0,0,0,0,0,0,0,0,0,0,0,0,0,0,41,0,0,0,0,0,41,39,0,0,0,0,0,39,0,0,0,0,0,0,3,0,0,0,0,0,0,0,0,0,0,0,0,0,0,0,0,0,0,0,0,3,0,0,0,0,0,0,0,42,0,0,0,0,0,48,13,0,0,0,0,0,13,0,0,0,0,0,0,0,0,0,0,0,0,0,0,0,0,0,0,0,0,0,0,0,0,0,0,0,0,0,0,0,0,0,0,0,13,0,0,0,0,0,10,0,0,0,0,0,0,0,0,0,0,0,0,0,0,0,0,0,0,0,0,0,0,0,0,0,0,0,0,0,0,0,0,0,0,0,0,0,0,0,0,0,0,0,0,0,0,0,0,0,6,0,0,0
LGA33200,76,0,0,0,0,0,76,4,0,0,0,0,0,3,0,0,0,0,0,0,0,0,0,0,0,0,0,0,4,0,0,0,0,0,3,0,0,0,0,0,0,0,82,0,0,0,0,0,79,56,0,0,0,0,0,56,0,0,0,0,0,0,0,0,0,0,0,0,0,0,0,0,0,0,0,0,0,0,0,0,0,0,0,0,0,0,0,0,0,0,0,56,0,0,0,0,0,56,29,0,0,0,0,0,29,0,0,0,0,0,0,0,0,0,0,0,0,0,0,0,0,0,0,0,0,0,0,0,0,0,0,0,0,0,0,0,0,0,0,0,29,0,0,0,0,0,29,16,0,0,0,0,0,16,0,0,0,0,0,0,0,0,0,0,0,0,0,0,0,0,0,0,0,0,0,0,0,0,0,0,0,0,0,0,0,0,0,0,0,16,0,0,0,0,0,16,12,0,0,0
LGA33220,2837,36,0,0,36,3,2878,78,118,0,0,122,0,195,3,5,3,0,7,0,11,0,0,0,0,0,0,0,78,130,3,0,132,0,210,6,0,0,0,0,5,12,2921,166,3,0,166,10,3097,3311,28,0,0,28,4,3340,87,117,0,0,113,0,204,3,6,3,0,6,0,10,0,0,0,0,0,0,0,96,117,3,0,120,0,218,0,0,0,0,0,7,7,3405,142,3,0,147,14,3567,2094,22,0,0,22,6,2127,47,40,0,0,49,0,95,0,0,0,0,0,0,3,0,3,0,0,3,0,3,53,45,4,0,50,0,99,0,0,0,0,0,0,4,2144,67,4,0,72,4,2228,1301,23,0,0,23,8,1328,29,24,0,0,25,0,53,0,5,0,0,5,0,7,0,4,0,0,4,0,4,28,29,0,0,35,0,58,0,0,0,0,0,0,3,1328,50,0,0,50,7,1386,1644,23,0,0
LGA33360,2794,47,0,0,45,0,2845,83,282,3,0,286,0,365,0,20,0,0,21,0,19,0,0,0,0,0,0,0,83,302,3,0,306,0,386,0,0,0,0,0,7,10,2874,349,3,3,353,3,3239,2937,40,0,0,40,3,2982,66,272,0,0,275,0,344,3,19,0,0,19,0,23,0,8,0,0,8,0,8,71,299,4,0,298,0,366,3,0,0,0,0,3,10,3013,335,4,0,337,7,3356,1680,15,0,0,15,6,1693,39,122,0,0,121,0,159,0,11,0,0,11,0,13,0,3,0,0,3,0,3,38,137,0,0,135,0,176,5,0,0,0,0,6,11,1728,148,0,0,152,6,1887,1048,7,0,0,7,8,1062,29,75,4,0,71,0,106,0,7,0,0,3,0,3,0,3,0,0,3,0,3,29,77,3,0,82,0,113,3,0,0,0,0,4,5,1077,91,3,0,93,8,1178,1218,16,0,0
LGA33430,19243,697,7,3,704,31,19978,1271,2766,135,17,2913,12,4200,27,266,111,3,381,0,414,13,14,0,3,16,0,31,1312,3048,251,24,3320,12,4640,21,3,0,0,3,22,45,20572,3743,257,23,4022,65,24661,19589,612,4,5,620,37,20249,1163,2301,116,6,2424,8,3594,25,217,100,3,324,0,343,9,9,0,6,16,0,23,1197,2528,217,14,2759,8,3959,21,4,0,0,4,34,54,20797,3141,222,19,3381,77,24261,10988,319,10,3,328,15,11329,556,1160,70,0,1236,6,1800,20,101,63,0,161,0,178,3,10,0,3,13,0,19,584,1265,137,6,1414,6,1997,16,3,0,0,3,24,43,11587,1588,143,14,1744,44,13367,6860,182,3,0,185,14,7055,346,729,46,0,771,0,1122,6,70,39,0,109,0,114,0,0,0,0,3,0,4,352,798,86,0,887,0,1242,11,0,0,0,0,10,14,7222,977,94,4,1069,22,8311,8982,196,3,3
LGA33610,488,0,0,0,0,4,491,9,19,0,0,19,0,28,0,6,0,0,5,0,5,0,0,0,0,0,0,0,9,22,0,0,19,0,32,0,0,0,0,0,0,0,495,22,0,0,19,3,518,547,0,0,0,0,3,544,0,18,3,0,19,0,19,0,0,0,0,0,0,0,0,0,0,0,0,0,0,0,18,3,0,23,0,23,3,0,0,0,0,0,5,544,18,3,0,23,4,574,297,0,0,0,3,0,295,0,0,0,0,0,0,4,0,0,0,0,0,0,0,0,0,0,0,0,0,0,0,0,0,0,0,0,4,0,0,0,0,0,0,0,297,3,0,0,3,0,303,141,3,0,0,0,0,141,0,8,0,0,8,0,8,0,0,0,0,0,0,0,0,0,0,0,0,0,0,0,8,0,0,7,0,7,0,0,0,0,0,0,0,141,7,0,0,11,0,150,154,0,0,0
LGA33620,1604,11,0,0,11,0,1615,47,35,3,0,37,0,81,0,0,0,0,0,0,0,0,0,0,0,0,0,0,50,35,3,0,40,0,82,3,0,0,0,0,3,9,1652,45,3,0,44,3,1706,1853,8,0,0,8,9,1871,35,32,0,0,33,0,71,5,3,0,0,3,0,6,3,0,0,0,0,0,3,42,35,0,0,36,0,82,6,0,0,0,0,3,7,1905,44,0,0,42,7,1958,1226,8,0,0,8,4,1242,18,18,0,0,15,0,34,3,0,0,0,0,0,3,0,0,0,0,0,0,0,26,18,0,0,15,0,42,0,0,0,0,0,0,0,1247,24,0,0,28,4,1283,750,6,0,0,6,3,757,9,12,0,0,12,0,22,0,0,3,0,3,0,4,0,0,0,0,0,0,0,10,12,3,0,12,0,27,3,0,0,0,0,0,3,766,13,3,0,17,3,783,866,11,0,0
LGA33800,319,11,0,0,11,0,330,6,3,0,0,3,0,11,0,0,0,0,0,0,0,0,0,0,0,0,0,0,6,3,0,0,3,0,11,0,0,0,0,0,0,0,326,16,0,0,16,0,344,374,7,0,0,7,0,383,8,12,0,0,12,0,21,0,0,0,0,0,0,0,0,0,0,0,0,0,0,8,12,0,0,12,0,21,0,0,0,0,0,0,0,381,24,0,0,24,0,408,250,8,0,0,8,0,259,3,7,0,0,7,0,6,0,0,0,0,0,0,0,0,0,0,0,0,0,0,4,7,0,0,7,0,9,0,0,0,0,0,0,0,253,10,0,0,10,0,266,147,5,0,0,5,0,155,5,3,0,0,3,0,9,0,0,0,0,0,0,0,0,0,0,0,0,0,0,5,3,0,0,3,0,9,0,0,0,0,0,0,0,158,10,0,0,10,0,169,228,9,0,0
LGA33830,5,12,0,0,12,0,14,0,39,0,0,39,0,39,0,3,0,0,3,0,3,3,0,0,0,0,0,3,3,38,0,0,38,0,43,0,0,0,0,0,0,0,8,45,0,0,45,0,57,0,4,0,0,4,0,4,0,45,0,0,45,0,45,0,3,0,0,3,0,3,0,0,0,0,0,0,0,0,44,0,0,44,0,44,0,0,0,0,0,0,0,0,46,0,0,46,0,53,0,0,0,0,0,0,0,0,22,0,0,22,0,19,0,0,0,0,0,0,0,0,0,0,0,0,0,0,0,22,0,0,22,0,22,0,0,0,0,0,0,0,0,25,0,0,25,0,24,3,0,0,0,0,0,3,0,15,0,0,15,0,19,0,0,0,0,0,0,0,0,0,0,0,0,0,0,0,15,0,0,15,0,19,0,0,0,0,0,0,0,0,15,0,0,15,0,15,0,0,0,0
LGA33960,8552,306,0,5,310,16,8886,414,1555,48,5,1608,4,2026,5,153,70,0,228,0,243,3,17,0,13,28,0,37,424,1732,122,19,1870,4,2297,8,5,0,0,5,7,21,8985,2041,124,22,2187,35,11206,7998,242,4,5,252,7,8261,335,1392,60,6,1460,12,1799,10,141,83,0,223,0,240,5,15,0,12,24,0,30,353,1539,148,26,1713,12,2074,16,0,0,0,0,10,29,8373,1783,149,28,1968,21,10363,4109,110,0,3,117,5,4226,146,727,55,4,794,0,943,3,70,61,0,129,0,138,0,3,0,9,13,0,16,157,807,121,13,942,4,1096,6,0,0,0,0,0,5,4269,918,123,18,1057,12,5334,2555,66,3,3,66,5,2628,91,417,41,4,460,4,553,4,53,39,0,90,0,95,0,4,0,5,8,0,6,95,473,77,8,562,3,661,0,0,0,0,0,3,4,2657,540,77,12,632,10,3296,3207,80,0,3
LGA33980,1393,15,0,0,15,10,1413,26,74,0,0,74,0,103,0,6,0,0,4,0,8,0,0,0,0,0,0,0,30,79,0,0,80,0,113,3,0,0,0,0,0,3,1429,94,0,0,91,10,1528,1287,11,0,0,11,7,1312,37,74,0,0,74,0,104,0,3,0,0,3,0,3,0,0,0,0,0,0,0,37,78,0,0,78,0,110,3,0,0,0,0,0,3,1327,85,0,0,85,10,1425,587,7,0,0,7,3,592,8,28,0,0,28,0,39,0,0,0,0,0,0,0,0,0,0,0,0,0,0,12,32,0,0,32,0,44,0,0,0,0,0,3,3,594,37,0,0,37,8,641,279,3,0,0,3,0,287,5,13,0,0,13,0,15,0,0,0,0,0,0,0,0,0,0,0,0,0,0,5,13,0,0,13,0,15,0,0,0,0,0,0,0,286,14,0,0,14,0,301,320,0,0,0
LGA34420,45,0,0,0,0,0,45,0,0,0,0,0,0,0,0,0,0,0,0,0,0,0,0,0,0,0,0,0,0,0,0,0,0,0,0,0,0,0,0,0,0,0,45,0,0,0,0,0,49,47,0,0,0,0,0,47,0,3,0,0,3,0,3,0,0,0,0,0,0,0,0,0,0,0,0,0,0,0,3,0,0,4,0,4,0,0,0,0,0,0,0,47,3,0,0,4,0,49,23,0,0,0,0,0,23,0,0,0,0,0,0,0,0,0,0,0,0,0,0,0,0,0,0,0,0,0,0,0,0,0,0,0,0,0,0,0,0,0,0,0,23,0,0,0,0,0,23,8,0,0,0,0,0,8,0,0,0,0,0,0,0,0,0,0,0,0,0,0,0,0,0,0,0,0,0,0,0,0,0,0,0,0,0,0,0,0,0,0,0,8,0,0,0,0,0,8,8,0,0,0
LGA34530,1258,8,0,0,8,0,1264,40,32,0,0,34,0,75,4,0,0,0,0,0,4,0,0,0,0,0,0,0,41,32,0,0,35,0,76,3,0,0,0,0,0,4,1307,37,0,0,43,0,1347,1440,10,0,0,10,0,1451,23,34,0,0,37,0,58,0,0,0,0,0,0,3,0,0,0,0,0,0,0,20,34,3,4,36,0,59,3,0,0,0,0,0,3,1460,41,3,4,51,0,1512,856,8,0,0,8,0,865,13,12,0,0,12,0,20,0,0,0,0,0,0,0,0,0,0,0,0,0,0,13,12,0,0,12,0,20,0,0,0,0,0,0,0,872,16,0,0,16,0,890,559,3,0,0,3,3,566,10,9,0,0,12,0,22,0,0,0,0,0,0,0,0,0,0,0,0,0,0,10,9,0,0,15,0,20,0,0,0,0,0,0,0,569,14,0,0,16,3,587,707,3,0,0
LGA34570,24,0,0,0,0,0,24,3,14,0,0,14,0,17,0,0,0,0,0,0,0,0,0,0,0,0,0,0,3,14,0,0,16,0,16,0,0,0,0,0,0,0,26,15,0,0,16,0,46,35,0,0,0,0,0,35,0,19,0,0,19,0,19,0,0,0,0,0,0,0,0,0,0,0,0,0,0,0,19,0,0,19,0,19,0,0,0,0,0,0,0,35,19,0,0,19,0,51,15,0,0,0,0,0,13,0,15,0,0,15,0,15,0,0,0,0,0,0,0,0,0,0,0,0,0,0,0,15,0,0,15,0,15,0,0,0,0,0,0,0,15,21,0,0,21,0,32,4,0,0,0,0,0,3,0,3,0,0,3,0,3,0,0,0,0,0,0,0,0,0,0,0,0,0,0,0,3,0,0,3,0,3,0,0,0,0,0,0,0,4,7,0,0,7,0,7,0,0,0,0
LGA34580,1412,8,0,0,8,8,1431,39,77,6,0,87,0,126,0,11,21,0,33,0,33,0,0,0,0,0,0,0,43,91,29,0,116,0,159,3,0,0,0,0,3,6,1461,100,29,0,123,15,1598,1587,7,0,0,8,8,1605,24,60,6,0,64,0,90,0,12,15,0,24,0,24,0,0,0,0,0,0,0,24,76,20,0,93,0,117,0,0,0,0,0,3,5,1615,80,23,0,101,13,1732,967,3,0,0,3,7,985,22,25,3,0,22,0,46,0,7,11,0,13,0,13,0,0,0,0,0,0,0,22,27,13,0,40,0,58,3,0,0,0,0,0,6,994,32,13,0,44,7,1049,619,0,0,0,0,4,628,4,17,3,0,20,0,28,0,4,3,0,4,0,4,0,0,0,0,0,0,0,4,16,8,0,27,0,30,3,0,0,0,0,0,3,630,19,10,0,25,4,661,786,3,0,0
LGA34590,11081,525,13,3,540,21,11645,669,2761,191,27,2972,3,3647,18,454,413,16,887,0,898,8,23,3,20,45,0,57,698,3242,604,55,3901,8,4605,27,0,0,0,3,32,62,11800,3773,614,55,4444,62,16304,11483,432,4,0,438,20,11941,519,2409,159,21,2588,3,3110,17,342,361,9,714,0,729,7,21,3,17,39,0,46,551,2772,525,43,3338,3,3888,29,8,4,0,9,29,65,12059,3204,534,48,3789,55,15899,6337,233,5,3,236,14,6595,267,1186,111,9,1303,0,1571,3,192,242,3,439,0,440,3,14,5,14,33,0,36,274,1387,355,28,1776,0,2052,12,0,0,0,3,19,36,6627,1621,361,33,2016,38,8677,4045,116,5,3,120,5,4170,142,727,75,7,808,0,948,3,108,157,0,267,0,274,0,8,3,5,11,0,11,143,841,238,10,1088,0,1235,5,3,0,0,3,3,12,4197,954,246,15,1217,9,5421,4920,145,3,3
LGA34710,135,0,0,0,0,3,138,0,4,0,0,4,0,5,0,0,0,0,0,0,0,0,0,0,0,0,0,0,0,4,0,0,4,0,5,0,0,0,0,0,0,0,134,9,0,0,9,0,145,147,0,0,0,0,0,148,0,3,0,0,9,0,9,0,0,0,0,0,0,0,0,0,0,0,0,0,0,0,3,0,0,9,0,9,3,0,0,0,0,0,3,149,3,3,0,9,0,157,85,0,0,0,0,0,85,3,0,0,0,0,0,3,0,0,0,0,0,0,0,0,0,0,0,0,0,0,3,0,0,0,0,0,3,0,0,0,0,0,0,0,87,0,0,0,3,0,94,52,0,0,0,0,0,50,0,0,0,0,0,0,0,0,0,0,0,0,0,0,0,0,0,0,0,0,0,0,0,0,0,0,0,0,0,0,0,0,0,0,0,52,0,0,0,0,0,50,45,0,0,0
LGA34770,4464,71,0,0,68,8,4537,154,354,6,3,364,0,517,6,28,7,0,36,0,36,6,0,0,0,0,0,4,163,387,12,3,399,0,567,9,3,0,0,3,13,23,4633,457,12,3,472,20,5123,4654,43,4,4,49,10,4716,120,300,12,0,315,0,434,4,22,6,0,28,0,27,3,4,0,0,3,0,8,125,324,15,0,346,0,467,5,0,0,0,0,10,16,4788,372,20,3,393,22,5196,2711,30,0,0,30,3,2742,51,175,0,0,177,0,228,5,20,3,0,25,0,26,0,0,0,0,0,0,6,56,201,5,0,203,0,259,3,0,0,0,0,8,11,2767,232,5,0,237,7,3017,1685,17,0,0,17,0,1706,41,109,0,0,117,0,152,0,3,3,0,5,0,10,0,0,0,0,0,0,0,42,114,3,0,119,0,159,3,0,0,0,0,3,10,1726,135,3,0,138,9,1873,2152,26,0,0
LGA34800,35,0,0,0,0,0,35,0,0,0,0,0,0,0,0,0,0,0,0,0,0,0,0,0,0,0,0,0,0,0,0,0,0,0,0,0,0,0,0,0,0,0,35,0,0,0,0,0,39,39,0,0,0,0,0,39,0,0,0,0,0,0,0,0,0,0,0,0,0,0,0,0,0,0,0,0,0,0,0,0,0,0,0,0,0,0,0,0,0,0,0,43,0,0,0,0,0,43,18,0,0,0,0,0,18,0,0,0,0,0,0,0,0,0,0,0,0,0,0,0,0,0,0,0,0,0,0,0,0,0,0,0,0,0,0,0,0,0,0,0,18,0,0,0,0,0,18,3,0,0,0,0,0,3,0,0,0,0,0,0,0,0,0,0,0,0,0,0,0,0,0,0,0,0,0,0,0,0,0,0,0,0,0,0,0,0,0,0,0,3,0,0,0,0,0,3,0,0,0,0
LGA34830,15,0,0,0,0,0,15,0,0,0,0,0,0,0,0,0,0,0,0,0,0,0,0,0,0,0,0,0,0,0,0,0,0,0,0,0,0,0,0,0,0,0,15,0,0,0,0,0,21,12,0,0,0,0,0,12,0,4,0,0,4,0,4,0,0,0,0,0,0,0,0,0,0,0,0,0,0,0,4,0,0,4,0,4,0,0,0,0,0,0,0,12,4,0,0,4,0,15,10,0,0,0,0,0,10,0,0,0,0,0,0,0,0,0,0,0,0,0,0,0,0,0,0,0,0,0,0,0,0,0,0,0,0,0,0,0,0,0,0,0,10,0,0,0,0,0,10,10,0,0,0,0,0,10,0,0,0,0,0,0,0,0,0,0,0,0,0,0,0,0,0,0,0,0,0,0,0,0,0,0,0,0,0,0,0,0,0,0,0,10,0,0,0,0,0,10,4,0,0,0
LGA34860,615,7,0,0,7,3,626,8,36,0,0,37,0,49,0,0,0,0,0,0,0,0,0,0,0,0,0,0,8,37,0,0,42,0,48,3,0,0,0,0,0,3,629,47,0,0,47,3,679,625,8,0,0,8,5,634,3,20,0,0,22,0,27,0,0,0,0,0,0,0,0,0,0,0,0,0,0,3,20,0,0,22,0,27,5,0,0,0,0,4,13,639,26,0,0,28,8,672,293,4,0,0,4,0,299,7,15,0,0,15,0,22,0,0,0,0,0,0,0,0,0,0,0,0,0,0,7,15,0,0,15,0,22,3,0,0,0,0,0,3,302,15,0,0,15,0,323,172,0,0,0,0,0,172,3,8,0,0,8,0,14,0,0,0,0,0,0,0,0,0,0,0,0,0,0,3,12,0,0,12,0,16,0,0,0,0,0,0,0,172,13,0,0,13,0,188,177,0,0,0
LGA34880,564,28,0,0,28,3,596,41,45,0,0,46,0,84,0,3,0,0,3,0,3,0,0,0,0,0,0,0,39,48,0,0,54,0,94,0,0,0,0,0,6,6,608,81,0,0,79,7,694,749,25,0,0,25,0,770,22,46,0,0,43,0,71,0,0,0,0,0,0,0,3,0,0,0,0,0,3,28,46,0,0,51,0,73,4,0,0,0,0,0,4,776,66,0,0,70,0,848,466,8,0,0,8,0,477,11,27,0,0,27,0,43,0,0,0,0,4,0,3,0,0,0,0,0,0,0,15,29,0,0,30,0,46,3,0,0,0,0,0,3,481,37,0,0,41,3,524,299,12,0,0,12,0,315,8,20,0,0,20,0,30,0,0,0,0,0,0,0,0,0,0,0,0,0,0,13,20,0,0,20,0,31,0,0,0,0,0,0,0,313,33,0,0,33,0,352,346,24,0,3
LGA35010,17660,444,0,4,456,33,18144,686,1558,43,9,1608,3,2306,17,103,47,0,148,0,165,7,7,0,6,19,3,24,711,1667,89,18,1778,6,2499,22,3,0,0,8,30,58,18400,2120,89,23,2237,70,20705,18916,412,9,7,430,38,19386,603,1541,51,9,1595,3,2202,13,86,49,0,136,0,146,14,12,0,0,11,0,27,625,1635,95,9,1745,3,2375,33,0,0,0,0,40,77,19581,2049,109,16,2173,83,21827,10668,196,3,3,201,14,10882,276,837,27,3,863,0,1134,3,42,22,0,69,0,69,4,9,0,3,6,0,12,283,887,44,5,938,0,1226,20,0,0,0,0,28,49,10968,1082,48,7,1138,45,12153,6649,111,9,0,114,3,6765,186,455,22,3,478,0,661,3,29,18,0,50,0,48,7,3,0,0,3,0,11,195,486,41,3,526,0,721,15,0,0,0,0,9,26,6857,595,44,3,643,11,7516,8392,150,5,3
LGA35250,40,0,0,0,0,0,41,0,7,0,0,7,0,6,0,0,0,0,0,0,0,3,3,0,0,3,0,3,3,7,0,0,6,0,12,0,0,0,0,0,0,0,44,7,0,3,9,0,50,67,0,0,0,0,0,68,0,3,0,0,3,0,3,0,0,0,0,0,0,0,0,3,0,0,3,0,5,0,6,0,0,6,0,9,0,0,0,0,0,0,0,68,11,0,0,11,0,77,55,0,0,0,0,0,57,0,0,0,0,0,0,0,0,0,0,0,0,0,0,0,0,0,0,0,0,0,0,3,0,0,3,0,3,0,0,0,0,0,0,0,55,3,0,0,4,0,60,15,0,0,0,0,0,15,0,0,0,0,0,0,0,0,0,0,0,0,0,0,0,0,0,0,0,0,0,0,0,0,0,0,0,0,0,0,0,0,0,0,0,15,0,0,0,0,0,15,8,0,0,0
LGA35300,951,21,0,0,21,0,974,42,130,0,0,130,3,174,0,0,0,0,0,0,0,0,0,0,0,0,0,0,42,132,0,0,132,3,174,6,0,0,0,0,3,5,995,148,0,0,154,7,1154,739,13,0,0,13,3,755,26,113,0,0,113,0,136,0,3,0,0,3,0,3,0,0,0,0,0,0,4,28,117,0,3,118,0,148,0,0,0,0,0,3,3,767,132,0,3,133,8,903,426,7,0,0,7,0,432,13,62,0,0,62,0,74,0,0,0,0,3,0,3,0,0,0,0,0,0,0,12,60,0,0,64,0,81,3,0,0,0,0,4,6,444,71,0,0,72,4,520,223,4,0,0,4,0,227,10,29,0,0,34,0,45,0,0,0,0,0,0,0,0,0,0,0,0,0,0,10,29,3,0,36,0,41,0,0,0,0,0,0,3,234,34,3,0,35,0,279,240,4,0,0
LGA35600,190,3,0,0,3,0,196,4,0,0,0,0,0,10,0,3,3,0,8,0,8,0,0,0,0,0,0,0,4,5,3,0,10,0,18,0,0,0,0,0,3,3,201,7,3,0,12,4,213,168,0,0,0,0,3,169,7,8,0,0,8,0,14,0,4,0,0,4,0,4,0,0,0,0,0,0,0,7,9,0,0,11,0,12,0,0,0,0,0,3,3,168,11,0,0,12,4,189,99,4,0,0,4,0,105,3,0,0,0,0,0,6,0,3,3,0,5,0,5,0,0,0,0,0,0,0,3,6,3,0,4,0,10,0,0,0,0,0,0,0,106,8,3,0,7,3,114,43,0,0,0,0,0,43,0,0,0,0,0,0,0,0,3,3,0,3,0,3,0,0,0,0,0,0,0,0,3,3,0,3,0,7,0,0,0,0,0,0,0,47,3,3,0,4,0,53,56,0,0,0
LGA35670,47,3,0,0,3,0,48,0,27,0,0,27,0,27,0,0,0,0,0,0,0,0,0,0,0,0,0,0,0,27,0,0,27,0,27,0,0,0,0,0,0,0,47,27,0,0,27,0,74,38,3,0,0,3,0,40,0,25,0,0,25,0,25,0,0,0,0,0,0,0,0,0,0,0,0,0,0,0,25,0,0,25,0,25,0,0,0,0,0,0,0,38,25,0,0,25,0,64,26,0,0,0,0,0,26,0,8,0,0,8,0,8,0,0,0,0,0,0,0,0,0,0,0,0,0,0,0,8,0,0,8,0,8,0,0,0,0,0,0,0,26,8,0,0,8,0,33,8,0,0,0,0,0,8,0,9,0,0,9,0,9,0,0,0,0,0,0,0,0,0,0,0,0,0,0,0,9,0,0,9,0,9,0,0,0,0,0,0,0,8,9,0,0,9,0,18,3,0,0,0
LGA35740,1379,38,0,0,38,0,1422,83,92,0,0,97,0,182,5,6,3,0,7,0,11,0,0,0,0,0,0,0,91,101,3,0,103,0,193,0,0,0,0,0,0,3,1473,136,3,0,142,3,1618,1795,44,0,0,44,0,1838,70,80,0,0,75,0,143,0,4,0,0,4,0,3,0,0,0,0,0,0,0,73,79,0,0,81,0,150,3,0,0,0,0,0,4,1868,121,0,0,123,0,1994,1149,19,0,0,19,0,1163,34,42,0,0,42,0,75,3,0,0,0,0,0,9,3,0,0,0,0,0,3,38,44,0,0,46,0,84,5,0,0,0,0,0,5,1187,63,0,0,67,0,1253,778,14,0,0,14,3,790,26,21,0,0,21,0,49,0,3,0,0,3,0,3,0,0,0,0,0,0,0,26,24,0,0,24,0,51,0,0,0,0,0,3,0,799,39,0,0,39,3,842,908,15,0,0
LGA35760,320,7,0,0,7,4,329,9,13,4,0,16,0,26,0,0,0,0,0,0,0,0,0,0,0,0,0,0,9,13,4,0,16,0,26,0,0,0,0,0,0,0,327,23,4,0,23,4,353,404,4,0,0,4,3,415,8,9,0,0,9,0,23,0,0,0,0,0,0,0,0,3,0,0,3,0,3,8,14,0,0,16,0,24,0,0,0,0,0,0,0,418,18,0,0,16,3,439,256,6,0,0,6,3,263,4,3,0,0,8,0,9,0,0,0,0,0,0,0,0,0,0,0,0,0,0,4,4,3,0,8,0,14,3,0,0,0,0,0,3,263,15,3,0,15,3,280,149,3,0,0,3,0,154,0,4,0,0,4,0,4,0,0,3,0,3,0,3,0,0,0,0,0,0,0,0,4,3,0,4,0,11,0,0,0,0,0,0,0,152,6,3,0,7,0,166,167,0,0,0
LGA35780,17,4,0,0,4,0,25,5,198,7,0,209,0,217,0,0,11,0,11,0,11,0,0,0,0,0,0,0,5,198,18,0,220,0,223,0,0,0,0,0,0,0,26,207,18,0,220,0,242,17,4,0,0,4,0,19,7,176,14,0,193,0,196,0,3,9,0,13,0,13,0,3,0,0,3,0,3,7,187,26,0,210,0,213,0,0,0,0,0,0,0,26,188,26,0,212,0,234,7,0,0,0,0,0,5,3,86,8,0,91,0,94,0,0,5,0,8,0,8,0,0,0,0,3,0,3,3,87,14,0,102,0,105,0,0,0,0,0,0,0,7,89,14,0,97,0,107,3,0,0,0,0,0,4,0,35,3,0,38,0,39,0,0,3,0,3,0,3,0,0,0,0,0,0,0,0,40,3,0,43,0,48,0,0,0,0,0,0,0,3,39,3,0,48,0,46,3,0,0,0
LGA35790,179,0,0,0,0,0,180,0,8,0,0,8,0,7,0,0,0,0,0,0,0,3,0,0,0,0,0,3,0,8,0,0,8,0,10,0,0,0,0,0,0,0,182,8,0,0,8,3,190,139,3,0,0,3,0,145,0,11,0,0,11,0,11,0,0,0,0,0,0,0,0,0,0,0,0,0,0,0,11,0,0,11,0,17,0,0,0,0,0,0,0,142,13,0,0,13,0,156,57,0,0,0,0,0,57,0,3,0,0,3,0,3,0,0,0,0,0,0,0,0,0,0,0,0,0,0,0,3,0,0,3,0,3,0,0,0,0,0,0,0,57,3,0,0,3,0,59,36,0,0,0,0,0,36,0,3,0,0,3,0,3,0,0,0,0,0,0,0,0,0,0,0,0,0,0,0,3,0,0,3,0,3,0,0,0,0,0,0,0,36,3,0,0,3,0,40,21,0,0,0
LGA35800,48,0,0,0,0,0,48,0,0,0,0,0,0,0,0,0,0,0,0,0,0,0,0,0,0,0,0,0,0,0,0,0,0,0,0,0,0,0,0,0,0,0,48,0,0,0,0,0,49,46,0,0,0,0,0,46,0,0,0,0,0,0,0,0,0,0,0,0,0,0,0,0,0,0,0,0,0,0,0,0,0,0,0,0,0,0,0,0,0,0,0,46,0,0,0,0,0,46,20,0,0,0,0,0,20,0,0,0,0,0,0,0,0,0,0,0,0,0,0,0,0,0,0,0,0,0,0,0,0,0,0,0,0,0,0,0,0,0,0,0,20,0,0,0,0,0,20,10,0,0,0,0,0,10,0,0,0,0,0,0,0,0,0,0,0,0,0,0,0,0,0,0,0,0,0,0,0,0,0,0,0,0,0,0,0,0,0,0,0,10,0,0,0,0,0,10,10,0,0,0
LGA36070,19,8,0,0,8,0,22,3,14,0,0,14,0,22,0,0,0,0,0,0,0,0,0,0,0,0,0,0,3,14,0,0,20,0,21,0,0,0,0,0,0,0,20,19,0,0,25,0,42,12,0,0,0,0,0,13,4,13,0,0,13,0,21,0,0,0,0,0,0,0,0,0,0,0,0,0,0,4,13,0,0,19,0,20,0,0,0,0,0,0,0,16,17,0,0,18,0,34,5,0,0,0,0,0,5,4,10,0,0,10,0,12,0,0,0,0,0,0,0,0,0,0,0,0,0,0,4,10,0,0,10,0,16,0,0,0,0,0,0,0,14,10,0,0,10,0,17,0,0,0,0,0,0,0,0,0,0,0,0,0,3,0,0,0,0,0,0,0,0,0,0,0,0,0,0,0,0,0,0,0,0,3,0,0,0,0,0,0,0,3,3,0,0,3,0,4,0,0,0,0
LGA36150,26,0,0,0,0,0,26,0,0,0,0,0,0,0,0,0,0,0,0,0,0,0,0,0,0,0,0,0,0,0,0,0,0,0,0,0,0,0,0,0,0,0,26,0,0,0,0,0,26,52,0,0,0,0,0,52,0,0,0,0,0,0,0,0,0,0,0,0,0,0,0,0,0,0,0,0,0,0,0,0,0,0,0,0,0,0,0,0,0,0,0,52,0,0,0,0,0,52,12,0,0,0,0,0,12,0,0,0,0,0,0,0,0,0,0,0,0,0,0,0,0,0,0,0,0,0,0,0,0,0,0,0,0,0,0,0,0,0,0,0,12,0,0,0,0,0,12,6,0,0,0,0,0,6,0,0,0,0,0,0,0,0,0,0,0,0,0,0,0,0,0,0,0,0,0,0,0,0,0,0,0,0,0,0,0,0,0,0,0,6,0,0,0,0,0,6,4,0,0,0
LGA36250,5362,156,0,0,157,9,5534,216,378,14,3,396,0,612,7,15,3,0,21,0,28,6,0,0,0,0,0,6,229,397,12,3,417,0,648,12,0,0,0,0,10,22,5605,557,19,4,574,16,6202,6253,132,0,0,132,4,6393,221,383,8,0,396,0,618,5,17,10,0,24,0,31,3,0,0,0,0,0,3,227,396,24,0,423,0,654,7,0,0,0,0,5,14,6491,530,22,3,554,12,7066,3709,67,0,0,72,3,3789,125,242,10,3,249,0,377,5,15,0,0,19,0,20,3,0,0,0,0,0,3,134,254,6,3,268,0,403,3,0,0,0,0,0,0,3842,326,12,4,338,6,4194,2417,63,0,0,63,0,2481,77,136,3,0,145,0,219,0,6,6,0,19,0,14,0,0,0,0,0,0,0,75,146,10,0,159,0,241,5,0,0,0,0,3,8,2499,211,10,0,225,3,2724,3303,59,0,0
LGA36300,42,0,0,0,0,0,42,0,0,0,0,0,0,0,0,0,0,0,0,0,0,0,0,0,0,0,0,0,0,0,0,0,0,0,0,0,0,0,0,0,0,0,39,0,0,0,0,0,39,33,0,0,0,0,0,33,0,0,0,0,0,0,3,0,0,0,0,0,0,0,0,0,0,0,0,0,0,0,0,0,0,0,0,3,0,0,0,0,0,0,0,35,0,0,0,0,0,39,12,0,0,0,0,0,12,0,0,0,0,0,0,0,0,0,0,0,0,0,0,0,0,0,0,0,0,0,0,0,0,0,0,0,0,0,0,0,0,0,0,0,15,0,0,0,0,0,15,0,0,0,0,0,0,0,0,0,0,0,0,0,0,0,0,0,0,0,0,0,0,0,0,0,0,0,0,0,0,0,0,0,0,0,0,0,0,0,0,0,0,0,0,0,0,0,0,0,0,0,0,0
LGA36370,3119,50,0,0,50,4,3173,80,274,15,0,287,0,369,4,16,35,0,46,0,53,0,0,0,0,0,0,0,87,287,52,0,336,0,425,8,0,0,0,0,0,8,3202,339,52,0,389,8,3605,3077,41,0,0,41,5,3122,62,231,13,0,245,0,309,0,22,30,0,48,0,51,4,0,0,0,0,0,4,69,259,39,0,296,0,364,4,0,0,0,0,3,6,3152,300,39,0,333,8,3490,1626,24,5,0,27,3,1651,31,120,5,0,126,0,154,0,9,28,0,42,0,42,3,0,0,0,0,0,3,32,125,39,0,165,0,198,5,0,0,0,0,0,3,1658,152,39,0,189,0,1851,1069,9,0,0,12,3,1081,16,64,4,0,73,0,83,0,15,22,0,35,0,35,0,0,0,0,0,0,0,16,83,21,0,102,0,115,0,0,0,0,0,0,0,1082,89,21,0,112,3,1199,1303,6,0,0
LGA36510,1309,14,0,0,16,3,1331,43,29,0,0,29,0,79,0,4,4,0,10,0,10,0,0,0,0,0,0,0,43,34,4,0,38,0,81,4,0,0,0,0,0,5,1362,50,4,0,57,4,1417,1773,22,0,0,22,4,1797,55,38,0,0,38,0,93,0,0,0,0,0,0,0,0,0,0,0,0,0,0,55,43,0,0,43,0,99,4,0,0,0,0,7,10,1832,62,0,0,62,10,1904,1110,8,0,0,8,3,1125,38,26,0,0,26,0,63,0,0,0,0,0,0,0,0,0,0,0,0,0,0,38,26,0,0,26,0,63,5,0,0,0,0,7,11,1155,39,0,0,39,9,1200,710,4,0,0,6,3,716,19,12,0,0,12,0,33,0,0,0,0,0,0,0,0,0,0,0,0,0,0,19,12,0,0,12,0,33,0,0,0,0,0,3,3,733,13,0,0,13,4,755,878,5,0,0
LGA36580,945,3,0,0,3,0,951,20,30,4,0,39,0,52,0,0,0,0,0,0,0,0,0,0,0,0,0,0,17,30,4,0,36,0,59,0,0,0,0,0,0,0,970,32,4,0,39,0,1008,1046,3,0,0,3,0,1052,26,39,5,0,44,0,75,0,0,3,0,3,0,3,0,0,0,0,0,0,0,26,44,8,0,55,0,78,0,0,0,0,0,7,7,1077,46,8,0,58,7,1136,625,3,0,0,3,0,627,9,27,3,0,27,0,36,0,6,0,0,6,0,6,0,0,0,0,0,0,0,9,29,3,0,35,0,43,0,0,0,0,0,0,0,635,37,3,0,40,0,673,358,4,0,0,4,0,368,11,11,0,0,11,0,19,0,3,5,0,5,0,6,0,0,0,0,0,0,0,13,16,5,0,16,0,27,0,0,0,0,0,0,0,375,22,5,0,23,0,395,449,3,0,0
LGA36630,1113,20,0,0,17,9,1144,30,24,0,0,24,0,54,0,0,0,0,0,0,0,0,0,0,0,0,0,0,30,23,0,0,25,0,51,3,0,0,0,0,4,6,1141,44,4,0,48,11,1201,1304,12,0,0,12,6,1326,30,27,0,0,27,0,56,0,0,0,0,3,0,3,0,0,0,0,0,0,0,30,24,0,0,29,0,64,5,0,0,0,0,5,11,1339,40,0,0,40,13,1392,781,10,0,0,10,3,795,25,13,0,0,13,0,38,0,0,0,0,0,0,0,0,0,0,0,0,0,0,25,18,0,0,18,0,37,0,0,0,0,0,3,7,805,24,0,0,24,9,831,492,7,0,0,7,3,497,21,9,0,0,6,0,35,0,0,0,0,0,0,0,0,0,0,0,0,0,0,21,9,0,0,6,0,35,3,0,0,0,0,0,3,516,13,0,0,14,4,534,527,3,0,0
LGA36660,1237,23,0,0,23,3,1259,28,40,0,0,39,0,72,3,0,3,0,4,0,9,0,0,0,3,3,0,3,27,42,6,3,46,0,79,6,0,0,0,0,0,8,1271,67,6,3,70,8,1348,1425,20,0,0,20,3,1450,19,37,5,0,41,0,61,0,5,0,0,5,0,5,0,0,0,3,8,0,4,19,42,5,3,52,0,72,3,0,0,0,0,6,4,1450,68,5,3,70,8,1531,866,8,0,0,8,3,879,10,21,0,0,20,0,34,0,0,3,0,3,0,3,0,0,0,4,4,0,4,10,21,5,4,25,0,37,0,0,0,0,0,0,0,879,27,5,4,36,3,912,571,11,0,0,11,0,578,14,15,0,0,14,0,28,0,0,0,0,3,0,3,0,0,0,0,0,0,0,14,15,3,0,22,0,32,0,0,0,0,0,0,0,580,27,3,0,34,3,611,729,7,0,0
LGA36720,10398,195,0,0,194,15,10617,460,569,20,0,585,0,1045,8,44,11,0,54,0,57,4,0,0,3,4,0,9,470,612,25,4,642,0,1119,22,3,0,0,3,7,37,10895,811,31,4,838,32,11766,11857,220,4,0,228,19,12101,416,559,19,0,577,0,993,11,24,7,0,31,0,48,4,3,0,0,3,0,9,434,585,22,0,610,0,1043,20,0,0,0,0,11,33,12312,806,29,0,836,33,13183,7064,121,7,0,128,12,7207,186,307,12,0,314,0,500,3,15,4,0,16,0,23,0,0,0,0,0,0,4,194,316,16,3,336,0,529,10,0,0,0,0,10,20,7265,441,21,3,460,18,7751,4482,71,0,0,71,7,4567,120,164,4,0,165,0,287,3,7,3,0,9,0,16,0,0,0,0,0,0,0,123,172,5,0,182,0,305,4,0,0,0,0,4,10,4615,245,5,0,251,10,4882,5643,71,0,0
LGA36820,800,21,3,0,20,0,819,13,20,0,0,20,0,37,0,0,0,0,0,0,0,0,0,0,0,0,0,0,15,20,0,0,20,0,38,4,0,0,0,0,7,9,820,40,3,0,38,7,867,919,13,0,0,13,0,933,23,20,0,0,20,0,46,0,0,0,0,0,0,0,0,0,0,0,0,0,0,26,20,0,0,20,0,44,0,0,0,0,0,0,4,945,32,0,0,32,3,977,544,3,0,0,3,3,551,8,11,0,0,11,0,13,0,0,0,0,0,0,0,0,0,0,0,0,0,0,8,11,0,0,11,0,13,0,0,0,0,0,3,3,550,13,0,0,13,9,571,350,0,0,0,0,0,352,7,9,0,0,9,0,15,0,0,0,0,0,0,0,0,0,0,0,0,0,0,8,9,0,0,9,0,20,0,0,0,0,0,4,4,355,13,0,0,13,7,370,383,3,0,0
LGA36910,6413,62,0,3,70,11,6487,140,687,16,0,711,0,850,0,108,44,0,150,0,150,0,4,0,3,7,7,12,140,804,62,4,864,7,1007,21,0,0,0,0,14,34,6571,864,59,6,933,25,7531,6994,68,0,5,70,16,7080,120,542,22,0,558,0,681,0,78,45,0,119,0,119,0,3,0,3,10,0,10,120,622,64,3,697,0,819,15,0,0,0,0,5,18,7133,688,69,10,766,16,7913,3953,33,3,0,36,13,3994,68,271,16,0,280,0,347,0,40,32,0,76,0,78,0,0,0,7,4,0,4,64,315,47,7,368,0,434,7,0,0,0,0,5,14,4025,343,49,7,401,15,4445,2470,29,0,3,29,5,2502,35,164,6,0,173,0,210,0,16,22,0,40,0,40,0,0,0,0,0,0,5,38,182,33,0,214,0,252,4,0,0,0,0,0,6,2515,210,34,3,243,8,2767,3137,27,0,3
LGA36950,73,5,0,0,5,0,78,7,76,0,0,76,0,83,0,0,0,0,0,0,3,0,0,0,3,5,0,5,6,76,4,3,84,0,92,3,0,0,0,0,3,5,84,88,4,3,89,3,176,83,9,0,0,9,0,89,3,94,8,0,98,0,108,0,0,5,0,5,0,10,0,3,0,0,3,0,3,7,93,16,0,108,0,112,0,0,0,0,0,3,3,90,106,16,0,117,3,208,36,3,0,0,3,0,39,0,41,7,0,51,0,54,0,0,0,0,0,0,0,0,0,0,0,0,0,0,0,44,10,0,54,0,54,0,0,0,0,0,4,4,38,49,10,0,56,4,103,24,0,0,0,0,0,29,0,29,3,0,32,0,33,0,0,4,0,4,0,4,0,0,0,0,0,0,0,0,29,3,0,38,0,36,0,0,0,0,0,0,0,30,32,3,0,40,0,67,12,3,0,0
LGA36960,6,8,0,3,6,0,14,0,284,0,4,286,0,290,0,0,3,0,4,0,4,3,5,0,3,6,0,10,3,286,6,5,299,0,302,0,0,0,0,0,4,4,14,292,6,4,301,4,322,12,3,0,0,3,0,14,0,320,8,5,331,0,336,0,3,4,0,5,0,5,3,9,0,6,15,0,19,3,336,14,11,360,0,360,0,0,0,0,0,0,0,12,335,14,11,359,0,377,0,0,0,0,0,0,4,0,146,5,0,152,0,157,0,0,3,0,3,0,3,0,7,0,3,10,0,10,0,154,6,4,170,0,170,0,0,0,0,0,0,0,3,158,6,4,172,0,175,0,0,0,0,0,0,0,0,44,0,0,44,0,44,0,0,0,0,0,0,0,0,0,0,0,0,0,0,0,41,3,0,46,0,46,0,0,0,0,0,0,0,0,41,3,0,46,0,43,0,0,0,0
LGA37010,7323,142,9,0,149,9,7485,268,625,16,0,645,0,911,5,72,40,0,109,0,119,7,0,0,3,7,0,8,283,696,55,7,755,0,1039,6,0,0,0,0,14,25,7619,834,68,7,908,24,8551,7010,108,0,7,112,11,7133,226,564,25,0,588,0,815,7,48,64,0,109,0,118,3,10,0,8,11,0,21,237,621,84,11,714,0,952,8,0,0,0,0,12,23,7257,724,83,15,826,27,8110,3936,71,0,0,67,3,4007,107,320,15,0,329,0,438,3,32,44,0,68,0,74,0,0,0,4,6,0,3,112,347,51,4,406,0,520,3,0,0,0,0,7,12,4050,417,54,4,476,10,4538,2488,35,0,3,40,0,2527,78,205,9,0,210,0,290,4,16,27,0,50,0,50,0,0,0,0,5,0,5,84,220,35,5,256,0,343,3,0,0,0,0,4,13,2575,256,35,6,296,5,2873,3142,59,0,0
LGA37300,253,6,0,0,6,5,262,4,20,0,0,18,0,24,0,0,0,0,0,0,0,0,0,0,0,0,0,0,6,20,0,0,18,0,24,0,0,0,0,0,0,0,259,24,0,0,25,3,291,242,0,0,0,0,3,244,16,23,0,0,19,0,32,0,0,0,0,0,0,0,0,0,0,0,0,0,0,16,23,0,0,19,0,34,0,0,0,0,0,0,0,252,25,0,0,25,3,279,118,4,0,0,4,0,120,4,19,0,0,19,0,25,0,0,0,0,0,0,0,0,0,0,0,0,0,0,5,19,0,0,23,0,25,0,0,0,0,0,0,0,121,18,0,0,20,0,146,74,0,0,0,0,0,74,5,5,0,0,6,0,17,0,0,0,0,0,0,0,0,0,0,0,0,0,0,5,5,3,0,13,0,15,0,0,0,0,0,0,0,78,5,3,0,13,0,84,57,0,0,0
LGA37310,1455,7,0,0,7,4,1466,28,80,0,0,79,0,109,0,14,0,0,14,0,14,0,0,0,0,0,0,0,24,90,0,0,94,0,118,7,0,0,0,0,0,7,1490,99,0,0,105,4,1598,1615,9,0,0,9,4,1634,23,89,0,0,89,0,113,0,4,0,0,4,0,4,0,0,0,0,0,0,0,22,91,0,0,91,0,120,3,0,0,0,0,0,6,1650,100,0,0,100,8,1758,863,7,0,0,7,3,868,9,34,3,0,34,0,48,0,0,0,0,0,0,0,3,0,0,0,0,0,3,13,35,3,0,35,0,53,6,0,0,0,0,0,6,880,41,3,0,46,3,927,520,4,0,0,4,0,523,6,24,0,0,24,0,33,0,0,0,0,0,0,0,0,0,0,0,0,0,0,6,25,0,0,25,0,29,0,0,0,0,0,0,3,531,28,0,0,28,0,561,588,3,0,0
LGA37340,1109,20,0,0,20,8,1139,72,58,0,0,58,3,132,0,3,0,0,9,0,12,0,0,0,0,0,0,0,67,65,0,0,64,3,139,8,0,0,0,0,0,8,1187,85,0,0,88,7,1283,1195,16,0,0,16,7,1210,47,46,4,0,51,0,99,3,3,7,0,9,0,12,0,0,0,0,0,0,0,50,52,8,0,57,0,112,3,0,0,0,0,0,3,1252,63,8,0,70,7,1330,661,10,0,0,10,0,669,17,33,0,0,33,0,49,4,3,0,0,3,0,3,0,0,0,0,0,0,0,21,36,0,0,36,0,55,3,0,0,0,0,0,3,684,43,0,0,43,3,729,386,0,0,0,0,0,384,14,8,0,0,8,0,21,0,0,0,0,0,0,3,0,0,0,0,0,0,0,10,15,0,0,15,0,27,0,0,0,0,0,0,0,400,13,0,0,13,0,412,458,3,0,0
LGA37400,45,0,0,0,0,0,48,4,0,0,0,0,0,4,0,0,0,0,0,0,0,0,0,0,0,0,0,0,4,0,0,0,0,0,4,0,0,0,0,0,0,0,45,0,0,0,0,0,48,29,0,0,0,0,0,29,0,0,0,0,0,0,0,0,0,0,0,0,0,0,0,0,0,0,0,0,0,0,0,0,0,0,0,0,0,0,0,0,0,0,0,29,0,0,0,0,0,29,23,0,0,0,0,0,28,0,0,0,0,0,0,0,0,0,0,0,0,0,0,0,0,0,0,0,0,0,0,0,0,0,0,0,0,0,0,0,0,0,0,0,23,0,0,0,0,0,28,12,0,0,0,0,0,12,0,0,0,0,0,0,0,0,0,0,0,0,0,0,0,0,0,0,0,0,0,0,0,0,0,0,0,0,0,0,0,0,0,0,0,12,0,0,0,0,0,12,7,0,0,0
LGA37550,40,0,0,0,0,0,40,0,9,0,0,9,0,9,0,0,0,0,0,0,0,0,0,0,0,0,0,0,0,9,0,0,9,0,9,0,0,0,0,0,0,0,40,9,0,0,9,0,46,42,0,0,0,0,0,42,0,3,0,0,3,0,3,0,0,0,0,0,0,0,0,0,0,0,0,0,0,0,3,0,0,3,0,3,0,0,0,0,0,0,0,42,3,0,0,3,0,51,25,0,0,0,0,0,25,0,5,0,0,5,0,5,0,0,0,0,0,0,0,0,0,0,0,0,0,0,0,5,0,0,5,0,5,0,0,0,0,0,0,0,25,5,0,0,5,0,28,12,0,0,0,0,0,12,0,0,0,0,0,0,0,0,0,0,0,0,0,0,0,0,0,0,0,0,0,0,0,0,0,0,0,0,0,0,0,0,0,0,0,12,0,0,0,0,0,12,11,0,0,0
LGA37570,3,4,0,0,4,0,4,4,7,0,0,7,0,9,0,0,0,0,0,0,0,0,0,0,0,0,0,0,4,7,0,0,7,0,9,0,0,0,0,0,0,0,4,10,0,0,10,0,12,3,0,0,0,0,0,6,3,3,0,0,3,0,6,0,0,0,0,0,0,0,0,0,0,0,0,0,0,3,3,0,0,3,0,6,0,0,0,0,0,0,0,4,8,0,0,8,0,13,0,0,0,0,0,0,0,3,0,0,0,0,0,3,0,0,0,0,0,0,0,0,0,0,0,0,0,0,3,0,0,0,0,0,3,0,0,0,0,0,0,0,3,0,0,0,0,0,3,0,0,0,0,0,0,3,0,0,0,0,0,0,0,0,0,0,0,0,0,0,0,0,0,0,0,0,0,0,0,0,0,0,0,0,0,0,0,0,0,0,0,3,0,0,0,0,0,3,0,0,0,0
LGA37600,97,0,0,0,0,0,96,3,10,0,0,10,0,9,0,0,0,0,0,0,0,0,0,0,7,7,0,7,3,10,0,7,15,0,17,0,0,0,0,0,0,0,100,10,0,7,17,0,120,144,3,0,0,3,0,149,0,16,0,0,16,0,13,0,0,0,0,0,0,0,0,0,0,0,0,0,0,0,16,0,0,18,0,19,0,0,0,0,0,0,0,150,17,0,0,18,0,164,101,0,0,0,0,0,96,0,4,0,0,4,0,4,0,0,0,0,0,0,0,0,0,0,3,3,0,3,0,4,0,3,6,0,6,3,0,0,0,0,0,4,97,10,0,3,11,0,110,52,0,0,0,0,0,53,0,9,0,0,9,0,9,0,0,0,0,0,0,0,0,0,0,0,0,0,0,0,9,0,0,7,0,7,0,0,0,0,0,0,0,52,10,0,0,9,0,67,42,0,0,0
LGA39499,0,0,0,0,0,0,0,0,0,0,0,0,0,0,0,0,0,0,0,0,0,0,0,0,0,0,0,0,0,0,0,0,0,0,0,0,0,0,0,0,0,0,0,0,0,0,0,0,0,0,0,0,0,0,0,0,0,0,0,0,0,0,0,0,0,0,0,0,0,0,0,0,0,0,0,0,0,0,0,0,0,0,0,0,0,0,0,0,0,0,0,0,0,0,0,0,0,0,0,0,0,0,0,0,0,0,0,0,0,0,0,0,0,0,0,0,0,0,0,0,0,0,0,0,0,0,0,0,0,0,0,0,0,0,0,0,0,0,0,0,0,0,0,0,0,0,0,0,0,0,0,0,0,0,0,0,0,0,0,0,0,0,0,0,0,0,0,0,0,0,0,0,0,0,0,0,0,0,0,0,0,0,0,0,0,0,0,0,0,0,0,0,0,0,0,0,0,0,0,0
LGA39799,0,0,0,0,0,0,0,0,0,0,0,0,0,0,0,0,0,0,0,0,0,0,0,0,0,0,0,0,0,0,0,0,0,0,0,0,0,0,0,0,0,0,0,0,0,0,0,0,0,0,0,0,0,0,0,0,0,0,0,0,0,0,0,0,0,0,0,0,0,0,0,0,0,0,0,0,0,0,0,0,0,0,0,0,0,0,0,0,0,0,0,0,0,0,0,0,0,0,0,0,0,0,0,0,0,0,0,0,0,0,0,0,0,0,0,0,0,0,0,0,0,0,0,0,0,0,0,0,0,0,0,0,0,0,0,0,0,0,0,0,0,0,0,0,0,0,0,0,0,0,0,0,0,0,0,0,0,0,0,0,0,0,0,0,0,0,0,0,0,0,0,0,0,0,0,0,0,0,0,0,0,0,0,0,0,0,0,0,0,0,0,0,0,0,0,0,0,0,0,0
