LGA_CODE_2016,D_15_17_FPEAW_MPEFT,D_15_17_FPEAW_MPEPT,D_15_17_FPEAW_MPEAW,D_15_17_FPEAW_MPEHNS,D_15_17_FPEAW_MPET,D_15_17_FPEAW_MPULFTW,D_15_17_FPEAW_MPULPTW,D_15_17_FPEAW_MPUT,D_15_17_FPEAW_MPTLF,D_15_17_FPEAW_MPNLF,D_15_17_FPEAW_MPLFSNS,D_15_17_FPEAW_T,D_15_17_FPHNS_MPEFT,D_15_17_FPHNS_MPEPT,D_15_17_FPHNS_MPEAW,D_15_17_FPHNS_MPEHNS,D_15_17_FPHNS_MPET,D_15_17_FPHNS_MPULFTW,D_15_17_FPHNS_MPULPTW,D_15_17_FPHNS_MPUT,D_15_17_FPHNS_MPTLF,D_15_17_FPHNS_MPNLF,D_15_17_FPHNS_MPLFSNS,D_15_17_FPHNS_T,D_15_17_FPET_MPEFT,D_15_17_FPET_MPEPT,D_15_17_FPET_MPEAW,D_15_17_FPET_MPEHNS,D_15_17_FPET_MPET,D_15_17_FPET_MPULFTW,D_15_17_FPET_MPULPTW,D_15_17_FPET_MPUT,D_15_17_FPET_MPTLF,D_15_17_FPET_MPNLF,D_15_17_FPET_MPLFSNS,D_15_17_FPET_T,D_15_17_FPULFTW_MPEFT,D_15_17_FPULFTW_MPEPT,D_15_17_FPULFTW_MPEAW,D_15_17_FPULFTW_MPEHNS,D_15_17_FPULFTW_MPET,D_15_17_FPULFTW_MPULFTW,D_15_17_FPULFTW_MPULPTW,D_15_17_FPULFTW_MPUT,D_15_17_FPULFTW_MPTLF,D_15_17_FPULFTW_MPNLF,D_15_17_FPULFTW_MPLFSNS,D_15_17_FPULFTW_T,D_15_17_FPULPTW_MPEFT,D_15_17_FPULPTW_MPEPT,D_15_17_FPULPTW_MPEAW,D_15_17_FPULPTW_MPEHNS,D_15_17_FPULPTW_MPET,D_15_17_FPULPTW_MPULFTW,D_15_17_FPULPTW_MPULPTW,D_15_17_FPULPTW_MPUT,D_15_17_FPULPTW_MPTLF,D_15_17_FPULPTW_MPNLF,D_15_17_FPULPTW_MPLFSNS,D_15_17_FPULPTW_T,D_15_17_FPUT_MPEFT,D_15_17_FPUT_MPEPT,D_15_17_FPUT_MPEAW,D_15_17_FPUT_MPEHNS,D_15_17_FPUT_MPET,D_15_17_FPUT_MPULFTW,D_15_17_FPUT_MPULPTW,D_15_17_FPUT_MPUT,D_15_17_FPUT_MPTLF,D_15_17_FPUT_MPNLF,D_15_17_FPUT_MPLFSNS,D_15_17_FPUT_T,D_15_17_FPTLF_MPEFT,D_15_17_FPTLF_MPEPT,D_15_17_FPTLF_MPEAW,D_15_17_FPTLF_MPEHNS,D_15_17_FPTLF_MPET,D_15_17_FPTLF_MPULFTW,D_15_17_FPTLF_MPULPTW,D_15_17_FPTLF_MPUT,D_15_17_FPTLF_MPTLF,D_15_17_FPTLF_MPNLF,D_15_17_FPTLF_MPLFSNS,D_15_17_FPTLF_T,D_15_17_FPNLF_MPEFT,D_15_17_FPNLF_MPEPT,D_15_17_FPNLF_MPEAW,D_15_17_FPNLF_MPEHNS,D_15_17_FPNLF_MPET,D_15_17_FPNLF_MPULFTW,D_15_17_FPNLF_MPULPTW,D_15_17_FPNLF_MPUT,D_15_17_FPNLF_MPTLF,D_15_17_FPNLF_MPNLF,D_15_17_FPNLF_MPLFSNS,D_15_17_FPNLF_T,D_15_17_FPLFSNS_MPEFT,D_15_17_FPLFSNS_MPEPT,D_15_17_FPLFSNS_MPEAW,D_15_17_FPLFSNS_MPEHNS,D_15_17_FPLFSNS_MPET,D_15_17_FPLFSNS_MPULFTW,D_15_17_FPLFSNS_MPULPTW,D_15_17_FPLFSNS_MPUT,D_15_17_FPLFSNS_MPTLF,D_15_17_FPLFSNS_MPNLF,D_15_17_FPLFSNS_MPLFSNS,D_15_17_FPLFSNS_T,D_15_17_FPT_MPEFT,D_15_17_FPT_MPEPT,D_15_17_FPT_MPEAW,D_15_17_FPT_MPEHNS,D_15_17_FPT_MPET,D_15_17_FPT_MPULFTW,D_15_17_FPT_MPULPTW,D_15_17_FPT_MPUT,D_15_17_FPT_MPTLF,D_15_17_FPT_MPNLF,D_15_17_FPT_MPLFSNS,D_15_17_FPT_T,D_18_20_FPEFT_MPEFT,D_18_20_FPEFT_MPEPT,D_18_20_FPEFT_MPEAW,D_18_20_FPEFT_MPEHNS,D_18_20_FPEFT_MPET,D_18_20_FPEFT_MPULFTW,D_18_20_FPEFT_MPULPTW,D_18_20_FPEFT_MPUT,D_18_20_FPEFT_MPTLF,D_18_20_FPEFT_MPNLF,D_18_20_FPEFT_MPLFSNS,D_18_20_FPEFT_T,D_18_20_FPEPT_MPEFT,D_18_20_FPEPT_MPEPT,D_18_20_FPEPT_MPEAW,D_18_20_FPEPT_MPEHNS,D_18_20_FPEPT_MPET,D_18_20_FPEPT_MPULFTW,D_18_20_FPEPT_MPULPTW,D_18_20_FPEPT_MPUT,D_18_20_FPEPT_MPTLF,D_18_20_FPEPT_MPNLF,D_18_20_FPEPT_MPLFSNS,D_18_20_FPEPT_T,D_18_20_FPEAW_MPEFT,D_18_20_FPEAW_MPEPT,D_18_20_FPEAW_MPEAW,D_18_20_FPEAW_MPEHNS,D_18_20_FPEAW_MPET,D_18_20_FPEAW_MPULFTW,D_18_20_FPEAW_MPULPTW,D_18_20_FPEAW_MPUT,D_18_20_FPEAW_MPTLF,D_18_20_FPEAW_MPNLF,D_18_20_FPEAW_MPLFSNS,D_18_20_FPEAW_T,D_18_20_FPHNS_MPEFT,D_18_20_FPHNS_MPEPT,D_18_20_FPHNS_MPEAW,D_18_20_FPHNS_MPEHNS,D_18_20_FPHNS_MPET,D_18_20_FPHNS_MPULFTW,D_18_20_FPHNS_MPULPTW,D_18_20_FPHNS_MPUT,D_18_20_FPHNS_MPTLF,D_18_20_FPHNS_MPNLF,D_18_20_FPHNS_MPLFSNS,D_18_20_FPHNS_T,D_18_20_FPET_MPEFT,D_18_20_FPET_MPEPT,D_18_20_FPET_MPEAW,D_18_20_FPET_MPEHNS,D_18_20_FPET_MPET,D_18_20_FPET_MPULFTW,D_18_20_FPET_MPULPTW,D_18_20_FPET_MPUT,D_18_20_FPET_MPTLF,D_18_20_FPET_MPNLF,D_18_20_FPET_MPLFSNS,D_18_20_FPET_T,D_18_20_FPULFTW_MPEFT,D_18_20_FPULFTW_MPEPT,D_18_20_FPULFTW_MPEAW,D_18_20_FPULFTW_MPEHNS,D_18_20_FPULFTW_MPET,D_18_20_FPULFTW_MPULFTW,D_18_20_FPULFTW_MPULPTW,D_18_20_FPULFTW_MPUT,D_18_20_FPULFTW_MPTLF,D_18_20_FPULFTW_MPNLF,D_18_20_FPULFTW_MPLFSNS,D_18_20_FPULFTW_T,D_18_20_FPULPTW_MPEFT,D_18_20_FPULPTW_MPEPT,D_18_20_FPULPTW_MPEAW,D_18_20_FPULPTW_MPEHNS,D_18_20_FPULPTW_MPET,D_18_20_FPULPTW_MPULFTW,D_18_20_FPULPTW_MPULPTW,D_18_20_FPULPTW_MPUT
LGA30250,0,0,0,0,0,0,0,0,0,0,0,0,0,0,0,0,0,0,0,0,0,0,0,0,0,0,0,0,0,0,0,0,0,0,0,0,0,0,0,0,0,0,0,0,0,0,0,0,0,0,0,0,0,0,0,0,0,0,0,0,0,0,0,0,0,0,0,0,0,0,0,0,0,0,0,0,0,3,0,3,3,0,0,3,0,0,0,0,3,4,0,4,6,0,0,7,0,0,0,0,0,0,0,0,0,0,0,0,0,0,0,0,3,4,0,4,10,0,0,5,0,0,0,0,0,0,0,0,0,0,0,0,0,0,0,0,0,0,0,0,0,0,0,0,0,0,0,0,0,0,0,0,0,0,0,0,0,0,0,0,0,0,0,0,0,0,0,0,0,0,0,0,0,0,0,0,0,0,0,0,0,0,0,0,0,0,0,0,0,0,0,0,0,0,0,0,0,0,0,0
LGA30300,0,0,0,0,0,0,0,0,0,0,0,0,0,0,0,0,0,0,0,0,0,0,0,0,41,6,3,3,48,0,0,0,48,3,0,54,0,0,0,0,0,0,0,0,0,0,0,0,0,0,0,0,0,0,0,0,0,0,0,0,0,0,0,0,0,0,0,0,0,0,0,0,41,6,3,3,48,0,0,0,48,3,0,54,10,0,0,3,10,0,0,0,10,0,0,10,0,0,0,0,0,0,0,0,0,0,0,0,51,6,3,3,60,0,0,0,60,3,0,65,0,0,0,0,0,0,0,0,0,0,0,0,0,0,0,0,0,0,0,0,0,0,0,0,0,0,0,0,0,0,0,0,0,0,0,0,0,0,0,0,0,0,0,0,0,0,0,0,0,0,0,0,0,0,0,0,0,0,0,0,0,0,0,0,0,0,0,0,0,0,0,0,0,0,0,0,0,0,0,0
LGA30370,8,0,0,0,8,0,0,0,8,0,0,8,0,0,0,5,3,0,0,0,3,0,0,9,185,12,3,5,208,3,0,3,210,3,0,213,3,0,0,0,3,0,0,0,3,0,0,3,3,0,0,0,3,0,0,0,6,0,0,6,9,0,0,0,9,0,0,0,9,0,0,9,191,12,3,5,217,0,0,0,218,3,0,225,28,0,0,4,33,0,0,0,37,0,0,37,0,0,0,0,0,0,0,0,0,0,3,3,225,12,3,13,249,5,0,5,256,7,3,264,6,0,0,0,6,0,0,0,10,0,0,10,0,0,0,0,0,0,0,0,0,0,0,0,0,0,0,0,0,0,0,0,0,0,0,0,0,0,0,0,0,0,0,0,0,0,0,0,6,0,0,0,7,0,0,0,9,0,0,9,0,0,0,0,0,0,0,0,0,0,0,0,0,0,0,0,0,0,0,0
LGA30410,0,0,0,0,0,0,0,0,0,0,0,0,0,0,0,0,0,0,0,0,0,0,0,0,23,0,0,0,28,0,0,0,28,0,0,28,0,0,0,0,0,0,0,0,0,0,0,0,0,0,0,0,0,0,0,0,0,0,0,0,0,0,0,0,0,0,0,0,0,0,0,0,23,0,0,0,28,0,0,0,28,0,0,28,3,0,0,0,5,0,0,0,5,3,0,6,0,0,0,0,0,0,0,0,0,0,0,0,30,3,0,0,32,0,0,0,32,3,0,37,0,0,0,0,0,0,0,0,0,0,0,0,0,0,0,0,0,0,0,0,0,0,0,0,0,0,0,0,0,0,0,0,0,0,0,0,0,0,0,0,0,0,0,0,0,0,0,0,0,0,0,0,0,0,0,0,0,0,0,0,0,0,0,0,0,0,0,0,0,0,0,0,0,0,0,0,0,0,0,0
LGA30450,0,0,0,0,0,0,0,0,0,0,0,0,0,0,0,0,0,0,0,0,0,0,0,0,0,0,0,0,0,0,0,0,0,0,0,0,0,0,0,0,0,0,0,0,0,0,0,0,0,0,0,0,0,0,0,0,0,0,0,0,0,0,0,0,0,0,0,0,0,0,0,0,0,0,0,0,0,0,0,0,0,0,0,0,0,0,0,0,0,0,0,0,0,0,0,0,0,0,0,0,0,0,0,0,0,0,0,0,0,0,0,0,0,0,0,0,0,0,0,0,0,0,0,0,0,0,0,0,0,0,0,0,0,0,0,0,0,0,0,0,0,0,0,0,0,0,0,0,0,0,0,0,0,0,0,0,0,0,0,0,0,0,0,0,0,0,0,0,0,0,0,0,0,0,0,0,0,0,0,0,0,0,0,0,0,0,0,0,0,0,0,0,0,0,0,0,0,0,0,0
LGA30760,0,0,0,0,0,0,0,0,0,0,0,0,0,0,0,0,0,0,0,0,0,0,0,0,8,0,0,0,9,0,0,0,9,0,0,9,0,0,0,0,0,0,0,0,0,0,0,0,0,0,0,0,0,0,0,0,0,0,0,0,0,0,0,0,0,0,0,0,0,0,0,0,8,0,0,0,9,0,0,0,9,0,0,9,3,0,0,0,3,0,0,0,3,0,0,6,0,0,0,0,0,0,0,0,0,0,0,0,13,3,0,0,12,0,0,0,12,0,0,19,3,0,0,0,3,0,0,0,3,0,0,3,0,0,0,0,0,0,0,0,0,0,0,0,0,0,0,0,0,0,0,0,0,0,0,0,0,0,0,0,0,0,0,0,0,0,0,0,4,0,0,0,4,0,0,0,4,0,0,4,0,0,0,0,0,0,0,0,0,0,0,0,0,0,0,0,0,0,0,0
LGA30900,0,0,0,0,0,0,0,0,0,0,0,0,0,0,0,0,0,0,0,0,0,0,0,0,0,0,0,0,0,0,0,0,0,0,0,0,0,0,0,0,0,0,0,0,0,0,0,0,0,0,0,0,0,0,0,0,0,0,0,0,0,0,0,0,0,0,0,0,0,0,0,0,0,0,0,0,0,0,0,0,0,0,0,0,0,0,0,0,0,0,0,0,0,0,0,0,0,0,0,0,0,0,0,0,0,0,0,0,0,0,0,0,0,0,0,0,0,0,0,0,0,0,0,0,0,0,0,0,0,0,0,0,0,0,0,0,0,0,0,0,0,0,0,0,0,0,0,0,0,0,0,0,0,0,0,0,0,0,0,0,0,0,0,0,0,0,0,0,0,0,0,0,0,0,0,0,0,0,0,0,0,0,0,0,0,0,0,0,0,0,0,0,0,0,0,0,0,0,0,0
LGA31000,199,27,42,3,266,4,0,5,273,10,3,287,79,10,3,80,170,9,0,9,174,11,0,188,14695,1648,207,172,16715,427,62,486,17204,786,10,17993,180,29,3,9,213,52,7,57,277,28,0,304,233,43,6,11,286,35,9,41,336,23,0,357,408,77,5,18,505,83,21,99,608,55,0,662,15109,1718,214,183,17224,508,76,590,17810,839,10,18658,2632,429,60,78,3204,142,30,165,3368,711,13,4089,14,0,0,8,24,0,0,0,24,0,26,51,17756,2152,274,270,20448,647,103,752,21208,1552,46,22801,4125,398,54,16,4594,151,23,170,4770,261,8,5034,3222,483,32,21,3760,118,19,139,3897,192,0,4094,101,13,37,0,150,0,3,3,152,11,0,163,51,3,0,50,102,4,0,4,102,12,3,120,7495,891,127,93,8604,275,47,321,8921,476,11,9409,84,13,3,3,102,33,0,32,140,18,0,157,146,15,3,0,163,14,9,24
LGA31750,0,0,0,0,0,0,0,0,0,0,0,0,0,0,0,0,0,0,0,0,0,0,0,0,0,0,0,0,0,0,0,0,0,0,0,0,0,0,0,0,0,0,0,0,0,0,0,0,0,0,0,0,0,0,0,0,0,0,0,0,0,0,0,0,0,0,0,0,0,0,0,0,0,0,0,0,0,0,0,0,0,0,0,0,0,0,0,0,0,0,0,0,0,0,0,0,0,0,0,0,0,0,0,0,0,0,0,0,0,0,0,0,0,0,0,0,0,0,0,0,0,0,0,0,0,0,0,0,0,0,0,0,0,0,0,0,0,0,0,0,0,0,0,0,0,0,0,0,0,0,0,0,0,0,0,0,0,0,0,0,0,0,0,0,0,0,0,0,0,0,0,0,0,0,0,0,0,0,0,0,0,0,0,0,0,0,0,0,0,0,0,0,0,0,0,0,0,0,0,0
LGA31820,16,3,7,0,25,3,0,3,27,0,0,29,7,0,0,10,19,0,0,0,19,0,0,24,1059,147,23,17,1249,24,10,34,1284,99,4,1387,13,13,0,0,23,12,0,9,35,9,0,46,9,6,0,0,15,4,0,4,19,0,0,23,24,13,0,0,44,17,3,19,61,14,0,70,1082,165,25,17,1291,40,12,53,1347,106,4,1456,191,35,10,15,250,22,3,23,271,100,0,371,3,0,0,0,3,0,0,0,3,0,3,9,1280,196,32,30,1541,61,11,79,1618,212,5,1833,54,3,0,0,56,0,0,3,60,3,0,63,59,11,0,3,79,0,0,4,78,13,0,92,4,0,0,0,5,0,0,0,5,0,0,5,0,0,0,0,0,0,0,0,0,3,0,3,118,17,3,3,142,6,3,6,141,23,0,164,3,0,0,0,3,0,0,0,3,0,0,3,0,0,0,0,0,0,0,0
LGA31900,9,0,3,0,10,0,0,0,9,0,0,9,3,0,0,4,5,0,0,0,5,0,0,5,293,9,7,4,312,3,0,3,315,5,0,324,10,0,0,0,10,4,0,4,13,0,0,12,3,0,0,0,7,0,0,0,7,0,0,7,8,0,0,0,10,4,0,4,17,0,0,13,306,11,7,3,327,5,0,5,331,5,0,337,41,3,0,0,40,0,0,0,43,6,0,50,0,0,0,0,0,0,0,0,0,0,0,0,343,16,7,7,368,9,0,9,377,15,3,390,23,0,0,0,23,0,0,0,23,0,0,23,8,0,0,0,12,0,0,0,12,0,0,11,0,0,0,0,0,0,0,0,0,0,0,0,0,0,0,0,0,0,0,0,0,0,0,0,31,0,0,0,34,0,0,0,34,0,0,30,0,0,0,0,0,0,0,0,0,0,0,0,0,0,0,0,0,0,0,0
LGA31950,0,0,0,0,0,0,0,0,0,0,0,0,0,0,0,0,0,0,0,0,0,0,0,0,0,0,0,0,0,0,0,0,0,0,0,0,0,0,0,0,0,0,0,0,0,0,0,0,0,0,0,0,0,0,0,0,0,0,0,0,0,0,0,0,0,0,0,0,0,0,0,0,0,0,0,0,0,0,0,0,0,0,0,0,0,0,0,0,0,0,0,0,0,0,0,0,0,0,0,0,0,0,0,0,0,0,0,0,0,0,0,0,0,0,0,0,0,0,0,0,0,0,0,0,0,0,0,0,0,0,0,0,0,0,0,0,0,0,0,0,0,0,0,0,0,0,0,0,0,0,0,0,0,0,0,0,0,0,0,0,0,0,0,0,0,0,0,0,0,0,0,0,0,0,0,0,0,0,0,0,0,0,0,0,0,0,0,0,0,0,0,0,0,0,0,0,0,0,0,0
LGA32080,32,4,6,0,44,7,0,7,51,4,0,53,16,4,0,13,35,0,0,3,36,3,0,37,1867,272,43,31,2206,60,6,69,2275,133,3,2410,25,7,0,0,27,16,0,16,47,8,0,53,32,10,0,0,42,3,5,7,51,6,0,52,61,12,0,0,74,21,5,23,93,12,0,112,1925,279,43,27,2279,80,9,87,2370,153,3,2522,271,38,9,10,330,15,3,19,348,112,0,465,0,0,0,3,4,0,0,0,4,0,3,6,2200,323,47,43,2613,93,15,108,2719,265,8,2993,151,13,3,0,165,3,0,5,171,11,0,184,97,14,0,3,116,0,0,5,119,10,0,129,7,0,3,0,13,0,0,0,13,0,0,10,0,0,0,4,5,0,0,0,5,3,0,9,261,29,8,6,301,9,0,9,314,20,0,334,3,0,0,0,5,4,0,4,5,0,0,5,0,0,0,0,5,0,0,0
LGA32250,0,0,0,0,0,0,0,0,0,0,0,0,0,0,0,0,0,0,0,0,0,0,0,0,3,0,0,0,3,0,0,0,3,0,0,3,0,0,0,0,0,0,0,0,0,0,0,0,0,0,0,0,0,0,0,0,0,0,0,0,0,0,0,0,0,0,0,0,0,0,0,0,3,0,0,0,0,0,0,0,0,0,0,0,0,0,0,0,0,0,0,0,0,0,0,0,0,0,0,0,0,0,0,0,0,0,0,0,3,3,0,0,3,0,0,0,3,0,0,3,0,0,0,0,0,0,0,0,0,0,0,0,0,0,0,0,0,0,0,0,0,0,0,0,0,0,0,0,0,0,0,0,0,0,0,0,0,0,0,0,0,0,0,0,0,0,0,0,0,0,0,0,0,0,0,0,0,0,0,0,0,0,0,0,0,0,0,0,0,0,0,0,0,0,0,0,0,0,0,0
LGA32260,4,0,0,0,6,0,0,0,6,0,0,7,0,0,0,3,3,0,0,0,3,0,0,4,305,53,12,10,378,10,0,8,386,27,0,412,3,0,3,0,4,7,0,7,9,0,0,9,6,0,0,0,6,0,0,0,6,3,0,3,10,0,3,0,7,7,0,7,17,3,0,16,311,51,14,10,387,14,0,10,401,27,0,429,49,4,0,10,62,12,0,12,70,21,0,95,0,0,0,0,0,0,0,0,0,0,0,3,361,61,15,13,448,20,0,22,471,47,3,524,3,0,0,0,9,0,0,0,9,0,0,9,5,0,0,0,9,0,0,0,9,0,0,10,0,0,0,0,0,0,0,0,0,0,0,0,0,0,0,0,0,0,0,0,0,0,0,0,8,0,0,0,12,0,0,0,12,0,0,11,0,0,0,0,0,0,0,0,0,0,0,0,0,0,0,0,0,0,0,0
LGA32270,7,0,0,0,6,0,0,0,12,3,0,13,3,0,0,4,11,0,0,0,11,0,0,11,335,12,11,10,372,11,0,11,386,18,0,399,3,0,0,3,9,3,0,3,10,0,0,10,12,0,0,0,12,3,0,3,15,0,0,12,18,0,0,3,17,3,0,3,21,0,0,21,353,12,11,12,389,14,0,14,406,14,0,417,55,6,4,3,68,0,0,0,68,5,0,77,0,0,0,0,0,0,0,0,0,0,0,0,410,21,12,15,460,14,0,16,473,26,0,499,6,0,0,0,8,0,0,0,8,0,0,8,4,0,0,0,9,0,0,0,9,0,0,8,0,0,0,0,0,0,0,0,0,0,0,0,0,0,0,0,0,0,0,0,0,0,0,0,7,3,0,0,13,0,0,0,13,0,0,17,0,0,0,0,0,0,0,0,0,0,0,0,0,0,0,0,0,0,0,0
LGA32310,0,0,0,0,0,0,0,0,0,0,0,0,0,0,0,4,4,0,0,0,4,0,0,4,104,16,5,7,123,3,0,3,127,14,0,146,3,0,0,0,5,0,0,0,6,0,0,9,3,0,0,0,3,0,0,0,5,0,0,5,8,0,0,0,8,3,0,3,5,0,0,11,105,16,6,7,135,6,0,6,141,15,0,156,17,0,0,0,21,0,0,0,18,8,0,27,0,0,0,0,0,0,0,0,0,0,0,0,124,16,12,6,150,8,0,8,156,27,0,180,0,0,0,0,0,0,0,0,0,0,0,0,3,0,0,0,3,0,0,0,3,0,0,3,0,0,0,0,0,0,0,0,0,0,0,0,0,0,0,0,0,0,0,0,0,0,0,0,3,0,0,0,3,0,0,0,3,0,0,3,0,0,0,0,0,0,0,0,0,0,0,0,0,0,0,0,0,0,0,0
LGA32330,0,0,0,0,0,0,0,0,0,0,0,0,0,0,0,0,0,0,0,0,0,0,0,0,4,0,0,0,4,0,0,0,4,0,0,4,0,0,0,0,0,0,0,0,0,0,0,0,0,0,0,0,0,0,0,0,0,0,0,0,0,0,0,0,0,0,0,0,0,0,0,0,4,0,0,0,4,0,0,0,3,0,0,3,0,4,0,0,4,3,0,3,6,4,0,9,0,0,0,0,0,0,0,0,0,0,0,0,4,4,0,0,3,3,0,3,8,4,0,19,0,0,0,0,0,0,0,0,0,0,0,0,0,0,0,0,0,0,0,0,0,0,0,0,0,0,0,0,0,0,0,0,0,0,0,0,0,0,0,0,0,0,0,0,0,0,0,0,0,0,0,0,0,0,0,0,0,0,0,0,0,0,0,0,0,0,0,0,0,0,0,0,0,0,0,0,0,0,0,0
LGA32450,0,0,0,0,0,0,0,0,0,0,0,0,0,0,0,0,0,0,0,0,0,0,0,0,14,3,0,0,17,3,0,3,23,3,0,22,0,0,0,0,0,0,0,0,0,0,0,0,0,0,0,0,0,0,0,0,0,0,0,0,0,0,0,0,0,0,0,0,0,0,0,0,14,3,0,0,17,3,0,3,23,3,0,22,7,0,0,0,7,0,0,0,7,0,0,7,0,0,0,0,0,0,0,0,0,0,0,0,18,3,0,0,22,3,0,3,24,3,0,29,0,0,0,0,0,0,0,0,0,0,0,0,0,0,0,0,0,0,0,0,0,0,0,0,0,0,0,0,0,0,0,0,0,0,0,0,0,0,0,0,0,0,0,0,0,0,0,0,0,0,0,0,0,0,0,0,0,0,0,0,0,0,0,0,0,0,0,0,0,0,0,0,0,0,0,0,0,0,0,0
LGA32500,0,0,0,0,0,0,0,0,0,0,0,0,0,0,0,0,3,0,0,0,3,0,0,3,24,0,0,0,24,0,0,0,24,3,0,27,0,0,0,0,0,0,0,0,0,0,0,0,3,0,0,0,3,0,0,0,3,0,0,3,4,0,0,0,4,0,0,0,4,0,0,4,23,0,0,0,31,0,0,0,31,3,0,33,0,0,0,0,3,0,0,0,3,3,0,3,0,0,0,0,0,0,0,0,0,0,0,0,23,3,0,0,35,0,0,0,35,8,0,41,0,0,0,0,0,0,0,0,0,0,0,0,4,0,0,0,4,0,0,0,4,0,0,4,0,0,0,0,0,0,0,0,0,0,0,0,0,0,0,0,0,0,0,0,0,0,0,0,4,0,0,0,4,0,0,0,4,0,0,4,0,0,0,0,0,0,0,0,0,0,0,0,0,0,0,0,0,0,0,0
LGA32600,0,0,0,0,0,0,0,0,0,0,0,0,0,0,0,0,0,0,0,0,0,0,0,0,0,0,0,0,0,0,0,0,0,0,0,0,0,0,0,0,0,0,0,0,0,0,0,0,0,0,0,0,0,0,0,0,0,0,0,0,0,0,0,0,0,0,0,0,0,0,0,0,0,0,0,0,0,0,0,0,0,0,0,0,0,0,0,0,0,0,0,0,0,0,0,0,0,0,0,0,0,0,0,0,0,0,0,0,0,0,0,0,0,0,0,0,0,0,0,0,0,0,0,0,0,0,0,0,0,0,0,0,0,0,0,0,0,0,0,0,0,0,0,0,0,0,0,0,0,0,0,0,0,0,0,0,0,0,0,0,0,0,0,0,0,0,0,0,0,0,0,0,0,0,0,0,0,0,0,0,0,0,0,0,0,0,0,0,0,0,0,0,0,0,0,0,0,0,0,0
LGA32750,0,0,0,0,0,0,0,0,0,0,0,0,0,0,0,0,0,0,0,0,0,0,0,0,0,0,0,0,0,0,0,0,0,0,0,0,0,0,0,0,0,0,0,0,0,0,0,0,0,0,0,0,0,0,0,0,0,0,0,0,0,0,0,0,0,0,0,0,0,0,0,0,0,0,0,0,0,0,0,0,0,0,0,0,0,0,0,0,0,0,0,0,0,0,0,0,0,0,0,0,0,0,0,0,0,0,0,0,0,0,0,0,0,0,0,0,0,0,0,0,0,0,0,0,0,0,0,0,0,0,0,0,0,0,0,0,0,0,0,0,0,0,0,0,0,0,0,0,0,0,0,0,0,0,0,0,0,0,0,0,0,0,0,0,0,0,0,0,0,0,0,0,0,0,0,0,0,0,0,0,0,0,0,0,0,0,0,0,0,0,0,0,0,0,0,0,0,0,0,0
LGA32770,0,0,0,0,0,0,0,0,0,0,0,0,0,0,0,0,0,0,0,0,0,0,0,0,0,0,0,0,0,0,0,0,0,7,0,4,0,0,0,0,0,0,0,0,0,0,0,0,0,0,0,0,0,0,0,0,0,0,0,0,0,0,0,0,0,0,0,0,0,0,0,0,0,0,0,0,0,0,0,0,0,7,0,4,0,0,0,0,3,0,0,0,6,4,0,5,0,0,0,0,0,0,0,0,0,0,0,0,0,0,0,0,6,0,0,0,3,12,0,14,0,0,0,0,0,0,0,0,0,0,0,0,0,0,0,0,0,0,0,0,0,0,0,0,0,0,0,0,0,0,0,0,0,0,0,0,0,0,0,0,0,0,0,0,0,0,0,0,0,0,0,0,0,0,0,0,0,0,0,0,0,0,0,0,0,0,0,0,0,0,0,0,0,0,0,0,0,0,0,0
LGA32810,0,0,0,0,0,0,0,0,0,0,0,3,0,0,0,0,0,0,0,0,0,0,0,0,104,15,0,3,129,3,0,4,130,5,0,134,0,0,0,0,0,0,0,0,0,0,0,0,4,0,0,0,0,0,0,0,0,0,0,0,4,0,0,0,3,0,0,0,3,0,0,3,106,19,0,3,131,3,0,4,134,5,0,137,11,3,0,0,10,0,0,0,11,7,0,14,0,0,0,0,0,0,0,0,0,0,0,0,120,17,0,6,144,3,3,3,147,8,0,158,0,0,0,0,0,0,0,0,0,0,0,0,4,0,0,0,8,0,0,0,8,0,0,8,0,0,0,0,0,0,0,0,0,0,0,0,0,0,0,0,0,0,0,0,0,0,0,0,6,0,0,0,8,0,0,0,8,0,0,11,0,0,0,0,0,0,0,0,0,0,0,0,0,0,0,0,0,0,0,0
LGA33100,0,0,0,0,0,0,0,0,0,0,0,0,0,0,0,0,0,0,0,0,0,0,0,0,0,0,0,0,0,0,0,0,3,0,0,3,0,0,0,0,0,0,0,0,0,0,0,0,0,0,0,0,0,0,0,0,0,0,0,0,0,0,0,0,0,0,0,0,0,0,0,0,0,0,0,0,0,0,0,0,3,0,0,3,0,0,0,0,0,0,0,0,0,0,0,0,0,0,0,0,0,0,0,0,0,0,0,0,0,0,0,0,0,0,0,0,3,0,0,6,0,0,0,0,0,0,0,0,0,0,0,0,0,0,0,0,0,0,0,0,0,0,0,0,0,0,0,0,0,0,0,0,0,0,0,0,0,0,0,0,0,0,0,0,0,0,0,0,0,0,0,0,0,0,0,0,0,0,0,0,0,0,0,0,0,0,0,0,0,0,0,0,0,0,0,0,0,0,0,0
LGA33200,0,0,0,0,0,0,0,0,0,0,0,0,0,0,0,0,0,0,0,0,0,0,0,0,9,3,0,0,11,0,0,0,11,0,0,11,0,0,0,0,0,0,0,0,0,0,0,0,0,0,0,0,0,0,0,0,0,0,0,0,0,0,0,0,0,0,0,0,0,0,0,0,9,3,0,0,11,0,0,0,11,0,0,11,4,0,0,0,4,0,0,0,4,0,0,4,0,0,0,0,0,0,0,0,0,0,0,0,12,3,0,0,12,0,0,0,12,0,0,12,0,0,0,0,0,0,0,0,0,0,0,0,0,0,0,0,0,0,0,0,0,0,0,0,0,0,0,0,0,0,0,0,0,0,0,0,0,0,0,0,0,0,0,0,0,0,0,0,0,0,0,0,0,0,0,0,0,0,0,0,0,0,0,0,0,0,0,0,0,0,0,0,0,0,0,0,0,0,0,0
LGA33220,17,4,7,0,22,0,0,0,28,7,0,32,6,0,0,12,12,0,0,0,12,0,0,11,901,160,30,26,1104,48,7,58,1168,117,0,1283,12,6,0,4,19,7,0,7,25,12,0,35,20,5,0,0,25,0,0,3,29,5,0,39,33,10,0,3,46,8,0,14,59,17,0,77,930,165,32,27,1153,57,10,73,1226,134,0,1358,158,47,9,3,215,22,3,28,240,145,4,385,0,0,0,0,3,0,0,0,3,0,3,4,1089,217,35,29,1369,85,13,93,1467,280,7,1750,44,7,0,0,48,0,0,0,48,3,0,51,36,7,0,0,46,0,0,0,51,8,0,59,6,0,0,0,6,0,0,0,6,0,0,6,0,0,3,0,3,0,0,0,3,0,0,3,84,15,3,0,102,0,0,0,102,12,0,116,0,0,0,0,0,0,0,3,3,0,0,3,0,3,0,0,3,0,0,0
LGA33360,11,3,3,0,13,0,0,0,13,0,0,17,6,0,0,11,20,0,0,0,20,0,0,24,859,56,18,17,949,38,3,36,987,32,3,1016,19,0,0,0,22,15,0,15,32,0,0,37,35,3,0,0,37,3,0,3,38,0,0,43,54,3,0,0,54,18,0,18,76,3,0,80,910,59,18,18,1001,52,3,55,1059,33,3,1096,181,9,8,6,200,17,0,17,218,32,0,248,3,0,0,0,3,0,0,0,3,0,0,3,1085,72,24,30,1208,64,3,68,1275,68,9,1348,20,0,0,0,23,0,0,0,23,6,0,29,23,0,0,0,22,3,0,3,24,0,0,24,0,0,0,0,0,0,0,0,0,0,0,0,0,0,0,3,3,0,0,0,3,0,0,3,39,0,0,3,45,3,0,3,50,6,0,51,0,0,0,0,0,0,0,0,0,0,0,4,3,0,0,0,3,0,0,0
LGA33430,92,29,30,0,152,3,0,3,154,9,0,162,46,3,3,53,108,5,0,8,118,3,0,120,6757,970,137,101,7962,159,32,194,8152,385,8,8543,101,20,5,6,128,20,0,24,153,12,0,165,135,40,0,6,185,6,0,8,193,12,0,207,238,63,5,10,317,28,0,32,349,23,0,365,6992,1028,138,111,8278,188,35,220,8501,403,8,8914,1292,210,33,23,1558,59,17,71,1633,298,7,1938,13,0,0,3,15,3,0,3,22,3,12,39,8306,1236,172,146,9860,243,49,293,10157,703,21,10885,1238,157,26,7,1420,40,11,48,1471,78,3,1554,995,210,17,4,1228,24,9,34,1257,84,3,1338,35,3,16,0,54,0,0,0,54,3,0,55,23,0,0,20,42,0,0,0,42,4,4,48,2292,367,56,31,2742,64,17,82,2825,172,7,3006,28,4,3,0,34,18,3,14,51,3,0,57,28,14,0,0,46,8,3,7
LGA33610,4,0,0,0,4,0,0,0,4,0,0,4,0,0,0,0,0,0,0,0,0,0,0,0,115,8,6,0,128,0,0,0,133,0,0,131,0,0,0,0,0,0,0,0,0,0,0,0,0,0,0,0,0,0,0,0,0,0,0,3,0,0,0,0,0,0,0,0,0,0,0,3,115,8,6,0,128,0,0,3,131,3,0,137,18,3,0,0,24,0,0,0,26,3,0,24,0,0,0,0,0,0,0,0,0,0,0,0,139,12,6,3,149,0,3,3,155,3,0,161,3,0,0,0,3,0,0,0,3,0,0,3,3,0,0,0,6,0,0,0,6,0,0,6,0,0,0,0,0,0,0,0,0,0,0,0,0,0,0,0,0,0,0,0,0,0,0,0,4,3,0,0,8,0,0,0,8,0,0,8,0,0,0,0,0,0,0,0,0,0,0,0,0,0,0,0,0,0,0,0
LGA33620,4,3,3,0,12,0,0,0,12,3,0,17,0,3,0,7,10,0,0,0,10,0,0,12,468,80,9,13,578,20,0,19,594,62,0,658,7,0,0,0,13,9,4,7,19,0,0,24,14,3,0,0,13,0,0,0,13,0,0,13,26,3,0,0,24,9,4,7,34,0,0,39,492,86,9,13,602,22,3,26,633,64,0,696,93,27,8,6,133,11,3,17,145,77,0,218,3,0,0,0,3,0,0,0,3,0,3,7,589,109,21,19,735,38,10,45,776,134,3,918,27,0,0,0,23,0,0,0,27,0,0,26,23,8,0,0,34,0,0,0,29,3,0,33,0,0,0,0,0,0,0,0,0,0,0,0,0,0,0,0,0,0,0,0,0,0,0,0,48,4,0,0,55,0,0,0,57,3,0,61,0,0,0,0,0,0,0,0,0,0,0,0,0,0,0,0,0,0,0,0
LGA33800,5,0,0,0,5,0,0,0,5,0,0,5,0,0,0,3,3,0,0,0,3,0,0,3,172,12,0,4,193,0,0,5,203,3,0,201,0,0,0,0,0,0,0,0,0,0,0,3,0,0,0,0,3,0,0,0,3,0,0,3,3,0,0,0,0,0,0,0,0,0,0,5,174,16,0,4,198,0,0,5,205,3,0,205,30,3,0,6,31,0,0,0,34,5,0,41,0,0,0,0,0,0,0,0,0,0,0,0,201,17,0,9,232,3,0,9,235,8,0,251,5,0,0,0,5,0,0,0,5,0,0,5,0,0,0,0,0,0,0,0,0,0,0,0,0,0,0,0,0,0,0,0,0,0,0,0,0,0,0,0,0,0,0,0,0,0,0,0,9,0,0,0,15,0,0,0,15,0,0,15,0,0,0,0,0,0,0,0,0,0,0,0,0,0,0,0,0,0,0,0
LGA33830,0,0,0,0,0,0,0,0,0,0,0,0,0,0,0,0,0,0,0,0,0,0,0,0,5,0,0,0,4,0,0,0,4,0,0,4,0,0,0,0,0,0,0,0,3,0,0,3,0,0,0,0,0,0,0,0,0,0,0,0,0,0,0,0,3,0,0,0,3,0,0,3,4,0,0,0,7,0,0,0,9,0,0,9,0,0,0,0,0,0,0,0,0,3,0,7,0,0,0,0,0,0,0,0,0,0,0,0,9,0,0,0,5,0,0,0,7,3,0,13,0,0,0,0,0,0,0,0,0,0,0,0,0,0,0,0,0,0,0,0,0,0,0,0,0,0,0,0,0,0,0,0,0,0,0,0,0,0,0,0,0,0,0,0,0,0,0,0,0,0,0,0,0,0,0,0,0,0,0,0,0,0,0,0,0,0,0,0,0,0,0,0,0,0,0,0,0,0,0,0
LGA33960,58,12,15,0,87,0,0,0,87,0,0,94,12,5,0,20,34,0,0,0,38,3,0,40,2418,255,60,41,2767,53,12,62,2831,193,10,3030,58,10,0,3,76,16,0,16,90,13,0,102,44,9,0,3,60,6,0,5,61,3,0,69,103,20,0,9,132,26,0,23,154,17,0,172,2520,271,64,51,2903,78,15,90,2993,207,10,3208,514,93,17,23,644,29,4,35,682,193,4,880,3,0,0,0,3,0,0,0,3,0,8,10,3033,371,77,73,3551,105,19,120,3674,407,23,4096,455,29,3,0,492,10,4,16,509,41,3,554,284,48,6,3,336,8,0,11,349,27,0,377,12,4,5,0,24,0,0,0,24,3,0,23,0,0,0,6,6,0,0,0,6,0,0,12,756,79,12,15,861,22,6,29,890,75,3,964,17,3,0,0,21,3,0,3,20,3,0,23,5,0,0,0,11,0,0,0
LGA33980,0,0,0,0,0,0,0,0,0,0,0,0,0,0,0,3,3,0,0,0,3,0,0,3,216,27,5,6,261,0,0,0,264,3,0,263,0,0,0,0,0,0,0,0,3,0,0,5,0,0,0,0,0,3,0,3,3,0,0,3,3,0,0,0,3,3,0,3,7,0,0,8,220,27,5,6,266,6,0,6,268,4,0,274,58,3,11,3,69,0,0,0,73,5,0,79,0,0,0,0,0,0,0,0,0,0,0,0,280,30,15,7,333,10,0,10,337,9,0,346,6,0,0,0,6,0,0,0,6,0,0,6,4,0,0,0,7,0,0,0,7,0,0,7,0,0,0,0,0,0,0,0,0,0,0,0,0,0,0,0,0,0,0,0,0,0,0,0,12,0,0,0,13,0,0,0,13,0,0,13,0,0,0,0,0,0,0,0,0,0,0,0,0,0,0,0,0,0,0,0
LGA34420,0,0,0,0,0,0,0,0,0,0,0,0,0,0,0,0,0,0,0,0,0,0,0,0,0,0,0,0,0,0,0,0,0,0,0,0,0,0,0,0,0,0,0,0,0,0,0,0,0,0,0,0,0,0,0,0,0,0,0,0,0,0,0,0,0,0,0,0,0,0,0,0,0,0,0,0,0,0,0,0,0,0,0,3,4,0,0,0,4,0,0,0,4,0,0,3,0,0,0,0,0,0,0,0,0,0,0,0,4,0,0,0,7,0,0,0,7,0,0,8,0,0,0,0,0,0,0,0,0,0,0,0,0,0,0,0,0,0,0,0,0,0,0,0,0,0,0,0,0,0,0,0,0,0,0,0,0,0,0,0,0,0,0,0,0,0,0,0,0,0,0,0,0,0,0,0,0,0,0,0,0,0,0,0,0,0,0,0,0,0,0,0,0,0,0,0,0,0,0,0
LGA34530,5,6,3,0,17,0,0,0,14,0,0,14,3,0,0,5,7,0,0,0,7,0,0,11,476,41,18,12,545,17,3,20,570,36,0,608,10,0,0,0,19,3,0,3,20,0,0,24,7,4,0,0,16,0,0,0,11,0,0,11,25,3,0,0,31,4,0,4,36,0,0,34,501,47,19,12,576,23,3,27,600,37,0,644,70,7,9,0,81,3,0,3,90,14,0,102,0,0,0,0,0,0,0,0,0,0,0,0,571,52,23,10,663,25,4,31,692,55,0,740,47,12,0,0,55,0,0,0,55,6,0,67,30,0,0,0,37,0,0,0,35,7,0,42,0,0,3,0,3,0,0,0,3,0,0,3,0,0,0,0,0,0,0,0,0,0,0,0,79,12,4,0,97,0,0,0,98,12,0,113,0,0,0,0,0,0,0,0,0,0,0,0,0,0,0,0,0,0,0,0
LGA34570,0,0,0,0,0,0,0,0,0,0,0,0,0,0,0,0,0,0,0,0,0,0,0,0,0,0,0,0,0,0,0,0,0,0,0,0,0,0,0,0,0,0,0,0,0,0,0,0,0,0,0,0,0,0,0,0,0,0,0,0,0,0,0,0,0,0,0,0,0,0,0,0,0,0,0,0,0,0,0,0,0,0,0,0,0,0,0,0,0,0,0,0,0,0,0,0,0,0,0,0,0,0,0,0,0,0,0,0,0,0,0,0,0,0,0,0,0,0,0,0,0,0,0,0,0,0,0,0,0,0,0,0,0,0,0,0,0,0,0,0,0,0,0,0,0,0,0,0,0,0,0,0,0,0,0,0,0,0,0,0,0,0,0,0,0,0,0,0,0,0,0,0,0,0,0,0,0,0,0,0,0,0,0,0,0,0,0,0,0,0,0,0,0,0,0,0,0,0,0,0
LGA34580,4,0,3,0,10,0,0,0,10,0,0,11,4,0,0,3,6,0,0,0,6,3,0,12,442,51,19,17,530,15,0,17,541,39,0,586,3,0,0,0,10,0,0,0,11,0,0,9,9,0,0,3,13,0,0,0,18,3,0,15,13,3,0,4,21,3,0,3,27,3,0,30,457,59,19,18,548,15,0,20,571,48,0,610,108,28,4,3,141,7,0,10,149,52,0,203,3,0,0,0,5,0,0,0,5,0,3,11,576,84,19,26,696,19,3,22,725,94,3,822,38,6,0,0,41,0,0,0,41,0,0,46,27,4,0,0,38,0,0,0,37,3,0,39,5,0,0,0,5,0,0,0,5,0,0,5,0,0,0,0,3,0,0,0,3,0,0,3,78,11,0,0,87,0,0,0,90,7,0,93,0,0,0,0,0,0,0,0,0,0,0,0,0,0,0,0,0,0,0,0
LGA34590,59,17,16,0,94,3,0,3,94,11,0,110,28,4,0,40,79,0,0,0,75,9,3,84,3643,479,82,72,4280,102,20,122,4397,273,12,4680,82,19,0,3,111,33,5,37,141,10,0,151,107,19,0,0,125,9,3,14,143,17,0,155,187,38,0,4,237,40,5,43,286,26,0,307,3833,518,78,79,4511,141,26,163,4678,299,8,4993,986,197,18,29,1229,61,10,70,1300,436,3,1744,4,0,0,4,9,0,0,0,9,0,19,25,4819,717,100,116,5753,204,36,234,5990,736,33,6761,641,59,11,8,717,17,0,16,731,42,0,774,417,98,7,4,525,16,12,32,558,31,0,586,17,8,7,0,29,0,0,0,33,0,0,33,10,0,0,12,19,0,0,0,18,4,0,23,1086,161,19,24,1292,39,14,52,1343,83,0,1425,18,3,0,0,16,9,0,9,24,3,0,28,26,3,0,0,29,4,0,6
LGA34710,3,0,0,0,3,0,0,0,3,0,0,3,0,0,0,0,0,0,0,0,0,0,0,0,29,4,5,0,39,3,0,3,44,0,0,42,0,0,0,0,0,0,0,0,0,0,0,0,0,0,0,0,0,0,0,0,0,0,0,0,0,0,0,0,0,0,0,0,0,0,0,0,29,4,5,0,39,3,0,3,44,0,0,42,6,0,0,0,7,0,0,0,7,0,0,7,0,0,0,0,0,0,0,0,0,0,0,0,34,3,5,0,48,3,0,3,48,0,0,52,0,0,0,0,0,0,0,0,0,0,0,0,0,0,0,0,0,0,0,0,0,0,0,0,0,0,0,0,0,0,0,0,0,0,0,0,0,0,0,0,0,0,0,0,0,0,0,0,6,0,0,0,6,0,0,0,6,0,0,6,0,0,0,0,0,0,0,0,0,0,0,0,0,0,0,0,0,0,0,0
LGA34770,24,0,11,0,35,0,0,0,35,0,0,35,12,0,0,16,27,0,0,0,24,0,0,24,1547,112,42,33,1730,49,4,54,1786,41,0,1829,33,0,0,0,39,0,0,0,42,6,0,46,53,6,0,0,52,0,0,0,53,3,0,60,87,3,0,0,88,5,0,9,97,4,0,103,1633,116,42,33,1820,59,5,59,1884,51,0,1930,322,31,8,14,370,18,0,17,393,48,0,436,4,0,0,0,6,0,0,0,6,0,5,12,1956,147,54,43,2195,73,5,84,2277,92,10,2382,101,5,3,0,114,3,0,3,111,4,0,121,115,8,3,0,125,3,0,3,126,5,0,131,3,0,0,0,3,0,0,0,3,0,0,3,0,0,0,0,0,0,0,0,0,0,0,0,216,14,6,0,238,9,0,8,243,9,0,254,0,0,0,3,8,0,0,0,8,0,0,8,7,0,0,0,7,0,0,0
LGA34800,0,0,0,0,0,0,0,0,0,0,0,0,0,0,0,0,0,0,0,0,0,0,0,0,0,0,0,0,0,0,0,0,0,0,0,0,0,0,0,0,0,0,0,0,0,0,0,0,0,0,0,0,0,0,0,0,0,0,0,0,0,0,0,0,0,0,0,0,0,0,0,0,0,0,0,0,0,0,0,0,0,0,0,0,0,0,0,0,0,0,0,0,0,0,0,0,0,0,0,0,0,0,0,0,0,0,0,0,0,0,0,0,0,0,0,0,0,0,0,0,0,0,0,0,0,0,0,0,0,0,0,0,0,0,0,0,0,0,0,0,0,0,0,0,0,0,0,0,0,0,0,0,0,0,0,0,0,0,0,0,0,0,0,0,0,0,0,0,0,0,0,0,0,0,0,0,0,0,0,0,0,0,0,0,0,0,0,0,0,0,0,0,0,0,0,0,0,0,0,0
LGA34830,0,0,0,0,0,0,0,0,0,0,0,0,0,0,0,0,0,0,0,0,0,0,0,0,0,0,0,0,0,0,0,0,0,0,0,0,0,0,0,0,0,0,0,0,0,0,0,0,0,0,0,0,0,0,0,0,0,0,0,0,0,0,0,0,0,0,0,0,0,0,0,0,0,0,0,0,0,0,0,0,0,0,0,0,0,0,0,0,0,0,0,0,0,0,0,3,0,0,0,0,0,0,0,0,0,0,0,0,0,0,0,0,0,0,0,0,0,0,0,4,0,0,0,0,0,0,0,0,0,0,0,0,0,0,0,0,0,0,0,0,0,0,0,0,0,0,0,0,0,0,0,0,0,0,0,0,0,0,0,0,0,0,0,0,0,0,0,0,0,0,0,0,0,0,0,0,0,0,0,0,0,0,0,0,0,0,0,0,0,0,0,0,0,0,0,0,0,0,0,0
LGA34860,0,0,0,0,3,0,0,0,3,0,0,4,3,0,0,0,3,0,0,0,3,0,0,3,144,11,3,4,160,0,0,0,166,3,0,170,0,0,0,0,4,4,0,4,3,0,0,3,0,0,0,0,0,0,0,0,0,3,0,3,0,0,0,0,4,4,0,4,3,3,0,7,145,16,3,3,162,7,0,7,170,6,0,175,8,0,0,0,8,0,0,0,11,5,0,18,0,0,0,0,0,0,0,0,0,0,0,0,157,16,3,3,176,5,0,5,181,9,0,190,4,0,0,0,7,0,0,0,7,0,0,7,0,0,0,0,0,0,0,0,0,0,0,0,0,0,0,0,0,0,0,0,0,0,0,0,0,0,0,0,0,0,0,0,0,0,0,0,4,0,0,0,7,0,0,0,7,0,0,7,0,0,0,0,0,0,0,0,0,0,0,0,0,0,0,0,0,0,0,0
LGA34880,8,0,0,0,5,0,0,0,5,0,0,5,0,0,0,0,4,0,0,0,5,0,0,6,275,33,7,7,325,0,3,6,325,20,0,343,0,0,0,0,0,0,0,0,0,0,0,0,3,0,0,0,3,0,0,0,3,0,0,0,3,0,0,0,3,0,0,0,4,0,0,6,277,33,7,7,323,3,3,7,330,20,0,352,32,4,0,0,42,6,0,6,46,20,0,62,0,0,0,0,0,0,0,0,0,0,0,0,308,43,7,12,364,10,3,11,378,39,0,410,16,0,0,0,20,0,0,0,21,0,0,18,10,0,0,0,11,0,0,0,11,0,0,11,4,0,0,0,4,0,0,0,4,0,0,4,0,0,0,0,0,0,0,0,0,0,0,0,26,3,0,0,28,0,0,0,31,0,0,28,0,0,0,0,0,0,0,0,0,0,0,0,0,0,0,0,0,0,0,0
LGA35010,103,15,22,0,142,6,3,8,145,11,0,158,27,9,0,57,92,8,0,8,96,9,0,110,6011,612,143,92,6854,156,22,183,7041,388,4,7429,100,13,3,3,123,21,3,23,144,13,0,158,148,13,5,3,173,7,0,15,188,15,0,205,247,33,7,6,295,30,4,35,332,34,0,361,6259,640,154,99,7154,189,32,215,7370,419,4,7795,1162,176,30,34,1403,60,13,70,1472,272,3,1743,4,0,0,3,13,0,0,0,13,0,8,24,7426,820,183,140,8565,245,41,284,8849,700,18,9563,1020,101,22,5,1145,30,4,38,1178,87,0,1268,913,138,15,6,1070,30,0,30,1096,50,0,1145,31,10,19,0,54,0,0,3,57,0,0,60,15,4,0,15,28,3,0,3,31,0,0,34,1975,248,54,25,2298,62,7,70,2367,138,0,2505,28,7,3,0,29,5,0,5,38,0,0,36,37,3,3,5,49,0,0,0
LGA35250,0,0,0,0,0,0,0,0,0,0,0,0,0,0,0,0,0,0,0,0,0,0,0,0,0,0,0,0,0,0,0,0,3,0,0,3,0,0,0,0,0,0,0,0,0,0,0,0,0,0,0,0,0,0,0,0,0,0,0,0,0,0,0,0,0,0,0,0,0,0,0,3,0,0,0,0,0,0,0,3,0,3,0,6,0,0,0,0,0,0,0,0,0,0,0,3,0,0,0,0,0,0,0,0,0,0,0,0,3,0,0,0,3,0,0,3,3,3,0,8,0,0,0,0,0,0,0,0,0,0,0,0,0,0,0,0,0,0,0,0,0,0,0,0,0,0,0,0,0,0,0,0,0,0,0,0,0,0,0,0,0,0,0,0,0,0,0,0,0,0,0,0,0,0,0,0,0,0,0,0,0,0,0,0,0,0,0,0,0,0,0,0,0,0,0,0,0,0,0,0
LGA35300,4,0,0,0,8,0,0,0,8,0,0,8,0,0,0,0,3,0,0,0,3,0,0,3,218,16,5,5,246,4,0,4,249,3,0,248,5,0,0,0,5,4,0,4,6,0,0,6,0,0,0,0,3,0,0,0,3,0,0,3,5,0,0,0,5,4,0,4,11,0,0,10,227,12,7,8,251,6,0,6,258,3,0,262,28,3,3,3,38,0,0,0,41,0,0,42,0,0,0,0,0,0,0,0,0,0,0,0,248,17,9,7,285,13,0,13,296,9,0,301,3,0,0,0,3,0,0,0,3,0,0,3,8,0,0,0,4,0,0,0,4,0,0,4,0,0,0,0,0,0,0,0,0,0,0,0,0,0,0,0,0,0,0,0,0,0,0,0,7,0,0,0,10,0,0,0,10,0,0,10,0,0,0,0,0,0,0,0,0,0,0,0,0,0,0,0,0,0,0,0
LGA35600,0,0,0,0,0,0,0,0,0,0,0,0,0,0,0,3,3,0,0,0,3,0,0,3,37,4,0,3,45,0,0,0,44,3,0,49,0,0,0,0,0,0,0,0,0,0,0,0,0,0,0,0,0,0,0,0,0,0,0,0,0,0,0,0,0,0,0,0,0,0,0,0,37,4,0,3,45,0,0,0,44,3,0,49,3,0,0,0,3,0,0,0,4,0,0,8,0,0,0,0,0,0,0,0,0,0,0,0,44,4,0,3,47,4,0,4,51,3,0,57,0,0,0,0,0,0,0,0,0,0,0,0,0,0,0,0,0,0,0,0,0,0,0,0,0,0,0,0,0,0,0,0,0,0,0,0,0,0,0,0,0,0,0,0,0,0,0,0,0,0,0,0,0,0,0,0,0,0,0,0,0,0,0,0,0,0,0,0,0,0,0,0,0,0,0,0,0,0,0,0
LGA35670,0,0,0,0,0,0,0,0,0,0,0,0,0,0,0,0,0,0,0,0,0,0,0,0,3,0,0,0,5,0,0,0,5,0,0,3,0,0,0,0,0,0,0,0,0,0,0,0,0,0,0,0,0,0,0,0,0,0,0,0,0,0,0,0,0,0,0,0,0,0,0,0,3,0,0,0,5,0,0,0,5,0,0,3,0,0,0,0,3,0,0,0,3,0,0,5,0,0,0,0,0,0,0,0,0,0,0,0,3,3,0,0,8,0,0,0,4,4,0,7,0,0,0,0,0,0,0,0,0,0,0,0,0,0,0,0,0,0,0,0,0,0,0,0,0,0,0,0,0,0,0,0,0,0,0,0,0,0,0,0,0,0,0,0,0,0,0,0,0,0,0,0,0,0,0,0,0,0,0,0,0,0,0,0,0,0,0,0,0,0,0,0,0,0,0,0,0,0,0,0
LGA35740,5,0,0,0,7,0,0,0,7,3,0,7,3,0,0,3,12,0,0,0,13,0,0,12,601,109,11,7,733,17,3,13,744,46,0,793,14,0,0,0,14,0,0,0,10,7,0,16,13,0,0,0,13,5,5,7,19,3,0,28,26,0,0,0,26,5,5,10,36,8,0,40,623,109,11,7,751,19,3,26,779,55,0,838,73,32,3,0,108,4,0,3,116,36,0,150,0,0,0,0,0,0,0,0,0,0,0,0,699,137,18,11,864,25,4,32,893,93,6,992,52,7,0,0,60,0,0,0,61,9,0,67,58,12,0,3,78,0,0,0,76,10,0,83,0,0,0,0,0,0,0,0,0,0,0,0,0,0,0,3,0,0,0,0,0,0,0,0,107,26,0,3,137,0,0,0,138,12,0,156,4,0,0,0,4,0,0,0,4,0,0,4,3,0,0,0,3,0,0,0
LGA35760,5,0,3,0,3,0,0,0,3,0,0,3,0,0,0,3,3,0,0,0,3,0,0,3,106,19,4,4,133,0,0,0,133,7,0,137,0,0,0,0,0,0,0,0,0,0,0,0,0,0,0,0,0,0,0,0,0,0,0,0,0,0,0,0,0,0,0,0,0,0,0,3,105,19,4,4,135,0,0,0,135,7,0,143,19,0,4,0,23,0,0,0,25,6,0,38,0,0,0,0,0,0,0,0,0,0,0,0,129,21,5,9,162,0,0,0,159,16,0,174,3,0,0,0,4,0,0,0,4,0,0,4,0,0,0,0,0,0,0,0,0,0,0,0,0,0,0,0,0,0,0,0,0,0,0,0,0,0,0,0,0,0,0,0,0,0,0,0,3,3,0,0,4,0,0,0,4,0,0,4,0,0,0,0,0,0,0,0,0,0,0,0,0,0,0,0,0,0,0,0
LGA35780,0,0,0,0,0,0,0,0,0,0,0,0,0,0,0,0,0,0,0,0,0,0,0,0,14,3,0,0,18,4,0,3,23,3,0,28,0,0,0,0,0,0,0,0,0,0,0,0,0,0,0,0,0,0,0,0,0,0,0,0,0,0,0,0,0,0,0,0,0,0,0,0,14,3,0,0,18,4,0,3,23,3,0,28,5,3,0,0,6,0,0,0,9,7,0,15,0,0,0,0,0,0,0,0,0,0,0,0,18,6,0,0,28,3,0,3,32,15,0,44,0,0,0,0,0,0,0,0,0,0,0,3,0,0,0,0,0,0,0,0,0,0,0,0,0,0,0,0,0,0,0,0,0,0,0,0,0,0,0,0,0,0,0,0,0,0,0,0,0,0,0,0,0,0,0,0,0,0,0,3,0,0,0,0,0,0,0,0,0,0,0,0,0,0,0,0,0,0,0,0
LGA35790,0,0,0,0,0,0,0,0,0,0,0,0,0,0,0,0,0,0,0,0,0,0,0,0,4,0,0,0,8,0,0,0,5,3,0,14,0,0,0,0,0,0,0,0,0,0,0,0,3,0,0,0,3,0,0,0,3,0,0,3,3,0,0,0,3,0,0,0,3,0,0,3,9,7,0,0,7,0,0,0,12,3,0,15,0,0,0,0,0,0,0,0,0,10,0,7,0,0,0,0,0,0,0,0,0,0,0,0,7,7,0,0,8,0,0,0,9,8,0,26,0,0,0,0,0,0,0,0,0,0,0,0,0,0,0,0,0,0,0,0,0,0,0,0,0,0,0,0,0,0,0,0,0,0,0,0,0,0,0,0,0,0,0,0,0,0,0,0,0,0,0,0,0,0,0,0,0,0,0,0,0,0,0,0,0,0,0,0,0,0,0,0,0,0,0,0,0,0,0,0
LGA35800,0,0,0,0,0,0,0,0,0,0,0,0,0,0,0,0,0,0,0,0,0,0,0,0,9,0,0,0,5,0,0,0,5,0,0,11,0,0,0,0,0,0,0,0,0,0,0,0,0,0,0,0,0,0,0,0,0,0,0,0,0,0,0,0,0,0,0,0,0,0,0,0,9,0,0,0,5,0,0,0,5,0,0,11,0,0,0,0,0,0,0,0,0,0,0,3,0,0,0,0,0,0,0,0,0,0,0,0,5,0,0,0,8,0,0,0,8,3,0,10,0,0,0,0,0,0,0,0,0,0,0,0,0,0,0,0,0,0,0,0,0,0,0,0,0,0,0,0,0,0,0,0,0,0,0,0,0,0,0,0,0,0,0,0,0,0,0,0,0,0,0,0,0,0,0,0,0,0,0,0,0,0,0,0,0,0,0,0,0,0,0,0,0,0,0,0,0,0,0,0
LGA36070,0,0,0,0,0,0,0,0,0,0,0,0,0,0,0,0,0,0,0,0,0,0,0,0,0,3,0,0,4,0,0,0,4,0,0,4,0,0,0,0,0,0,0,0,0,0,0,0,0,0,0,0,0,0,0,0,0,0,0,0,0,0,0,0,0,0,0,0,0,0,0,0,0,3,0,0,4,0,0,0,4,0,0,4,0,3,0,0,3,0,0,0,3,0,0,3,0,0,0,0,0,0,0,0,0,0,0,0,0,4,0,0,7,0,0,0,7,0,0,9,0,0,0,0,0,0,0,0,0,0,0,0,0,0,0,0,0,0,0,0,0,0,0,0,0,0,0,0,0,0,0,0,0,0,0,0,0,0,0,0,0,0,0,0,0,0,0,0,0,0,0,0,0,0,0,0,0,0,0,0,0,0,0,0,0,0,0,0,0,0,0,0,0,0,0,0,0,0,0,0
LGA36150,0,0,0,0,0,0,0,0,0,0,0,0,0,0,0,0,0,0,0,0,0,0,0,0,4,0,0,0,4,0,0,0,4,0,0,4,0,0,0,0,0,0,0,0,0,0,0,0,0,0,0,0,0,0,0,0,0,0,0,0,0,0,0,0,0,0,0,0,0,0,0,0,4,0,0,0,4,0,0,0,4,0,0,4,0,0,0,0,0,0,0,0,0,0,0,0,0,0,0,0,0,0,0,0,0,0,0,0,4,0,0,0,4,0,0,0,4,0,0,4,0,0,0,0,0,0,0,0,0,0,0,0,0,0,0,0,0,0,0,0,0,0,0,0,0,0,0,0,0,0,0,0,0,0,0,0,0,0,0,0,0,0,0,0,0,0,0,0,0,0,0,0,0,0,0,0,0,0,0,0,0,0,0,0,0,0,0,0,0,0,0,0,0,0,0,0,0,0,0,0
LGA36250,30,6,7,0,46,0,0,0,46,3,0,48,6,0,0,19,28,0,0,0,28,0,0,28,2571,247,53,27,2911,55,8,63,2973,97,3,3073,41,3,0,0,48,3,0,3,51,8,0,54,46,8,0,4,52,0,0,0,52,3,0,62,84,10,0,4,97,3,0,3,105,10,0,111,2659,257,56,34,3007,56,8,70,3077,104,3,3182,401,47,12,8,469,14,0,14,479,58,0,539,3,0,0,0,3,0,0,0,3,0,0,3,3065,310,68,40,3479,71,8,78,3557,169,3,3727,515,36,10,0,564,13,0,13,581,22,0,600,396,37,10,3,443,9,4,9,452,18,3,471,17,4,4,0,27,0,0,0,27,3,0,28,0,0,0,3,6,0,0,0,6,0,0,6,931,79,19,8,1040,23,4,26,1063,38,3,1107,11,0,0,0,11,0,0,0,13,0,0,13,19,0,0,0,19,0,0,0
LGA36300,0,0,0,0,0,0,0,0,0,0,0,0,0,0,0,0,0,0,0,0,0,0,0,0,0,0,0,0,0,0,0,0,0,0,0,0,0,0,0,0,0,0,0,0,0,0,0,0,0,0,0,0,0,0,0,0,0,0,0,0,0,0,0,0,0,0,0,0,0,0,0,0,0,0,0,0,0,0,0,0,0,0,0,0,0,0,0,0,0,0,0,0,0,0,0,0,0,0,0,0,0,0,0,0,0,0,0,0,0,0,0,0,0,0,0,0,0,0,0,0,0,0,0,0,0,0,0,0,0,0,0,0,0,0,0,0,0,0,0,0,0,0,0,0,0,0,0,0,0,0,0,0,0,0,0,0,0,0,0,0,0,0,0,0,0,0,0,0,0,0,0,0,0,0,0,0,0,0,0,0,0,0,0,0,0,0,0,0,0,0,0,0,0,0,0,0,0,0,0,0
LGA36370,20,0,0,0,26,3,0,3,24,0,0,32,5,0,0,4,12,0,0,0,12,0,0,9,938,87,23,9,1059,36,6,45,1098,56,0,1154,13,0,0,0,15,10,0,10,22,5,0,28,14,0,0,0,23,3,0,3,26,3,0,25,33,0,0,0,38,6,0,13,48,8,0,56,968,89,21,14,1095,50,3,51,1148,61,0,1209,148,24,3,0,176,10,0,10,190,54,0,245,0,0,0,0,3,0,0,0,3,0,0,3,1123,113,27,12,1273,58,3,61,1337,115,0,1462,95,20,0,0,117,0,0,0,117,13,0,125,67,3,0,0,72,0,0,0,77,4,0,78,7,3,3,0,9,0,0,0,9,4,0,10,0,0,0,0,3,0,0,0,3,0,0,3,167,30,7,3,203,0,0,0,200,17,0,220,6,0,0,0,3,0,0,0,3,0,0,3,3,0,0,0,3,0,0,0
LGA36510,12,0,3,0,17,0,0,0,17,3,0,20,3,3,0,6,13,0,0,0,13,0,0,13,556,62,16,15,646,16,3,19,668,38,0,707,12,3,0,0,8,0,0,0,16,0,0,14,9,0,3,0,11,0,0,0,11,0,0,13,16,0,3,0,18,0,0,0,21,0,0,24,568,70,15,15,671,18,3,22,693,41,0,730,119,19,3,0,147,0,0,0,146,45,0,196,0,0,0,0,0,0,0,0,0,0,0,3,684,89,27,22,821,18,5,20,844,83,3,928,77,3,3,0,78,3,0,3,83,5,0,85,49,14,0,3,66,0,0,0,66,5,0,70,4,0,0,0,3,0,0,0,3,3,0,9,0,0,0,0,4,0,0,0,4,0,0,4,126,18,4,3,149,3,0,3,151,11,0,165,0,0,0,0,0,0,0,0,0,0,0,0,0,0,0,0,3,0,0,0
LGA36580,0,0,3,0,3,0,0,0,5,0,0,4,0,0,0,8,6,0,0,0,6,0,0,6,266,33,3,12,316,9,0,9,325,28,0,351,4,0,0,0,4,3,0,3,6,0,0,10,3,0,0,0,4,0,0,0,4,0,0,4,9,0,0,0,13,3,0,3,11,0,0,14,274,33,5,12,325,8,0,8,335,29,0,365,63,14,0,0,84,3,0,3,88,33,0,114,0,0,0,0,0,0,0,0,0,0,0,3,342,47,5,14,404,14,0,14,424,59,0,480,21,3,0,0,22,0,0,0,25,3,0,34,20,4,0,0,22,0,0,0,22,4,0,28,0,0,0,0,3,0,0,0,3,0,0,0,0,0,0,0,0,0,0,0,0,0,0,0,38,5,3,0,50,0,0,0,52,4,0,57,0,0,0,0,0,0,0,0,0,0,0,0,0,0,0,0,0,0,0,0
LGA36630,4,0,0,0,3,0,0,0,6,0,0,6,0,0,0,3,3,0,0,0,3,0,0,3,294,47,9,9,361,6,0,6,366,27,0,392,0,0,0,0,7,0,0,0,5,3,0,7,0,0,0,0,0,0,0,0,0,0,0,0,4,0,0,0,5,0,0,0,4,3,0,11,299,55,9,9,368,8,0,5,372,27,0,401,77,19,3,3,106,3,0,10,109,48,0,158,0,0,0,0,0,0,0,0,0,0,3,3,379,73,15,11,467,13,7,16,486,75,3,557,3,0,0,0,7,0,0,0,7,0,0,10,6,0,0,0,7,0,0,0,8,0,0,8,0,0,0,0,0,0,0,0,0,0,0,0,0,0,0,0,0,0,0,0,0,0,0,0,16,0,0,0,17,0,0,0,14,0,0,16,0,0,0,0,0,0,0,0,0,0,0,0,0,0,0,0,0,0,0,0
LGA36660,9,0,4,0,16,0,0,0,16,0,0,16,3,0,0,7,11,0,0,0,11,0,0,11,447,79,6,12,550,9,3,8,553,51,3,605,3,0,0,0,6,3,0,3,4,0,0,9,7,0,0,0,7,0,0,0,7,0,0,4,7,0,0,0,11,4,0,4,15,0,0,16,455,79,6,12,556,9,3,9,567,52,3,619,97,22,0,0,123,3,0,3,121,44,0,165,3,0,0,0,3,0,0,0,3,0,0,4,553,97,13,13,678,10,3,12,693,90,3,792,8,0,0,0,8,0,0,0,8,0,0,8,24,3,0,0,26,0,0,0,26,0,0,29,0,0,0,0,0,0,0,0,0,0,0,0,0,0,0,0,0,0,0,0,0,0,0,0,39,3,0,0,41,0,0,0,41,0,0,43,0,0,0,0,0,0,0,0,0,0,0,0,0,0,0,0,0,0,0,0
LGA36720,48,6,19,0,74,0,0,0,79,9,0,86,21,0,0,27,50,0,0,0,55,6,0,60,3878,607,93,72,4654,104,12,116,4767,188,3,4958,42,12,0,3,60,20,0,20,75,6,0,81,92,17,0,0,111,3,3,3,117,5,0,119,140,22,3,3,165,17,3,20,190,16,0,201,4014,634,100,75,4820,124,20,142,4953,202,3,5163,577,102,27,17,713,34,9,41,754,147,3,907,6,0,0,0,9,0,0,0,9,3,6,15,4600,729,121,92,5541,158,24,181,5720,356,10,6089,427,60,8,3,501,11,0,14,510,20,0,532,448,74,9,8,538,9,0,14,552,31,0,584,12,0,7,0,22,0,0,0,22,0,0,22,3,0,0,4,9,0,0,0,9,3,0,5,897,134,26,10,1062,17,3,25,1093,55,0,1146,8,9,0,0,14,3,0,3,19,4,0,23,15,3,0,0,24,0,0,0
LGA36820,3,0,3,0,7,0,0,0,7,0,0,7,0,0,0,3,5,0,0,0,5,5,0,5,228,44,14,6,294,4,5,11,303,25,0,330,0,0,0,0,0,3,0,3,4,0,0,8,0,0,0,0,3,0,0,0,3,0,0,3,3,0,0,0,7,3,0,3,7,0,0,7,229,48,14,6,300,8,5,10,309,30,0,339,29,6,3,3,49,5,0,5,50,19,0,70,0,0,0,0,0,0,0,0,0,0,0,0,259,53,17,13,347,9,5,18,362,50,0,414,11,3,0,0,13,0,0,0,13,0,0,14,10,3,0,0,12,0,0,0,12,0,0,13,0,0,0,0,0,0,0,0,0,0,0,0,0,0,0,0,0,0,0,0,0,0,0,0,20,3,0,0,25,0,0,0,25,0,0,24,0,0,0,0,0,0,0,0,0,0,0,0,0,0,0,0,0,0,0,0
LGA36910,29,3,13,0,45,5,0,5,50,3,0,51,10,0,0,13,29,3,0,3,27,0,3,30,2267,230,46,36,2580,47,15,61,2638,124,4,2770,26,3,0,3,32,0,0,0,38,3,0,41,50,3,0,0,60,3,0,3,56,4,0,64,81,10,0,3,93,6,0,6,93,12,0,102,2342,246,45,43,2674,52,15,64,2733,130,4,2873,390,67,14,15,484,16,4,20,506,90,0,599,0,0,0,0,0,0,0,0,0,0,4,7,2733,311,62,50,3152,74,15,89,3239,226,12,3472,201,21,3,0,226,8,0,10,238,12,0,245,158,22,4,0,187,4,0,4,194,10,0,202,11,0,0,0,14,0,0,0,14,0,0,14,3,0,0,3,8,3,0,3,8,0,0,10,380,46,6,7,433,10,0,13,447,19,0,469,5,0,0,0,5,0,0,0,6,0,0,12,6,0,0,3,11,0,0,0
LGA36950,0,0,0,0,0,0,0,0,0,0,0,0,0,0,0,4,5,0,0,0,5,0,0,5,12,6,3,4,23,0,0,0,23,8,0,32,0,0,0,0,0,0,0,0,0,0,0,0,0,0,0,0,0,0,0,0,0,0,0,0,0,0,0,0,0,0,0,0,0,0,0,0,12,6,3,4,23,0,0,0,29,8,0,33,3,0,0,0,3,0,3,3,3,4,0,8,0,0,0,0,0,0,0,0,0,3,4,6,15,6,3,4,33,0,3,4,34,9,4,45,0,0,0,0,0,0,0,0,0,0,0,0,0,0,0,0,0,0,0,0,0,0,0,0,0,0,0,0,0,0,0,0,0,0,0,0,0,0,0,0,0,0,0,0,0,0,0,0,0,0,0,0,0,0,0,0,0,0,0,0,0,0,0,0,0,0,0,0,0,0,0,0,0,0,0,0,0,0,0,0
LGA36960,0,0,0,0,0,0,0,0,0,0,0,0,0,0,0,0,0,0,0,0,0,0,0,0,8,0,0,0,8,0,0,0,10,0,0,13,0,0,0,0,0,0,0,0,0,0,0,0,0,0,0,0,0,0,0,0,0,0,0,0,0,0,0,0,0,0,0,0,0,0,0,0,8,0,0,0,8,0,0,0,10,0,0,13,4,0,0,0,5,3,3,3,10,9,0,22,0,0,0,0,0,0,0,0,0,0,0,0,7,0,0,0,13,4,3,4,20,10,3,28,0,0,0,0,0,0,0,0,0,0,0,0,0,0,0,0,0,0,0,0,0,0,0,0,0,0,0,0,0,0,0,0,0,0,0,0,0,0,0,0,0,0,0,0,0,0,0,0,0,0,0,0,0,0,0,0,0,0,0,0,0,0,0,0,0,0,0,0,0,0,0,0,0,0,0,0,0,0,0,0
LGA37010,29,4,11,0,50,0,0,0,46,8,0,56,15,0,0,18,35,3,0,3,34,0,0,34,2304,268,75,35,2682,91,14,105,2789,153,3,2942,39,6,0,0,49,22,0,22,68,8,0,79,40,6,0,0,47,5,0,5,54,7,0,59,79,15,3,3,93,29,0,29,123,17,0,141,2381,280,81,37,2783,126,14,136,2913,166,3,3082,318,41,12,9,378,26,3,32,409,110,0,522,0,0,0,3,3,0,0,0,3,0,3,4,2703,322,92,43,3158,155,16,166,3331,280,10,3614,411,40,5,4,462,23,4,24,488,20,0,504,258,28,8,0,297,13,0,13,309,23,0,330,8,0,3,0,12,0,0,0,12,0,0,14,0,0,0,3,4,0,0,0,10,0,0,10,681,66,18,7,773,36,3,38,817,42,3,858,9,3,0,0,8,8,0,8,21,0,0,19,5,0,0,0,9,0,0,0
LGA37300,3,0,0,0,3,0,0,0,3,0,0,3,0,0,0,0,0,0,0,0,0,0,0,0,41,7,0,0,57,0,0,0,57,0,0,58,0,0,0,0,0,0,0,0,0,0,0,0,0,0,0,0,0,0,0,0,0,0,0,0,3,0,0,0,3,0,0,0,3,0,0,3,45,7,0,0,58,0,0,0,58,0,0,56,10,0,0,0,10,0,0,0,10,0,0,10,0,0,0,0,0,0,0,0,0,0,0,0,56,7,3,0,67,0,0,0,67,0,0,68,3,0,0,0,3,0,0,0,3,0,0,3,3,0,0,0,3,0,0,0,3,0,0,3,0,0,0,0,0,0,0,0,0,0,0,0,0,0,0,0,0,0,0,0,0,0,0,0,7,0,0,0,7,0,0,0,7,0,0,7,0,0,0,0,0,0,0,0,0,0,0,0,0,0,0,0,0,0,0,0
LGA37310,0,0,0,0,0,0,0,0,0,0,0,3,7,0,0,5,7,0,0,0,7,0,0,7,422,32,10,10,474,5,4,7,485,14,0,499,8,0,0,0,14,4,0,4,15,0,0,14,8,0,0,0,5,0,0,0,5,0,0,5,15,0,0,0,19,4,0,4,22,0,0,18,443,36,7,10,492,5,4,13,500,19,0,520,72,5,4,3,83,4,0,4,87,30,0,118,0,0,0,0,0,0,0,0,0,0,0,0,511,39,14,12,575,8,4,17,592,51,0,637,6,0,0,0,8,0,0,0,8,3,0,13,15,3,0,0,18,0,0,0,18,0,0,22,0,0,0,0,0,0,0,0,0,0,0,0,0,0,0,0,0,0,0,0,0,0,0,0,24,4,0,0,31,0,0,0,31,4,0,35,0,0,0,0,0,0,0,0,0,0,0,0,0,0,0,0,0,0,0,0
LGA37340,3,3,5,0,8,0,0,0,8,0,0,10,3,0,0,3,4,0,0,0,4,0,0,4,322,45,19,3,387,6,0,6,394,18,0,412,3,3,0,0,8,4,0,4,8,0,0,8,5,0,0,0,5,0,0,0,5,0,0,6,5,3,0,0,13,4,0,4,11,3,0,20,325,46,22,3,400,11,0,11,408,22,0,431,47,3,0,5,53,0,0,0,56,8,0,67,0,0,0,0,0,0,0,0,0,0,3,3,373,52,22,9,457,10,0,10,466,28,3,493,4,0,0,0,8,0,0,0,8,0,0,8,3,0,0,0,3,0,0,0,3,0,0,3,0,0,0,0,0,0,0,0,0,0,0,0,0,0,0,0,0,0,0,0,0,0,0,0,8,0,0,0,14,0,0,0,14,0,0,14,0,0,0,0,0,0,0,0,0,0,0,0,0,0,0,0,0,0,0,0
LGA37400,0,0,0,0,0,0,0,0,0,0,0,0,0,0,0,0,0,0,0,0,0,0,0,0,8,3,0,0,7,0,0,0,7,0,0,7,0,0,0,0,0,0,0,0,0,0,0,0,0,0,0,0,0,0,0,0,0,0,0,0,0,0,0,0,0,0,0,0,0,0,0,0,8,3,0,0,7,0,0,0,7,0,0,7,0,0,0,0,0,0,0,0,0,0,0,0,0,0,0,0,0,0,0,0,0,0,0,0,8,3,0,0,7,0,0,0,7,0,0,7,0,0,0,0,0,0,0,0,0,0,0,0,0,0,0,0,0,0,0,0,0,0,0,0,0,0,0,0,0,0,0,0,0,0,0,0,0,0,0,0,0,0,0,0,0,0,0,0,0,0,0,0,0,0,0,0,0,0,0,0,0,0,0,0,0,0,0,0,0,0,0,0,0,0,0,0,0,0,0,0
LGA37550,0,0,0,0,0,0,0,0,0,0,0,0,0,0,0,0,0,0,0,0,0,0,0,0,3,0,0,0,3,0,0,0,3,0,0,4,0,0,0,0,0,0,0,0,0,0,0,0,0,0,0,0,0,0,0,0,0,0,0,0,0,0,0,0,0,0,0,0,0,0,0,0,3,0,0,0,3,0,0,0,4,0,0,7,3,0,0,0,3,0,0,0,3,3,0,3,0,0,0,0,0,0,0,0,0,0,0,0,3,0,0,0,3,0,0,0,5,3,0,11,0,0,0,0,0,0,0,0,0,0,0,0,0,0,0,0,0,0,0,0,0,0,0,0,0,0,0,0,0,0,0,0,0,0,0,0,0,0,0,0,0,0,0,0,0,0,0,0,0,0,0,0,0,0,0,0,0,0,0,0,0,0,0,0,0,0,0,0,0,0,0,0,0,0,0,0,0,0,0,0
LGA37570,0,0,0,0,0,0,0,0,0,0,0,0,0,0,0,0,0,0,0,0,0,0,0,0,0,0,0,0,0,0,0,0,0,0,0,0,0,0,0,0,0,0,0,0,0,0,0,0,0,0,0,0,0,0,0,0,0,0,0,0,0,0,0,0,0,0,0,0,0,0,0,0,0,0,0,0,0,0,0,0,0,0,0,0,0,0,0,0,0,0,0,0,0,0,0,0,0,0,0,0,0,0,0,0,0,0,0,0,0,0,0,0,0,0,0,0,0,0,0,0,0,0,0,0,0,0,0,0,0,0,0,0,0,0,0,0,0,0,0,0,0,0,0,0,0,0,0,0,0,0,0,0,0,0,0,0,0,0,0,0,0,0,0,0,0,0,0,0,0,0,0,0,0,0,0,0,0,0,0,0,0,0,0,0,0,0,0,0,0,0,0,0,0,0,0,0,0,0,0,0
LGA37600,0,0,0,0,0,0,0,0,0,0,0,0,0,0,0,0,0,0,0,0,0,0,0,0,12,3,0,0,13,0,3,3,15,0,0,19,0,0,0,0,0,3,0,3,3,0,0,3,0,0,0,0,0,0,0,0,0,0,0,0,0,0,0,0,0,3,0,7,6,0,0,6,12,3,0,0,12,3,0,8,22,0,0,23,0,0,0,0,3,0,0,0,3,17,0,21,0,0,0,0,0,0,0,0,0,0,0,0,14,3,0,0,17,4,0,12,23,24,0,41,0,0,0,0,0,0,0,0,0,0,0,0,0,0,0,0,0,0,0,0,0,0,0,0,0,0,0,0,0,0,0,0,0,0,0,0,0,0,0,0,0,0,0,0,0,0,0,0,0,0,0,0,0,0,0,0,0,0,0,0,0,0,0,0,0,0,0,0,0,0,0,0,0,0,0,0,0,0,0,0
LGA39499,0,0,0,0,0,0,0,0,0,0,0,0,0,0,0,0,0,0,0,0,0,0,0,0,0,0,0,0,0,0,0,0,0,0,0,0,0,0,0,0,0,0,0,0,0,0,0,0,0,0,0,0,0,0,0,0,0,0,0,0,0,0,0,0,0,0,0,0,0,0,0,0,0,0,0,0,0,0,0,0,0,0,0,0,0,0,0,0,0,0,0,0,0,0,0,0,0,0,0,0,0,0,0,0,0,0,0,0,0,0,0,0,0,0,0,0,0,0,0,0,0,0,0,0,0,0,0,0,0,0,0,0,0,0,0,0,0,0,0,0,0,0,0,0,0,0,0,0,0,0,0,0,0,0,0,0,0,0,0,0,0,0,0,0,0,0,0,0,0,0,0,0,0,0,0,0,0,0,0,0,0,0,0,0,0,0,0,0,0,0,0,0,0,0,0,0,0,0,0,0
LGA39799,0,0,0,0,0,0,0,0,0,0,0,0,0,0,0,0,0,0,0,0,0,0,0,0,0,0,0,0,0,0,0,0,0,0,0,0,0,0,0,0,0,0,0,0,0,0,0,0,0,0,0,0,0,0,0,0,0,0,0,0,0,0,0,0,0,0,0,0,0,0,0,0,0,0,0,0,0,0,0,0,0,0,0,0,0,0,0,0,0,0,0,0,0,0,0,0,0,0,0,0,0,0,0,0,0,0,0,0,0,0,0,0,0,0,0,0,0,0,0,0,0,0,0,0,0,0,0,0,0,0,0,0,0,0,0,0,0,0,0,0,0,0,0,0,0,0,0,0,0,0,0,0,0,0,0,0,0,0,0,0,0,0,0,0,0,0,0,0,0,0,0,0,0,0,0,0,0,0,0,0,0,0,0,0,0,0,0,0,0,0,0,0,0,0,0,0,0,0,0,0
